,Variable,Error_bin,Bin_count,Total_count,90_perc
0,Precipitation_mm,"(0, 5]",7611,157886,142097.4
1,Precipitation_mm,"(5, 10]",7828,157886,142097.4
2,Precipitation_mm,"(10, 15]",7723,157886,142097.4
3,Precipitation_mm,"(15, 20]",7735,157886,142097.4
4,Precipitation_mm,"(20, 25]",7768,157886,142097.4
5,Precipitation_mm,"(25, 30]",7502,157886,142097.4
6,Precipitation_mm,"(30, 35]",7590,157886,142097.4
7,Precipitation_mm,"(35, 40]",7566,157886,142097.4
8,Precipitation_mm,"(40, 45]",7397,157886,142097.4
9,Precipitation_mm,"(45, 50]",7168,157886,142097.4
10,Precipitation_mm,"(50, 55]",6906,157886,142097.4
11,Precipitation_mm,"(55, 60]",6590,157886,142097.4
12,Precipitation_mm,"(60, 65]",6295,157886,142097.4
13,Precipitation_mm,"(65, 70]",5988,157886,142097.4
14,Precipitation_mm,"(70, 75]",5678,157886,142097.4
15,Precipitation_mm,"(75, 80]",5550,157886,142097.4
16,Precipitation_mm,"(80, 85]",5102,157886,142097.4
17,Precipitation_mm,"(85, 90]",4537,157886,142097.4
18,Precipitation_mm,"(90, 95]",4107,157886,142097.4
19,Precipitation_mm,"(95, 100]",2948,157886,142097.4
20,Precipitation_mm,"(100, 105]",1204,157886,142097.4
21,Precipitation_mm,"(105, 110]",1146,157886,142097.4
22,Precipitation_mm,"(110, 115]",1189,157886,142097.4
23,Precipitation_mm,"(115, 120]",1116,157886,142097.4
24,Precipitation_mm,"(120, 125]",1074,157886,142097.4
25,Precipitation_mm,"(125, 130]",953,157886,142097.4
26,Precipitation_mm,"(130, 135]",937,157886,142097.4
27,Precipitation_mm,"(135, 140]",893,157886,142097.4
28,Precipitation_mm,"(140, 145]",911,157886,142097.4
29,Precipitation_mm,"(145, 150]",797,157886,142097.4
30,Precipitation_mm,"(150, 155]",795,157886,142097.4
31,Precipitation_mm,"(155, 160]",760,157886,142097.4
32,Precipitation_mm,"(160, 165]",711,157886,142097.4
33,Precipitation_mm,"(165, 170]",701,157886,142097.4
34,Precipitation_mm,"(170, 175]",634,157886,142097.4
35,Precipitation_mm,"(175, 180]",628,157886,142097.4
36,Precipitation_mm,"(180, 185]",615,157886,142097.4
37,Precipitation_mm,"(185, 190]",620,157886,142097.4
38,Precipitation_mm,"(190, 195]",590,157886,142097.4
39,Precipitation_mm,"(195, 200]",530,157886,142097.4
40,Precipitation_mm,"(200, 205]",524,157886,142097.4
41,Precipitation_mm,"(205, 210]",533,157886,142097.4
42,Precipitation_mm,"(210, 215]",504,157886,142097.4
43,Precipitation_mm,"(215, 220]",478,157886,142097.4
44,Precipitation_mm,"(220, 225]",464,157886,142097.4
45,Precipitation_mm,"(225, 230]",431,157886,142097.4
46,Precipitation_mm,"(230, 235]",462,157886,142097.4
47,Precipitation_mm,"(235, 240]",394,157886,142097.4
48,Precipitation_mm,"(240, 245]",400,157886,142097.4
49,Precipitation_mm,"(245, 250]",378,157886,142097.4
50,Precipitation_mm,"(250, 255]",390,157886,142097.4
51,Precipitation_mm,"(255, 260]",400,157886,142097.4
52,Precipitation_mm,"(260, 265]",359,157886,142097.4
53,Precipitation_mm,"(265, 270]",352,157886,142097.4
54,Precipitation_mm,"(270, 275]",318,157886,142097.4
55,Precipitation_mm,"(275, 280]",334,157886,142097.4
56,Precipitation_mm,"(280, 285]",314,157886,142097.4
57,Precipitation_mm,"(285, 290]",308,157886,142097.4
58,Precipitation_mm,"(290, 295]",287,157886,142097.4
59,Precipitation_mm,"(295, 300]",271,157886,142097.4
60,Precipitation_mm,"(300, 305]",326,157886,142097.4
61,Precipitation_mm,"(305, 310]",272,157886,142097.4
62,Precipitation_mm,"(310, 315]",261,157886,142097.4
63,Precipitation_mm,"(315, 320]",244,157886,142097.4
64,Precipitation_mm,"(320, 325]",240,157886,142097.4
65,Precipitation_mm,"(325, 330]",253,157886,142097.4
66,Precipitation_mm,"(330, 335]",209,157886,142097.4
67,Precipitation_mm,"(335, 340]",248,157886,142097.4
68,Precipitation_mm,"(340, 345]",246,157886,142097.4
69,Precipitation_mm,"(345, 350]",233,157886,142097.4
70,Precipitation_mm,"(350, 355]",215,157886,142097.4
71,Precipitation_mm,"(355, 360]",217,157886,142097.4
72,Precipitation_mm,"(360, 365]",220,157886,142097.4
73,Precipitation_mm,"(365, 370]",184,157886,142097.4
74,Precipitation_mm,"(370, 375]",224,157886,142097.4
75,Precipitation_mm,"(375, 380]",0,157886,142097.4
76,Precipitation_mm,"(380, 385]",0,157886,142097.4
77,Precipitation_mm,"(385, 390]",0,157886,142097.4
78,Precipitation_mm,"(390, 395]",0,157886,142097.4
79,Precipitation_mm,"(395, 400]",0,157886,142097.4
80,Precipitation_mm,"(400, 405]",0,157886,142097.4
81,Precipitation_mm,"(405, 410]",0,157886,142097.4
82,Precipitation_mm,"(410, 415]",0,157886,142097.4
83,Precipitation_mm,"(415, 420]",0,157886,142097.4
84,Precipitation_mm,"(420, 425]",0,157886,142097.4
85,Precipitation_mm,"(425, 430]",0,157886,142097.4
86,Precipitation_mm,"(430, 435]",0,157886,142097.4
87,Precipitation_mm,"(435, 440]",0,157886,142097.4
88,Precipitation_mm,"(440, 445]",0,157886,142097.4
89,Precipitation_mm,"(445, 450]",0,157886,142097.4
90,Precipitation_mm,"(450, 455]",0,157886,142097.4
91,Precipitation_mm,"(455, 460]",0,157886,142097.4
92,Precipitation_mm,"(460, 465]",0,157886,142097.4
93,Precipitation_mm,"(465, 470]",0,157886,142097.4
94,Precipitation_mm,"(470, 475]",0,157886,142097.4
95,Precipitation_mm,"(475, 480]",0,157886,142097.4
96,Precipitation_mm,"(480, 485]",0,157886,142097.4
97,Precipitation_mm,"(485, 490]",0,157886,142097.4
98,Precipitation_mm,"(490, 495]",0,157886,142097.4
99,Precipitation_mm,"(495, 500]",0,157886,142097.4
100,Precipitation_mm,"(500, 505]",0,157886,142097.4
101,Precipitation_mm,"(505, 510]",0,157886,142097.4
102,Precipitation_mm,"(510, 515]",0,157886,142097.4
103,Precipitation_mm,"(515, 520]",0,157886,142097.4
104,Precipitation_mm,"(520, 525]",0,157886,142097.4
105,Precipitation_mm,"(525, 530]",0,157886,142097.4
106,Precipitation_mm,"(530, 535]",0,157886,142097.4
107,Precipitation_mm,"(535, 540]",0,157886,142097.4
108,Precipitation_mm,"(540, 545]",0,157886,142097.4
109,Precipitation_mm,"(545, 550]",0,157886,142097.4
110,Precipitation_mm,"(550, 555]",0,157886,142097.4
111,Precipitation_mm,"(555, 560]",0,157886,142097.4
112,Precipitation_mm,"(560, 565]",0,157886,142097.4
113,Precipitation_mm,"(565, 570]",0,157886,142097.4
114,Precipitation_mm,"(570, 575]",0,157886,142097.4
115,Precipitation_mm,"(575, 580]",0,157886,142097.4
116,Precipitation_mm,"(580, 585]",0,157886,142097.4
117,Precipitation_mm,"(585, 590]",0,157886,142097.4
118,Precipitation_mm,"(590, 595]",0,157886,142097.4
119,Precipitation_mm,"(595, 600]",0,157886,142097.4
120,Precipitation_mm,"(600, 605]",0,157886,142097.4
121,Precipitation_mm,"(605, 610]",0,157886,142097.4
122,Precipitation_mm,"(610, 615]",0,157886,142097.4
123,Precipitation_mm,"(615, 620]",0,157886,142097.4
124,Precipitation_mm,"(620, 625]",0,157886,142097.4
125,Precipitation_mm,"(625, 630]",0,157886,142097.4
126,Precipitation_mm,"(630, 635]",0,157886,142097.4
127,Precipitation_mm,"(635, 640]",0,157886,142097.4
128,Precipitation_mm,"(640, 645]",0,157886,142097.4
129,Precipitation_mm,"(645, 650]",0,157886,142097.4
130,Precipitation_mm,"(650, 655]",0,157886,142097.4
131,Precipitation_mm,"(655, 660]",0,157886,142097.4
132,Precipitation_mm,"(660, 665]",0,157886,142097.4
133,Precipitation_mm,"(665, 670]",0,157886,142097.4
134,Precipitation_mm,"(670, 675]",0,157886,142097.4
135,Precipitation_mm,"(675, 680]",0,157886,142097.4
136,Precipitation_mm,"(680, 685]",0,157886,142097.4
137,Precipitation_mm,"(685, 690]",0,157886,142097.4
138,Precipitation_mm,"(690, 695]",0,157886,142097.4
139,Precipitation_mm,"(695, 700]",0,157886,142097.4
140,Precipitation_mm,"(700, 705]",0,157886,142097.4
141,Precipitation_mm,"(705, 710]",0,157886,142097.4
142,Precipitation_mm,"(710, 715]",0,157886,142097.4
143,Precipitation_mm,"(715, 720]",0,157886,142097.4
144,Precipitation_mm,"(720, 725]",0,157886,142097.4
145,Precipitation_mm,"(725, 730]",0,157886,142097.4
146,Precipitation_mm,"(730, 735]",0,157886,142097.4
147,Precipitation_mm,"(735, 740]",0,157886,142097.4
148,Precipitation_mm,"(740, 745]",0,157886,142097.4
149,Precipitation_mm,"(745, 750]",0,157886,142097.4
150,Precipitation_mm,"(750, 755]",0,157886,142097.4
151,Precipitation_mm,"(755, 760]",0,157886,142097.4
152,Precipitation_mm,"(760, 765]",0,157886,142097.4
153,Precipitation_mm,"(765, 770]",0,157886,142097.4
154,Precipitation_mm,"(770, 775]",0,157886,142097.4
155,Precipitation_mm,"(775, 780]",0,157886,142097.4
156,Precipitation_mm,"(780, 785]",0,157886,142097.4
157,Precipitation_mm,"(785, 790]",0,157886,142097.4
158,Precipitation_mm,"(790, 795]",0,157886,142097.4
159,Precipitation_mm,"(795, 800]",0,157886,142097.4
160,Precipitation_mm,"(800, 805]",0,157886,142097.4
161,Precipitation_mm,"(805, 810]",0,157886,142097.4
162,Precipitation_mm,"(810, 815]",0,157886,142097.4
163,Precipitation_mm,"(815, 820]",0,157886,142097.4
164,Precipitation_mm,"(820, 825]",0,157886,142097.4
165,Precipitation_mm,"(825, 830]",0,157886,142097.4
166,Precipitation_mm,"(830, 835]",0,157886,142097.4
167,Precipitation_mm,"(835, 840]",0,157886,142097.4
168,Precipitation_mm,"(840, 845]",0,157886,142097.4
169,Precipitation_mm,"(845, 850]",0,157886,142097.4
170,Precipitation_mm,"(850, 855]",0,157886,142097.4
171,Precipitation_mm,"(855, 860]",0,157886,142097.4
172,Precipitation_mm,"(860, 865]",0,157886,142097.4
173,Precipitation_mm,"(865, 870]",0,157886,142097.4
174,Precipitation_mm,"(870, 875]",0,157886,142097.4
175,Precipitation_mm,"(875, 880]",0,157886,142097.4
176,Precipitation_mm,"(880, 885]",0,157886,142097.4
177,Precipitation_mm,"(885, 890]",0,157886,142097.4
178,Precipitation_mm,"(890, 895]",0,157886,142097.4
179,Precipitation_mm,"(895, 900]",0,157886,142097.4
180,Precipitation_mm,"(900, 905]",0,157886,142097.4
181,Precipitation_mm,"(905, 910]",0,157886,142097.4
182,Precipitation_mm,"(910, 915]",0,157886,142097.4
183,Precipitation_mm,"(915, 920]",0,157886,142097.4
184,Precipitation_mm,"(920, 925]",0,157886,142097.4
185,Precipitation_mm,"(925, 930]",0,157886,142097.4
186,Precipitation_mm,"(930, 935]",0,157886,142097.4
187,Precipitation_mm,"(935, 940]",0,157886,142097.4
188,Precipitation_mm,"(940, 945]",0,157886,142097.4
189,Precipitation_mm,"(945, 950]",0,157886,142097.4
190,Precipitation_mm,"(950, 955]",0,157886,142097.4
191,Precipitation_mm,"(955, 960]",0,157886,142097.4
192,Precipitation_mm,"(960, 965]",0,157886,142097.4
193,Precipitation_mm,"(965, 970]",0,157886,142097.4
194,Precipitation_mm,"(970, 975]",0,157886,142097.4
195,Precipitation_mm,"(975, 980]",0,157886,142097.4
196,Precipitation_mm,"(980, 985]",0,157886,142097.4
197,Precipitation_mm,"(985, 990]",0,157886,142097.4
198,Precipitation_mm,"(990, 995]",0,157886,142097.4
199,Precipitation_mm,"(995, 1000]",0,157886,142097.4
200,Precipitation_mm,"(1000, 1005]",0,157886,142097.4
201,Precipitation_mm,"(1005, 1010]",0,157886,142097.4
202,Precipitation_mm,"(1010, 1015]",0,157886,142097.4
203,Precipitation_mm,"(1015, 1020]",0,157886,142097.4
204,Precipitation_mm,"(1020, 1025]",0,157886,142097.4
205,Precipitation_mm,"(1025, 1030]",0,157886,142097.4
206,Precipitation_mm,"(1030, 1035]",0,157886,142097.4
207,Precipitation_mm,"(1035, 1040]",0,157886,142097.4
208,Precipitation_mm,"(1040, 1045]",0,157886,142097.4
209,Precipitation_mm,"(1045, 1050]",0,157886,142097.4
210,Precipitation_mm,"(1050, 1055]",0,157886,142097.4
211,Precipitation_mm,"(1055, 1060]",0,157886,142097.4
212,Precipitation_mm,"(1060, 1065]",0,157886,142097.4
213,Precipitation_mm,"(1065, 1070]",0,157886,142097.4
214,Precipitation_mm,"(1070, 1075]",0,157886,142097.4
215,Precipitation_mm,"(1075, 1080]",0,157886,142097.4
216,Precipitation_mm,"(1080, 1085]",0,157886,142097.4
217,Precipitation_mm,"(1085, 1090]",0,157886,142097.4
218,Precipitation_mm,"(1090, 1095]",0,157886,142097.4
219,Precipitation_mm,"(1095, 1100]",0,157886,142097.4
220,Precipitation_mm,"(1100, 1105]",0,157886,142097.4
221,Precipitation_mm,"(1105, 1110]",0,157886,142097.4
222,Precipitation_mm,"(1110, 1115]",0,157886,142097.4
223,Precipitation_mm,"(1115, 1120]",0,157886,142097.4
224,Precipitation_mm,"(1120, 1125]",0,157886,142097.4
225,Precipitation_mm,"(1125, 1130]",0,157886,142097.4
226,Precipitation_mm,"(1130, 1135]",0,157886,142097.4
227,Precipitation_mm,"(1135, 1140]",0,157886,142097.4
228,Precipitation_mm,"(1140, 1145]",0,157886,142097.4
229,Precipitation_mm,"(1145, 1150]",0,157886,142097.4
230,Precipitation_mm,"(1150, 1155]",0,157886,142097.4
231,Precipitation_mm,"(1155, 1160]",0,157886,142097.4
232,Precipitation_mm,"(1160, 1165]",0,157886,142097.4
233,Precipitation_mm,"(1165, 1170]",0,157886,142097.4
234,Precipitation_mm,"(1170, 1175]",0,157886,142097.4
235,Precipitation_mm,"(1175, 1180]",0,157886,142097.4
236,Precipitation_mm,"(1180, 1185]",0,157886,142097.4
237,Precipitation_mm,"(1185, 1190]",0,157886,142097.4
238,Precipitation_mm,"(1190, 1195]",0,157886,142097.4
239,Precipitation_mm,"(1195, 1200]",0,157886,142097.4
240,Precipitation_mm,"(1200, 1205]",0,157886,142097.4
241,Precipitation_mm,"(1205, 1210]",0,157886,142097.4
242,Precipitation_mm,"(1210, 1215]",0,157886,142097.4
243,Precipitation_mm,"(1215, 1220]",0,157886,142097.4
244,Precipitation_mm,"(1220, 1225]",0,157886,142097.4
245,Precipitation_mm,"(1225, 1230]",0,157886,142097.4
246,Precipitation_mm,"(1230, 1235]",0,157886,142097.4
247,Precipitation_mm,"(1235, 1240]",0,157886,142097.4
248,Precipitation_mm,"(1240, 1245]",0,157886,142097.4
249,Precipitation_mm,"(1245, 1250]",0,157886,142097.4
250,Precipitation_mm,"(1250, 1255]",0,157886,142097.4
251,Precipitation_mm,"(1255, 1260]",0,157886,142097.4
252,Precipitation_mm,"(1260, 1265]",0,157886,142097.4
253,Precipitation_mm,"(1265, 1270]",0,157886,142097.4
254,Precipitation_mm,"(1270, 1275]",0,157886,142097.4
255,Precipitation_mm,"(1275, 1280]",0,157886,142097.4
256,Precipitation_mm,"(1280, 1285]",0,157886,142097.4
257,Precipitation_mm,"(1285, 1290]",0,157886,142097.4
258,Precipitation_mm,"(1290, 1295]",0,157886,142097.4
259,Precipitation_mm,"(1295, 1300]",0,157886,142097.4
260,Precipitation_mm,"(1300, 1305]",0,157886,142097.4
261,Precipitation_mm,"(1305, 1310]",0,157886,142097.4
262,Precipitation_mm,"(1310, 1315]",0,157886,142097.4
263,Precipitation_mm,"(1315, 1320]",0,157886,142097.4
264,Precipitation_mm,"(1320, 1325]",0,157886,142097.4
265,Precipitation_mm,"(1325, 1330]",0,157886,142097.4
266,Precipitation_mm,"(1330, 1335]",0,157886,142097.4
267,Precipitation_mm,"(1335, 1340]",0,157886,142097.4
268,Precipitation_mm,"(1340, 1345]",0,157886,142097.4
269,Precipitation_mm,"(1345, 1350]",0,157886,142097.4
270,Precipitation_mm,"(1350, 1355]",0,157886,142097.4
271,Precipitation_mm,"(1355, 1360]",0,157886,142097.4
272,Precipitation_mm,"(1360, 1365]",0,157886,142097.4
273,Precipitation_mm,"(1365, 1370]",0,157886,142097.4
274,Precipitation_mm,"(1370, 1375]",0,157886,142097.4
275,Precipitation_mm,"(1375, 1380]",0,157886,142097.4
276,Precipitation_mm,"(1380, 1385]",0,157886,142097.4
277,Precipitation_mm,"(1385, 1390]",0,157886,142097.4
278,Precipitation_mm,"(1390, 1395]",0,157886,142097.4
279,Precipitation_mm,"(1395, 1400]",0,157886,142097.4
280,Precipitation_mm,"(1400, 1405]",0,157886,142097.4
281,Precipitation_mm,"(1405, 1410]",0,157886,142097.4
282,Precipitation_mm,"(1410, 1415]",0,157886,142097.4
283,Precipitation_mm,"(1415, 1420]",0,157886,142097.4
284,Precipitation_mm,"(1420, 1425]",0,157886,142097.4
285,Precipitation_mm,"(1425, 1430]",0,157886,142097.4
286,Precipitation_mm,"(1430, 1435]",0,157886,142097.4
287,Precipitation_mm,"(1435, 1440]",0,157886,142097.4
288,Precipitation_mm,"(1440, 1445]",0,157886,142097.4
289,Precipitation_mm,"(1445, 1450]",0,157886,142097.4
290,Precipitation_mm,"(1450, 1455]",0,157886,142097.4
291,Precipitation_mm,"(1455, 1460]",0,157886,142097.4
292,Precipitation_mm,"(1460, 1465]",0,157886,142097.4
293,Precipitation_mm,"(1465, 1470]",0,157886,142097.4
294,Precipitation_mm,"(1470, 1475]",0,157886,142097.4
295,Precipitation_mm,"(1475, 1480]",0,157886,142097.4
296,Precipitation_mm,"(1480, 1485]",0,157886,142097.4
297,Precipitation_mm,"(1485, 1490]",0,157886,142097.4
298,Precipitation_mm,"(1490, 1495]",0,157886,142097.4
299,Precipitation_mm,"(1495, 1500]",0,157886,142097.4
300,Precipitation_mm,"(1500, 1505]",0,157886,142097.4
301,Precipitation_mm,"(1505, 1510]",0,157886,142097.4
302,Precipitation_mm,"(1510, 1515]",0,157886,142097.4
303,Precipitation_mm,"(1515, 1520]",0,157886,142097.4
304,Precipitation_mm,"(1520, 1525]",0,157886,142097.4
305,Precipitation_mm,"(1525, 1530]",0,157886,142097.4
306,Precipitation_mm,"(1530, 1535]",0,157886,142097.4
307,Precipitation_mm,"(1535, 1540]",0,157886,142097.4
308,Precipitation_mm,"(1540, 1545]",0,157886,142097.4
309,Precipitation_mm,"(1545, 1550]",0,157886,142097.4
310,Precipitation_mm,"(1550, 1555]",0,157886,142097.4
311,Precipitation_mm,"(1555, 1560]",0,157886,142097.4
312,Precipitation_mm,"(1560, 1565]",0,157886,142097.4
313,Precipitation_mm,"(1565, 1570]",0,157886,142097.4
314,Precipitation_mm,"(1570, 1575]",0,157886,142097.4
315,Precipitation_mm,"(1575, 1580]",0,157886,142097.4
316,Precipitation_mm,"(1580, 1585]",0,157886,142097.4
317,Precipitation_mm,"(1585, 1590]",0,157886,142097.4
318,Precipitation_mm,"(1590, 1595]",0,157886,142097.4
319,Precipitation_mm,"(1595, 1600]",0,157886,142097.4
320,Precipitation_mm,"(1600, 1605]",0,157886,142097.4
321,Precipitation_mm,"(1605, 1610]",0,157886,142097.4
322,Precipitation_mm,"(1610, 1615]",0,157886,142097.4
323,Precipitation_mm,"(1615, 1620]",0,157886,142097.4
324,Precipitation_mm,"(1620, 1625]",0,157886,142097.4
325,Precipitation_mm,"(1625, 1630]",0,157886,142097.4
326,Precipitation_mm,"(1630, 1635]",0,157886,142097.4
327,Precipitation_mm,"(1635, 1640]",0,157886,142097.4
328,Precipitation_mm,"(1640, 1645]",0,157886,142097.4
329,Precipitation_mm,"(1645, 1650]",0,157886,142097.4
330,Precipitation_mm,"(1650, 1655]",0,157886,142097.4
331,Precipitation_mm,"(1655, 1660]",0,157886,142097.4
332,Precipitation_mm,"(1660, 1665]",0,157886,142097.4
333,Precipitation_mm,"(1665, 1670]",0,157886,142097.4
334,Precipitation_mm,"(1670, 1675]",0,157886,142097.4
335,Precipitation_mm,"(1675, 1680]",0,157886,142097.4
336,Precipitation_mm,"(1680, 1685]",0,157886,142097.4
337,Precipitation_mm,"(1685, 1690]",0,157886,142097.4
338,Precipitation_mm,"(1690, 1695]",0,157886,142097.4
339,Precipitation_mm,"(1695, 1700]",0,157886,142097.4
340,Precipitation_mm,"(1700, 1705]",0,157886,142097.4
341,Precipitation_mm,"(1705, 1710]",0,157886,142097.4
342,Precipitation_mm,"(1710, 1715]",0,157886,142097.4
343,Precipitation_mm,"(1715, 1720]",0,157886,142097.4
344,Precipitation_mm,"(1720, 1725]",0,157886,142097.4
345,Precipitation_mm,"(1725, 1730]",0,157886,142097.4
346,Precipitation_mm,"(1730, 1735]",0,157886,142097.4
347,Precipitation_mm,"(1735, 1740]",0,157886,142097.4
348,Precipitation_mm,"(1740, 1745]",0,157886,142097.4
349,Precipitation_mm,"(1745, 1750]",0,157886,142097.4
350,Precipitation_mm,"(1750, 1755]",0,157886,142097.4
351,Precipitation_mm,"(1755, 1760]",0,157886,142097.4
352,Precipitation_mm,"(1760, 1765]",0,157886,142097.4
353,Precipitation_mm,"(1765, 1770]",0,157886,142097.4
354,Precipitation_mm,"(1770, 1775]",0,157886,142097.4
355,Precipitation_mm,"(1775, 1780]",0,157886,142097.4
356,Precipitation_mm,"(1780, 1785]",0,157886,142097.4
357,Precipitation_mm,"(1785, 1790]",0,157886,142097.4
358,Precipitation_mm,"(1790, 1795]",0,157886,142097.4
359,Precipitation_mm,"(1795, 1800]",0,157886,142097.4
360,Precipitation_mm,"(1800, 1805]",0,157886,142097.4
361,Precipitation_mm,"(1805, 1810]",0,157886,142097.4
362,Precipitation_mm,"(1810, 1815]",0,157886,142097.4
363,Precipitation_mm,"(1815, 1820]",0,157886,142097.4
364,Precipitation_mm,"(1820, 1825]",0,157886,142097.4
365,Precipitation_mm,"(1825, 1830]",0,157886,142097.4
366,Precipitation_mm,"(1830, 1835]",0,157886,142097.4
367,Precipitation_mm,"(1835, 1840]",0,157886,142097.4
368,Precipitation_mm,"(1840, 1845]",0,157886,142097.4
369,Precipitation_mm,"(1845, 1850]",0,157886,142097.4
370,Precipitation_mm,"(1850, 1855]",0,157886,142097.4
371,Precipitation_mm,"(1855, 1860]",0,157886,142097.4
372,Precipitation_mm,"(1860, 1865]",0,157886,142097.4
373,Precipitation_mm,"(1865, 1870]",0,157886,142097.4
374,Precipitation_mm,"(1870, 1875]",0,157886,142097.4
375,Precipitation_mm,"(1875, 1880]",0,157886,142097.4
376,Precipitation_mm,"(1880, 1885]",0,157886,142097.4
377,Precipitation_mm,"(1885, 1890]",0,157886,142097.4
378,Precipitation_mm,"(1890, 1895]",0,157886,142097.4
379,Precipitation_mm,"(1895, 1900]",0,157886,142097.4
380,Precipitation_mm,"(1900, 1905]",0,157886,142097.4
381,Precipitation_mm,"(1905, 1910]",0,157886,142097.4
382,Precipitation_mm,"(1910, 1915]",0,157886,142097.4
383,Precipitation_mm,"(1915, 1920]",0,157886,142097.4
384,Precipitation_mm,"(1920, 1925]",0,157886,142097.4
385,Precipitation_mm,"(1925, 1930]",0,157886,142097.4
386,Precipitation_mm,"(1930, 1935]",0,157886,142097.4
387,Precipitation_mm,"(1935, 1940]",0,157886,142097.4
388,Precipitation_mm,"(1940, 1945]",0,157886,142097.4
389,Precipitation_mm,"(1945, 1950]",0,157886,142097.4
390,Precipitation_mm,"(1950, 1955]",0,157886,142097.4
391,Precipitation_mm,"(1955, 1960]",0,157886,142097.4
392,Precipitation_mm,"(1960, 1965]",0,157886,142097.4
393,Precipitation_mm,"(1965, 1970]",0,157886,142097.4
394,Precipitation_mm,"(1970, 1975]",0,157886,142097.4
395,Precipitation_mm,"(1975, 1980]",0,157886,142097.4
396,Precipitation_mm,"(1980, 1985]",0,157886,142097.4
397,Precipitation_mm,"(1985, 1990]",0,157886,142097.4
398,Precipitation_mm,"(1990, 1995]",0,157886,142097.4
399,Precipitation_mm,"(1995, 2000]",0,157886,142097.4
400,WetDep_SO4_mgm2,"(0, 5]",5904,154967,139470.30000000002
401,WetDep_SO4_mgm2,"(5, 10]",5980,154967,139470.30000000002
402,WetDep_SO4_mgm2,"(10, 15]",6026,154967,139470.30000000002
403,WetDep_SO4_mgm2,"(15, 20]",6034,154967,139470.30000000002
404,WetDep_SO4_mgm2,"(20, 25]",5831,154967,139470.30000000002
405,WetDep_SO4_mgm2,"(25, 30]",5930,154967,139470.30000000002
406,WetDep_SO4_mgm2,"(30, 35]",5808,154967,139470.30000000002
407,WetDep_SO4_mgm2,"(35, 40]",5874,154967,139470.30000000002
408,WetDep_SO4_mgm2,"(40, 45]",5787,154967,139470.30000000002
409,WetDep_SO4_mgm2,"(45, 50]",5711,154967,139470.30000000002
410,WetDep_SO4_mgm2,"(50, 55]",5599,154967,139470.30000000002
411,WetDep_SO4_mgm2,"(55, 60]",5466,154967,139470.30000000002
412,WetDep_SO4_mgm2,"(60, 65]",5382,154967,139470.30000000002
413,WetDep_SO4_mgm2,"(65, 70]",5300,154967,139470.30000000002
414,WetDep_SO4_mgm2,"(70, 75]",5038,154967,139470.30000000002
415,WetDep_SO4_mgm2,"(75, 80]",4710,154967,139470.30000000002
416,WetDep_SO4_mgm2,"(80, 85]",4424,154967,139470.30000000002
417,WetDep_SO4_mgm2,"(85, 90]",3966,154967,139470.30000000002
418,WetDep_SO4_mgm2,"(90, 95]",3421,154967,139470.30000000002
419,WetDep_SO4_mgm2,"(95, 100]",2341,154967,139470.30000000002
420,WetDep_SO4_mgm2,"(100, 105]",1450,154967,139470.30000000002
421,WetDep_SO4_mgm2,"(105, 110]",1414,154967,139470.30000000002
422,WetDep_SO4_mgm2,"(110, 115]",1304,154967,139470.30000000002
423,WetDep_SO4_mgm2,"(115, 120]",1329,154967,139470.30000000002
424,WetDep_SO4_mgm2,"(120, 125]",1232,154967,139470.30000000002
425,WetDep_SO4_mgm2,"(125, 130]",1263,154967,139470.30000000002
426,WetDep_SO4_mgm2,"(130, 135]",1171,154967,139470.30000000002
427,WetDep_SO4_mgm2,"(135, 140]",1152,154967,139470.30000000002
428,WetDep_SO4_mgm2,"(140, 145]",1098,154967,139470.30000000002
429,WetDep_SO4_mgm2,"(145, 150]",995,154967,139470.30000000002
430,WetDep_SO4_mgm2,"(150, 155]",1059,154967,139470.30000000002
431,WetDep_SO4_mgm2,"(155, 160]",988,154967,139470.30000000002
432,WetDep_SO4_mgm2,"(160, 165]",940,154967,139470.30000000002
433,WetDep_SO4_mgm2,"(165, 170]",892,154967,139470.30000000002
434,WetDep_SO4_mgm2,"(170, 175]",864,154967,139470.30000000002
435,WetDep_SO4_mgm2,"(175, 180]",841,154967,139470.30000000002
436,WetDep_SO4_mgm2,"(180, 185]",824,154967,139470.30000000002
437,WetDep_SO4_mgm2,"(185, 190]",810,154967,139470.30000000002
438,WetDep_SO4_mgm2,"(190, 195]",820,154967,139470.30000000002
439,WetDep_SO4_mgm2,"(195, 200]",773,154967,139470.30000000002
440,WetDep_SO4_mgm2,"(200, 205]",642,154967,139470.30000000002
441,WetDep_SO4_mgm2,"(205, 210]",690,154967,139470.30000000002
442,WetDep_SO4_mgm2,"(210, 215]",662,154967,139470.30000000002
443,WetDep_SO4_mgm2,"(215, 220]",688,154967,139470.30000000002
444,WetDep_SO4_mgm2,"(220, 225]",640,154967,139470.30000000002
445,WetDep_SO4_mgm2,"(225, 230]",605,154967,139470.30000000002
446,WetDep_SO4_mgm2,"(230, 235]",602,154967,139470.30000000002
447,WetDep_SO4_mgm2,"(235, 240]",584,154967,139470.30000000002
448,WetDep_SO4_mgm2,"(240, 245]",530,154967,139470.30000000002
449,WetDep_SO4_mgm2,"(245, 250]",550,154967,139470.30000000002
450,WetDep_SO4_mgm2,"(250, 255]",506,154967,139470.30000000002
451,WetDep_SO4_mgm2,"(255, 260]",528,154967,139470.30000000002
452,WetDep_SO4_mgm2,"(260, 265]",543,154967,139470.30000000002
453,WetDep_SO4_mgm2,"(265, 270]",497,154967,139470.30000000002
454,WetDep_SO4_mgm2,"(270, 275]",474,154967,139470.30000000002
455,WetDep_SO4_mgm2,"(275, 280]",480,154967,139470.30000000002
456,WetDep_SO4_mgm2,"(280, 285]",493,154967,139470.30000000002
457,WetDep_SO4_mgm2,"(285, 290]",457,154967,139470.30000000002
458,WetDep_SO4_mgm2,"(290, 295]",396,154967,139470.30000000002
459,WetDep_SO4_mgm2,"(295, 300]",358,154967,139470.30000000002
460,WetDep_SO4_mgm2,"(300, 305]",415,154967,139470.30000000002
461,WetDep_SO4_mgm2,"(305, 310]",389,154967,139470.30000000002
462,WetDep_SO4_mgm2,"(310, 315]",413,154967,139470.30000000002
463,WetDep_SO4_mgm2,"(315, 320]",361,154967,139470.30000000002
464,WetDep_SO4_mgm2,"(320, 325]",351,154967,139470.30000000002
465,WetDep_SO4_mgm2,"(325, 330]",354,154967,139470.30000000002
466,WetDep_SO4_mgm2,"(330, 335]",354,154967,139470.30000000002
467,WetDep_SO4_mgm2,"(335, 340]",351,154967,139470.30000000002
468,WetDep_SO4_mgm2,"(340, 345]",345,154967,139470.30000000002
469,WetDep_SO4_mgm2,"(345, 350]",324,154967,139470.30000000002
470,WetDep_SO4_mgm2,"(350, 355]",276,154967,139470.30000000002
471,WetDep_SO4_mgm2,"(355, 360]",285,154967,139470.30000000002
472,WetDep_SO4_mgm2,"(360, 365]",260,154967,139470.30000000002
473,WetDep_SO4_mgm2,"(365, 370]",256,154967,139470.30000000002
474,WetDep_SO4_mgm2,"(370, 375]",282,154967,139470.30000000002
475,WetDep_SO4_mgm2,"(375, 380]",265,154967,139470.30000000002
476,WetDep_SO4_mgm2,"(380, 385]",234,154967,139470.30000000002
477,WetDep_SO4_mgm2,"(385, 390]",270,154967,139470.30000000002
478,WetDep_SO4_mgm2,"(390, 395]",251,154967,139470.30000000002
479,WetDep_SO4_mgm2,"(395, 400]",223,154967,139470.30000000002
480,WetDep_SO4_mgm2,"(400, 405]",227,154967,139470.30000000002
481,WetDep_SO4_mgm2,"(405, 410]",221,154967,139470.30000000002
482,WetDep_SO4_mgm2,"(410, 415]",203,154967,139470.30000000002
483,WetDep_SO4_mgm2,"(415, 420]",197,154967,139470.30000000002
484,WetDep_SO4_mgm2,"(420, 425]",212,154967,139470.30000000002
485,WetDep_SO4_mgm2,"(425, 430]",204,154967,139470.30000000002
486,WetDep_SO4_mgm2,"(430, 435]",192,154967,139470.30000000002
487,WetDep_SO4_mgm2,"(435, 440]",206,154967,139470.30000000002
488,WetDep_SO4_mgm2,"(440, 445]",192,154967,139470.30000000002
489,WetDep_SO4_mgm2,"(445, 450]",201,154967,139470.30000000002
490,WetDep_SO4_mgm2,"(450, 455]",184,154967,139470.30000000002
491,WetDep_SO4_mgm2,"(455, 460]",177,154967,139470.30000000002
492,WetDep_SO4_mgm2,"(460, 465]",165,154967,139470.30000000002
493,WetDep_SO4_mgm2,"(465, 470]",163,154967,139470.30000000002
494,WetDep_SO4_mgm2,"(470, 475]",149,154967,139470.30000000002
495,WetDep_SO4_mgm2,"(475, 480]",154,154967,139470.30000000002
496,WetDep_SO4_mgm2,"(480, 485]",141,154967,139470.30000000002
497,WetDep_SO4_mgm2,"(485, 490]",145,154967,139470.30000000002
498,WetDep_SO4_mgm2,"(490, 495]",165,154967,139470.30000000002
499,WetDep_SO4_mgm2,"(495, 500]",166,154967,139470.30000000002
500,WetDep_SO4_mgm2,"(500, 505]",148,154967,139470.30000000002
501,WetDep_SO4_mgm2,"(505, 510]",132,154967,139470.30000000002
502,WetDep_SO4_mgm2,"(510, 515]",142,154967,139470.30000000002
503,WetDep_SO4_mgm2,"(515, 520]",131,154967,139470.30000000002
504,WetDep_SO4_mgm2,"(520, 525]",128,154967,139470.30000000002
505,WetDep_SO4_mgm2,"(525, 530]",120,154967,139470.30000000002
506,WetDep_SO4_mgm2,"(530, 535]",109,154967,139470.30000000002
507,WetDep_SO4_mgm2,"(535, 540]",137,154967,139470.30000000002
508,WetDep_SO4_mgm2,"(540, 545]",121,154967,139470.30000000002
509,WetDep_SO4_mgm2,"(545, 550]",127,154967,139470.30000000002
510,WetDep_SO4_mgm2,"(550, 555]",111,154967,139470.30000000002
511,WetDep_SO4_mgm2,"(555, 560]",115,154967,139470.30000000002
512,WetDep_SO4_mgm2,"(560, 565]",101,154967,139470.30000000002
513,WetDep_SO4_mgm2,"(565, 570]",78,154967,139470.30000000002
514,WetDep_SO4_mgm2,"(570, 575]",109,154967,139470.30000000002
515,WetDep_SO4_mgm2,"(575, 580]",98,154967,139470.30000000002
516,WetDep_SO4_mgm2,"(580, 585]",108,154967,139470.30000000002
517,WetDep_SO4_mgm2,"(585, 590]",99,154967,139470.30000000002
518,WetDep_SO4_mgm2,"(590, 595]",97,154967,139470.30000000002
519,WetDep_SO4_mgm2,"(595, 600]",103,154967,139470.30000000002
520,WetDep_SO4_mgm2,"(600, 605]",102,154967,139470.30000000002
521,WetDep_SO4_mgm2,"(605, 610]",115,154967,139470.30000000002
522,WetDep_SO4_mgm2,"(610, 615]",85,154967,139470.30000000002
523,WetDep_SO4_mgm2,"(615, 620]",105,154967,139470.30000000002
524,WetDep_SO4_mgm2,"(620, 625]",89,154967,139470.30000000002
525,WetDep_SO4_mgm2,"(625, 630]",73,154967,139470.30000000002
526,WetDep_SO4_mgm2,"(630, 635]",96,154967,139470.30000000002
527,WetDep_SO4_mgm2,"(635, 640]",99,154967,139470.30000000002
528,WetDep_SO4_mgm2,"(640, 645]",77,154967,139470.30000000002
529,WetDep_SO4_mgm2,"(645, 650]",94,154967,139470.30000000002
530,WetDep_SO4_mgm2,"(650, 655]",84,154967,139470.30000000002
531,WetDep_SO4_mgm2,"(655, 660]",82,154967,139470.30000000002
532,WetDep_SO4_mgm2,"(660, 665]",78,154967,139470.30000000002
533,WetDep_SO4_mgm2,"(665, 670]",62,154967,139470.30000000002
534,WetDep_SO4_mgm2,"(670, 675]",69,154967,139470.30000000002
535,WetDep_SO4_mgm2,"(675, 680]",59,154967,139470.30000000002
536,WetDep_SO4_mgm2,"(680, 685]",77,154967,139470.30000000002
537,WetDep_SO4_mgm2,"(685, 690]",58,154967,139470.30000000002
538,WetDep_SO4_mgm2,"(690, 695]",62,154967,139470.30000000002
539,WetDep_SO4_mgm2,"(695, 700]",79,154967,139470.30000000002
540,WetDep_SO4_mgm2,"(700, 705]",63,154967,139470.30000000002
541,WetDep_SO4_mgm2,"(705, 710]",63,154967,139470.30000000002
542,WetDep_SO4_mgm2,"(710, 715]",47,154967,139470.30000000002
543,WetDep_SO4_mgm2,"(715, 720]",52,154967,139470.30000000002
544,WetDep_SO4_mgm2,"(720, 725]",49,154967,139470.30000000002
545,WetDep_SO4_mgm2,"(725, 730]",66,154967,139470.30000000002
546,WetDep_SO4_mgm2,"(730, 735]",60,154967,139470.30000000002
547,WetDep_SO4_mgm2,"(735, 740]",71,154967,139470.30000000002
548,WetDep_SO4_mgm2,"(740, 745]",47,154967,139470.30000000002
549,WetDep_SO4_mgm2,"(745, 750]",67,154967,139470.30000000002
550,WetDep_SO4_mgm2,"(750, 755]",49,154967,139470.30000000002
551,WetDep_SO4_mgm2,"(755, 760]",45,154967,139470.30000000002
552,WetDep_SO4_mgm2,"(760, 765]",48,154967,139470.30000000002
553,WetDep_SO4_mgm2,"(765, 770]",42,154967,139470.30000000002
554,WetDep_SO4_mgm2,"(770, 775]",59,154967,139470.30000000002
555,WetDep_SO4_mgm2,"(775, 780]",50,154967,139470.30000000002
556,WetDep_SO4_mgm2,"(780, 785]",48,154967,139470.30000000002
557,WetDep_SO4_mgm2,"(785, 790]",59,154967,139470.30000000002
558,WetDep_SO4_mgm2,"(790, 795]",55,154967,139470.30000000002
559,WetDep_SO4_mgm2,"(795, 800]",36,154967,139470.30000000002
560,WetDep_SO4_mgm2,"(800, 805]",52,154967,139470.30000000002
561,WetDep_SO4_mgm2,"(805, 810]",45,154967,139470.30000000002
562,WetDep_SO4_mgm2,"(810, 815]",35,154967,139470.30000000002
563,WetDep_SO4_mgm2,"(815, 820]",31,154967,139470.30000000002
564,WetDep_SO4_mgm2,"(820, 825]",35,154967,139470.30000000002
565,WetDep_SO4_mgm2,"(825, 830]",32,154967,139470.30000000002
566,WetDep_SO4_mgm2,"(830, 835]",48,154967,139470.30000000002
567,WetDep_SO4_mgm2,"(835, 840]",35,154967,139470.30000000002
568,WetDep_SO4_mgm2,"(840, 845]",35,154967,139470.30000000002
569,WetDep_SO4_mgm2,"(845, 850]",40,154967,139470.30000000002
570,WetDep_SO4_mgm2,"(850, 855]",26,154967,139470.30000000002
571,WetDep_SO4_mgm2,"(855, 860]",37,154967,139470.30000000002
572,WetDep_SO4_mgm2,"(860, 865]",28,154967,139470.30000000002
573,WetDep_SO4_mgm2,"(865, 870]",47,154967,139470.30000000002
574,WetDep_SO4_mgm2,"(870, 875]",34,154967,139470.30000000002
575,WetDep_SO4_mgm2,"(875, 880]",33,154967,139470.30000000002
576,WetDep_SO4_mgm2,"(880, 885]",31,154967,139470.30000000002
577,WetDep_SO4_mgm2,"(885, 890]",38,154967,139470.30000000002
578,WetDep_SO4_mgm2,"(890, 895]",38,154967,139470.30000000002
579,WetDep_SO4_mgm2,"(895, 900]",31,154967,139470.30000000002
580,WetDep_SO4_mgm2,"(900, 905]",36,154967,139470.30000000002
581,WetDep_SO4_mgm2,"(905, 910]",24,154967,139470.30000000002
582,WetDep_SO4_mgm2,"(910, 915]",34,154967,139470.30000000002
583,WetDep_SO4_mgm2,"(915, 920]",24,154967,139470.30000000002
584,WetDep_SO4_mgm2,"(920, 925]",29,154967,139470.30000000002
585,WetDep_SO4_mgm2,"(925, 930]",31,154967,139470.30000000002
586,WetDep_SO4_mgm2,"(930, 935]",31,154967,139470.30000000002
587,WetDep_SO4_mgm2,"(935, 940]",22,154967,139470.30000000002
588,WetDep_SO4_mgm2,"(940, 945]",16,154967,139470.30000000002
589,WetDep_SO4_mgm2,"(945, 950]",29,154967,139470.30000000002
590,WetDep_SO4_mgm2,"(950, 955]",25,154967,139470.30000000002
591,WetDep_SO4_mgm2,"(955, 960]",40,154967,139470.30000000002
592,WetDep_SO4_mgm2,"(960, 965]",28,154967,139470.30000000002
593,WetDep_SO4_mgm2,"(965, 970]",26,154967,139470.30000000002
594,WetDep_SO4_mgm2,"(970, 975]",20,154967,139470.30000000002
595,WetDep_SO4_mgm2,"(975, 980]",37,154967,139470.30000000002
596,WetDep_SO4_mgm2,"(980, 985]",25,154967,139470.30000000002
597,WetDep_SO4_mgm2,"(985, 990]",27,154967,139470.30000000002
598,WetDep_SO4_mgm2,"(990, 995]",26,154967,139470.30000000002
599,WetDep_SO4_mgm2,"(995, 1000]",25,154967,139470.30000000002
600,WetDep_SO4_mgm2,"(1000, 1005]",24,154967,139470.30000000002
601,WetDep_SO4_mgm2,"(1005, 1010]",17,154967,139470.30000000002
602,WetDep_SO4_mgm2,"(1010, 1015]",23,154967,139470.30000000002
603,WetDep_SO4_mgm2,"(1015, 1020]",19,154967,139470.30000000002
604,WetDep_SO4_mgm2,"(1020, 1025]",26,154967,139470.30000000002
605,WetDep_SO4_mgm2,"(1025, 1030]",12,154967,139470.30000000002
606,WetDep_SO4_mgm2,"(1030, 1035]",21,154967,139470.30000000002
607,WetDep_SO4_mgm2,"(1035, 1040]",10,154967,139470.30000000002
608,WetDep_SO4_mgm2,"(1040, 1045]",28,154967,139470.30000000002
609,WetDep_SO4_mgm2,"(1045, 1050]",14,154967,139470.30000000002
610,WetDep_SO4_mgm2,"(1050, 1055]",24,154967,139470.30000000002
611,WetDep_SO4_mgm2,"(1055, 1060]",16,154967,139470.30000000002
612,WetDep_SO4_mgm2,"(1060, 1065]",19,154967,139470.30000000002
613,WetDep_SO4_mgm2,"(1065, 1070]",20,154967,139470.30000000002
614,WetDep_SO4_mgm2,"(1070, 1075]",24,154967,139470.30000000002
615,WetDep_SO4_mgm2,"(1075, 1080]",16,154967,139470.30000000002
616,WetDep_SO4_mgm2,"(1080, 1085]",13,154967,139470.30000000002
617,WetDep_SO4_mgm2,"(1085, 1090]",18,154967,139470.30000000002
618,WetDep_SO4_mgm2,"(1090, 1095]",14,154967,139470.30000000002
619,WetDep_SO4_mgm2,"(1095, 1100]",22,154967,139470.30000000002
620,WetDep_SO4_mgm2,"(1100, 1105]",18,154967,139470.30000000002
621,WetDep_SO4_mgm2,"(1105, 1110]",15,154967,139470.30000000002
622,WetDep_SO4_mgm2,"(1110, 1115]",20,154967,139470.30000000002
623,WetDep_SO4_mgm2,"(1115, 1120]",16,154967,139470.30000000002
624,WetDep_SO4_mgm2,"(1120, 1125]",17,154967,139470.30000000002
625,WetDep_SO4_mgm2,"(1125, 1130]",14,154967,139470.30000000002
626,WetDep_SO4_mgm2,"(1130, 1135]",13,154967,139470.30000000002
627,WetDep_SO4_mgm2,"(1135, 1140]",18,154967,139470.30000000002
628,WetDep_SO4_mgm2,"(1140, 1145]",15,154967,139470.30000000002
629,WetDep_SO4_mgm2,"(1145, 1150]",10,154967,139470.30000000002
630,WetDep_SO4_mgm2,"(1150, 1155]",11,154967,139470.30000000002
631,WetDep_SO4_mgm2,"(1155, 1160]",17,154967,139470.30000000002
632,WetDep_SO4_mgm2,"(1160, 1165]",11,154967,139470.30000000002
633,WetDep_SO4_mgm2,"(1165, 1170]",20,154967,139470.30000000002
634,WetDep_SO4_mgm2,"(1170, 1175]",22,154967,139470.30000000002
635,WetDep_SO4_mgm2,"(1175, 1180]",17,154967,139470.30000000002
636,WetDep_SO4_mgm2,"(1180, 1185]",18,154967,139470.30000000002
637,WetDep_SO4_mgm2,"(1185, 1190]",10,154967,139470.30000000002
638,WetDep_SO4_mgm2,"(1190, 1195]",13,154967,139470.30000000002
639,WetDep_SO4_mgm2,"(1195, 1200]",7,154967,139470.30000000002
640,WetDep_SO4_mgm2,"(1200, 1205]",13,154967,139470.30000000002
641,WetDep_SO4_mgm2,"(1205, 1210]",8,154967,139470.30000000002
642,WetDep_SO4_mgm2,"(1210, 1215]",8,154967,139470.30000000002
643,WetDep_SO4_mgm2,"(1215, 1220]",16,154967,139470.30000000002
644,WetDep_SO4_mgm2,"(1220, 1225]",12,154967,139470.30000000002
645,WetDep_SO4_mgm2,"(1225, 1230]",15,154967,139470.30000000002
646,WetDep_SO4_mgm2,"(1230, 1235]",9,154967,139470.30000000002
647,WetDep_SO4_mgm2,"(1235, 1240]",7,154967,139470.30000000002
648,WetDep_SO4_mgm2,"(1240, 1245]",12,154967,139470.30000000002
649,WetDep_SO4_mgm2,"(1245, 1250]",10,154967,139470.30000000002
650,WetDep_SO4_mgm2,"(1250, 1255]",11,154967,139470.30000000002
651,WetDep_SO4_mgm2,"(1255, 1260]",14,154967,139470.30000000002
652,WetDep_SO4_mgm2,"(1260, 1265]",13,154967,139470.30000000002
653,WetDep_SO4_mgm2,"(1265, 1270]",5,154967,139470.30000000002
654,WetDep_SO4_mgm2,"(1270, 1275]",12,154967,139470.30000000002
655,WetDep_SO4_mgm2,"(1275, 1280]",14,154967,139470.30000000002
656,WetDep_SO4_mgm2,"(1280, 1285]",10,154967,139470.30000000002
657,WetDep_SO4_mgm2,"(1285, 1290]",9,154967,139470.30000000002
658,WetDep_SO4_mgm2,"(1290, 1295]",7,154967,139470.30000000002
659,WetDep_SO4_mgm2,"(1295, 1300]",10,154967,139470.30000000002
660,WetDep_SO4_mgm2,"(1300, 1305]",9,154967,139470.30000000002
661,WetDep_SO4_mgm2,"(1305, 1310]",8,154967,139470.30000000002
662,WetDep_SO4_mgm2,"(1310, 1315]",9,154967,139470.30000000002
663,WetDep_SO4_mgm2,"(1315, 1320]",5,154967,139470.30000000002
664,WetDep_SO4_mgm2,"(1320, 1325]",5,154967,139470.30000000002
665,WetDep_SO4_mgm2,"(1325, 1330]",7,154967,139470.30000000002
666,WetDep_SO4_mgm2,"(1330, 1335]",13,154967,139470.30000000002
667,WetDep_SO4_mgm2,"(1335, 1340]",9,154967,139470.30000000002
668,WetDep_SO4_mgm2,"(1340, 1345]",13,154967,139470.30000000002
669,WetDep_SO4_mgm2,"(1345, 1350]",7,154967,139470.30000000002
670,WetDep_SO4_mgm2,"(1350, 1355]",15,154967,139470.30000000002
671,WetDep_SO4_mgm2,"(1355, 1360]",10,154967,139470.30000000002
672,WetDep_SO4_mgm2,"(1360, 1365]",6,154967,139470.30000000002
673,WetDep_SO4_mgm2,"(1365, 1370]",7,154967,139470.30000000002
674,WetDep_SO4_mgm2,"(1370, 1375]",10,154967,139470.30000000002
675,WetDep_SO4_mgm2,"(1375, 1380]",8,154967,139470.30000000002
676,WetDep_SO4_mgm2,"(1380, 1385]",12,154967,139470.30000000002
677,WetDep_SO4_mgm2,"(1385, 1390]",10,154967,139470.30000000002
678,WetDep_SO4_mgm2,"(1390, 1395]",9,154967,139470.30000000002
679,WetDep_SO4_mgm2,"(1395, 1400]",11,154967,139470.30000000002
680,WetDep_SO4_mgm2,"(1400, 1405]",11,154967,139470.30000000002
681,WetDep_SO4_mgm2,"(1405, 1410]",17,154967,139470.30000000002
682,WetDep_SO4_mgm2,"(1410, 1415]",10,154967,139470.30000000002
683,WetDep_SO4_mgm2,"(1415, 1420]",12,154967,139470.30000000002
684,WetDep_SO4_mgm2,"(1420, 1425]",6,154967,139470.30000000002
685,WetDep_SO4_mgm2,"(1425, 1430]",9,154967,139470.30000000002
686,WetDep_SO4_mgm2,"(1430, 1435]",10,154967,139470.30000000002
687,WetDep_SO4_mgm2,"(1435, 1440]",6,154967,139470.30000000002
688,WetDep_SO4_mgm2,"(1440, 1445]",10,154967,139470.30000000002
689,WetDep_SO4_mgm2,"(1445, 1450]",9,154967,139470.30000000002
690,WetDep_SO4_mgm2,"(1450, 1455]",3,154967,139470.30000000002
691,WetDep_SO4_mgm2,"(1455, 1460]",9,154967,139470.30000000002
692,WetDep_SO4_mgm2,"(1460, 1465]",16,154967,139470.30000000002
693,WetDep_SO4_mgm2,"(1465, 1470]",7,154967,139470.30000000002
694,WetDep_SO4_mgm2,"(1470, 1475]",6,154967,139470.30000000002
695,WetDep_SO4_mgm2,"(1475, 1480]",6,154967,139470.30000000002
696,WetDep_SO4_mgm2,"(1480, 1485]",6,154967,139470.30000000002
697,WetDep_SO4_mgm2,"(1485, 1490]",7,154967,139470.30000000002
698,WetDep_SO4_mgm2,"(1490, 1495]",10,154967,139470.30000000002
699,WetDep_SO4_mgm2,"(1495, 1500]",9,154967,139470.30000000002
700,WetDep_SO4_mgm2,"(1500, 1505]",6,154967,139470.30000000002
701,WetDep_SO4_mgm2,"(1505, 1510]",3,154967,139470.30000000002
702,WetDep_SO4_mgm2,"(1510, 1515]",3,154967,139470.30000000002
703,WetDep_SO4_mgm2,"(1515, 1520]",8,154967,139470.30000000002
704,WetDep_SO4_mgm2,"(1520, 1525]",10,154967,139470.30000000002
705,WetDep_SO4_mgm2,"(1525, 1530]",5,154967,139470.30000000002
706,WetDep_SO4_mgm2,"(1530, 1535]",7,154967,139470.30000000002
707,WetDep_SO4_mgm2,"(1535, 1540]",6,154967,139470.30000000002
708,WetDep_SO4_mgm2,"(1540, 1545]",4,154967,139470.30000000002
709,WetDep_SO4_mgm2,"(1545, 1550]",5,154967,139470.30000000002
710,WetDep_SO4_mgm2,"(1550, 1555]",5,154967,139470.30000000002
711,WetDep_SO4_mgm2,"(1555, 1560]",5,154967,139470.30000000002
712,WetDep_SO4_mgm2,"(1560, 1565]",8,154967,139470.30000000002
713,WetDep_SO4_mgm2,"(1565, 1570]",4,154967,139470.30000000002
714,WetDep_SO4_mgm2,"(1570, 1575]",9,154967,139470.30000000002
715,WetDep_SO4_mgm2,"(1575, 1580]",3,154967,139470.30000000002
716,WetDep_SO4_mgm2,"(1580, 1585]",6,154967,139470.30000000002
717,WetDep_SO4_mgm2,"(1585, 1590]",8,154967,139470.30000000002
718,WetDep_SO4_mgm2,"(1590, 1595]",1,154967,139470.30000000002
719,WetDep_SO4_mgm2,"(1595, 1600]",2,154967,139470.30000000002
720,WetDep_SO4_mgm2,"(1600, 1605]",2,154967,139470.30000000002
721,WetDep_SO4_mgm2,"(1605, 1610]",4,154967,139470.30000000002
722,WetDep_SO4_mgm2,"(1610, 1615]",2,154967,139470.30000000002
723,WetDep_SO4_mgm2,"(1615, 1620]",6,154967,139470.30000000002
724,WetDep_SO4_mgm2,"(1620, 1625]",3,154967,139470.30000000002
725,WetDep_SO4_mgm2,"(1625, 1630]",5,154967,139470.30000000002
726,WetDep_SO4_mgm2,"(1630, 1635]",4,154967,139470.30000000002
727,WetDep_SO4_mgm2,"(1635, 1640]",2,154967,139470.30000000002
728,WetDep_SO4_mgm2,"(1640, 1645]",7,154967,139470.30000000002
729,WetDep_SO4_mgm2,"(1645, 1650]",7,154967,139470.30000000002
730,WetDep_SO4_mgm2,"(1650, 1655]",10,154967,139470.30000000002
731,WetDep_SO4_mgm2,"(1655, 1660]",7,154967,139470.30000000002
732,WetDep_SO4_mgm2,"(1660, 1665]",5,154967,139470.30000000002
733,WetDep_SO4_mgm2,"(1665, 1670]",3,154967,139470.30000000002
734,WetDep_SO4_mgm2,"(1670, 1675]",3,154967,139470.30000000002
735,WetDep_SO4_mgm2,"(1675, 1680]",5,154967,139470.30000000002
736,WetDep_SO4_mgm2,"(1680, 1685]",4,154967,139470.30000000002
737,WetDep_SO4_mgm2,"(1685, 1690]",6,154967,139470.30000000002
738,WetDep_SO4_mgm2,"(1690, 1695]",4,154967,139470.30000000002
739,WetDep_SO4_mgm2,"(1695, 1700]",4,154967,139470.30000000002
740,WetDep_SO4_mgm2,"(1700, 1705]",6,154967,139470.30000000002
741,WetDep_SO4_mgm2,"(1705, 1710]",4,154967,139470.30000000002
742,WetDep_SO4_mgm2,"(1710, 1715]",7,154967,139470.30000000002
743,WetDep_SO4_mgm2,"(1715, 1720]",5,154967,139470.30000000002
744,WetDep_SO4_mgm2,"(1720, 1725]",6,154967,139470.30000000002
745,WetDep_SO4_mgm2,"(1725, 1730]",4,154967,139470.30000000002
746,WetDep_SO4_mgm2,"(1730, 1735]",2,154967,139470.30000000002
747,WetDep_SO4_mgm2,"(1735, 1740]",1,154967,139470.30000000002
748,WetDep_SO4_mgm2,"(1740, 1745]",7,154967,139470.30000000002
749,WetDep_SO4_mgm2,"(1745, 1750]",4,154967,139470.30000000002
750,WetDep_SO4_mgm2,"(1750, 1755]",4,154967,139470.30000000002
751,WetDep_SO4_mgm2,"(1755, 1760]",3,154967,139470.30000000002
752,WetDep_SO4_mgm2,"(1760, 1765]",6,154967,139470.30000000002
753,WetDep_SO4_mgm2,"(1765, 1770]",6,154967,139470.30000000002
754,WetDep_SO4_mgm2,"(1770, 1775]",5,154967,139470.30000000002
755,WetDep_SO4_mgm2,"(1775, 1780]",5,154967,139470.30000000002
756,WetDep_SO4_mgm2,"(1780, 1785]",3,154967,139470.30000000002
757,WetDep_SO4_mgm2,"(1785, 1790]",1,154967,139470.30000000002
758,WetDep_SO4_mgm2,"(1790, 1795]",2,154967,139470.30000000002
759,WetDep_SO4_mgm2,"(1795, 1800]",5,154967,139470.30000000002
760,WetDep_SO4_mgm2,"(1800, 1805]",8,154967,139470.30000000002
761,WetDep_SO4_mgm2,"(1805, 1810]",2,154967,139470.30000000002
762,WetDep_SO4_mgm2,"(1810, 1815]",3,154967,139470.30000000002
763,WetDep_SO4_mgm2,"(1815, 1820]",3,154967,139470.30000000002
764,WetDep_SO4_mgm2,"(1820, 1825]",6,154967,139470.30000000002
765,WetDep_SO4_mgm2,"(1825, 1830]",4,154967,139470.30000000002
766,WetDep_SO4_mgm2,"(1830, 1835]",5,154967,139470.30000000002
767,WetDep_SO4_mgm2,"(1835, 1840]",4,154967,139470.30000000002
768,WetDep_SO4_mgm2,"(1840, 1845]",0,154967,139470.30000000002
769,WetDep_SO4_mgm2,"(1845, 1850]",2,154967,139470.30000000002
770,WetDep_SO4_mgm2,"(1850, 1855]",7,154967,139470.30000000002
771,WetDep_SO4_mgm2,"(1855, 1860]",0,154967,139470.30000000002
772,WetDep_SO4_mgm2,"(1860, 1865]",3,154967,139470.30000000002
773,WetDep_SO4_mgm2,"(1865, 1870]",2,154967,139470.30000000002
774,WetDep_SO4_mgm2,"(1870, 1875]",3,154967,139470.30000000002
775,WetDep_SO4_mgm2,"(1875, 1880]",2,154967,139470.30000000002
776,WetDep_SO4_mgm2,"(1880, 1885]",3,154967,139470.30000000002
777,WetDep_SO4_mgm2,"(1885, 1890]",1,154967,139470.30000000002
778,WetDep_SO4_mgm2,"(1890, 1895]",2,154967,139470.30000000002
779,WetDep_SO4_mgm2,"(1895, 1900]",2,154967,139470.30000000002
780,WetDep_SO4_mgm2,"(1900, 1905]",0,154967,139470.30000000002
781,WetDep_SO4_mgm2,"(1905, 1910]",2,154967,139470.30000000002
782,WetDep_SO4_mgm2,"(1910, 1915]",2,154967,139470.30000000002
783,WetDep_SO4_mgm2,"(1915, 1920]",3,154967,139470.30000000002
784,WetDep_SO4_mgm2,"(1920, 1925]",2,154967,139470.30000000002
785,WetDep_SO4_mgm2,"(1925, 1930]",5,154967,139470.30000000002
786,WetDep_SO4_mgm2,"(1930, 1935]",2,154967,139470.30000000002
787,WetDep_SO4_mgm2,"(1935, 1940]",1,154967,139470.30000000002
788,WetDep_SO4_mgm2,"(1940, 1945]",0,154967,139470.30000000002
789,WetDep_SO4_mgm2,"(1945, 1950]",2,154967,139470.30000000002
790,WetDep_SO4_mgm2,"(1950, 1955]",3,154967,139470.30000000002
791,WetDep_SO4_mgm2,"(1955, 1960]",1,154967,139470.30000000002
792,WetDep_SO4_mgm2,"(1960, 1965]",4,154967,139470.30000000002
793,WetDep_SO4_mgm2,"(1965, 1970]",3,154967,139470.30000000002
794,WetDep_SO4_mgm2,"(1970, 1975]",2,154967,139470.30000000002
795,WetDep_SO4_mgm2,"(1975, 1980]",5,154967,139470.30000000002
796,WetDep_SO4_mgm2,"(1980, 1985]",3,154967,139470.30000000002
797,WetDep_SO4_mgm2,"(1985, 1990]",3,154967,139470.30000000002
798,WetDep_SO4_mgm2,"(1990, 1995]",3,154967,139470.30000000002
799,WetDep_SO4_mgm2,"(1995, 2000]",4,154967,139470.30000000002
800,WetDep_NO3_mgm2,"(0, 5]",7569,154963,139466.7
801,WetDep_NO3_mgm2,"(5, 10]",7661,154963,139466.7
802,WetDep_NO3_mgm2,"(10, 15]",7568,154963,139466.7
803,WetDep_NO3_mgm2,"(15, 20]",7806,154963,139466.7
804,WetDep_NO3_mgm2,"(20, 25]",7921,154963,139466.7
805,WetDep_NO3_mgm2,"(25, 30]",8006,154963,139466.7
806,WetDep_NO3_mgm2,"(30, 35]",7900,154963,139466.7
807,WetDep_NO3_mgm2,"(35, 40]",8207,154963,139466.7
808,WetDep_NO3_mgm2,"(40, 45]",8356,154963,139466.7
809,WetDep_NO3_mgm2,"(45, 50]",8378,154963,139466.7
810,WetDep_NO3_mgm2,"(50, 55]",8373,154963,139466.7
811,WetDep_NO3_mgm2,"(55, 60]",8228,154963,139466.7
812,WetDep_NO3_mgm2,"(60, 65]",8133,154963,139466.7
813,WetDep_NO3_mgm2,"(65, 70]",7781,154963,139466.7
814,WetDep_NO3_mgm2,"(70, 75]",7071,154963,139466.7
815,WetDep_NO3_mgm2,"(75, 80]",6572,154963,139466.7
816,WetDep_NO3_mgm2,"(80, 85]",5905,154963,139466.7
817,WetDep_NO3_mgm2,"(85, 90]",5097,154963,139466.7
818,WetDep_NO3_mgm2,"(90, 95]",3902,154963,139466.7
819,WetDep_NO3_mgm2,"(95, 100]",2069,154963,139466.7
820,WetDep_NO3_mgm2,"(100, 105]",637,154963,139466.7
821,WetDep_NO3_mgm2,"(105, 110]",643,154963,139466.7
822,WetDep_NO3_mgm2,"(110, 115]",629,154963,139466.7
823,WetDep_NO3_mgm2,"(115, 120]",560,154963,139466.7
824,WetDep_NO3_mgm2,"(120, 125]",515,154963,139466.7
825,WetDep_NO3_mgm2,"(125, 130]",492,154963,139466.7
826,WetDep_NO3_mgm2,"(130, 135]",493,154963,139466.7
827,WetDep_NO3_mgm2,"(135, 140]",464,154963,139466.7
828,WetDep_NO3_mgm2,"(140, 145]",372,154963,139466.7
829,WetDep_NO3_mgm2,"(145, 150]",372,154963,139466.7
830,WetDep_NO3_mgm2,"(150, 155]",384,154963,139466.7
831,WetDep_NO3_mgm2,"(155, 160]",311,154963,139466.7
832,WetDep_NO3_mgm2,"(160, 165]",332,154963,139466.7
833,WetDep_NO3_mgm2,"(165, 170]",289,154963,139466.7
834,WetDep_NO3_mgm2,"(170, 175]",287,154963,139466.7
835,WetDep_NO3_mgm2,"(175, 180]",254,154963,139466.7
836,WetDep_NO3_mgm2,"(180, 185]",249,154963,139466.7
837,WetDep_NO3_mgm2,"(185, 190]",217,154963,139466.7
838,WetDep_NO3_mgm2,"(190, 195]",193,154963,139466.7
839,WetDep_NO3_mgm2,"(195, 200]",193,154963,139466.7
840,WetDep_NO3_mgm2,"(200, 205]",191,154963,139466.7
841,WetDep_NO3_mgm2,"(205, 210]",171,154963,139466.7
842,WetDep_NO3_mgm2,"(210, 215]",162,154963,139466.7
843,WetDep_NO3_mgm2,"(215, 220]",172,154963,139466.7
844,WetDep_NO3_mgm2,"(220, 225]",164,154963,139466.7
845,WetDep_NO3_mgm2,"(225, 230]",149,154963,139466.7
846,WetDep_NO3_mgm2,"(230, 235]",157,154963,139466.7
847,WetDep_NO3_mgm2,"(235, 240]",127,154963,139466.7
848,WetDep_NO3_mgm2,"(240, 245]",123,154963,139466.7
849,WetDep_NO3_mgm2,"(245, 250]",118,154963,139466.7
850,WetDep_NO3_mgm2,"(250, 255]",127,154963,139466.7
851,WetDep_NO3_mgm2,"(255, 260]",104,154963,139466.7
852,WetDep_NO3_mgm2,"(260, 265]",102,154963,139466.7
853,WetDep_NO3_mgm2,"(265, 270]",99,154963,139466.7
854,WetDep_NO3_mgm2,"(270, 275]",96,154963,139466.7
855,WetDep_NO3_mgm2,"(275, 280]",84,154963,139466.7
856,WetDep_NO3_mgm2,"(280, 285]",79,154963,139466.7
857,WetDep_NO3_mgm2,"(285, 290]",80,154963,139466.7
858,WetDep_NO3_mgm2,"(290, 295]",79,154963,139466.7
859,WetDep_NO3_mgm2,"(295, 300]",73,154963,139466.7
860,WetDep_NO3_mgm2,"(300, 305]",65,154963,139466.7
861,WetDep_NO3_mgm2,"(305, 310]",66,154963,139466.7
862,WetDep_NO3_mgm2,"(310, 315]",41,154963,139466.7
863,WetDep_NO3_mgm2,"(315, 320]",56,154963,139466.7
864,WetDep_NO3_mgm2,"(320, 325]",62,154963,139466.7
865,WetDep_NO3_mgm2,"(325, 330]",56,154963,139466.7
866,WetDep_NO3_mgm2,"(330, 335]",45,154963,139466.7
867,WetDep_NO3_mgm2,"(335, 340]",49,154963,139466.7
868,WetDep_NO3_mgm2,"(340, 345]",50,154963,139466.7
869,WetDep_NO3_mgm2,"(345, 350]",49,154963,139466.7
870,WetDep_NO3_mgm2,"(350, 355]",40,154963,139466.7
871,WetDep_NO3_mgm2,"(355, 360]",39,154963,139466.7
872,WetDep_NO3_mgm2,"(360, 365]",46,154963,139466.7
873,WetDep_NO3_mgm2,"(365, 370]",39,154963,139466.7
874,WetDep_NO3_mgm2,"(370, 375]",21,154963,139466.7
875,WetDep_NO3_mgm2,"(375, 380]",48,154963,139466.7
876,WetDep_NO3_mgm2,"(380, 385]",35,154963,139466.7
877,WetDep_NO3_mgm2,"(385, 390]",31,154963,139466.7
878,WetDep_NO3_mgm2,"(390, 395]",36,154963,139466.7
879,WetDep_NO3_mgm2,"(395, 400]",35,154963,139466.7
880,WetDep_NO3_mgm2,"(400, 405]",27,154963,139466.7
881,WetDep_NO3_mgm2,"(405, 410]",25,154963,139466.7
882,WetDep_NO3_mgm2,"(410, 415]",28,154963,139466.7
883,WetDep_NO3_mgm2,"(415, 420]",38,154963,139466.7
884,WetDep_NO3_mgm2,"(420, 425]",23,154963,139466.7
885,WetDep_NO3_mgm2,"(425, 430]",27,154963,139466.7
886,WetDep_NO3_mgm2,"(430, 435]",21,154963,139466.7
887,WetDep_NO3_mgm2,"(435, 440]",18,154963,139466.7
888,WetDep_NO3_mgm2,"(440, 445]",27,154963,139466.7
889,WetDep_NO3_mgm2,"(445, 450]",20,154963,139466.7
890,WetDep_NO3_mgm2,"(450, 455]",21,154963,139466.7
891,WetDep_NO3_mgm2,"(455, 460]",22,154963,139466.7
892,WetDep_NO3_mgm2,"(460, 465]",22,154963,139466.7
893,WetDep_NO3_mgm2,"(465, 470]",17,154963,139466.7
894,WetDep_NO3_mgm2,"(470, 475]",18,154963,139466.7
895,WetDep_NO3_mgm2,"(475, 480]",13,154963,139466.7
896,WetDep_NO3_mgm2,"(480, 485]",23,154963,139466.7
897,WetDep_NO3_mgm2,"(485, 490]",15,154963,139466.7
898,WetDep_NO3_mgm2,"(490, 495]",16,154963,139466.7
899,WetDep_NO3_mgm2,"(495, 500]",19,154963,139466.7
900,WetDep_NO3_mgm2,"(500, 505]",17,154963,139466.7
901,WetDep_NO3_mgm2,"(505, 510]",11,154963,139466.7
902,WetDep_NO3_mgm2,"(510, 515]",22,154963,139466.7
903,WetDep_NO3_mgm2,"(515, 520]",15,154963,139466.7
904,WetDep_NO3_mgm2,"(520, 525]",10,154963,139466.7
905,WetDep_NO3_mgm2,"(525, 530]",13,154963,139466.7
906,WetDep_NO3_mgm2,"(530, 535]",20,154963,139466.7
907,WetDep_NO3_mgm2,"(535, 540]",11,154963,139466.7
908,WetDep_NO3_mgm2,"(540, 545]",10,154963,139466.7
909,WetDep_NO3_mgm2,"(545, 550]",8,154963,139466.7
910,WetDep_NO3_mgm2,"(550, 555]",10,154963,139466.7
911,WetDep_NO3_mgm2,"(555, 560]",16,154963,139466.7
912,WetDep_NO3_mgm2,"(560, 565]",12,154963,139466.7
913,WetDep_NO3_mgm2,"(565, 570]",14,154963,139466.7
914,WetDep_NO3_mgm2,"(570, 575]",16,154963,139466.7
915,WetDep_NO3_mgm2,"(575, 580]",8,154963,139466.7
916,WetDep_NO3_mgm2,"(580, 585]",7,154963,139466.7
917,WetDep_NO3_mgm2,"(585, 590]",12,154963,139466.7
918,WetDep_NO3_mgm2,"(590, 595]",9,154963,139466.7
919,WetDep_NO3_mgm2,"(595, 600]",12,154963,139466.7
920,WetDep_NO3_mgm2,"(600, 605]",10,154963,139466.7
921,WetDep_NO3_mgm2,"(605, 610]",7,154963,139466.7
922,WetDep_NO3_mgm2,"(610, 615]",10,154963,139466.7
923,WetDep_NO3_mgm2,"(615, 620]",15,154963,139466.7
924,WetDep_NO3_mgm2,"(620, 625]",10,154963,139466.7
925,WetDep_NO3_mgm2,"(625, 630]",10,154963,139466.7
926,WetDep_NO3_mgm2,"(630, 635]",11,154963,139466.7
927,WetDep_NO3_mgm2,"(635, 640]",9,154963,139466.7
928,WetDep_NO3_mgm2,"(640, 645]",6,154963,139466.7
929,WetDep_NO3_mgm2,"(645, 650]",10,154963,139466.7
930,WetDep_NO3_mgm2,"(650, 655]",7,154963,139466.7
931,WetDep_NO3_mgm2,"(655, 660]",8,154963,139466.7
932,WetDep_NO3_mgm2,"(660, 665]",2,154963,139466.7
933,WetDep_NO3_mgm2,"(665, 670]",5,154963,139466.7
934,WetDep_NO3_mgm2,"(670, 675]",8,154963,139466.7
935,WetDep_NO3_mgm2,"(675, 680]",8,154963,139466.7
936,WetDep_NO3_mgm2,"(680, 685]",5,154963,139466.7
937,WetDep_NO3_mgm2,"(685, 690]",2,154963,139466.7
938,WetDep_NO3_mgm2,"(690, 695]",3,154963,139466.7
939,WetDep_NO3_mgm2,"(695, 700]",6,154963,139466.7
940,WetDep_NO3_mgm2,"(700, 705]",4,154963,139466.7
941,WetDep_NO3_mgm2,"(705, 710]",3,154963,139466.7
942,WetDep_NO3_mgm2,"(710, 715]",5,154963,139466.7
943,WetDep_NO3_mgm2,"(715, 720]",6,154963,139466.7
944,WetDep_NO3_mgm2,"(720, 725]",3,154963,139466.7
945,WetDep_NO3_mgm2,"(725, 730]",7,154963,139466.7
946,WetDep_NO3_mgm2,"(730, 735]",7,154963,139466.7
947,WetDep_NO3_mgm2,"(735, 740]",7,154963,139466.7
948,WetDep_NO3_mgm2,"(740, 745]",4,154963,139466.7
949,WetDep_NO3_mgm2,"(745, 750]",3,154963,139466.7
950,WetDep_NO3_mgm2,"(750, 755]",1,154963,139466.7
951,WetDep_NO3_mgm2,"(755, 760]",4,154963,139466.7
952,WetDep_NO3_mgm2,"(760, 765]",2,154963,139466.7
953,WetDep_NO3_mgm2,"(765, 770]",7,154963,139466.7
954,WetDep_NO3_mgm2,"(770, 775]",2,154963,139466.7
955,WetDep_NO3_mgm2,"(775, 780]",5,154963,139466.7
956,WetDep_NO3_mgm2,"(780, 785]",4,154963,139466.7
957,WetDep_NO3_mgm2,"(785, 790]",3,154963,139466.7
958,WetDep_NO3_mgm2,"(790, 795]",6,154963,139466.7
959,WetDep_NO3_mgm2,"(795, 800]",6,154963,139466.7
960,WetDep_NO3_mgm2,"(800, 805]",3,154963,139466.7
961,WetDep_NO3_mgm2,"(805, 810]",1,154963,139466.7
962,WetDep_NO3_mgm2,"(810, 815]",4,154963,139466.7
963,WetDep_NO3_mgm2,"(815, 820]",4,154963,139466.7
964,WetDep_NO3_mgm2,"(820, 825]",0,154963,139466.7
965,WetDep_NO3_mgm2,"(825, 830]",4,154963,139466.7
966,WetDep_NO3_mgm2,"(830, 835]",4,154963,139466.7
967,WetDep_NO3_mgm2,"(835, 840]",3,154963,139466.7
968,WetDep_NO3_mgm2,"(840, 845]",2,154963,139466.7
969,WetDep_NO3_mgm2,"(845, 850]",2,154963,139466.7
970,WetDep_NO3_mgm2,"(850, 855]",1,154963,139466.7
971,WetDep_NO3_mgm2,"(855, 860]",3,154963,139466.7
972,WetDep_NO3_mgm2,"(860, 865]",3,154963,139466.7
973,WetDep_NO3_mgm2,"(865, 870]",1,154963,139466.7
974,WetDep_NO3_mgm2,"(870, 875]",3,154963,139466.7
975,WetDep_NO3_mgm2,"(875, 880]",0,154963,139466.7
976,WetDep_NO3_mgm2,"(880, 885]",2,154963,139466.7
977,WetDep_NO3_mgm2,"(885, 890]",3,154963,139466.7
978,WetDep_NO3_mgm2,"(890, 895]",1,154963,139466.7
979,WetDep_NO3_mgm2,"(895, 900]",1,154963,139466.7
980,WetDep_NO3_mgm2,"(900, 905]",2,154963,139466.7
981,WetDep_NO3_mgm2,"(905, 910]",3,154963,139466.7
982,WetDep_NO3_mgm2,"(910, 915]",5,154963,139466.7
983,WetDep_NO3_mgm2,"(915, 920]",0,154963,139466.7
984,WetDep_NO3_mgm2,"(920, 925]",2,154963,139466.7
985,WetDep_NO3_mgm2,"(925, 930]",2,154963,139466.7
986,WetDep_NO3_mgm2,"(930, 935]",1,154963,139466.7
987,WetDep_NO3_mgm2,"(935, 940]",2,154963,139466.7
988,WetDep_NO3_mgm2,"(940, 945]",1,154963,139466.7
989,WetDep_NO3_mgm2,"(945, 950]",1,154963,139466.7
990,WetDep_NO3_mgm2,"(950, 955]",2,154963,139466.7
991,WetDep_NO3_mgm2,"(955, 960]",4,154963,139466.7
992,WetDep_NO3_mgm2,"(960, 965]",2,154963,139466.7
993,WetDep_NO3_mgm2,"(965, 970]",3,154963,139466.7
994,WetDep_NO3_mgm2,"(970, 975]",1,154963,139466.7
995,WetDep_NO3_mgm2,"(975, 980]",1,154963,139466.7
996,WetDep_NO3_mgm2,"(980, 985]",3,154963,139466.7
997,WetDep_NO3_mgm2,"(985, 990]",2,154963,139466.7
998,WetDep_NO3_mgm2,"(990, 995]",0,154963,139466.7
999,WetDep_NO3_mgm2,"(995, 1000]",1,154963,139466.7
1000,WetDep_NO3_mgm2,"(1000, 1005]",3,154963,139466.7
1001,WetDep_NO3_mgm2,"(1005, 1010]",1,154963,139466.7
1002,WetDep_NO3_mgm2,"(1010, 1015]",1,154963,139466.7
1003,WetDep_NO3_mgm2,"(1015, 1020]",2,154963,139466.7
1004,WetDep_NO3_mgm2,"(1020, 1025]",3,154963,139466.7
1005,WetDep_NO3_mgm2,"(1025, 1030]",1,154963,139466.7
1006,WetDep_NO3_mgm2,"(1030, 1035]",2,154963,139466.7
1007,WetDep_NO3_mgm2,"(1035, 1040]",1,154963,139466.7
1008,WetDep_NO3_mgm2,"(1040, 1045]",0,154963,139466.7
1009,WetDep_NO3_mgm2,"(1045, 1050]",1,154963,139466.7
1010,WetDep_NO3_mgm2,"(1050, 1055]",2,154963,139466.7
1011,WetDep_NO3_mgm2,"(1055, 1060]",3,154963,139466.7
1012,WetDep_NO3_mgm2,"(1060, 1065]",0,154963,139466.7
1013,WetDep_NO3_mgm2,"(1065, 1070]",0,154963,139466.7
1014,WetDep_NO3_mgm2,"(1070, 1075]",1,154963,139466.7
1015,WetDep_NO3_mgm2,"(1075, 1080]",0,154963,139466.7
1016,WetDep_NO3_mgm2,"(1080, 1085]",0,154963,139466.7
1017,WetDep_NO3_mgm2,"(1085, 1090]",1,154963,139466.7
1018,WetDep_NO3_mgm2,"(1090, 1095]",2,154963,139466.7
1019,WetDep_NO3_mgm2,"(1095, 1100]",0,154963,139466.7
1020,WetDep_NO3_mgm2,"(1100, 1105]",3,154963,139466.7
1021,WetDep_NO3_mgm2,"(1105, 1110]",0,154963,139466.7
1022,WetDep_NO3_mgm2,"(1110, 1115]",2,154963,139466.7
1023,WetDep_NO3_mgm2,"(1115, 1120]",0,154963,139466.7
1024,WetDep_NO3_mgm2,"(1120, 1125]",0,154963,139466.7
1025,WetDep_NO3_mgm2,"(1125, 1130]",1,154963,139466.7
1026,WetDep_NO3_mgm2,"(1130, 1135]",2,154963,139466.7
1027,WetDep_NO3_mgm2,"(1135, 1140]",0,154963,139466.7
1028,WetDep_NO3_mgm2,"(1140, 1145]",2,154963,139466.7
1029,WetDep_NO3_mgm2,"(1145, 1150]",2,154963,139466.7
1030,WetDep_NO3_mgm2,"(1150, 1155]",2,154963,139466.7
1031,WetDep_NO3_mgm2,"(1155, 1160]",1,154963,139466.7
1032,WetDep_NO3_mgm2,"(1160, 1165]",0,154963,139466.7
1033,WetDep_NO3_mgm2,"(1165, 1170]",3,154963,139466.7
1034,WetDep_NO3_mgm2,"(1170, 1175]",3,154963,139466.7
1035,WetDep_NO3_mgm2,"(1175, 1180]",0,154963,139466.7
1036,WetDep_NO3_mgm2,"(1180, 1185]",2,154963,139466.7
1037,WetDep_NO3_mgm2,"(1185, 1190]",0,154963,139466.7
1038,WetDep_NO3_mgm2,"(1190, 1195]",0,154963,139466.7
1039,WetDep_NO3_mgm2,"(1195, 1200]",2,154963,139466.7
1040,WetDep_NO3_mgm2,"(1200, 1205]",1,154963,139466.7
1041,WetDep_NO3_mgm2,"(1205, 1210]",1,154963,139466.7
1042,WetDep_NO3_mgm2,"(1210, 1215]",0,154963,139466.7
1043,WetDep_NO3_mgm2,"(1215, 1220]",1,154963,139466.7
1044,WetDep_NO3_mgm2,"(1220, 1225]",2,154963,139466.7
1045,WetDep_NO3_mgm2,"(1225, 1230]",0,154963,139466.7
1046,WetDep_NO3_mgm2,"(1230, 1235]",1,154963,139466.7
1047,WetDep_NO3_mgm2,"(1235, 1240]",0,154963,139466.7
1048,WetDep_NO3_mgm2,"(1240, 1245]",0,154963,139466.7
1049,WetDep_NO3_mgm2,"(1245, 1250]",1,154963,139466.7
1050,WetDep_NO3_mgm2,"(1250, 1255]",2,154963,139466.7
1051,WetDep_NO3_mgm2,"(1255, 1260]",1,154963,139466.7
1052,WetDep_NO3_mgm2,"(1260, 1265]",2,154963,139466.7
1053,WetDep_NO3_mgm2,"(1265, 1270]",0,154963,139466.7
1054,WetDep_NO3_mgm2,"(1270, 1275]",1,154963,139466.7
1055,WetDep_NO3_mgm2,"(1275, 1280]",1,154963,139466.7
1056,WetDep_NO3_mgm2,"(1280, 1285]",0,154963,139466.7
1057,WetDep_NO3_mgm2,"(1285, 1290]",4,154963,139466.7
1058,WetDep_NO3_mgm2,"(1290, 1295]",0,154963,139466.7
1059,WetDep_NO3_mgm2,"(1295, 1300]",2,154963,139466.7
1060,WetDep_NO3_mgm2,"(1300, 1305]",1,154963,139466.7
1061,WetDep_NO3_mgm2,"(1305, 1310]",0,154963,139466.7
1062,WetDep_NO3_mgm2,"(1310, 1315]",2,154963,139466.7
1063,WetDep_NO3_mgm2,"(1315, 1320]",2,154963,139466.7
1064,WetDep_NO3_mgm2,"(1320, 1325]",1,154963,139466.7
1065,WetDep_NO3_mgm2,"(1325, 1330]",0,154963,139466.7
1066,WetDep_NO3_mgm2,"(1330, 1335]",0,154963,139466.7
1067,WetDep_NO3_mgm2,"(1335, 1340]",2,154963,139466.7
1068,WetDep_NO3_mgm2,"(1340, 1345]",0,154963,139466.7
1069,WetDep_NO3_mgm2,"(1345, 1350]",1,154963,139466.7
1070,WetDep_NO3_mgm2,"(1350, 1355]",4,154963,139466.7
1071,WetDep_NO3_mgm2,"(1355, 1360]",0,154963,139466.7
1072,WetDep_NO3_mgm2,"(1360, 1365]",0,154963,139466.7
1073,WetDep_NO3_mgm2,"(1365, 1370]",2,154963,139466.7
1074,WetDep_NO3_mgm2,"(1370, 1375]",0,154963,139466.7
1075,WetDep_NO3_mgm2,"(1375, 1380]",3,154963,139466.7
1076,WetDep_NO3_mgm2,"(1380, 1385]",2,154963,139466.7
1077,WetDep_NO3_mgm2,"(1385, 1390]",1,154963,139466.7
1078,WetDep_NO3_mgm2,"(1390, 1395]",1,154963,139466.7
1079,WetDep_NO3_mgm2,"(1395, 1400]",1,154963,139466.7
1080,WetDep_NO3_mgm2,"(1400, 1405]",0,154963,139466.7
1081,WetDep_NO3_mgm2,"(1405, 1410]",2,154963,139466.7
1082,WetDep_NO3_mgm2,"(1410, 1415]",0,154963,139466.7
1083,WetDep_NO3_mgm2,"(1415, 1420]",1,154963,139466.7
1084,WetDep_NO3_mgm2,"(1420, 1425]",3,154963,139466.7
1085,WetDep_NO3_mgm2,"(1425, 1430]",0,154963,139466.7
1086,WetDep_NO3_mgm2,"(1430, 1435]",1,154963,139466.7
1087,WetDep_NO3_mgm2,"(1435, 1440]",0,154963,139466.7
1088,WetDep_NO3_mgm2,"(1440, 1445]",2,154963,139466.7
1089,WetDep_NO3_mgm2,"(1445, 1450]",1,154963,139466.7
1090,WetDep_NO3_mgm2,"(1450, 1455]",0,154963,139466.7
1091,WetDep_NO3_mgm2,"(1455, 1460]",0,154963,139466.7
1092,WetDep_NO3_mgm2,"(1460, 1465]",0,154963,139466.7
1093,WetDep_NO3_mgm2,"(1465, 1470]",1,154963,139466.7
1094,WetDep_NO3_mgm2,"(1470, 1475]",2,154963,139466.7
1095,WetDep_NO3_mgm2,"(1475, 1480]",1,154963,139466.7
1096,WetDep_NO3_mgm2,"(1480, 1485]",0,154963,139466.7
1097,WetDep_NO3_mgm2,"(1485, 1490]",1,154963,139466.7
1098,WetDep_NO3_mgm2,"(1490, 1495]",0,154963,139466.7
1099,WetDep_NO3_mgm2,"(1495, 1500]",2,154963,139466.7
1100,WetDep_NO3_mgm2,"(1500, 1505]",0,154963,139466.7
1101,WetDep_NO3_mgm2,"(1505, 1510]",0,154963,139466.7
1102,WetDep_NO3_mgm2,"(1510, 1515]",1,154963,139466.7
1103,WetDep_NO3_mgm2,"(1515, 1520]",0,154963,139466.7
1104,WetDep_NO3_mgm2,"(1520, 1525]",1,154963,139466.7
1105,WetDep_NO3_mgm2,"(1525, 1530]",0,154963,139466.7
1106,WetDep_NO3_mgm2,"(1530, 1535]",0,154963,139466.7
1107,WetDep_NO3_mgm2,"(1535, 1540]",0,154963,139466.7
1108,WetDep_NO3_mgm2,"(1540, 1545]",0,154963,139466.7
1109,WetDep_NO3_mgm2,"(1545, 1550]",1,154963,139466.7
1110,WetDep_NO3_mgm2,"(1550, 1555]",1,154963,139466.7
1111,WetDep_NO3_mgm2,"(1555, 1560]",0,154963,139466.7
1112,WetDep_NO3_mgm2,"(1560, 1565]",0,154963,139466.7
1113,WetDep_NO3_mgm2,"(1565, 1570]",2,154963,139466.7
1114,WetDep_NO3_mgm2,"(1570, 1575]",0,154963,139466.7
1115,WetDep_NO3_mgm2,"(1575, 1580]",1,154963,139466.7
1116,WetDep_NO3_mgm2,"(1580, 1585]",0,154963,139466.7
1117,WetDep_NO3_mgm2,"(1585, 1590]",0,154963,139466.7
1118,WetDep_NO3_mgm2,"(1590, 1595]",0,154963,139466.7
1119,WetDep_NO3_mgm2,"(1595, 1600]",0,154963,139466.7
1120,WetDep_NO3_mgm2,"(1600, 1605]",0,154963,139466.7
1121,WetDep_NO3_mgm2,"(1605, 1610]",2,154963,139466.7
1122,WetDep_NO3_mgm2,"(1610, 1615]",0,154963,139466.7
1123,WetDep_NO3_mgm2,"(1615, 1620]",0,154963,139466.7
1124,WetDep_NO3_mgm2,"(1620, 1625]",0,154963,139466.7
1125,WetDep_NO3_mgm2,"(1625, 1630]",0,154963,139466.7
1126,WetDep_NO3_mgm2,"(1630, 1635]",0,154963,139466.7
1127,WetDep_NO3_mgm2,"(1635, 1640]",1,154963,139466.7
1128,WetDep_NO3_mgm2,"(1640, 1645]",1,154963,139466.7
1129,WetDep_NO3_mgm2,"(1645, 1650]",1,154963,139466.7
1130,WetDep_NO3_mgm2,"(1650, 1655]",0,154963,139466.7
1131,WetDep_NO3_mgm2,"(1655, 1660]",0,154963,139466.7
1132,WetDep_NO3_mgm2,"(1660, 1665]",0,154963,139466.7
1133,WetDep_NO3_mgm2,"(1665, 1670]",0,154963,139466.7
1134,WetDep_NO3_mgm2,"(1670, 1675]",0,154963,139466.7
1135,WetDep_NO3_mgm2,"(1675, 1680]",1,154963,139466.7
1136,WetDep_NO3_mgm2,"(1680, 1685]",0,154963,139466.7
1137,WetDep_NO3_mgm2,"(1685, 1690]",0,154963,139466.7
1138,WetDep_NO3_mgm2,"(1690, 1695]",0,154963,139466.7
1139,WetDep_NO3_mgm2,"(1695, 1700]",0,154963,139466.7
1140,WetDep_NO3_mgm2,"(1700, 1705]",0,154963,139466.7
1141,WetDep_NO3_mgm2,"(1705, 1710]",0,154963,139466.7
1142,WetDep_NO3_mgm2,"(1710, 1715]",0,154963,139466.7
1143,WetDep_NO3_mgm2,"(1715, 1720]",0,154963,139466.7
1144,WetDep_NO3_mgm2,"(1720, 1725]",0,154963,139466.7
1145,WetDep_NO3_mgm2,"(1725, 1730]",0,154963,139466.7
1146,WetDep_NO3_mgm2,"(1730, 1735]",0,154963,139466.7
1147,WetDep_NO3_mgm2,"(1735, 1740]",0,154963,139466.7
1148,WetDep_NO3_mgm2,"(1740, 1745]",0,154963,139466.7
1149,WetDep_NO3_mgm2,"(1745, 1750]",0,154963,139466.7
1150,WetDep_NO3_mgm2,"(1750, 1755]",0,154963,139466.7
1151,WetDep_NO3_mgm2,"(1755, 1760]",0,154963,139466.7
1152,WetDep_NO3_mgm2,"(1760, 1765]",0,154963,139466.7
1153,WetDep_NO3_mgm2,"(1765, 1770]",0,154963,139466.7
1154,WetDep_NO3_mgm2,"(1770, 1775]",0,154963,139466.7
1155,WetDep_NO3_mgm2,"(1775, 1780]",0,154963,139466.7
1156,WetDep_NO3_mgm2,"(1780, 1785]",0,154963,139466.7
1157,WetDep_NO3_mgm2,"(1785, 1790]",1,154963,139466.7
1158,WetDep_NO3_mgm2,"(1790, 1795]",0,154963,139466.7
1159,WetDep_NO3_mgm2,"(1795, 1800]",1,154963,139466.7
1160,WetDep_NO3_mgm2,"(1800, 1805]",0,154963,139466.7
1161,WetDep_NO3_mgm2,"(1805, 1810]",2,154963,139466.7
1162,WetDep_NO3_mgm2,"(1810, 1815]",2,154963,139466.7
1163,WetDep_NO3_mgm2,"(1815, 1820]",0,154963,139466.7
1164,WetDep_NO3_mgm2,"(1820, 1825]",0,154963,139466.7
1165,WetDep_NO3_mgm2,"(1825, 1830]",0,154963,139466.7
1166,WetDep_NO3_mgm2,"(1830, 1835]",0,154963,139466.7
1167,WetDep_NO3_mgm2,"(1835, 1840]",0,154963,139466.7
1168,WetDep_NO3_mgm2,"(1840, 1845]",0,154963,139466.7
1169,WetDep_NO3_mgm2,"(1845, 1850]",0,154963,139466.7
1170,WetDep_NO3_mgm2,"(1850, 1855]",0,154963,139466.7
1171,WetDep_NO3_mgm2,"(1855, 1860]",0,154963,139466.7
1172,WetDep_NO3_mgm2,"(1860, 1865]",1,154963,139466.7
1173,WetDep_NO3_mgm2,"(1865, 1870]",0,154963,139466.7
1174,WetDep_NO3_mgm2,"(1870, 1875]",1,154963,139466.7
1175,WetDep_NO3_mgm2,"(1875, 1880]",1,154963,139466.7
1176,WetDep_NO3_mgm2,"(1880, 1885]",0,154963,139466.7
1177,WetDep_NO3_mgm2,"(1885, 1890]",0,154963,139466.7
1178,WetDep_NO3_mgm2,"(1890, 1895]",0,154963,139466.7
1179,WetDep_NO3_mgm2,"(1895, 1900]",0,154963,139466.7
1180,WetDep_NO3_mgm2,"(1900, 1905]",0,154963,139466.7
1181,WetDep_NO3_mgm2,"(1905, 1910]",0,154963,139466.7
1182,WetDep_NO3_mgm2,"(1910, 1915]",0,154963,139466.7
1183,WetDep_NO3_mgm2,"(1915, 1920]",0,154963,139466.7
1184,WetDep_NO3_mgm2,"(1920, 1925]",0,154963,139466.7
1185,WetDep_NO3_mgm2,"(1925, 1930]",0,154963,139466.7
1186,WetDep_NO3_mgm2,"(1930, 1935]",0,154963,139466.7
1187,WetDep_NO3_mgm2,"(1935, 1940]",0,154963,139466.7
1188,WetDep_NO3_mgm2,"(1940, 1945]",0,154963,139466.7
1189,WetDep_NO3_mgm2,"(1945, 1950]",0,154963,139466.7
1190,WetDep_NO3_mgm2,"(1950, 1955]",0,154963,139466.7
1191,WetDep_NO3_mgm2,"(1955, 1960]",0,154963,139466.7
1192,WetDep_NO3_mgm2,"(1960, 1965]",1,154963,139466.7
1193,WetDep_NO3_mgm2,"(1965, 1970]",0,154963,139466.7
1194,WetDep_NO3_mgm2,"(1970, 1975]",0,154963,139466.7
1195,WetDep_NO3_mgm2,"(1975, 1980]",0,154963,139466.7
1196,WetDep_NO3_mgm2,"(1980, 1985]",1,154963,139466.7
1197,WetDep_NO3_mgm2,"(1985, 1990]",0,154963,139466.7
1198,WetDep_NO3_mgm2,"(1990, 1995]",0,154963,139466.7
1199,WetDep_NO3_mgm2,"(1995, 2000]",0,154963,139466.7
1200,WetDep_NH4_mgm2,"(0, 5]",5949,155016,139514.4
1201,WetDep_NH4_mgm2,"(5, 10]",5915,155016,139514.4
1202,WetDep_NH4_mgm2,"(10, 15]",5955,155016,139514.4
1203,WetDep_NH4_mgm2,"(15, 20]",5995,155016,139514.4
1204,WetDep_NH4_mgm2,"(20, 25]",5983,155016,139514.4
1205,WetDep_NH4_mgm2,"(25, 30]",5979,155016,139514.4
1206,WetDep_NH4_mgm2,"(30, 35]",5822,155016,139514.4
1207,WetDep_NH4_mgm2,"(35, 40]",5753,155016,139514.4
1208,WetDep_NH4_mgm2,"(40, 45]",5823,155016,139514.4
1209,WetDep_NH4_mgm2,"(45, 50]",5694,155016,139514.4
1210,WetDep_NH4_mgm2,"(50, 55]",5597,155016,139514.4
1211,WetDep_NH4_mgm2,"(55, 60]",5567,155016,139514.4
1212,WetDep_NH4_mgm2,"(60, 65]",5369,155016,139514.4
1213,WetDep_NH4_mgm2,"(65, 70]",5154,155016,139514.4
1214,WetDep_NH4_mgm2,"(70, 75]",5192,155016,139514.4
1215,WetDep_NH4_mgm2,"(75, 80]",4761,155016,139514.4
1216,WetDep_NH4_mgm2,"(80, 85]",4455,155016,139514.4
1217,WetDep_NH4_mgm2,"(85, 90]",4203,155016,139514.4
1218,WetDep_NH4_mgm2,"(90, 95]",3804,155016,139514.4
1219,WetDep_NH4_mgm2,"(95, 100]",2954,155016,139514.4
1220,WetDep_NH4_mgm2,"(100, 105]",1590,155016,139514.4
1221,WetDep_NH4_mgm2,"(105, 110]",1463,155016,139514.4
1222,WetDep_NH4_mgm2,"(110, 115]",1452,155016,139514.4
1223,WetDep_NH4_mgm2,"(115, 120]",1322,155016,139514.4
1224,WetDep_NH4_mgm2,"(120, 125]",1308,155016,139514.4
1225,WetDep_NH4_mgm2,"(125, 130]",1245,155016,139514.4
1226,WetDep_NH4_mgm2,"(130, 135]",1210,155016,139514.4
1227,WetDep_NH4_mgm2,"(135, 140]",1135,155016,139514.4
1228,WetDep_NH4_mgm2,"(140, 145]",1143,155016,139514.4
1229,WetDep_NH4_mgm2,"(145, 150]",1102,155016,139514.4
1230,WetDep_NH4_mgm2,"(150, 155]",1075,155016,139514.4
1231,WetDep_NH4_mgm2,"(155, 160]",1037,155016,139514.4
1232,WetDep_NH4_mgm2,"(160, 165]",940,155016,139514.4
1233,WetDep_NH4_mgm2,"(165, 170]",937,155016,139514.4
1234,WetDep_NH4_mgm2,"(170, 175]",857,155016,139514.4
1235,WetDep_NH4_mgm2,"(175, 180]",840,155016,139514.4
1236,WetDep_NH4_mgm2,"(180, 185]",844,155016,139514.4
1237,WetDep_NH4_mgm2,"(185, 190]",808,155016,139514.4
1238,WetDep_NH4_mgm2,"(190, 195]",768,155016,139514.4
1239,WetDep_NH4_mgm2,"(195, 200]",748,155016,139514.4
1240,WetDep_NH4_mgm2,"(200, 205]",760,155016,139514.4
1241,WetDep_NH4_mgm2,"(205, 210]",702,155016,139514.4
1242,WetDep_NH4_mgm2,"(210, 215]",715,155016,139514.4
1243,WetDep_NH4_mgm2,"(215, 220]",678,155016,139514.4
1244,WetDep_NH4_mgm2,"(220, 225]",641,155016,139514.4
1245,WetDep_NH4_mgm2,"(225, 230]",633,155016,139514.4
1246,WetDep_NH4_mgm2,"(230, 235]",616,155016,139514.4
1247,WetDep_NH4_mgm2,"(235, 240]",580,155016,139514.4
1248,WetDep_NH4_mgm2,"(240, 245]",542,155016,139514.4
1249,WetDep_NH4_mgm2,"(245, 250]",550,155016,139514.4
1250,WetDep_NH4_mgm2,"(250, 255]",547,155016,139514.4
1251,WetDep_NH4_mgm2,"(255, 260]",477,155016,139514.4
1252,WetDep_NH4_mgm2,"(260, 265]",475,155016,139514.4
1253,WetDep_NH4_mgm2,"(265, 270]",456,155016,139514.4
1254,WetDep_NH4_mgm2,"(270, 275]",475,155016,139514.4
1255,WetDep_NH4_mgm2,"(275, 280]",458,155016,139514.4
1256,WetDep_NH4_mgm2,"(280, 285]",434,155016,139514.4
1257,WetDep_NH4_mgm2,"(285, 290]",427,155016,139514.4
1258,WetDep_NH4_mgm2,"(290, 295]",429,155016,139514.4
1259,WetDep_NH4_mgm2,"(295, 300]",421,155016,139514.4
1260,WetDep_NH4_mgm2,"(300, 305]",402,155016,139514.4
1261,WetDep_NH4_mgm2,"(305, 310]",355,155016,139514.4
1262,WetDep_NH4_mgm2,"(310, 315]",337,155016,139514.4
1263,WetDep_NH4_mgm2,"(315, 320]",341,155016,139514.4
1264,WetDep_NH4_mgm2,"(320, 325]",312,155016,139514.4
1265,WetDep_NH4_mgm2,"(325, 330]",305,155016,139514.4
1266,WetDep_NH4_mgm2,"(330, 335]",284,155016,139514.4
1267,WetDep_NH4_mgm2,"(335, 340]",316,155016,139514.4
1268,WetDep_NH4_mgm2,"(340, 345]",267,155016,139514.4
1269,WetDep_NH4_mgm2,"(345, 350]",278,155016,139514.4
1270,WetDep_NH4_mgm2,"(350, 355]",261,155016,139514.4
1271,WetDep_NH4_mgm2,"(355, 360]",256,155016,139514.4
1272,WetDep_NH4_mgm2,"(360, 365]",248,155016,139514.4
1273,WetDep_NH4_mgm2,"(365, 370]",272,155016,139514.4
1274,WetDep_NH4_mgm2,"(370, 375]",256,155016,139514.4
1275,WetDep_NH4_mgm2,"(375, 380]",233,155016,139514.4
1276,WetDep_NH4_mgm2,"(380, 385]",206,155016,139514.4
1277,WetDep_NH4_mgm2,"(385, 390]",252,155016,139514.4
1278,WetDep_NH4_mgm2,"(390, 395]",211,155016,139514.4
1279,WetDep_NH4_mgm2,"(395, 400]",204,155016,139514.4
1280,WetDep_NH4_mgm2,"(400, 405]",234,155016,139514.4
1281,WetDep_NH4_mgm2,"(405, 410]",202,155016,139514.4
1282,WetDep_NH4_mgm2,"(410, 415]",176,155016,139514.4
1283,WetDep_NH4_mgm2,"(415, 420]",189,155016,139514.4
1284,WetDep_NH4_mgm2,"(420, 425]",167,155016,139514.4
1285,WetDep_NH4_mgm2,"(425, 430]",186,155016,139514.4
1286,WetDep_NH4_mgm2,"(430, 435]",201,155016,139514.4
1287,WetDep_NH4_mgm2,"(435, 440]",134,155016,139514.4
1288,WetDep_NH4_mgm2,"(440, 445]",175,155016,139514.4
1289,WetDep_NH4_mgm2,"(445, 450]",173,155016,139514.4
1290,WetDep_NH4_mgm2,"(450, 455]",164,155016,139514.4
1291,WetDep_NH4_mgm2,"(455, 460]",141,155016,139514.4
1292,WetDep_NH4_mgm2,"(460, 465]",135,155016,139514.4
1293,WetDep_NH4_mgm2,"(465, 470]",125,155016,139514.4
1294,WetDep_NH4_mgm2,"(470, 475]",150,155016,139514.4
1295,WetDep_NH4_mgm2,"(475, 480]",146,155016,139514.4
1296,WetDep_NH4_mgm2,"(480, 485]",148,155016,139514.4
1297,WetDep_NH4_mgm2,"(485, 490]",156,155016,139514.4
1298,WetDep_NH4_mgm2,"(490, 495]",105,155016,139514.4
1299,WetDep_NH4_mgm2,"(495, 500]",117,155016,139514.4
1300,WetDep_NH4_mgm2,"(500, 505]",136,155016,139514.4
1301,WetDep_NH4_mgm2,"(505, 510]",126,155016,139514.4
1302,WetDep_NH4_mgm2,"(510, 515]",119,155016,139514.4
1303,WetDep_NH4_mgm2,"(515, 520]",124,155016,139514.4
1304,WetDep_NH4_mgm2,"(520, 525]",126,155016,139514.4
1305,WetDep_NH4_mgm2,"(525, 530]",107,155016,139514.4
1306,WetDep_NH4_mgm2,"(530, 535]",118,155016,139514.4
1307,WetDep_NH4_mgm2,"(535, 540]",121,155016,139514.4
1308,WetDep_NH4_mgm2,"(540, 545]",110,155016,139514.4
1309,WetDep_NH4_mgm2,"(545, 550]",98,155016,139514.4
1310,WetDep_NH4_mgm2,"(550, 555]",106,155016,139514.4
1311,WetDep_NH4_mgm2,"(555, 560]",115,155016,139514.4
1312,WetDep_NH4_mgm2,"(560, 565]",96,155016,139514.4
1313,WetDep_NH4_mgm2,"(565, 570]",101,155016,139514.4
1314,WetDep_NH4_mgm2,"(570, 575]",81,155016,139514.4
1315,WetDep_NH4_mgm2,"(575, 580]",101,155016,139514.4
1316,WetDep_NH4_mgm2,"(580, 585]",79,155016,139514.4
1317,WetDep_NH4_mgm2,"(585, 590]",93,155016,139514.4
1318,WetDep_NH4_mgm2,"(590, 595]",87,155016,139514.4
1319,WetDep_NH4_mgm2,"(595, 600]",83,155016,139514.4
1320,WetDep_NH4_mgm2,"(600, 605]",72,155016,139514.4
1321,WetDep_NH4_mgm2,"(605, 610]",68,155016,139514.4
1322,WetDep_NH4_mgm2,"(610, 615]",68,155016,139514.4
1323,WetDep_NH4_mgm2,"(615, 620]",75,155016,139514.4
1324,WetDep_NH4_mgm2,"(620, 625]",65,155016,139514.4
1325,WetDep_NH4_mgm2,"(625, 630]",65,155016,139514.4
1326,WetDep_NH4_mgm2,"(630, 635]",64,155016,139514.4
1327,WetDep_NH4_mgm2,"(635, 640]",61,155016,139514.4
1328,WetDep_NH4_mgm2,"(640, 645]",66,155016,139514.4
1329,WetDep_NH4_mgm2,"(645, 650]",53,155016,139514.4
1330,WetDep_NH4_mgm2,"(650, 655]",74,155016,139514.4
1331,WetDep_NH4_mgm2,"(655, 660]",60,155016,139514.4
1332,WetDep_NH4_mgm2,"(660, 665]",52,155016,139514.4
1333,WetDep_NH4_mgm2,"(665, 670]",72,155016,139514.4
1334,WetDep_NH4_mgm2,"(670, 675]",58,155016,139514.4
1335,WetDep_NH4_mgm2,"(675, 680]",44,155016,139514.4
1336,WetDep_NH4_mgm2,"(680, 685]",44,155016,139514.4
1337,WetDep_NH4_mgm2,"(685, 690]",61,155016,139514.4
1338,WetDep_NH4_mgm2,"(690, 695]",56,155016,139514.4
1339,WetDep_NH4_mgm2,"(695, 700]",59,155016,139514.4
1340,WetDep_NH4_mgm2,"(700, 705]",55,155016,139514.4
1341,WetDep_NH4_mgm2,"(705, 710]",56,155016,139514.4
1342,WetDep_NH4_mgm2,"(710, 715]",55,155016,139514.4
1343,WetDep_NH4_mgm2,"(715, 720]",47,155016,139514.4
1344,WetDep_NH4_mgm2,"(720, 725]",48,155016,139514.4
1345,WetDep_NH4_mgm2,"(725, 730]",47,155016,139514.4
1346,WetDep_NH4_mgm2,"(730, 735]",51,155016,139514.4
1347,WetDep_NH4_mgm2,"(735, 740]",51,155016,139514.4
1348,WetDep_NH4_mgm2,"(740, 745]",50,155016,139514.4
1349,WetDep_NH4_mgm2,"(745, 750]",38,155016,139514.4
1350,WetDep_NH4_mgm2,"(750, 755]",42,155016,139514.4
1351,WetDep_NH4_mgm2,"(755, 760]",37,155016,139514.4
1352,WetDep_NH4_mgm2,"(760, 765]",44,155016,139514.4
1353,WetDep_NH4_mgm2,"(765, 770]",33,155016,139514.4
1354,WetDep_NH4_mgm2,"(770, 775]",34,155016,139514.4
1355,WetDep_NH4_mgm2,"(775, 780]",37,155016,139514.4
1356,WetDep_NH4_mgm2,"(780, 785]",49,155016,139514.4
1357,WetDep_NH4_mgm2,"(785, 790]",44,155016,139514.4
1358,WetDep_NH4_mgm2,"(790, 795]",43,155016,139514.4
1359,WetDep_NH4_mgm2,"(795, 800]",30,155016,139514.4
1360,WetDep_NH4_mgm2,"(800, 805]",40,155016,139514.4
1361,WetDep_NH4_mgm2,"(805, 810]",40,155016,139514.4
1362,WetDep_NH4_mgm2,"(810, 815]",25,155016,139514.4
1363,WetDep_NH4_mgm2,"(815, 820]",39,155016,139514.4
1364,WetDep_NH4_mgm2,"(820, 825]",41,155016,139514.4
1365,WetDep_NH4_mgm2,"(825, 830]",41,155016,139514.4
1366,WetDep_NH4_mgm2,"(830, 835]",33,155016,139514.4
1367,WetDep_NH4_mgm2,"(835, 840]",29,155016,139514.4
1368,WetDep_NH4_mgm2,"(840, 845]",35,155016,139514.4
1369,WetDep_NH4_mgm2,"(845, 850]",33,155016,139514.4
1370,WetDep_NH4_mgm2,"(850, 855]",24,155016,139514.4
1371,WetDep_NH4_mgm2,"(855, 860]",37,155016,139514.4
1372,WetDep_NH4_mgm2,"(860, 865]",29,155016,139514.4
1373,WetDep_NH4_mgm2,"(865, 870]",36,155016,139514.4
1374,WetDep_NH4_mgm2,"(870, 875]",33,155016,139514.4
1375,WetDep_NH4_mgm2,"(875, 880]",38,155016,139514.4
1376,WetDep_NH4_mgm2,"(880, 885]",30,155016,139514.4
1377,WetDep_NH4_mgm2,"(885, 890]",18,155016,139514.4
1378,WetDep_NH4_mgm2,"(890, 895]",31,155016,139514.4
1379,WetDep_NH4_mgm2,"(895, 900]",18,155016,139514.4
1380,WetDep_NH4_mgm2,"(900, 905]",26,155016,139514.4
1381,WetDep_NH4_mgm2,"(905, 910]",24,155016,139514.4
1382,WetDep_NH4_mgm2,"(910, 915]",27,155016,139514.4
1383,WetDep_NH4_mgm2,"(915, 920]",28,155016,139514.4
1384,WetDep_NH4_mgm2,"(920, 925]",26,155016,139514.4
1385,WetDep_NH4_mgm2,"(925, 930]",20,155016,139514.4
1386,WetDep_NH4_mgm2,"(930, 935]",22,155016,139514.4
1387,WetDep_NH4_mgm2,"(935, 940]",24,155016,139514.4
1388,WetDep_NH4_mgm2,"(940, 945]",18,155016,139514.4
1389,WetDep_NH4_mgm2,"(945, 950]",21,155016,139514.4
1390,WetDep_NH4_mgm2,"(950, 955]",22,155016,139514.4
1391,WetDep_NH4_mgm2,"(955, 960]",15,155016,139514.4
1392,WetDep_NH4_mgm2,"(960, 965]",24,155016,139514.4
1393,WetDep_NH4_mgm2,"(965, 970]",19,155016,139514.4
1394,WetDep_NH4_mgm2,"(970, 975]",20,155016,139514.4
1395,WetDep_NH4_mgm2,"(975, 980]",21,155016,139514.4
1396,WetDep_NH4_mgm2,"(980, 985]",21,155016,139514.4
1397,WetDep_NH4_mgm2,"(985, 990]",23,155016,139514.4
1398,WetDep_NH4_mgm2,"(990, 995]",17,155016,139514.4
1399,WetDep_NH4_mgm2,"(995, 1000]",26,155016,139514.4
1400,WetDep_NH4_mgm2,"(1000, 1005]",19,155016,139514.4
1401,WetDep_NH4_mgm2,"(1005, 1010]",25,155016,139514.4
1402,WetDep_NH4_mgm2,"(1010, 1015]",18,155016,139514.4
1403,WetDep_NH4_mgm2,"(1015, 1020]",19,155016,139514.4
1404,WetDep_NH4_mgm2,"(1020, 1025]",14,155016,139514.4
1405,WetDep_NH4_mgm2,"(1025, 1030]",17,155016,139514.4
1406,WetDep_NH4_mgm2,"(1030, 1035]",20,155016,139514.4
1407,WetDep_NH4_mgm2,"(1035, 1040]",19,155016,139514.4
1408,WetDep_NH4_mgm2,"(1040, 1045]",9,155016,139514.4
1409,WetDep_NH4_mgm2,"(1045, 1050]",19,155016,139514.4
1410,WetDep_NH4_mgm2,"(1050, 1055]",19,155016,139514.4
1411,WetDep_NH4_mgm2,"(1055, 1060]",16,155016,139514.4
1412,WetDep_NH4_mgm2,"(1060, 1065]",22,155016,139514.4
1413,WetDep_NH4_mgm2,"(1065, 1070]",20,155016,139514.4
1414,WetDep_NH4_mgm2,"(1070, 1075]",12,155016,139514.4
1415,WetDep_NH4_mgm2,"(1075, 1080]",17,155016,139514.4
1416,WetDep_NH4_mgm2,"(1080, 1085]",17,155016,139514.4
1417,WetDep_NH4_mgm2,"(1085, 1090]",12,155016,139514.4
1418,WetDep_NH4_mgm2,"(1090, 1095]",12,155016,139514.4
1419,WetDep_NH4_mgm2,"(1095, 1100]",14,155016,139514.4
1420,WetDep_NH4_mgm2,"(1100, 1105]",15,155016,139514.4
1421,WetDep_NH4_mgm2,"(1105, 1110]",10,155016,139514.4
1422,WetDep_NH4_mgm2,"(1110, 1115]",16,155016,139514.4
1423,WetDep_NH4_mgm2,"(1115, 1120]",18,155016,139514.4
1424,WetDep_NH4_mgm2,"(1120, 1125]",10,155016,139514.4
1425,WetDep_NH4_mgm2,"(1125, 1130]",22,155016,139514.4
1426,WetDep_NH4_mgm2,"(1130, 1135]",11,155016,139514.4
1427,WetDep_NH4_mgm2,"(1135, 1140]",11,155016,139514.4
1428,WetDep_NH4_mgm2,"(1140, 1145]",12,155016,139514.4
1429,WetDep_NH4_mgm2,"(1145, 1150]",11,155016,139514.4
1430,WetDep_NH4_mgm2,"(1150, 1155]",8,155016,139514.4
1431,WetDep_NH4_mgm2,"(1155, 1160]",12,155016,139514.4
1432,WetDep_NH4_mgm2,"(1160, 1165]",8,155016,139514.4
1433,WetDep_NH4_mgm2,"(1165, 1170]",10,155016,139514.4
1434,WetDep_NH4_mgm2,"(1170, 1175]",9,155016,139514.4
1435,WetDep_NH4_mgm2,"(1175, 1180]",10,155016,139514.4
1436,WetDep_NH4_mgm2,"(1180, 1185]",16,155016,139514.4
1437,WetDep_NH4_mgm2,"(1185, 1190]",12,155016,139514.4
1438,WetDep_NH4_mgm2,"(1190, 1195]",7,155016,139514.4
1439,WetDep_NH4_mgm2,"(1195, 1200]",14,155016,139514.4
1440,WetDep_NH4_mgm2,"(1200, 1205]",11,155016,139514.4
1441,WetDep_NH4_mgm2,"(1205, 1210]",7,155016,139514.4
1442,WetDep_NH4_mgm2,"(1210, 1215]",14,155016,139514.4
1443,WetDep_NH4_mgm2,"(1215, 1220]",11,155016,139514.4
1444,WetDep_NH4_mgm2,"(1220, 1225]",7,155016,139514.4
1445,WetDep_NH4_mgm2,"(1225, 1230]",13,155016,139514.4
1446,WetDep_NH4_mgm2,"(1230, 1235]",7,155016,139514.4
1447,WetDep_NH4_mgm2,"(1235, 1240]",4,155016,139514.4
1448,WetDep_NH4_mgm2,"(1240, 1245]",14,155016,139514.4
1449,WetDep_NH4_mgm2,"(1245, 1250]",14,155016,139514.4
1450,WetDep_NH4_mgm2,"(1250, 1255]",8,155016,139514.4
1451,WetDep_NH4_mgm2,"(1255, 1260]",18,155016,139514.4
1452,WetDep_NH4_mgm2,"(1260, 1265]",9,155016,139514.4
1453,WetDep_NH4_mgm2,"(1265, 1270]",14,155016,139514.4
1454,WetDep_NH4_mgm2,"(1270, 1275]",5,155016,139514.4
1455,WetDep_NH4_mgm2,"(1275, 1280]",14,155016,139514.4
1456,WetDep_NH4_mgm2,"(1280, 1285]",9,155016,139514.4
1457,WetDep_NH4_mgm2,"(1285, 1290]",9,155016,139514.4
1458,WetDep_NH4_mgm2,"(1290, 1295]",13,155016,139514.4
1459,WetDep_NH4_mgm2,"(1295, 1300]",4,155016,139514.4
1460,WetDep_NH4_mgm2,"(1300, 1305]",11,155016,139514.4
1461,WetDep_NH4_mgm2,"(1305, 1310]",8,155016,139514.4
1462,WetDep_NH4_mgm2,"(1310, 1315]",8,155016,139514.4
1463,WetDep_NH4_mgm2,"(1315, 1320]",8,155016,139514.4
1464,WetDep_NH4_mgm2,"(1320, 1325]",4,155016,139514.4
1465,WetDep_NH4_mgm2,"(1325, 1330]",10,155016,139514.4
1466,WetDep_NH4_mgm2,"(1330, 1335]",6,155016,139514.4
1467,WetDep_NH4_mgm2,"(1335, 1340]",6,155016,139514.4
1468,WetDep_NH4_mgm2,"(1340, 1345]",7,155016,139514.4
1469,WetDep_NH4_mgm2,"(1345, 1350]",7,155016,139514.4
1470,WetDep_NH4_mgm2,"(1350, 1355]",4,155016,139514.4
1471,WetDep_NH4_mgm2,"(1355, 1360]",10,155016,139514.4
1472,WetDep_NH4_mgm2,"(1360, 1365]",1,155016,139514.4
1473,WetDep_NH4_mgm2,"(1365, 1370]",5,155016,139514.4
1474,WetDep_NH4_mgm2,"(1370, 1375]",15,155016,139514.4
1475,WetDep_NH4_mgm2,"(1375, 1380]",13,155016,139514.4
1476,WetDep_NH4_mgm2,"(1380, 1385]",4,155016,139514.4
1477,WetDep_NH4_mgm2,"(1385, 1390]",6,155016,139514.4
1478,WetDep_NH4_mgm2,"(1390, 1395]",8,155016,139514.4
1479,WetDep_NH4_mgm2,"(1395, 1400]",6,155016,139514.4
1480,WetDep_NH4_mgm2,"(1400, 1405]",6,155016,139514.4
1481,WetDep_NH4_mgm2,"(1405, 1410]",6,155016,139514.4
1482,WetDep_NH4_mgm2,"(1410, 1415]",6,155016,139514.4
1483,WetDep_NH4_mgm2,"(1415, 1420]",11,155016,139514.4
1484,WetDep_NH4_mgm2,"(1420, 1425]",3,155016,139514.4
1485,WetDep_NH4_mgm2,"(1425, 1430]",8,155016,139514.4
1486,WetDep_NH4_mgm2,"(1430, 1435]",9,155016,139514.4
1487,WetDep_NH4_mgm2,"(1435, 1440]",8,155016,139514.4
1488,WetDep_NH4_mgm2,"(1440, 1445]",8,155016,139514.4
1489,WetDep_NH4_mgm2,"(1445, 1450]",11,155016,139514.4
1490,WetDep_NH4_mgm2,"(1450, 1455]",9,155016,139514.4
1491,WetDep_NH4_mgm2,"(1455, 1460]",4,155016,139514.4
1492,WetDep_NH4_mgm2,"(1460, 1465]",9,155016,139514.4
1493,WetDep_NH4_mgm2,"(1465, 1470]",6,155016,139514.4
1494,WetDep_NH4_mgm2,"(1470, 1475]",4,155016,139514.4
1495,WetDep_NH4_mgm2,"(1475, 1480]",5,155016,139514.4
1496,WetDep_NH4_mgm2,"(1480, 1485]",6,155016,139514.4
1497,WetDep_NH4_mgm2,"(1485, 1490]",7,155016,139514.4
1498,WetDep_NH4_mgm2,"(1490, 1495]",5,155016,139514.4
1499,WetDep_NH4_mgm2,"(1495, 1500]",3,155016,139514.4
1500,WetDep_NH4_mgm2,"(1500, 1505]",4,155016,139514.4
1501,WetDep_NH4_mgm2,"(1505, 1510]",7,155016,139514.4
1502,WetDep_NH4_mgm2,"(1510, 1515]",3,155016,139514.4
1503,WetDep_NH4_mgm2,"(1515, 1520]",7,155016,139514.4
1504,WetDep_NH4_mgm2,"(1520, 1525]",6,155016,139514.4
1505,WetDep_NH4_mgm2,"(1525, 1530]",6,155016,139514.4
1506,WetDep_NH4_mgm2,"(1530, 1535]",7,155016,139514.4
1507,WetDep_NH4_mgm2,"(1535, 1540]",6,155016,139514.4
1508,WetDep_NH4_mgm2,"(1540, 1545]",9,155016,139514.4
1509,WetDep_NH4_mgm2,"(1545, 1550]",5,155016,139514.4
1510,WetDep_NH4_mgm2,"(1550, 1555]",5,155016,139514.4
1511,WetDep_NH4_mgm2,"(1555, 1560]",6,155016,139514.4
1512,WetDep_NH4_mgm2,"(1560, 1565]",3,155016,139514.4
1513,WetDep_NH4_mgm2,"(1565, 1570]",3,155016,139514.4
1514,WetDep_NH4_mgm2,"(1570, 1575]",4,155016,139514.4
1515,WetDep_NH4_mgm2,"(1575, 1580]",3,155016,139514.4
1516,WetDep_NH4_mgm2,"(1580, 1585]",5,155016,139514.4
1517,WetDep_NH4_mgm2,"(1585, 1590]",5,155016,139514.4
1518,WetDep_NH4_mgm2,"(1590, 1595]",4,155016,139514.4
1519,WetDep_NH4_mgm2,"(1595, 1600]",4,155016,139514.4
1520,WetDep_NH4_mgm2,"(1600, 1605]",10,155016,139514.4
1521,WetDep_NH4_mgm2,"(1605, 1610]",6,155016,139514.4
1522,WetDep_NH4_mgm2,"(1610, 1615]",2,155016,139514.4
1523,WetDep_NH4_mgm2,"(1615, 1620]",4,155016,139514.4
1524,WetDep_NH4_mgm2,"(1620, 1625]",4,155016,139514.4
1525,WetDep_NH4_mgm2,"(1625, 1630]",1,155016,139514.4
1526,WetDep_NH4_mgm2,"(1630, 1635]",7,155016,139514.4
1527,WetDep_NH4_mgm2,"(1635, 1640]",8,155016,139514.4
1528,WetDep_NH4_mgm2,"(1640, 1645]",7,155016,139514.4
1529,WetDep_NH4_mgm2,"(1645, 1650]",7,155016,139514.4
1530,WetDep_NH4_mgm2,"(1650, 1655]",8,155016,139514.4
1531,WetDep_NH4_mgm2,"(1655, 1660]",5,155016,139514.4
1532,WetDep_NH4_mgm2,"(1660, 1665]",4,155016,139514.4
1533,WetDep_NH4_mgm2,"(1665, 1670]",5,155016,139514.4
1534,WetDep_NH4_mgm2,"(1670, 1675]",2,155016,139514.4
1535,WetDep_NH4_mgm2,"(1675, 1680]",5,155016,139514.4
1536,WetDep_NH4_mgm2,"(1680, 1685]",6,155016,139514.4
1537,WetDep_NH4_mgm2,"(1685, 1690]",3,155016,139514.4
1538,WetDep_NH4_mgm2,"(1690, 1695]",4,155016,139514.4
1539,WetDep_NH4_mgm2,"(1695, 1700]",5,155016,139514.4
1540,WetDep_NH4_mgm2,"(1700, 1705]",7,155016,139514.4
1541,WetDep_NH4_mgm2,"(1705, 1710]",6,155016,139514.4
1542,WetDep_NH4_mgm2,"(1710, 1715]",5,155016,139514.4
1543,WetDep_NH4_mgm2,"(1715, 1720]",3,155016,139514.4
1544,WetDep_NH4_mgm2,"(1720, 1725]",3,155016,139514.4
1545,WetDep_NH4_mgm2,"(1725, 1730]",7,155016,139514.4
1546,WetDep_NH4_mgm2,"(1730, 1735]",6,155016,139514.4
1547,WetDep_NH4_mgm2,"(1735, 1740]",6,155016,139514.4
1548,WetDep_NH4_mgm2,"(1740, 1745]",2,155016,139514.4
1549,WetDep_NH4_mgm2,"(1745, 1750]",3,155016,139514.4
1550,WetDep_NH4_mgm2,"(1750, 1755]",3,155016,139514.4
1551,WetDep_NH4_mgm2,"(1755, 1760]",5,155016,139514.4
1552,WetDep_NH4_mgm2,"(1760, 1765]",5,155016,139514.4
1553,WetDep_NH4_mgm2,"(1765, 1770]",2,155016,139514.4
1554,WetDep_NH4_mgm2,"(1770, 1775]",4,155016,139514.4
1555,WetDep_NH4_mgm2,"(1775, 1780]",0,155016,139514.4
1556,WetDep_NH4_mgm2,"(1780, 1785]",6,155016,139514.4
1557,WetDep_NH4_mgm2,"(1785, 1790]",3,155016,139514.4
1558,WetDep_NH4_mgm2,"(1790, 1795]",4,155016,139514.4
1559,WetDep_NH4_mgm2,"(1795, 1800]",1,155016,139514.4
1560,WetDep_NH4_mgm2,"(1800, 1805]",5,155016,139514.4
1561,WetDep_NH4_mgm2,"(1805, 1810]",5,155016,139514.4
1562,WetDep_NH4_mgm2,"(1810, 1815]",2,155016,139514.4
1563,WetDep_NH4_mgm2,"(1815, 1820]",1,155016,139514.4
1564,WetDep_NH4_mgm2,"(1820, 1825]",1,155016,139514.4
1565,WetDep_NH4_mgm2,"(1825, 1830]",0,155016,139514.4
1566,WetDep_NH4_mgm2,"(1830, 1835]",2,155016,139514.4
1567,WetDep_NH4_mgm2,"(1835, 1840]",3,155016,139514.4
1568,WetDep_NH4_mgm2,"(1840, 1845]",4,155016,139514.4
1569,WetDep_NH4_mgm2,"(1845, 1850]",5,155016,139514.4
1570,WetDep_NH4_mgm2,"(1850, 1855]",3,155016,139514.4
1571,WetDep_NH4_mgm2,"(1855, 1860]",2,155016,139514.4
1572,WetDep_NH4_mgm2,"(1860, 1865]",8,155016,139514.4
1573,WetDep_NH4_mgm2,"(1865, 1870]",3,155016,139514.4
1574,WetDep_NH4_mgm2,"(1870, 1875]",3,155016,139514.4
1575,WetDep_NH4_mgm2,"(1875, 1880]",3,155016,139514.4
1576,WetDep_NH4_mgm2,"(1880, 1885]",3,155016,139514.4
1577,WetDep_NH4_mgm2,"(1885, 1890]",2,155016,139514.4
1578,WetDep_NH4_mgm2,"(1890, 1895]",1,155016,139514.4
1579,WetDep_NH4_mgm2,"(1895, 1900]",3,155016,139514.4
1580,WetDep_NH4_mgm2,"(1900, 1905]",3,155016,139514.4
1581,WetDep_NH4_mgm2,"(1905, 1910]",1,155016,139514.4
1582,WetDep_NH4_mgm2,"(1910, 1915]",3,155016,139514.4
1583,WetDep_NH4_mgm2,"(1915, 1920]",2,155016,139514.4
1584,WetDep_NH4_mgm2,"(1920, 1925]",6,155016,139514.4
1585,WetDep_NH4_mgm2,"(1925, 1930]",7,155016,139514.4
1586,WetDep_NH4_mgm2,"(1930, 1935]",2,155016,139514.4
1587,WetDep_NH4_mgm2,"(1935, 1940]",4,155016,139514.4
1588,WetDep_NH4_mgm2,"(1940, 1945]",6,155016,139514.4
1589,WetDep_NH4_mgm2,"(1945, 1950]",4,155016,139514.4
1590,WetDep_NH4_mgm2,"(1950, 1955]",6,155016,139514.4
1591,WetDep_NH4_mgm2,"(1955, 1960]",3,155016,139514.4
1592,WetDep_NH4_mgm2,"(1960, 1965]",5,155016,139514.4
1593,WetDep_NH4_mgm2,"(1965, 1970]",3,155016,139514.4
1594,WetDep_NH4_mgm2,"(1970, 1975]",2,155016,139514.4
1595,WetDep_NH4_mgm2,"(1975, 1980]",6,155016,139514.4
1596,WetDep_NH4_mgm2,"(1980, 1985]",0,155016,139514.4
1597,WetDep_NH4_mgm2,"(1985, 1990]",0,155016,139514.4
1598,WetDep_NH4_mgm2,"(1990, 1995]",2,155016,139514.4
1599,WetDep_NH4_mgm2,"(1995, 2000]",2,155016,139514.4
1600,WetDep_DOC_mgm2,"(0, 5]",63,2460,2214.0
1601,WetDep_DOC_mgm2,"(5, 10]",67,2460,2214.0
1602,WetDep_DOC_mgm2,"(10, 15]",82,2460,2214.0
1603,WetDep_DOC_mgm2,"(15, 20]",66,2460,2214.0
1604,WetDep_DOC_mgm2,"(20, 25]",71,2460,2214.0
1605,WetDep_DOC_mgm2,"(25, 30]",70,2460,2214.0
1606,WetDep_DOC_mgm2,"(30, 35]",74,2460,2214.0
1607,WetDep_DOC_mgm2,"(35, 40]",62,2460,2214.0
1608,WetDep_DOC_mgm2,"(40, 45]",69,2460,2214.0
1609,WetDep_DOC_mgm2,"(45, 50]",73,2460,2214.0
1610,WetDep_DOC_mgm2,"(50, 55]",49,2460,2214.0
1611,WetDep_DOC_mgm2,"(55, 60]",56,2460,2214.0
1612,WetDep_DOC_mgm2,"(60, 65]",39,2460,2214.0
1613,WetDep_DOC_mgm2,"(65, 70]",38,2460,2214.0
1614,WetDep_DOC_mgm2,"(70, 75]",47,2460,2214.0
1615,WetDep_DOC_mgm2,"(75, 80]",49,2460,2214.0
1616,WetDep_DOC_mgm2,"(80, 85]",24,2460,2214.0
1617,WetDep_DOC_mgm2,"(85, 90]",27,2460,2214.0
1618,WetDep_DOC_mgm2,"(90, 95]",37,2460,2214.0
1619,WetDep_DOC_mgm2,"(95, 100]",52,2460,2214.0
1620,WetDep_DOC_mgm2,"(100, 105]",18,2460,2214.0
1621,WetDep_DOC_mgm2,"(105, 110]",22,2460,2214.0
1622,WetDep_DOC_mgm2,"(110, 115]",24,2460,2214.0
1623,WetDep_DOC_mgm2,"(115, 120]",20,2460,2214.0
1624,WetDep_DOC_mgm2,"(120, 125]",28,2460,2214.0
1625,WetDep_DOC_mgm2,"(125, 130]",15,2460,2214.0
1626,WetDep_DOC_mgm2,"(130, 135]",27,2460,2214.0
1627,WetDep_DOC_mgm2,"(135, 140]",21,2460,2214.0
1628,WetDep_DOC_mgm2,"(140, 145]",17,2460,2214.0
1629,WetDep_DOC_mgm2,"(145, 150]",13,2460,2214.0
1630,WetDep_DOC_mgm2,"(150, 155]",17,2460,2214.0
1631,WetDep_DOC_mgm2,"(155, 160]",20,2460,2214.0
1632,WetDep_DOC_mgm2,"(160, 165]",12,2460,2214.0
1633,WetDep_DOC_mgm2,"(165, 170]",18,2460,2214.0
1634,WetDep_DOC_mgm2,"(170, 175]",17,2460,2214.0
1635,WetDep_DOC_mgm2,"(175, 180]",16,2460,2214.0
1636,WetDep_DOC_mgm2,"(180, 185]",19,2460,2214.0
1637,WetDep_DOC_mgm2,"(185, 190]",19,2460,2214.0
1638,WetDep_DOC_mgm2,"(190, 195]",16,2460,2214.0
1639,WetDep_DOC_mgm2,"(195, 200]",11,2460,2214.0
1640,WetDep_DOC_mgm2,"(200, 205]",12,2460,2214.0
1641,WetDep_DOC_mgm2,"(205, 210]",24,2460,2214.0
1642,WetDep_DOC_mgm2,"(210, 215]",12,2460,2214.0
1643,WetDep_DOC_mgm2,"(215, 220]",10,2460,2214.0
1644,WetDep_DOC_mgm2,"(220, 225]",14,2460,2214.0
1645,WetDep_DOC_mgm2,"(225, 230]",12,2460,2214.0
1646,WetDep_DOC_mgm2,"(230, 235]",12,2460,2214.0
1647,WetDep_DOC_mgm2,"(235, 240]",18,2460,2214.0
1648,WetDep_DOC_mgm2,"(240, 245]",17,2460,2214.0
1649,WetDep_DOC_mgm2,"(245, 250]",6,2460,2214.0
1650,WetDep_DOC_mgm2,"(250, 255]",12,2460,2214.0
1651,WetDep_DOC_mgm2,"(255, 260]",11,2460,2214.0
1652,WetDep_DOC_mgm2,"(260, 265]",7,2460,2214.0
1653,WetDep_DOC_mgm2,"(265, 270]",8,2460,2214.0
1654,WetDep_DOC_mgm2,"(270, 275]",18,2460,2214.0
1655,WetDep_DOC_mgm2,"(275, 280]",3,2460,2214.0
1656,WetDep_DOC_mgm2,"(280, 285]",13,2460,2214.0
1657,WetDep_DOC_mgm2,"(285, 290]",8,2460,2214.0
1658,WetDep_DOC_mgm2,"(290, 295]",6,2460,2214.0
1659,WetDep_DOC_mgm2,"(295, 300]",10,2460,2214.0
1660,WetDep_DOC_mgm2,"(300, 305]",17,2460,2214.0
1661,WetDep_DOC_mgm2,"(305, 310]",6,2460,2214.0
1662,WetDep_DOC_mgm2,"(310, 315]",10,2460,2214.0
1663,WetDep_DOC_mgm2,"(315, 320]",8,2460,2214.0
1664,WetDep_DOC_mgm2,"(320, 325]",9,2460,2214.0
1665,WetDep_DOC_mgm2,"(325, 330]",12,2460,2214.0
1666,WetDep_DOC_mgm2,"(330, 335]",9,2460,2214.0
1667,WetDep_DOC_mgm2,"(335, 340]",5,2460,2214.0
1668,WetDep_DOC_mgm2,"(340, 345]",6,2460,2214.0
1669,WetDep_DOC_mgm2,"(345, 350]",7,2460,2214.0
1670,WetDep_DOC_mgm2,"(350, 355]",4,2460,2214.0
1671,WetDep_DOC_mgm2,"(355, 360]",11,2460,2214.0
1672,WetDep_DOC_mgm2,"(360, 365]",9,2460,2214.0
1673,WetDep_DOC_mgm2,"(365, 370]",5,2460,2214.0
1674,WetDep_DOC_mgm2,"(370, 375]",10,2460,2214.0
1675,WetDep_DOC_mgm2,"(375, 380]",9,2460,2214.0
1676,WetDep_DOC_mgm2,"(380, 385]",3,2460,2214.0
1677,WetDep_DOC_mgm2,"(385, 390]",7,2460,2214.0
1678,WetDep_DOC_mgm2,"(390, 395]",6,2460,2214.0
1679,WetDep_DOC_mgm2,"(395, 400]",6,2460,2214.0
1680,WetDep_DOC_mgm2,"(400, 405]",5,2460,2214.0
1681,WetDep_DOC_mgm2,"(405, 410]",5,2460,2214.0
1682,WetDep_DOC_mgm2,"(410, 415]",5,2460,2214.0
1683,WetDep_DOC_mgm2,"(415, 420]",9,2460,2214.0
1684,WetDep_DOC_mgm2,"(420, 425]",5,2460,2214.0
1685,WetDep_DOC_mgm2,"(425, 430]",6,2460,2214.0
1686,WetDep_DOC_mgm2,"(430, 435]",5,2460,2214.0
1687,WetDep_DOC_mgm2,"(435, 440]",2,2460,2214.0
1688,WetDep_DOC_mgm2,"(440, 445]",3,2460,2214.0
1689,WetDep_DOC_mgm2,"(445, 450]",4,2460,2214.0
1690,WetDep_DOC_mgm2,"(450, 455]",4,2460,2214.0
1691,WetDep_DOC_mgm2,"(455, 460]",3,2460,2214.0
1692,WetDep_DOC_mgm2,"(460, 465]",7,2460,2214.0
1693,WetDep_DOC_mgm2,"(465, 470]",7,2460,2214.0
1694,WetDep_DOC_mgm2,"(470, 475]",9,2460,2214.0
1695,WetDep_DOC_mgm2,"(475, 480]",6,2460,2214.0
1696,WetDep_DOC_mgm2,"(480, 485]",4,2460,2214.0
1697,WetDep_DOC_mgm2,"(485, 490]",6,2460,2214.0
1698,WetDep_DOC_mgm2,"(490, 495]",0,2460,2214.0
1699,WetDep_DOC_mgm2,"(495, 500]",8,2460,2214.0
1700,WetDep_DOC_mgm2,"(500, 505]",5,2460,2214.0
1701,WetDep_DOC_mgm2,"(505, 510]",1,2460,2214.0
1702,WetDep_DOC_mgm2,"(510, 515]",5,2460,2214.0
1703,WetDep_DOC_mgm2,"(515, 520]",4,2460,2214.0
1704,WetDep_DOC_mgm2,"(520, 525]",6,2460,2214.0
1705,WetDep_DOC_mgm2,"(525, 530]",5,2460,2214.0
1706,WetDep_DOC_mgm2,"(530, 535]",4,2460,2214.0
1707,WetDep_DOC_mgm2,"(535, 540]",5,2460,2214.0
1708,WetDep_DOC_mgm2,"(540, 545]",5,2460,2214.0
1709,WetDep_DOC_mgm2,"(545, 550]",6,2460,2214.0
1710,WetDep_DOC_mgm2,"(550, 555]",2,2460,2214.0
1711,WetDep_DOC_mgm2,"(555, 560]",9,2460,2214.0
1712,WetDep_DOC_mgm2,"(560, 565]",5,2460,2214.0
1713,WetDep_DOC_mgm2,"(565, 570]",5,2460,2214.0
1714,WetDep_DOC_mgm2,"(570, 575]",4,2460,2214.0
1715,WetDep_DOC_mgm2,"(575, 580]",3,2460,2214.0
1716,WetDep_DOC_mgm2,"(580, 585]",4,2460,2214.0
1717,WetDep_DOC_mgm2,"(585, 590]",4,2460,2214.0
1718,WetDep_DOC_mgm2,"(590, 595]",3,2460,2214.0
1719,WetDep_DOC_mgm2,"(595, 600]",9,2460,2214.0
1720,WetDep_DOC_mgm2,"(600, 605]",5,2460,2214.0
1721,WetDep_DOC_mgm2,"(605, 610]",5,2460,2214.0
1722,WetDep_DOC_mgm2,"(610, 615]",3,2460,2214.0
1723,WetDep_DOC_mgm2,"(615, 620]",1,2460,2214.0
1724,WetDep_DOC_mgm2,"(620, 625]",4,2460,2214.0
1725,WetDep_DOC_mgm2,"(625, 630]",4,2460,2214.0
1726,WetDep_DOC_mgm2,"(630, 635]",4,2460,2214.0
1727,WetDep_DOC_mgm2,"(635, 640]",3,2460,2214.0
1728,WetDep_DOC_mgm2,"(640, 645]",2,2460,2214.0
1729,WetDep_DOC_mgm2,"(645, 650]",2,2460,2214.0
1730,WetDep_DOC_mgm2,"(650, 655]",3,2460,2214.0
1731,WetDep_DOC_mgm2,"(655, 660]",3,2460,2214.0
1732,WetDep_DOC_mgm2,"(660, 665]",2,2460,2214.0
1733,WetDep_DOC_mgm2,"(665, 670]",3,2460,2214.0
1734,WetDep_DOC_mgm2,"(670, 675]",2,2460,2214.0
1735,WetDep_DOC_mgm2,"(675, 680]",1,2460,2214.0
1736,WetDep_DOC_mgm2,"(680, 685]",3,2460,2214.0
1737,WetDep_DOC_mgm2,"(685, 690]",3,2460,2214.0
1738,WetDep_DOC_mgm2,"(690, 695]",0,2460,2214.0
1739,WetDep_DOC_mgm2,"(695, 700]",0,2460,2214.0
1740,WetDep_DOC_mgm2,"(700, 705]",4,2460,2214.0
1741,WetDep_DOC_mgm2,"(705, 710]",2,2460,2214.0
1742,WetDep_DOC_mgm2,"(710, 715]",5,2460,2214.0
1743,WetDep_DOC_mgm2,"(715, 720]",0,2460,2214.0
1744,WetDep_DOC_mgm2,"(720, 725]",1,2460,2214.0
1745,WetDep_DOC_mgm2,"(725, 730]",3,2460,2214.0
1746,WetDep_DOC_mgm2,"(730, 735]",2,2460,2214.0
1747,WetDep_DOC_mgm2,"(735, 740]",3,2460,2214.0
1748,WetDep_DOC_mgm2,"(740, 745]",1,2460,2214.0
1749,WetDep_DOC_mgm2,"(745, 750]",3,2460,2214.0
1750,WetDep_DOC_mgm2,"(750, 755]",0,2460,2214.0
1751,WetDep_DOC_mgm2,"(755, 760]",3,2460,2214.0
1752,WetDep_DOC_mgm2,"(760, 765]",0,2460,2214.0
1753,WetDep_DOC_mgm2,"(765, 770]",2,2460,2214.0
1754,WetDep_DOC_mgm2,"(770, 775]",3,2460,2214.0
1755,WetDep_DOC_mgm2,"(775, 780]",1,2460,2214.0
1756,WetDep_DOC_mgm2,"(780, 785]",1,2460,2214.0
1757,WetDep_DOC_mgm2,"(785, 790]",0,2460,2214.0
1758,WetDep_DOC_mgm2,"(790, 795]",1,2460,2214.0
1759,WetDep_DOC_mgm2,"(795, 800]",1,2460,2214.0
1760,WetDep_DOC_mgm2,"(800, 805]",2,2460,2214.0
1761,WetDep_DOC_mgm2,"(805, 810]",6,2460,2214.0
1762,WetDep_DOC_mgm2,"(810, 815]",0,2460,2214.0
1763,WetDep_DOC_mgm2,"(815, 820]",3,2460,2214.0
1764,WetDep_DOC_mgm2,"(820, 825]",1,2460,2214.0
1765,WetDep_DOC_mgm2,"(825, 830]",4,2460,2214.0
1766,WetDep_DOC_mgm2,"(830, 835]",1,2460,2214.0
1767,WetDep_DOC_mgm2,"(835, 840]",4,2460,2214.0
1768,WetDep_DOC_mgm2,"(840, 845]",0,2460,2214.0
1769,WetDep_DOC_mgm2,"(845, 850]",0,2460,2214.0
1770,WetDep_DOC_mgm2,"(850, 855]",2,2460,2214.0
1771,WetDep_DOC_mgm2,"(855, 860]",0,2460,2214.0
1772,WetDep_DOC_mgm2,"(860, 865]",4,2460,2214.0
1773,WetDep_DOC_mgm2,"(865, 870]",1,2460,2214.0
1774,WetDep_DOC_mgm2,"(870, 875]",3,2460,2214.0
1775,WetDep_DOC_mgm2,"(875, 880]",3,2460,2214.0
1776,WetDep_DOC_mgm2,"(880, 885]",2,2460,2214.0
1777,WetDep_DOC_mgm2,"(885, 890]",0,2460,2214.0
1778,WetDep_DOC_mgm2,"(890, 895]",4,2460,2214.0
1779,WetDep_DOC_mgm2,"(895, 900]",1,2460,2214.0
1780,WetDep_DOC_mgm2,"(900, 905]",2,2460,2214.0
1781,WetDep_DOC_mgm2,"(905, 910]",1,2460,2214.0
1782,WetDep_DOC_mgm2,"(910, 915]",1,2460,2214.0
1783,WetDep_DOC_mgm2,"(915, 920]",1,2460,2214.0
1784,WetDep_DOC_mgm2,"(920, 925]",2,2460,2214.0
1785,WetDep_DOC_mgm2,"(925, 930]",0,2460,2214.0
1786,WetDep_DOC_mgm2,"(930, 935]",1,2460,2214.0
1787,WetDep_DOC_mgm2,"(935, 940]",1,2460,2214.0
1788,WetDep_DOC_mgm2,"(940, 945]",4,2460,2214.0
1789,WetDep_DOC_mgm2,"(945, 950]",3,2460,2214.0
1790,WetDep_DOC_mgm2,"(950, 955]",1,2460,2214.0
1791,WetDep_DOC_mgm2,"(955, 960]",1,2460,2214.0
1792,WetDep_DOC_mgm2,"(960, 965]",0,2460,2214.0
1793,WetDep_DOC_mgm2,"(965, 970]",1,2460,2214.0
1794,WetDep_DOC_mgm2,"(970, 975]",0,2460,2214.0
1795,WetDep_DOC_mgm2,"(975, 980]",0,2460,2214.0
1796,WetDep_DOC_mgm2,"(980, 985]",1,2460,2214.0
1797,WetDep_DOC_mgm2,"(985, 990]",1,2460,2214.0
1798,WetDep_DOC_mgm2,"(990, 995]",2,2460,2214.0
1799,WetDep_DOC_mgm2,"(995, 1000]",0,2460,2214.0
1800,WetDep_DOC_mgm2,"(1000, 1005]",2,2460,2214.0
1801,WetDep_DOC_mgm2,"(1005, 1010]",0,2460,2214.0
1802,WetDep_DOC_mgm2,"(1010, 1015]",0,2460,2214.0
1803,WetDep_DOC_mgm2,"(1015, 1020]",1,2460,2214.0
1804,WetDep_DOC_mgm2,"(1020, 1025]",2,2460,2214.0
1805,WetDep_DOC_mgm2,"(1025, 1030]",0,2460,2214.0
1806,WetDep_DOC_mgm2,"(1030, 1035]",2,2460,2214.0
1807,WetDep_DOC_mgm2,"(1035, 1040]",2,2460,2214.0
1808,WetDep_DOC_mgm2,"(1040, 1045]",1,2460,2214.0
1809,WetDep_DOC_mgm2,"(1045, 1050]",1,2460,2214.0
1810,WetDep_DOC_mgm2,"(1050, 1055]",0,2460,2214.0
1811,WetDep_DOC_mgm2,"(1055, 1060]",1,2460,2214.0
1812,WetDep_DOC_mgm2,"(1060, 1065]",0,2460,2214.0
1813,WetDep_DOC_mgm2,"(1065, 1070]",1,2460,2214.0
1814,WetDep_DOC_mgm2,"(1070, 1075]",4,2460,2214.0
1815,WetDep_DOC_mgm2,"(1075, 1080]",0,2460,2214.0
1816,WetDep_DOC_mgm2,"(1080, 1085]",2,2460,2214.0
1817,WetDep_DOC_mgm2,"(1085, 1090]",3,2460,2214.0
1818,WetDep_DOC_mgm2,"(1090, 1095]",3,2460,2214.0
1819,WetDep_DOC_mgm2,"(1095, 1100]",1,2460,2214.0
1820,WetDep_DOC_mgm2,"(1100, 1105]",1,2460,2214.0
1821,WetDep_DOC_mgm2,"(1105, 1110]",2,2460,2214.0
1822,WetDep_DOC_mgm2,"(1110, 1115]",1,2460,2214.0
1823,WetDep_DOC_mgm2,"(1115, 1120]",2,2460,2214.0
1824,WetDep_DOC_mgm2,"(1120, 1125]",2,2460,2214.0
1825,WetDep_DOC_mgm2,"(1125, 1130]",3,2460,2214.0
1826,WetDep_DOC_mgm2,"(1130, 1135]",0,2460,2214.0
1827,WetDep_DOC_mgm2,"(1135, 1140]",1,2460,2214.0
1828,WetDep_DOC_mgm2,"(1140, 1145]",1,2460,2214.0
1829,WetDep_DOC_mgm2,"(1145, 1150]",0,2460,2214.0
1830,WetDep_DOC_mgm2,"(1150, 1155]",0,2460,2214.0
1831,WetDep_DOC_mgm2,"(1155, 1160]",3,2460,2214.0
1832,WetDep_DOC_mgm2,"(1160, 1165]",0,2460,2214.0
1833,WetDep_DOC_mgm2,"(1165, 1170]",0,2460,2214.0
1834,WetDep_DOC_mgm2,"(1170, 1175]",0,2460,2214.0
1835,WetDep_DOC_mgm2,"(1175, 1180]",1,2460,2214.0
1836,WetDep_DOC_mgm2,"(1180, 1185]",1,2460,2214.0
1837,WetDep_DOC_mgm2,"(1185, 1190]",2,2460,2214.0
1838,WetDep_DOC_mgm2,"(1190, 1195]",1,2460,2214.0
1839,WetDep_DOC_mgm2,"(1195, 1200]",1,2460,2214.0
1840,WetDep_DOC_mgm2,"(1200, 1205]",1,2460,2214.0
1841,WetDep_DOC_mgm2,"(1205, 1210]",0,2460,2214.0
1842,WetDep_DOC_mgm2,"(1210, 1215]",0,2460,2214.0
1843,WetDep_DOC_mgm2,"(1215, 1220]",1,2460,2214.0
1844,WetDep_DOC_mgm2,"(1220, 1225]",1,2460,2214.0
1845,WetDep_DOC_mgm2,"(1225, 1230]",1,2460,2214.0
1846,WetDep_DOC_mgm2,"(1230, 1235]",0,2460,2214.0
1847,WetDep_DOC_mgm2,"(1235, 1240]",2,2460,2214.0
1848,WetDep_DOC_mgm2,"(1240, 1245]",3,2460,2214.0
1849,WetDep_DOC_mgm2,"(1245, 1250]",0,2460,2214.0
1850,WetDep_DOC_mgm2,"(1250, 1255]",2,2460,2214.0
1851,WetDep_DOC_mgm2,"(1255, 1260]",0,2460,2214.0
1852,WetDep_DOC_mgm2,"(1260, 1265]",0,2460,2214.0
1853,WetDep_DOC_mgm2,"(1265, 1270]",2,2460,2214.0
1854,WetDep_DOC_mgm2,"(1270, 1275]",0,2460,2214.0
1855,WetDep_DOC_mgm2,"(1275, 1280]",2,2460,2214.0
1856,WetDep_DOC_mgm2,"(1280, 1285]",0,2460,2214.0
1857,WetDep_DOC_mgm2,"(1285, 1290]",0,2460,2214.0
1858,WetDep_DOC_mgm2,"(1290, 1295]",2,2460,2214.0
1859,WetDep_DOC_mgm2,"(1295, 1300]",0,2460,2214.0
1860,WetDep_DOC_mgm2,"(1300, 1305]",1,2460,2214.0
1861,WetDep_DOC_mgm2,"(1305, 1310]",0,2460,2214.0
1862,WetDep_DOC_mgm2,"(1310, 1315]",2,2460,2214.0
1863,WetDep_DOC_mgm2,"(1315, 1320]",2,2460,2214.0
1864,WetDep_DOC_mgm2,"(1320, 1325]",2,2460,2214.0
1865,WetDep_DOC_mgm2,"(1325, 1330]",0,2460,2214.0
1866,WetDep_DOC_mgm2,"(1330, 1335]",3,2460,2214.0
1867,WetDep_DOC_mgm2,"(1335, 1340]",2,2460,2214.0
1868,WetDep_DOC_mgm2,"(1340, 1345]",1,2460,2214.0
1869,WetDep_DOC_mgm2,"(1345, 1350]",2,2460,2214.0
1870,WetDep_DOC_mgm2,"(1350, 1355]",0,2460,2214.0
1871,WetDep_DOC_mgm2,"(1355, 1360]",1,2460,2214.0
1872,WetDep_DOC_mgm2,"(1360, 1365]",2,2460,2214.0
1873,WetDep_DOC_mgm2,"(1365, 1370]",1,2460,2214.0
1874,WetDep_DOC_mgm2,"(1370, 1375]",0,2460,2214.0
1875,WetDep_DOC_mgm2,"(1375, 1380]",4,2460,2214.0
1876,WetDep_DOC_mgm2,"(1380, 1385]",0,2460,2214.0
1877,WetDep_DOC_mgm2,"(1385, 1390]",1,2460,2214.0
1878,WetDep_DOC_mgm2,"(1390, 1395]",1,2460,2214.0
1879,WetDep_DOC_mgm2,"(1395, 1400]",0,2460,2214.0
1880,WetDep_DOC_mgm2,"(1400, 1405]",1,2460,2214.0
1881,WetDep_DOC_mgm2,"(1405, 1410]",2,2460,2214.0
1882,WetDep_DOC_mgm2,"(1410, 1415]",0,2460,2214.0
1883,WetDep_DOC_mgm2,"(1415, 1420]",0,2460,2214.0
1884,WetDep_DOC_mgm2,"(1420, 1425]",2,2460,2214.0
1885,WetDep_DOC_mgm2,"(1425, 1430]",1,2460,2214.0
1886,WetDep_DOC_mgm2,"(1430, 1435]",1,2460,2214.0
1887,WetDep_DOC_mgm2,"(1435, 1440]",1,2460,2214.0
1888,WetDep_DOC_mgm2,"(1440, 1445]",0,2460,2214.0
1889,WetDep_DOC_mgm2,"(1445, 1450]",1,2460,2214.0
1890,WetDep_DOC_mgm2,"(1450, 1455]",0,2460,2214.0
1891,WetDep_DOC_mgm2,"(1455, 1460]",1,2460,2214.0
1892,WetDep_DOC_mgm2,"(1460, 1465]",2,2460,2214.0
1893,WetDep_DOC_mgm2,"(1465, 1470]",0,2460,2214.0
1894,WetDep_DOC_mgm2,"(1470, 1475]",0,2460,2214.0
1895,WetDep_DOC_mgm2,"(1475, 1480]",0,2460,2214.0
1896,WetDep_DOC_mgm2,"(1480, 1485]",0,2460,2214.0
1897,WetDep_DOC_mgm2,"(1485, 1490]",0,2460,2214.0
1898,WetDep_DOC_mgm2,"(1490, 1495]",2,2460,2214.0
1899,WetDep_DOC_mgm2,"(1495, 1500]",0,2460,2214.0
1900,WetDep_DOC_mgm2,"(1500, 1505]",0,2460,2214.0
1901,WetDep_DOC_mgm2,"(1505, 1510]",0,2460,2214.0
1902,WetDep_DOC_mgm2,"(1510, 1515]",2,2460,2214.0
1903,WetDep_DOC_mgm2,"(1515, 1520]",0,2460,2214.0
1904,WetDep_DOC_mgm2,"(1520, 1525]",1,2460,2214.0
1905,WetDep_DOC_mgm2,"(1525, 1530]",0,2460,2214.0
1906,WetDep_DOC_mgm2,"(1530, 1535]",0,2460,2214.0
1907,WetDep_DOC_mgm2,"(1535, 1540]",0,2460,2214.0
1908,WetDep_DOC_mgm2,"(1540, 1545]",2,2460,2214.0
1909,WetDep_DOC_mgm2,"(1545, 1550]",2,2460,2214.0
1910,WetDep_DOC_mgm2,"(1550, 1555]",0,2460,2214.0
1911,WetDep_DOC_mgm2,"(1555, 1560]",3,2460,2214.0
1912,WetDep_DOC_mgm2,"(1560, 1565]",0,2460,2214.0
1913,WetDep_DOC_mgm2,"(1565, 1570]",0,2460,2214.0
1914,WetDep_DOC_mgm2,"(1570, 1575]",0,2460,2214.0
1915,WetDep_DOC_mgm2,"(1575, 1580]",0,2460,2214.0
1916,WetDep_DOC_mgm2,"(1580, 1585]",1,2460,2214.0
1917,WetDep_DOC_mgm2,"(1585, 1590]",1,2460,2214.0
1918,WetDep_DOC_mgm2,"(1590, 1595]",1,2460,2214.0
1919,WetDep_DOC_mgm2,"(1595, 1600]",2,2460,2214.0
1920,WetDep_DOC_mgm2,"(1600, 1605]",1,2460,2214.0
1921,WetDep_DOC_mgm2,"(1605, 1610]",0,2460,2214.0
1922,WetDep_DOC_mgm2,"(1610, 1615]",1,2460,2214.0
1923,WetDep_DOC_mgm2,"(1615, 1620]",0,2460,2214.0
1924,WetDep_DOC_mgm2,"(1620, 1625]",0,2460,2214.0
1925,WetDep_DOC_mgm2,"(1625, 1630]",1,2460,2214.0
1926,WetDep_DOC_mgm2,"(1630, 1635]",0,2460,2214.0
1927,WetDep_DOC_mgm2,"(1635, 1640]",0,2460,2214.0
1928,WetDep_DOC_mgm2,"(1640, 1645]",0,2460,2214.0
1929,WetDep_DOC_mgm2,"(1645, 1650]",0,2460,2214.0
1930,WetDep_DOC_mgm2,"(1650, 1655]",1,2460,2214.0
1931,WetDep_DOC_mgm2,"(1655, 1660]",0,2460,2214.0
1932,WetDep_DOC_mgm2,"(1660, 1665]",2,2460,2214.0
1933,WetDep_DOC_mgm2,"(1665, 1670]",2,2460,2214.0
1934,WetDep_DOC_mgm2,"(1670, 1675]",1,2460,2214.0
1935,WetDep_DOC_mgm2,"(1675, 1680]",0,2460,2214.0
1936,WetDep_DOC_mgm2,"(1680, 1685]",1,2460,2214.0
1937,WetDep_DOC_mgm2,"(1685, 1690]",0,2460,2214.0
1938,WetDep_DOC_mgm2,"(1690, 1695]",1,2460,2214.0
1939,WetDep_DOC_mgm2,"(1695, 1700]",0,2460,2214.0
1940,WetDep_DOC_mgm2,"(1700, 1705]",0,2460,2214.0
1941,WetDep_DOC_mgm2,"(1705, 1710]",0,2460,2214.0
1942,WetDep_DOC_mgm2,"(1710, 1715]",0,2460,2214.0
1943,WetDep_DOC_mgm2,"(1715, 1720]",0,2460,2214.0
1944,WetDep_DOC_mgm2,"(1720, 1725]",1,2460,2214.0
1945,WetDep_DOC_mgm2,"(1725, 1730]",0,2460,2214.0
1946,WetDep_DOC_mgm2,"(1730, 1735]",0,2460,2214.0
1947,WetDep_DOC_mgm2,"(1735, 1740]",1,2460,2214.0
1948,WetDep_DOC_mgm2,"(1740, 1745]",1,2460,2214.0
1949,WetDep_DOC_mgm2,"(1745, 1750]",0,2460,2214.0
1950,WetDep_DOC_mgm2,"(1750, 1755]",1,2460,2214.0
1951,WetDep_DOC_mgm2,"(1755, 1760]",0,2460,2214.0
1952,WetDep_DOC_mgm2,"(1760, 1765]",0,2460,2214.0
1953,WetDep_DOC_mgm2,"(1765, 1770]",1,2460,2214.0
1954,WetDep_DOC_mgm2,"(1770, 1775]",0,2460,2214.0
1955,WetDep_DOC_mgm2,"(1775, 1780]",1,2460,2214.0
1956,WetDep_DOC_mgm2,"(1780, 1785]",0,2460,2214.0
1957,WetDep_DOC_mgm2,"(1785, 1790]",0,2460,2214.0
1958,WetDep_DOC_mgm2,"(1790, 1795]",0,2460,2214.0
1959,WetDep_DOC_mgm2,"(1795, 1800]",0,2460,2214.0
1960,WetDep_DOC_mgm2,"(1800, 1805]",0,2460,2214.0
1961,WetDep_DOC_mgm2,"(1805, 1810]",0,2460,2214.0
1962,WetDep_DOC_mgm2,"(1810, 1815]",1,2460,2214.0
1963,WetDep_DOC_mgm2,"(1815, 1820]",0,2460,2214.0
1964,WetDep_DOC_mgm2,"(1820, 1825]",0,2460,2214.0
1965,WetDep_DOC_mgm2,"(1825, 1830]",0,2460,2214.0
1966,WetDep_DOC_mgm2,"(1830, 1835]",2,2460,2214.0
1967,WetDep_DOC_mgm2,"(1835, 1840]",0,2460,2214.0
1968,WetDep_DOC_mgm2,"(1840, 1845]",0,2460,2214.0
1969,WetDep_DOC_mgm2,"(1845, 1850]",1,2460,2214.0
1970,WetDep_DOC_mgm2,"(1850, 1855]",0,2460,2214.0
1971,WetDep_DOC_mgm2,"(1855, 1860]",0,2460,2214.0
1972,WetDep_DOC_mgm2,"(1860, 1865]",0,2460,2214.0
1973,WetDep_DOC_mgm2,"(1865, 1870]",0,2460,2214.0
1974,WetDep_DOC_mgm2,"(1870, 1875]",0,2460,2214.0
1975,WetDep_DOC_mgm2,"(1875, 1880]",0,2460,2214.0
1976,WetDep_DOC_mgm2,"(1880, 1885]",1,2460,2214.0
1977,WetDep_DOC_mgm2,"(1885, 1890]",0,2460,2214.0
1978,WetDep_DOC_mgm2,"(1890, 1895]",1,2460,2214.0
1979,WetDep_DOC_mgm2,"(1895, 1900]",0,2460,2214.0
1980,WetDep_DOC_mgm2,"(1900, 1905]",0,2460,2214.0
1981,WetDep_DOC_mgm2,"(1905, 1910]",1,2460,2214.0
1982,WetDep_DOC_mgm2,"(1910, 1915]",0,2460,2214.0
1983,WetDep_DOC_mgm2,"(1915, 1920]",0,2460,2214.0
1984,WetDep_DOC_mgm2,"(1920, 1925]",0,2460,2214.0
1985,WetDep_DOC_mgm2,"(1925, 1930]",1,2460,2214.0
1986,WetDep_DOC_mgm2,"(1930, 1935]",0,2460,2214.0
1987,WetDep_DOC_mgm2,"(1935, 1940]",1,2460,2214.0
1988,WetDep_DOC_mgm2,"(1940, 1945]",0,2460,2214.0
1989,WetDep_DOC_mgm2,"(1945, 1950]",1,2460,2214.0
1990,WetDep_DOC_mgm2,"(1950, 1955]",0,2460,2214.0
1991,WetDep_DOC_mgm2,"(1955, 1960]",0,2460,2214.0
1992,WetDep_DOC_mgm2,"(1960, 1965]",1,2460,2214.0
1993,WetDep_DOC_mgm2,"(1965, 1970]",0,2460,2214.0
1994,WetDep_DOC_mgm2,"(1970, 1975]",0,2460,2214.0
1995,WetDep_DOC_mgm2,"(1975, 1980]",1,2460,2214.0
1996,WetDep_DOC_mgm2,"(1980, 1985]",1,2460,2214.0
1997,WetDep_DOC_mgm2,"(1985, 1990]",0,2460,2214.0
1998,WetDep_DOC_mgm2,"(1990, 1995]",0,2460,2214.0
1999,WetDep_DOC_mgm2,"(1995, 2000]",0,2460,2214.0
