,Variable,Error_bin_scaled,Bin_count_scaled,Total_count,90_perc
0,Precipitation_mm,"(0, 5]",7628,157886,142097.4
1,Precipitation_mm,"(5, 10]",7758,157886,142097.4
2,Precipitation_mm,"(10, 15]",7842,157886,142097.4
3,Precipitation_mm,"(15, 20]",7673,157886,142097.4
4,Precipitation_mm,"(20, 25]",7796,157886,142097.4
5,Precipitation_mm,"(25, 30]",7587,157886,142097.4
6,Precipitation_mm,"(30, 35]",7657,157886,142097.4
7,Precipitation_mm,"(35, 40]",7657,157886,142097.4
8,Precipitation_mm,"(40, 45]",7387,157886,142097.4
9,Precipitation_mm,"(45, 50]",7275,157886,142097.4
10,Precipitation_mm,"(50, 55]",6944,157886,142097.4
11,Precipitation_mm,"(55, 60]",6745,157886,142097.4
12,Precipitation_mm,"(60, 65]",6437,157886,142097.4
13,Precipitation_mm,"(65, 70]",6117,157886,142097.4
14,Precipitation_mm,"(70, 75]",5751,157886,142097.4
15,Precipitation_mm,"(75, 80]",5583,157886,142097.4
16,Precipitation_mm,"(80, 85]",5139,157886,142097.4
17,Precipitation_mm,"(85, 90]",4647,157886,142097.4
18,Precipitation_mm,"(90, 95]",4172,157886,142097.4
19,Precipitation_mm,"(95, 100]",2923,157886,142097.4
20,Precipitation_mm,"(100, 105]",1164,157886,142097.4
21,Precipitation_mm,"(105, 110]",1223,157886,142097.4
22,Precipitation_mm,"(110, 115]",1153,157886,142097.4
23,Precipitation_mm,"(115, 120]",1093,157886,142097.4
24,Precipitation_mm,"(120, 125]",971,157886,142097.4
25,Precipitation_mm,"(125, 130]",939,157886,142097.4
26,Precipitation_mm,"(130, 135]",925,157886,142097.4
27,Precipitation_mm,"(135, 140]",935,157886,142097.4
28,Precipitation_mm,"(140, 145]",807,157886,142097.4
29,Precipitation_mm,"(145, 150]",799,157886,142097.4
30,Precipitation_mm,"(150, 155]",751,157886,142097.4
31,Precipitation_mm,"(155, 160]",761,157886,142097.4
32,Precipitation_mm,"(160, 165]",699,157886,142097.4
33,Precipitation_mm,"(165, 170]",646,157886,142097.4
34,Precipitation_mm,"(170, 175]",640,157886,142097.4
35,Precipitation_mm,"(175, 180]",636,157886,142097.4
36,Precipitation_mm,"(180, 185]",616,157886,142097.4
37,Precipitation_mm,"(185, 190]",587,157886,142097.4
38,Precipitation_mm,"(190, 195]",524,157886,142097.4
39,Precipitation_mm,"(195, 200]",542,157886,142097.4
40,Precipitation_mm,"(200, 205]",543,157886,142097.4
41,Precipitation_mm,"(205, 210]",517,157886,142097.4
42,Precipitation_mm,"(210, 215]",472,157886,142097.4
43,Precipitation_mm,"(215, 220]",452,157886,142097.4
44,Precipitation_mm,"(220, 225]",454,157886,142097.4
45,Precipitation_mm,"(225, 230]",420,157886,142097.4
46,Precipitation_mm,"(230, 235]",426,157886,142097.4
47,Precipitation_mm,"(235, 240]",373,157886,142097.4
48,Precipitation_mm,"(240, 245]",411,157886,142097.4
49,Precipitation_mm,"(245, 250]",415,157886,142097.4
50,Precipitation_mm,"(250, 255]",377,157886,142097.4
51,Precipitation_mm,"(255, 260]",370,157886,142097.4
52,Precipitation_mm,"(260, 265]",341,157886,142097.4
53,Precipitation_mm,"(265, 270]",323,157886,142097.4
54,Precipitation_mm,"(270, 275]",330,157886,142097.4
55,Precipitation_mm,"(275, 280]",311,157886,142097.4
56,Precipitation_mm,"(280, 285]",301,157886,142097.4
57,Precipitation_mm,"(285, 290]",285,157886,142097.4
58,Precipitation_mm,"(290, 295]",307,157886,142097.4
59,Precipitation_mm,"(295, 300]",293,157886,142097.4
60,Precipitation_mm,"(300, 305]",272,157886,142097.4
61,Precipitation_mm,"(305, 310]",258,157886,142097.4
62,Precipitation_mm,"(310, 315]",248,157886,142097.4
63,Precipitation_mm,"(315, 320]",253,157886,142097.4
64,Precipitation_mm,"(320, 325]",218,157886,142097.4
65,Precipitation_mm,"(325, 330]",252,157886,142097.4
66,Precipitation_mm,"(330, 335]",249,157886,142097.4
67,Precipitation_mm,"(335, 340]",236,157886,142097.4
68,Precipitation_mm,"(340, 345]",221,157886,142097.4
69,Precipitation_mm,"(345, 350]",233,157886,142097.4
70,Precipitation_mm,"(350, 355]",220,157886,142097.4
71,Precipitation_mm,"(355, 360]",185,157886,142097.4
72,Precipitation_mm,"(360, 365]",191,157886,142097.4
73,Precipitation_mm,"(365, 370]",0,157886,142097.4
74,Precipitation_mm,"(370, 375]",0,157886,142097.4
75,Precipitation_mm,"(375, 380]",0,157886,142097.4
76,Precipitation_mm,"(380, 385]",0,157886,142097.4
77,Precipitation_mm,"(385, 390]",0,157886,142097.4
78,Precipitation_mm,"(390, 395]",0,157886,142097.4
79,Precipitation_mm,"(395, 400]",0,157886,142097.4
80,Precipitation_mm,"(400, 405]",0,157886,142097.4
81,Precipitation_mm,"(405, 410]",0,157886,142097.4
82,Precipitation_mm,"(410, 415]",0,157886,142097.4
83,Precipitation_mm,"(415, 420]",0,157886,142097.4
84,Precipitation_mm,"(420, 425]",0,157886,142097.4
85,Precipitation_mm,"(425, 430]",0,157886,142097.4
86,Precipitation_mm,"(430, 435]",0,157886,142097.4
87,Precipitation_mm,"(435, 440]",0,157886,142097.4
88,Precipitation_mm,"(440, 445]",0,157886,142097.4
89,Precipitation_mm,"(445, 450]",0,157886,142097.4
90,Precipitation_mm,"(450, 455]",0,157886,142097.4
91,Precipitation_mm,"(455, 460]",0,157886,142097.4
92,Precipitation_mm,"(460, 465]",0,157886,142097.4
93,Precipitation_mm,"(465, 470]",0,157886,142097.4
94,Precipitation_mm,"(470, 475]",0,157886,142097.4
95,Precipitation_mm,"(475, 480]",0,157886,142097.4
96,Precipitation_mm,"(480, 485]",0,157886,142097.4
97,Precipitation_mm,"(485, 490]",0,157886,142097.4
98,Precipitation_mm,"(490, 495]",0,157886,142097.4
99,Precipitation_mm,"(495, 500]",0,157886,142097.4
100,Precipitation_mm,"(500, 505]",0,157886,142097.4
101,Precipitation_mm,"(505, 510]",0,157886,142097.4
102,Precipitation_mm,"(510, 515]",0,157886,142097.4
103,Precipitation_mm,"(515, 520]",0,157886,142097.4
104,Precipitation_mm,"(520, 525]",0,157886,142097.4
105,Precipitation_mm,"(525, 530]",0,157886,142097.4
106,Precipitation_mm,"(530, 535]",0,157886,142097.4
107,Precipitation_mm,"(535, 540]",0,157886,142097.4
108,Precipitation_mm,"(540, 545]",0,157886,142097.4
109,Precipitation_mm,"(545, 550]",0,157886,142097.4
110,Precipitation_mm,"(550, 555]",0,157886,142097.4
111,Precipitation_mm,"(555, 560]",0,157886,142097.4
112,Precipitation_mm,"(560, 565]",0,157886,142097.4
113,Precipitation_mm,"(565, 570]",0,157886,142097.4
114,Precipitation_mm,"(570, 575]",0,157886,142097.4
115,Precipitation_mm,"(575, 580]",0,157886,142097.4
116,Precipitation_mm,"(580, 585]",0,157886,142097.4
117,Precipitation_mm,"(585, 590]",0,157886,142097.4
118,Precipitation_mm,"(590, 595]",0,157886,142097.4
119,Precipitation_mm,"(595, 600]",0,157886,142097.4
120,Precipitation_mm,"(600, 605]",0,157886,142097.4
121,Precipitation_mm,"(605, 610]",0,157886,142097.4
122,Precipitation_mm,"(610, 615]",0,157886,142097.4
123,Precipitation_mm,"(615, 620]",0,157886,142097.4
124,Precipitation_mm,"(620, 625]",0,157886,142097.4
125,Precipitation_mm,"(625, 630]",0,157886,142097.4
126,Precipitation_mm,"(630, 635]",0,157886,142097.4
127,Precipitation_mm,"(635, 640]",0,157886,142097.4
128,Precipitation_mm,"(640, 645]",0,157886,142097.4
129,Precipitation_mm,"(645, 650]",0,157886,142097.4
130,Precipitation_mm,"(650, 655]",0,157886,142097.4
131,Precipitation_mm,"(655, 660]",0,157886,142097.4
132,Precipitation_mm,"(660, 665]",0,157886,142097.4
133,Precipitation_mm,"(665, 670]",0,157886,142097.4
134,Precipitation_mm,"(670, 675]",0,157886,142097.4
135,Precipitation_mm,"(675, 680]",0,157886,142097.4
136,Precipitation_mm,"(680, 685]",0,157886,142097.4
137,Precipitation_mm,"(685, 690]",0,157886,142097.4
138,Precipitation_mm,"(690, 695]",0,157886,142097.4
139,Precipitation_mm,"(695, 700]",0,157886,142097.4
140,Precipitation_mm,"(700, 705]",0,157886,142097.4
141,Precipitation_mm,"(705, 710]",0,157886,142097.4
142,Precipitation_mm,"(710, 715]",0,157886,142097.4
143,Precipitation_mm,"(715, 720]",0,157886,142097.4
144,Precipitation_mm,"(720, 725]",0,157886,142097.4
145,Precipitation_mm,"(725, 730]",0,157886,142097.4
146,Precipitation_mm,"(730, 735]",0,157886,142097.4
147,Precipitation_mm,"(735, 740]",0,157886,142097.4
148,Precipitation_mm,"(740, 745]",0,157886,142097.4
149,Precipitation_mm,"(745, 750]",0,157886,142097.4
150,Precipitation_mm,"(750, 755]",0,157886,142097.4
151,Precipitation_mm,"(755, 760]",0,157886,142097.4
152,Precipitation_mm,"(760, 765]",0,157886,142097.4
153,Precipitation_mm,"(765, 770]",0,157886,142097.4
154,Precipitation_mm,"(770, 775]",0,157886,142097.4
155,Precipitation_mm,"(775, 780]",0,157886,142097.4
156,Precipitation_mm,"(780, 785]",0,157886,142097.4
157,Precipitation_mm,"(785, 790]",0,157886,142097.4
158,Precipitation_mm,"(790, 795]",0,157886,142097.4
159,Precipitation_mm,"(795, 800]",0,157886,142097.4
160,Precipitation_mm,"(800, 805]",0,157886,142097.4
161,Precipitation_mm,"(805, 810]",0,157886,142097.4
162,Precipitation_mm,"(810, 815]",0,157886,142097.4
163,Precipitation_mm,"(815, 820]",0,157886,142097.4
164,Precipitation_mm,"(820, 825]",0,157886,142097.4
165,Precipitation_mm,"(825, 830]",0,157886,142097.4
166,Precipitation_mm,"(830, 835]",0,157886,142097.4
167,Precipitation_mm,"(835, 840]",0,157886,142097.4
168,Precipitation_mm,"(840, 845]",0,157886,142097.4
169,Precipitation_mm,"(845, 850]",0,157886,142097.4
170,Precipitation_mm,"(850, 855]",0,157886,142097.4
171,Precipitation_mm,"(855, 860]",0,157886,142097.4
172,Precipitation_mm,"(860, 865]",0,157886,142097.4
173,Precipitation_mm,"(865, 870]",0,157886,142097.4
174,Precipitation_mm,"(870, 875]",0,157886,142097.4
175,Precipitation_mm,"(875, 880]",0,157886,142097.4
176,Precipitation_mm,"(880, 885]",0,157886,142097.4
177,Precipitation_mm,"(885, 890]",0,157886,142097.4
178,Precipitation_mm,"(890, 895]",0,157886,142097.4
179,Precipitation_mm,"(895, 900]",0,157886,142097.4
180,Precipitation_mm,"(900, 905]",0,157886,142097.4
181,Precipitation_mm,"(905, 910]",0,157886,142097.4
182,Precipitation_mm,"(910, 915]",0,157886,142097.4
183,Precipitation_mm,"(915, 920]",0,157886,142097.4
184,Precipitation_mm,"(920, 925]",0,157886,142097.4
185,Precipitation_mm,"(925, 930]",0,157886,142097.4
186,Precipitation_mm,"(930, 935]",0,157886,142097.4
187,Precipitation_mm,"(935, 940]",0,157886,142097.4
188,Precipitation_mm,"(940, 945]",0,157886,142097.4
189,Precipitation_mm,"(945, 950]",0,157886,142097.4
190,Precipitation_mm,"(950, 955]",0,157886,142097.4
191,Precipitation_mm,"(955, 960]",0,157886,142097.4
192,Precipitation_mm,"(960, 965]",0,157886,142097.4
193,Precipitation_mm,"(965, 970]",0,157886,142097.4
194,Precipitation_mm,"(970, 975]",0,157886,142097.4
195,Precipitation_mm,"(975, 980]",0,157886,142097.4
196,Precipitation_mm,"(980, 985]",0,157886,142097.4
197,Precipitation_mm,"(985, 990]",0,157886,142097.4
198,Precipitation_mm,"(990, 995]",0,157886,142097.4
199,Precipitation_mm,"(995, 1000]",0,157886,142097.4
200,Precipitation_mm,"(1000, 1005]",0,157886,142097.4
201,Precipitation_mm,"(1005, 1010]",0,157886,142097.4
202,Precipitation_mm,"(1010, 1015]",0,157886,142097.4
203,Precipitation_mm,"(1015, 1020]",0,157886,142097.4
204,Precipitation_mm,"(1020, 1025]",0,157886,142097.4
205,Precipitation_mm,"(1025, 1030]",0,157886,142097.4
206,Precipitation_mm,"(1030, 1035]",0,157886,142097.4
207,Precipitation_mm,"(1035, 1040]",0,157886,142097.4
208,Precipitation_mm,"(1040, 1045]",0,157886,142097.4
209,Precipitation_mm,"(1045, 1050]",0,157886,142097.4
210,Precipitation_mm,"(1050, 1055]",0,157886,142097.4
211,Precipitation_mm,"(1055, 1060]",0,157886,142097.4
212,Precipitation_mm,"(1060, 1065]",0,157886,142097.4
213,Precipitation_mm,"(1065, 1070]",0,157886,142097.4
214,Precipitation_mm,"(1070, 1075]",0,157886,142097.4
215,Precipitation_mm,"(1075, 1080]",0,157886,142097.4
216,Precipitation_mm,"(1080, 1085]",0,157886,142097.4
217,Precipitation_mm,"(1085, 1090]",0,157886,142097.4
218,Precipitation_mm,"(1090, 1095]",0,157886,142097.4
219,Precipitation_mm,"(1095, 1100]",0,157886,142097.4
220,Precipitation_mm,"(1100, 1105]",0,157886,142097.4
221,Precipitation_mm,"(1105, 1110]",0,157886,142097.4
222,Precipitation_mm,"(1110, 1115]",0,157886,142097.4
223,Precipitation_mm,"(1115, 1120]",0,157886,142097.4
224,Precipitation_mm,"(1120, 1125]",0,157886,142097.4
225,Precipitation_mm,"(1125, 1130]",0,157886,142097.4
226,Precipitation_mm,"(1130, 1135]",0,157886,142097.4
227,Precipitation_mm,"(1135, 1140]",0,157886,142097.4
228,Precipitation_mm,"(1140, 1145]",0,157886,142097.4
229,Precipitation_mm,"(1145, 1150]",0,157886,142097.4
230,Precipitation_mm,"(1150, 1155]",0,157886,142097.4
231,Precipitation_mm,"(1155, 1160]",0,157886,142097.4
232,Precipitation_mm,"(1160, 1165]",0,157886,142097.4
233,Precipitation_mm,"(1165, 1170]",0,157886,142097.4
234,Precipitation_mm,"(1170, 1175]",0,157886,142097.4
235,Precipitation_mm,"(1175, 1180]",0,157886,142097.4
236,Precipitation_mm,"(1180, 1185]",0,157886,142097.4
237,Precipitation_mm,"(1185, 1190]",0,157886,142097.4
238,Precipitation_mm,"(1190, 1195]",0,157886,142097.4
239,Precipitation_mm,"(1195, 1200]",0,157886,142097.4
240,Precipitation_mm,"(1200, 1205]",0,157886,142097.4
241,Precipitation_mm,"(1205, 1210]",0,157886,142097.4
242,Precipitation_mm,"(1210, 1215]",0,157886,142097.4
243,Precipitation_mm,"(1215, 1220]",0,157886,142097.4
244,Precipitation_mm,"(1220, 1225]",0,157886,142097.4
245,Precipitation_mm,"(1225, 1230]",0,157886,142097.4
246,Precipitation_mm,"(1230, 1235]",0,157886,142097.4
247,Precipitation_mm,"(1235, 1240]",0,157886,142097.4
248,Precipitation_mm,"(1240, 1245]",0,157886,142097.4
249,Precipitation_mm,"(1245, 1250]",0,157886,142097.4
250,Precipitation_mm,"(1250, 1255]",0,157886,142097.4
251,Precipitation_mm,"(1255, 1260]",0,157886,142097.4
252,Precipitation_mm,"(1260, 1265]",0,157886,142097.4
253,Precipitation_mm,"(1265, 1270]",0,157886,142097.4
254,Precipitation_mm,"(1270, 1275]",0,157886,142097.4
255,Precipitation_mm,"(1275, 1280]",0,157886,142097.4
256,Precipitation_mm,"(1280, 1285]",0,157886,142097.4
257,Precipitation_mm,"(1285, 1290]",0,157886,142097.4
258,Precipitation_mm,"(1290, 1295]",0,157886,142097.4
259,Precipitation_mm,"(1295, 1300]",0,157886,142097.4
260,Precipitation_mm,"(1300, 1305]",0,157886,142097.4
261,Precipitation_mm,"(1305, 1310]",0,157886,142097.4
262,Precipitation_mm,"(1310, 1315]",0,157886,142097.4
263,Precipitation_mm,"(1315, 1320]",0,157886,142097.4
264,Precipitation_mm,"(1320, 1325]",0,157886,142097.4
265,Precipitation_mm,"(1325, 1330]",0,157886,142097.4
266,Precipitation_mm,"(1330, 1335]",0,157886,142097.4
267,Precipitation_mm,"(1335, 1340]",0,157886,142097.4
268,Precipitation_mm,"(1340, 1345]",0,157886,142097.4
269,Precipitation_mm,"(1345, 1350]",0,157886,142097.4
270,Precipitation_mm,"(1350, 1355]",0,157886,142097.4
271,Precipitation_mm,"(1355, 1360]",0,157886,142097.4
272,Precipitation_mm,"(1360, 1365]",0,157886,142097.4
273,Precipitation_mm,"(1365, 1370]",0,157886,142097.4
274,Precipitation_mm,"(1370, 1375]",0,157886,142097.4
275,Precipitation_mm,"(1375, 1380]",0,157886,142097.4
276,Precipitation_mm,"(1380, 1385]",0,157886,142097.4
277,Precipitation_mm,"(1385, 1390]",0,157886,142097.4
278,Precipitation_mm,"(1390, 1395]",0,157886,142097.4
279,Precipitation_mm,"(1395, 1400]",0,157886,142097.4
280,Precipitation_mm,"(1400, 1405]",0,157886,142097.4
281,Precipitation_mm,"(1405, 1410]",0,157886,142097.4
282,Precipitation_mm,"(1410, 1415]",0,157886,142097.4
283,Precipitation_mm,"(1415, 1420]",0,157886,142097.4
284,Precipitation_mm,"(1420, 1425]",0,157886,142097.4
285,Precipitation_mm,"(1425, 1430]",0,157886,142097.4
286,Precipitation_mm,"(1430, 1435]",0,157886,142097.4
287,Precipitation_mm,"(1435, 1440]",0,157886,142097.4
288,Precipitation_mm,"(1440, 1445]",0,157886,142097.4
289,Precipitation_mm,"(1445, 1450]",0,157886,142097.4
290,Precipitation_mm,"(1450, 1455]",0,157886,142097.4
291,Precipitation_mm,"(1455, 1460]",0,157886,142097.4
292,Precipitation_mm,"(1460, 1465]",0,157886,142097.4
293,Precipitation_mm,"(1465, 1470]",0,157886,142097.4
294,Precipitation_mm,"(1470, 1475]",0,157886,142097.4
295,Precipitation_mm,"(1475, 1480]",0,157886,142097.4
296,Precipitation_mm,"(1480, 1485]",0,157886,142097.4
297,Precipitation_mm,"(1485, 1490]",0,157886,142097.4
298,Precipitation_mm,"(1490, 1495]",0,157886,142097.4
299,Precipitation_mm,"(1495, 1500]",0,157886,142097.4
300,Precipitation_mm,"(1500, 1505]",0,157886,142097.4
301,Precipitation_mm,"(1505, 1510]",0,157886,142097.4
302,Precipitation_mm,"(1510, 1515]",0,157886,142097.4
303,Precipitation_mm,"(1515, 1520]",0,157886,142097.4
304,Precipitation_mm,"(1520, 1525]",0,157886,142097.4
305,Precipitation_mm,"(1525, 1530]",0,157886,142097.4
306,Precipitation_mm,"(1530, 1535]",0,157886,142097.4
307,Precipitation_mm,"(1535, 1540]",0,157886,142097.4
308,Precipitation_mm,"(1540, 1545]",0,157886,142097.4
309,Precipitation_mm,"(1545, 1550]",0,157886,142097.4
310,Precipitation_mm,"(1550, 1555]",0,157886,142097.4
311,Precipitation_mm,"(1555, 1560]",0,157886,142097.4
312,Precipitation_mm,"(1560, 1565]",0,157886,142097.4
313,Precipitation_mm,"(1565, 1570]",0,157886,142097.4
314,Precipitation_mm,"(1570, 1575]",0,157886,142097.4
315,Precipitation_mm,"(1575, 1580]",0,157886,142097.4
316,Precipitation_mm,"(1580, 1585]",0,157886,142097.4
317,Precipitation_mm,"(1585, 1590]",0,157886,142097.4
318,Precipitation_mm,"(1590, 1595]",0,157886,142097.4
319,Precipitation_mm,"(1595, 1600]",0,157886,142097.4
320,Precipitation_mm,"(1600, 1605]",0,157886,142097.4
321,Precipitation_mm,"(1605, 1610]",0,157886,142097.4
322,Precipitation_mm,"(1610, 1615]",0,157886,142097.4
323,Precipitation_mm,"(1615, 1620]",0,157886,142097.4
324,Precipitation_mm,"(1620, 1625]",0,157886,142097.4
325,Precipitation_mm,"(1625, 1630]",0,157886,142097.4
326,Precipitation_mm,"(1630, 1635]",0,157886,142097.4
327,Precipitation_mm,"(1635, 1640]",0,157886,142097.4
328,Precipitation_mm,"(1640, 1645]",0,157886,142097.4
329,Precipitation_mm,"(1645, 1650]",0,157886,142097.4
330,Precipitation_mm,"(1650, 1655]",0,157886,142097.4
331,Precipitation_mm,"(1655, 1660]",0,157886,142097.4
332,Precipitation_mm,"(1660, 1665]",0,157886,142097.4
333,Precipitation_mm,"(1665, 1670]",0,157886,142097.4
334,Precipitation_mm,"(1670, 1675]",0,157886,142097.4
335,Precipitation_mm,"(1675, 1680]",0,157886,142097.4
336,Precipitation_mm,"(1680, 1685]",0,157886,142097.4
337,Precipitation_mm,"(1685, 1690]",0,157886,142097.4
338,Precipitation_mm,"(1690, 1695]",0,157886,142097.4
339,Precipitation_mm,"(1695, 1700]",0,157886,142097.4
340,Precipitation_mm,"(1700, 1705]",0,157886,142097.4
341,Precipitation_mm,"(1705, 1710]",0,157886,142097.4
342,Precipitation_mm,"(1710, 1715]",0,157886,142097.4
343,Precipitation_mm,"(1715, 1720]",0,157886,142097.4
344,Precipitation_mm,"(1720, 1725]",0,157886,142097.4
345,Precipitation_mm,"(1725, 1730]",0,157886,142097.4
346,Precipitation_mm,"(1730, 1735]",0,157886,142097.4
347,Precipitation_mm,"(1735, 1740]",0,157886,142097.4
348,Precipitation_mm,"(1740, 1745]",0,157886,142097.4
349,Precipitation_mm,"(1745, 1750]",0,157886,142097.4
350,Precipitation_mm,"(1750, 1755]",0,157886,142097.4
351,Precipitation_mm,"(1755, 1760]",0,157886,142097.4
352,Precipitation_mm,"(1760, 1765]",0,157886,142097.4
353,Precipitation_mm,"(1765, 1770]",0,157886,142097.4
354,Precipitation_mm,"(1770, 1775]",0,157886,142097.4
355,Precipitation_mm,"(1775, 1780]",0,157886,142097.4
356,Precipitation_mm,"(1780, 1785]",0,157886,142097.4
357,Precipitation_mm,"(1785, 1790]",0,157886,142097.4
358,Precipitation_mm,"(1790, 1795]",0,157886,142097.4
359,Precipitation_mm,"(1795, 1800]",0,157886,142097.4
360,Precipitation_mm,"(1800, 1805]",0,157886,142097.4
361,Precipitation_mm,"(1805, 1810]",0,157886,142097.4
362,Precipitation_mm,"(1810, 1815]",0,157886,142097.4
363,Precipitation_mm,"(1815, 1820]",0,157886,142097.4
364,Precipitation_mm,"(1820, 1825]",0,157886,142097.4
365,Precipitation_mm,"(1825, 1830]",0,157886,142097.4
366,Precipitation_mm,"(1830, 1835]",0,157886,142097.4
367,Precipitation_mm,"(1835, 1840]",0,157886,142097.4
368,Precipitation_mm,"(1840, 1845]",0,157886,142097.4
369,Precipitation_mm,"(1845, 1850]",0,157886,142097.4
370,Precipitation_mm,"(1850, 1855]",0,157886,142097.4
371,Precipitation_mm,"(1855, 1860]",0,157886,142097.4
372,Precipitation_mm,"(1860, 1865]",0,157886,142097.4
373,Precipitation_mm,"(1865, 1870]",0,157886,142097.4
374,Precipitation_mm,"(1870, 1875]",0,157886,142097.4
375,Precipitation_mm,"(1875, 1880]",0,157886,142097.4
376,Precipitation_mm,"(1880, 1885]",0,157886,142097.4
377,Precipitation_mm,"(1885, 1890]",0,157886,142097.4
378,Precipitation_mm,"(1890, 1895]",0,157886,142097.4
379,Precipitation_mm,"(1895, 1900]",0,157886,142097.4
380,Precipitation_mm,"(1900, 1905]",0,157886,142097.4
381,Precipitation_mm,"(1905, 1910]",0,157886,142097.4
382,Precipitation_mm,"(1910, 1915]",0,157886,142097.4
383,Precipitation_mm,"(1915, 1920]",0,157886,142097.4
384,Precipitation_mm,"(1920, 1925]",0,157886,142097.4
385,Precipitation_mm,"(1925, 1930]",0,157886,142097.4
386,Precipitation_mm,"(1930, 1935]",0,157886,142097.4
387,Precipitation_mm,"(1935, 1940]",0,157886,142097.4
388,Precipitation_mm,"(1940, 1945]",0,157886,142097.4
389,Precipitation_mm,"(1945, 1950]",0,157886,142097.4
390,Precipitation_mm,"(1950, 1955]",0,157886,142097.4
391,Precipitation_mm,"(1955, 1960]",0,157886,142097.4
392,Precipitation_mm,"(1960, 1965]",0,157886,142097.4
393,Precipitation_mm,"(1965, 1970]",0,157886,142097.4
394,Precipitation_mm,"(1970, 1975]",0,157886,142097.4
395,Precipitation_mm,"(1975, 1980]",0,157886,142097.4
396,Precipitation_mm,"(1980, 1985]",0,157886,142097.4
397,Precipitation_mm,"(1985, 1990]",0,157886,142097.4
398,Precipitation_mm,"(1990, 1995]",0,157886,142097.4
399,Precipitation_mm,"(1995, 2000]",0,157886,142097.4
400,WetDep_DOC_mgm2,"(0, 5]",97,2460,2214.0
401,WetDep_DOC_mgm2,"(5, 10]",92,2460,2214.0
402,WetDep_DOC_mgm2,"(10, 15]",89,2460,2214.0
403,WetDep_DOC_mgm2,"(15, 20]",98,2460,2214.0
404,WetDep_DOC_mgm2,"(20, 25]",103,2460,2214.0
405,WetDep_DOC_mgm2,"(25, 30]",88,2460,2214.0
406,WetDep_DOC_mgm2,"(30, 35]",97,2460,2214.0
407,WetDep_DOC_mgm2,"(35, 40]",114,2460,2214.0
408,WetDep_DOC_mgm2,"(40, 45]",120,2460,2214.0
409,WetDep_DOC_mgm2,"(45, 50]",120,2460,2214.0
410,WetDep_DOC_mgm2,"(50, 55]",109,2460,2214.0
411,WetDep_DOC_mgm2,"(55, 60]",94,2460,2214.0
412,WetDep_DOC_mgm2,"(60, 65]",111,2460,2214.0
413,WetDep_DOC_mgm2,"(65, 70]",89,2460,2214.0
414,WetDep_DOC_mgm2,"(70, 75]",105,2460,2214.0
415,WetDep_DOC_mgm2,"(75, 80]",86,2460,2214.0
416,WetDep_DOC_mgm2,"(80, 85]",83,2460,2214.0
417,WetDep_DOC_mgm2,"(85, 90]",52,2460,2214.0
418,WetDep_DOC_mgm2,"(90, 95]",30,2460,2214.0
419,WetDep_DOC_mgm2,"(95, 100]",57,2460,2214.0
420,WetDep_DOC_mgm2,"(100, 105]",19,2460,2214.0
421,WetDep_DOC_mgm2,"(105, 110]",13,2460,2214.0
422,WetDep_DOC_mgm2,"(110, 115]",13,2460,2214.0
423,WetDep_DOC_mgm2,"(115, 120]",11,2460,2214.0
424,WetDep_DOC_mgm2,"(120, 125]",17,2460,2214.0
425,WetDep_DOC_mgm2,"(125, 130]",11,2460,2214.0
426,WetDep_DOC_mgm2,"(130, 135]",7,2460,2214.0
427,WetDep_DOC_mgm2,"(135, 140]",9,2460,2214.0
428,WetDep_DOC_mgm2,"(140, 145]",18,2460,2214.0
429,WetDep_DOC_mgm2,"(145, 150]",13,2460,2214.0
430,WetDep_DOC_mgm2,"(150, 155]",8,2460,2214.0
431,WetDep_DOC_mgm2,"(155, 160]",13,2460,2214.0
432,WetDep_DOC_mgm2,"(160, 165]",9,2460,2214.0
433,WetDep_DOC_mgm2,"(165, 170]",12,2460,2214.0
434,WetDep_DOC_mgm2,"(170, 175]",9,2460,2214.0
435,WetDep_DOC_mgm2,"(175, 180]",12,2460,2214.0
436,WetDep_DOC_mgm2,"(180, 185]",16,2460,2214.0
437,WetDep_DOC_mgm2,"(185, 190]",10,2460,2214.0
438,WetDep_DOC_mgm2,"(190, 195]",7,2460,2214.0
439,WetDep_DOC_mgm2,"(195, 200]",14,2460,2214.0
440,WetDep_DOC_mgm2,"(200, 205]",11,2460,2214.0
441,WetDep_DOC_mgm2,"(205, 210]",6,2460,2214.0
442,WetDep_DOC_mgm2,"(210, 215]",10,2460,2214.0
443,WetDep_DOC_mgm2,"(215, 220]",4,2460,2214.0
444,WetDep_DOC_mgm2,"(220, 225]",7,2460,2214.0
445,WetDep_DOC_mgm2,"(225, 230]",6,2460,2214.0
446,WetDep_DOC_mgm2,"(230, 235]",4,2460,2214.0
447,WetDep_DOC_mgm2,"(235, 240]",4,2460,2214.0
448,WetDep_DOC_mgm2,"(240, 245]",5,2460,2214.0
449,WetDep_DOC_mgm2,"(245, 250]",6,2460,2214.0
450,WetDep_DOC_mgm2,"(250, 255]",4,2460,2214.0
451,WetDep_DOC_mgm2,"(255, 260]",6,2460,2214.0
452,WetDep_DOC_mgm2,"(260, 265]",3,2460,2214.0
453,WetDep_DOC_mgm2,"(265, 270]",3,2460,2214.0
454,WetDep_DOC_mgm2,"(270, 275]",6,2460,2214.0
455,WetDep_DOC_mgm2,"(275, 280]",1,2460,2214.0
456,WetDep_DOC_mgm2,"(280, 285]",2,2460,2214.0
457,WetDep_DOC_mgm2,"(285, 290]",8,2460,2214.0
458,WetDep_DOC_mgm2,"(290, 295]",4,2460,2214.0
459,WetDep_DOC_mgm2,"(295, 300]",6,2460,2214.0
460,WetDep_DOC_mgm2,"(300, 305]",3,2460,2214.0
461,WetDep_DOC_mgm2,"(305, 310]",2,2460,2214.0
462,WetDep_DOC_mgm2,"(310, 315]",5,2460,2214.0
463,WetDep_DOC_mgm2,"(315, 320]",7,2460,2214.0
464,WetDep_DOC_mgm2,"(320, 325]",3,2460,2214.0
465,WetDep_DOC_mgm2,"(325, 330]",5,2460,2214.0
466,WetDep_DOC_mgm2,"(330, 335]",3,2460,2214.0
467,WetDep_DOC_mgm2,"(335, 340]",2,2460,2214.0
468,WetDep_DOC_mgm2,"(340, 345]",3,2460,2214.0
469,WetDep_DOC_mgm2,"(345, 350]",7,2460,2214.0
470,WetDep_DOC_mgm2,"(350, 355]",1,2460,2214.0
471,WetDep_DOC_mgm2,"(355, 360]",1,2460,2214.0
472,WetDep_DOC_mgm2,"(360, 365]",1,2460,2214.0
473,WetDep_DOC_mgm2,"(365, 370]",3,2460,2214.0
474,WetDep_DOC_mgm2,"(370, 375]",2,2460,2214.0
475,WetDep_DOC_mgm2,"(375, 380]",3,2460,2214.0
476,WetDep_DOC_mgm2,"(380, 385]",0,2460,2214.0
477,WetDep_DOC_mgm2,"(385, 390]",6,2460,2214.0
478,WetDep_DOC_mgm2,"(390, 395]",0,2460,2214.0
479,WetDep_DOC_mgm2,"(395, 400]",2,2460,2214.0
480,WetDep_DOC_mgm2,"(400, 405]",4,2460,2214.0
481,WetDep_DOC_mgm2,"(405, 410]",7,2460,2214.0
482,WetDep_DOC_mgm2,"(410, 415]",3,2460,2214.0
483,WetDep_DOC_mgm2,"(415, 420]",4,2460,2214.0
484,WetDep_DOC_mgm2,"(420, 425]",5,2460,2214.0
485,WetDep_DOC_mgm2,"(425, 430]",2,2460,2214.0
486,WetDep_DOC_mgm2,"(430, 435]",1,2460,2214.0
487,WetDep_DOC_mgm2,"(435, 440]",3,2460,2214.0
488,WetDep_DOC_mgm2,"(440, 445]",0,2460,2214.0
489,WetDep_DOC_mgm2,"(445, 450]",2,2460,2214.0
490,WetDep_DOC_mgm2,"(450, 455]",4,2460,2214.0
491,WetDep_DOC_mgm2,"(455, 460]",1,2460,2214.0
492,WetDep_DOC_mgm2,"(460, 465]",1,2460,2214.0
493,WetDep_DOC_mgm2,"(465, 470]",2,2460,2214.0
494,WetDep_DOC_mgm2,"(470, 475]",5,2460,2214.0
495,WetDep_DOC_mgm2,"(475, 480]",2,2460,2214.0
496,WetDep_DOC_mgm2,"(480, 485]",1,2460,2214.0
497,WetDep_DOC_mgm2,"(485, 490]",3,2460,2214.0
498,WetDep_DOC_mgm2,"(490, 495]",0,2460,2214.0
499,WetDep_DOC_mgm2,"(495, 500]",2,2460,2214.0
500,WetDep_DOC_mgm2,"(500, 505]",3,2460,2214.0
501,WetDep_DOC_mgm2,"(505, 510]",4,2460,2214.0
502,WetDep_DOC_mgm2,"(510, 515]",4,2460,2214.0
503,WetDep_DOC_mgm2,"(515, 520]",4,2460,2214.0
504,WetDep_DOC_mgm2,"(520, 525]",3,2460,2214.0
505,WetDep_DOC_mgm2,"(525, 530]",1,2460,2214.0
506,WetDep_DOC_mgm2,"(530, 535]",4,2460,2214.0
507,WetDep_DOC_mgm2,"(535, 540]",2,2460,2214.0
508,WetDep_DOC_mgm2,"(540, 545]",2,2460,2214.0
509,WetDep_DOC_mgm2,"(545, 550]",1,2460,2214.0
510,WetDep_DOC_mgm2,"(550, 555]",4,2460,2214.0
511,WetDep_DOC_mgm2,"(555, 560]",1,2460,2214.0
512,WetDep_DOC_mgm2,"(560, 565]",1,2460,2214.0
513,WetDep_DOC_mgm2,"(565, 570]",3,2460,2214.0
514,WetDep_DOC_mgm2,"(570, 575]",0,2460,2214.0
515,WetDep_DOC_mgm2,"(575, 580]",0,2460,2214.0
516,WetDep_DOC_mgm2,"(580, 585]",2,2460,2214.0
517,WetDep_DOC_mgm2,"(585, 590]",2,2460,2214.0
518,WetDep_DOC_mgm2,"(590, 595]",1,2460,2214.0
519,WetDep_DOC_mgm2,"(595, 600]",0,2460,2214.0
520,WetDep_DOC_mgm2,"(600, 605]",3,2460,2214.0
521,WetDep_DOC_mgm2,"(605, 610]",4,2460,2214.0
522,WetDep_DOC_mgm2,"(610, 615]",0,2460,2214.0
523,WetDep_DOC_mgm2,"(615, 620]",0,2460,2214.0
524,WetDep_DOC_mgm2,"(620, 625]",3,2460,2214.0
525,WetDep_DOC_mgm2,"(625, 630]",3,2460,2214.0
526,WetDep_DOC_mgm2,"(630, 635]",1,2460,2214.0
527,WetDep_DOC_mgm2,"(635, 640]",1,2460,2214.0
528,WetDep_DOC_mgm2,"(640, 645]",0,2460,2214.0
529,WetDep_DOC_mgm2,"(645, 650]",1,2460,2214.0
530,WetDep_DOC_mgm2,"(650, 655]",4,2460,2214.0
531,WetDep_DOC_mgm2,"(655, 660]",1,2460,2214.0
532,WetDep_DOC_mgm2,"(660, 665]",1,2460,2214.0
533,WetDep_DOC_mgm2,"(665, 670]",1,2460,2214.0
534,WetDep_DOC_mgm2,"(670, 675]",0,2460,2214.0
535,WetDep_DOC_mgm2,"(675, 680]",1,2460,2214.0
536,WetDep_DOC_mgm2,"(680, 685]",0,2460,2214.0
537,WetDep_DOC_mgm2,"(685, 690]",2,2460,2214.0
538,WetDep_DOC_mgm2,"(690, 695]",1,2460,2214.0
539,WetDep_DOC_mgm2,"(695, 700]",1,2460,2214.0
540,WetDep_DOC_mgm2,"(700, 705]",1,2460,2214.0
541,WetDep_DOC_mgm2,"(705, 710]",0,2460,2214.0
542,WetDep_DOC_mgm2,"(710, 715]",0,2460,2214.0
543,WetDep_DOC_mgm2,"(715, 720]",1,2460,2214.0
544,WetDep_DOC_mgm2,"(720, 725]",0,2460,2214.0
545,WetDep_DOC_mgm2,"(725, 730]",2,2460,2214.0
546,WetDep_DOC_mgm2,"(730, 735]",1,2460,2214.0
547,WetDep_DOC_mgm2,"(735, 740]",0,2460,2214.0
548,WetDep_DOC_mgm2,"(740, 745]",0,2460,2214.0
549,WetDep_DOC_mgm2,"(745, 750]",1,2460,2214.0
550,WetDep_DOC_mgm2,"(750, 755]",1,2460,2214.0
551,WetDep_DOC_mgm2,"(755, 760]",1,2460,2214.0
552,WetDep_DOC_mgm2,"(760, 765]",0,2460,2214.0
553,WetDep_DOC_mgm2,"(765, 770]",1,2460,2214.0
554,WetDep_DOC_mgm2,"(770, 775]",1,2460,2214.0
555,WetDep_DOC_mgm2,"(775, 780]",1,2460,2214.0
556,WetDep_DOC_mgm2,"(780, 785]",1,2460,2214.0
557,WetDep_DOC_mgm2,"(785, 790]",1,2460,2214.0
558,WetDep_DOC_mgm2,"(790, 795]",1,2460,2214.0
559,WetDep_DOC_mgm2,"(795, 800]",0,2460,2214.0
560,WetDep_DOC_mgm2,"(800, 805]",1,2460,2214.0
561,WetDep_DOC_mgm2,"(805, 810]",0,2460,2214.0
562,WetDep_DOC_mgm2,"(810, 815]",0,2460,2214.0
563,WetDep_DOC_mgm2,"(815, 820]",0,2460,2214.0
564,WetDep_DOC_mgm2,"(820, 825]",0,2460,2214.0
565,WetDep_DOC_mgm2,"(825, 830]",0,2460,2214.0
566,WetDep_DOC_mgm2,"(830, 835]",1,2460,2214.0
567,WetDep_DOC_mgm2,"(835, 840]",0,2460,2214.0
568,WetDep_DOC_mgm2,"(840, 845]",1,2460,2214.0
569,WetDep_DOC_mgm2,"(845, 850]",0,2460,2214.0
570,WetDep_DOC_mgm2,"(850, 855]",0,2460,2214.0
571,WetDep_DOC_mgm2,"(855, 860]",2,2460,2214.0
572,WetDep_DOC_mgm2,"(860, 865]",1,2460,2214.0
573,WetDep_DOC_mgm2,"(865, 870]",0,2460,2214.0
574,WetDep_DOC_mgm2,"(870, 875]",1,2460,2214.0
575,WetDep_DOC_mgm2,"(875, 880]",0,2460,2214.0
576,WetDep_DOC_mgm2,"(880, 885]",1,2460,2214.0
577,WetDep_DOC_mgm2,"(885, 890]",0,2460,2214.0
578,WetDep_DOC_mgm2,"(890, 895]",1,2460,2214.0
579,WetDep_DOC_mgm2,"(895, 900]",1,2460,2214.0
580,WetDep_DOC_mgm2,"(900, 905]",0,2460,2214.0
581,WetDep_DOC_mgm2,"(905, 910]",0,2460,2214.0
582,WetDep_DOC_mgm2,"(910, 915]",0,2460,2214.0
583,WetDep_DOC_mgm2,"(915, 920]",1,2460,2214.0
584,WetDep_DOC_mgm2,"(920, 925]",1,2460,2214.0
585,WetDep_DOC_mgm2,"(925, 930]",0,2460,2214.0
586,WetDep_DOC_mgm2,"(930, 935]",0,2460,2214.0
587,WetDep_DOC_mgm2,"(935, 940]",1,2460,2214.0
588,WetDep_DOC_mgm2,"(940, 945]",0,2460,2214.0
589,WetDep_DOC_mgm2,"(945, 950]",1,2460,2214.0
590,WetDep_DOC_mgm2,"(950, 955]",1,2460,2214.0
591,WetDep_DOC_mgm2,"(955, 960]",0,2460,2214.0
592,WetDep_DOC_mgm2,"(960, 965]",0,2460,2214.0
593,WetDep_DOC_mgm2,"(965, 970]",0,2460,2214.0
594,WetDep_DOC_mgm2,"(970, 975]",0,2460,2214.0
595,WetDep_DOC_mgm2,"(975, 980]",0,2460,2214.0
596,WetDep_DOC_mgm2,"(980, 985]",1,2460,2214.0
597,WetDep_DOC_mgm2,"(985, 990]",2,2460,2214.0
598,WetDep_DOC_mgm2,"(990, 995]",0,2460,2214.0
599,WetDep_DOC_mgm2,"(995, 1000]",0,2460,2214.0
600,WetDep_DOC_mgm2,"(1000, 1005]",3,2460,2214.0
601,WetDep_DOC_mgm2,"(1005, 1010]",0,2460,2214.0
602,WetDep_DOC_mgm2,"(1010, 1015]",1,2460,2214.0
603,WetDep_DOC_mgm2,"(1015, 1020]",0,2460,2214.0
604,WetDep_DOC_mgm2,"(1020, 1025]",0,2460,2214.0
605,WetDep_DOC_mgm2,"(1025, 1030]",0,2460,2214.0
606,WetDep_DOC_mgm2,"(1030, 1035]",0,2460,2214.0
607,WetDep_DOC_mgm2,"(1035, 1040]",0,2460,2214.0
608,WetDep_DOC_mgm2,"(1040, 1045]",0,2460,2214.0
609,WetDep_DOC_mgm2,"(1045, 1050]",1,2460,2214.0
610,WetDep_DOC_mgm2,"(1050, 1055]",1,2460,2214.0
611,WetDep_DOC_mgm2,"(1055, 1060]",0,2460,2214.0
612,WetDep_DOC_mgm2,"(1060, 1065]",1,2460,2214.0
613,WetDep_DOC_mgm2,"(1065, 1070]",2,2460,2214.0
614,WetDep_DOC_mgm2,"(1070, 1075]",1,2460,2214.0
615,WetDep_DOC_mgm2,"(1075, 1080]",1,2460,2214.0
616,WetDep_DOC_mgm2,"(1080, 1085]",0,2460,2214.0
617,WetDep_DOC_mgm2,"(1085, 1090]",1,2460,2214.0
618,WetDep_DOC_mgm2,"(1090, 1095]",1,2460,2214.0
619,WetDep_DOC_mgm2,"(1095, 1100]",1,2460,2214.0
620,WetDep_DOC_mgm2,"(1100, 1105]",0,2460,2214.0
621,WetDep_DOC_mgm2,"(1105, 1110]",0,2460,2214.0
622,WetDep_DOC_mgm2,"(1110, 1115]",0,2460,2214.0
623,WetDep_DOC_mgm2,"(1115, 1120]",1,2460,2214.0
624,WetDep_DOC_mgm2,"(1120, 1125]",1,2460,2214.0
625,WetDep_DOC_mgm2,"(1125, 1130]",0,2460,2214.0
626,WetDep_DOC_mgm2,"(1130, 1135]",0,2460,2214.0
627,WetDep_DOC_mgm2,"(1135, 1140]",0,2460,2214.0
628,WetDep_DOC_mgm2,"(1140, 1145]",0,2460,2214.0
629,WetDep_DOC_mgm2,"(1145, 1150]",0,2460,2214.0
630,WetDep_DOC_mgm2,"(1150, 1155]",0,2460,2214.0
631,WetDep_DOC_mgm2,"(1155, 1160]",2,2460,2214.0
632,WetDep_DOC_mgm2,"(1160, 1165]",0,2460,2214.0
633,WetDep_DOC_mgm2,"(1165, 1170]",1,2460,2214.0
634,WetDep_DOC_mgm2,"(1170, 1175]",1,2460,2214.0
635,WetDep_DOC_mgm2,"(1175, 1180]",0,2460,2214.0
636,WetDep_DOC_mgm2,"(1180, 1185]",0,2460,2214.0
637,WetDep_DOC_mgm2,"(1185, 1190]",1,2460,2214.0
638,WetDep_DOC_mgm2,"(1190, 1195]",0,2460,2214.0
639,WetDep_DOC_mgm2,"(1195, 1200]",1,2460,2214.0
640,WetDep_DOC_mgm2,"(1200, 1205]",0,2460,2214.0
641,WetDep_DOC_mgm2,"(1205, 1210]",0,2460,2214.0
642,WetDep_DOC_mgm2,"(1210, 1215]",0,2460,2214.0
643,WetDep_DOC_mgm2,"(1215, 1220]",0,2460,2214.0
644,WetDep_DOC_mgm2,"(1220, 1225]",1,2460,2214.0
645,WetDep_DOC_mgm2,"(1225, 1230]",0,2460,2214.0
646,WetDep_DOC_mgm2,"(1230, 1235]",0,2460,2214.0
647,WetDep_DOC_mgm2,"(1235, 1240]",0,2460,2214.0
648,WetDep_DOC_mgm2,"(1240, 1245]",0,2460,2214.0
649,WetDep_DOC_mgm2,"(1245, 1250]",0,2460,2214.0
650,WetDep_DOC_mgm2,"(1250, 1255]",0,2460,2214.0
651,WetDep_DOC_mgm2,"(1255, 1260]",1,2460,2214.0
652,WetDep_DOC_mgm2,"(1260, 1265]",0,2460,2214.0
653,WetDep_DOC_mgm2,"(1265, 1270]",1,2460,2214.0
654,WetDep_DOC_mgm2,"(1270, 1275]",0,2460,2214.0
655,WetDep_DOC_mgm2,"(1275, 1280]",1,2460,2214.0
656,WetDep_DOC_mgm2,"(1280, 1285]",0,2460,2214.0
657,WetDep_DOC_mgm2,"(1285, 1290]",0,2460,2214.0
658,WetDep_DOC_mgm2,"(1290, 1295]",0,2460,2214.0
659,WetDep_DOC_mgm2,"(1295, 1300]",1,2460,2214.0
660,WetDep_DOC_mgm2,"(1300, 1305]",0,2460,2214.0
661,WetDep_DOC_mgm2,"(1305, 1310]",0,2460,2214.0
662,WetDep_DOC_mgm2,"(1310, 1315]",0,2460,2214.0
663,WetDep_DOC_mgm2,"(1315, 1320]",1,2460,2214.0
664,WetDep_DOC_mgm2,"(1320, 1325]",0,2460,2214.0
665,WetDep_DOC_mgm2,"(1325, 1330]",0,2460,2214.0
666,WetDep_DOC_mgm2,"(1330, 1335]",0,2460,2214.0
667,WetDep_DOC_mgm2,"(1335, 1340]",0,2460,2214.0
668,WetDep_DOC_mgm2,"(1340, 1345]",0,2460,2214.0
669,WetDep_DOC_mgm2,"(1345, 1350]",0,2460,2214.0
670,WetDep_DOC_mgm2,"(1350, 1355]",0,2460,2214.0
671,WetDep_DOC_mgm2,"(1355, 1360]",0,2460,2214.0
672,WetDep_DOC_mgm2,"(1360, 1365]",0,2460,2214.0
673,WetDep_DOC_mgm2,"(1365, 1370]",0,2460,2214.0
674,WetDep_DOC_mgm2,"(1370, 1375]",1,2460,2214.0
675,WetDep_DOC_mgm2,"(1375, 1380]",0,2460,2214.0
676,WetDep_DOC_mgm2,"(1380, 1385]",0,2460,2214.0
677,WetDep_DOC_mgm2,"(1385, 1390]",0,2460,2214.0
678,WetDep_DOC_mgm2,"(1390, 1395]",0,2460,2214.0
679,WetDep_DOC_mgm2,"(1395, 1400]",0,2460,2214.0
680,WetDep_DOC_mgm2,"(1400, 1405]",0,2460,2214.0
681,WetDep_DOC_mgm2,"(1405, 1410]",0,2460,2214.0
682,WetDep_DOC_mgm2,"(1410, 1415]",0,2460,2214.0
683,WetDep_DOC_mgm2,"(1415, 1420]",0,2460,2214.0
684,WetDep_DOC_mgm2,"(1420, 1425]",0,2460,2214.0
685,WetDep_DOC_mgm2,"(1425, 1430]",0,2460,2214.0
686,WetDep_DOC_mgm2,"(1430, 1435]",1,2460,2214.0
687,WetDep_DOC_mgm2,"(1435, 1440]",1,2460,2214.0
688,WetDep_DOC_mgm2,"(1440, 1445]",1,2460,2214.0
689,WetDep_DOC_mgm2,"(1445, 1450]",0,2460,2214.0
690,WetDep_DOC_mgm2,"(1450, 1455]",0,2460,2214.0
691,WetDep_DOC_mgm2,"(1455, 1460]",0,2460,2214.0
692,WetDep_DOC_mgm2,"(1460, 1465]",0,2460,2214.0
693,WetDep_DOC_mgm2,"(1465, 1470]",0,2460,2214.0
694,WetDep_DOC_mgm2,"(1470, 1475]",0,2460,2214.0
695,WetDep_DOC_mgm2,"(1475, 1480]",0,2460,2214.0
696,WetDep_DOC_mgm2,"(1480, 1485]",0,2460,2214.0
697,WetDep_DOC_mgm2,"(1485, 1490]",0,2460,2214.0
698,WetDep_DOC_mgm2,"(1490, 1495]",0,2460,2214.0
699,WetDep_DOC_mgm2,"(1495, 1500]",0,2460,2214.0
700,WetDep_DOC_mgm2,"(1500, 1505]",1,2460,2214.0
701,WetDep_DOC_mgm2,"(1505, 1510]",0,2460,2214.0
702,WetDep_DOC_mgm2,"(1510, 1515]",0,2460,2214.0
703,WetDep_DOC_mgm2,"(1515, 1520]",0,2460,2214.0
704,WetDep_DOC_mgm2,"(1520, 1525]",0,2460,2214.0
705,WetDep_DOC_mgm2,"(1525, 1530]",0,2460,2214.0
706,WetDep_DOC_mgm2,"(1530, 1535]",0,2460,2214.0
707,WetDep_DOC_mgm2,"(1535, 1540]",0,2460,2214.0
708,WetDep_DOC_mgm2,"(1540, 1545]",1,2460,2214.0
709,WetDep_DOC_mgm2,"(1545, 1550]",0,2460,2214.0
710,WetDep_DOC_mgm2,"(1550, 1555]",0,2460,2214.0
711,WetDep_DOC_mgm2,"(1555, 1560]",0,2460,2214.0
712,WetDep_DOC_mgm2,"(1560, 1565]",0,2460,2214.0
713,WetDep_DOC_mgm2,"(1565, 1570]",0,2460,2214.0
714,WetDep_DOC_mgm2,"(1570, 1575]",0,2460,2214.0
715,WetDep_DOC_mgm2,"(1575, 1580]",0,2460,2214.0
716,WetDep_DOC_mgm2,"(1580, 1585]",0,2460,2214.0
717,WetDep_DOC_mgm2,"(1585, 1590]",1,2460,2214.0
718,WetDep_DOC_mgm2,"(1590, 1595]",0,2460,2214.0
719,WetDep_DOC_mgm2,"(1595, 1600]",0,2460,2214.0
720,WetDep_DOC_mgm2,"(1600, 1605]",0,2460,2214.0
721,WetDep_DOC_mgm2,"(1605, 1610]",0,2460,2214.0
722,WetDep_DOC_mgm2,"(1610, 1615]",1,2460,2214.0
723,WetDep_DOC_mgm2,"(1615, 1620]",0,2460,2214.0
724,WetDep_DOC_mgm2,"(1620, 1625]",0,2460,2214.0
725,WetDep_DOC_mgm2,"(1625, 1630]",0,2460,2214.0
726,WetDep_DOC_mgm2,"(1630, 1635]",0,2460,2214.0
727,WetDep_DOC_mgm2,"(1635, 1640]",0,2460,2214.0
728,WetDep_DOC_mgm2,"(1640, 1645]",0,2460,2214.0
729,WetDep_DOC_mgm2,"(1645, 1650]",0,2460,2214.0
730,WetDep_DOC_mgm2,"(1650, 1655]",0,2460,2214.0
731,WetDep_DOC_mgm2,"(1655, 1660]",0,2460,2214.0
732,WetDep_DOC_mgm2,"(1660, 1665]",0,2460,2214.0
733,WetDep_DOC_mgm2,"(1665, 1670]",0,2460,2214.0
734,WetDep_DOC_mgm2,"(1670, 1675]",0,2460,2214.0
735,WetDep_DOC_mgm2,"(1675, 1680]",0,2460,2214.0
736,WetDep_DOC_mgm2,"(1680, 1685]",0,2460,2214.0
737,WetDep_DOC_mgm2,"(1685, 1690]",0,2460,2214.0
738,WetDep_DOC_mgm2,"(1690, 1695]",1,2460,2214.0
739,WetDep_DOC_mgm2,"(1695, 1700]",0,2460,2214.0
740,WetDep_DOC_mgm2,"(1700, 1705]",0,2460,2214.0
741,WetDep_DOC_mgm2,"(1705, 1710]",0,2460,2214.0
742,WetDep_DOC_mgm2,"(1710, 1715]",0,2460,2214.0
743,WetDep_DOC_mgm2,"(1715, 1720]",0,2460,2214.0
744,WetDep_DOC_mgm2,"(1720, 1725]",0,2460,2214.0
745,WetDep_DOC_mgm2,"(1725, 1730]",0,2460,2214.0
746,WetDep_DOC_mgm2,"(1730, 1735]",0,2460,2214.0
747,WetDep_DOC_mgm2,"(1735, 1740]",0,2460,2214.0
748,WetDep_DOC_mgm2,"(1740, 1745]",0,2460,2214.0
749,WetDep_DOC_mgm2,"(1745, 1750]",0,2460,2214.0
750,WetDep_DOC_mgm2,"(1750, 1755]",0,2460,2214.0
751,WetDep_DOC_mgm2,"(1755, 1760]",0,2460,2214.0
752,WetDep_DOC_mgm2,"(1760, 1765]",0,2460,2214.0
753,WetDep_DOC_mgm2,"(1765, 1770]",0,2460,2214.0
754,WetDep_DOC_mgm2,"(1770, 1775]",0,2460,2214.0
755,WetDep_DOC_mgm2,"(1775, 1780]",0,2460,2214.0
756,WetDep_DOC_mgm2,"(1780, 1785]",0,2460,2214.0
757,WetDep_DOC_mgm2,"(1785, 1790]",0,2460,2214.0
758,WetDep_DOC_mgm2,"(1790, 1795]",0,2460,2214.0
759,WetDep_DOC_mgm2,"(1795, 1800]",0,2460,2214.0
760,WetDep_DOC_mgm2,"(1800, 1805]",0,2460,2214.0
761,WetDep_DOC_mgm2,"(1805, 1810]",0,2460,2214.0
762,WetDep_DOC_mgm2,"(1810, 1815]",0,2460,2214.0
763,WetDep_DOC_mgm2,"(1815, 1820]",1,2460,2214.0
764,WetDep_DOC_mgm2,"(1820, 1825]",0,2460,2214.0
765,WetDep_DOC_mgm2,"(1825, 1830]",0,2460,2214.0
766,WetDep_DOC_mgm2,"(1830, 1835]",0,2460,2214.0
767,WetDep_DOC_mgm2,"(1835, 1840]",0,2460,2214.0
768,WetDep_DOC_mgm2,"(1840, 1845]",0,2460,2214.0
769,WetDep_DOC_mgm2,"(1845, 1850]",0,2460,2214.0
770,WetDep_DOC_mgm2,"(1850, 1855]",0,2460,2214.0
771,WetDep_DOC_mgm2,"(1855, 1860]",0,2460,2214.0
772,WetDep_DOC_mgm2,"(1860, 1865]",0,2460,2214.0
773,WetDep_DOC_mgm2,"(1865, 1870]",0,2460,2214.0
774,WetDep_DOC_mgm2,"(1870, 1875]",0,2460,2214.0
775,WetDep_DOC_mgm2,"(1875, 1880]",0,2460,2214.0
776,WetDep_DOC_mgm2,"(1880, 1885]",0,2460,2214.0
777,WetDep_DOC_mgm2,"(1885, 1890]",0,2460,2214.0
778,WetDep_DOC_mgm2,"(1890, 1895]",0,2460,2214.0
779,WetDep_DOC_mgm2,"(1895, 1900]",0,2460,2214.0
780,WetDep_DOC_mgm2,"(1900, 1905]",0,2460,2214.0
781,WetDep_DOC_mgm2,"(1905, 1910]",0,2460,2214.0
782,WetDep_DOC_mgm2,"(1910, 1915]",0,2460,2214.0
783,WetDep_DOC_mgm2,"(1915, 1920]",0,2460,2214.0
784,WetDep_DOC_mgm2,"(1920, 1925]",0,2460,2214.0
785,WetDep_DOC_mgm2,"(1925, 1930]",1,2460,2214.0
786,WetDep_DOC_mgm2,"(1930, 1935]",0,2460,2214.0
787,WetDep_DOC_mgm2,"(1935, 1940]",0,2460,2214.0
788,WetDep_DOC_mgm2,"(1940, 1945]",0,2460,2214.0
789,WetDep_DOC_mgm2,"(1945, 1950]",0,2460,2214.0
790,WetDep_DOC_mgm2,"(1950, 1955]",0,2460,2214.0
791,WetDep_DOC_mgm2,"(1955, 1960]",0,2460,2214.0
792,WetDep_DOC_mgm2,"(1960, 1965]",0,2460,2214.0
793,WetDep_DOC_mgm2,"(1965, 1970]",0,2460,2214.0
794,WetDep_DOC_mgm2,"(1970, 1975]",0,2460,2214.0
795,WetDep_DOC_mgm2,"(1975, 1980]",0,2460,2214.0
796,WetDep_DOC_mgm2,"(1980, 1985]",0,2460,2214.0
797,WetDep_DOC_mgm2,"(1985, 1990]",0,2460,2214.0
798,WetDep_DOC_mgm2,"(1990, 1995]",0,2460,2214.0
799,WetDep_DOC_mgm2,"(1995, 2000]",0,2460,2214.0
800,WetDep_NH4_mgm2,"(0, 5]",6685,155016,139514.4
801,WetDep_NH4_mgm2,"(5, 10]",6642,155016,139514.4
802,WetDep_NH4_mgm2,"(10, 15]",6691,155016,139514.4
803,WetDep_NH4_mgm2,"(15, 20]",6606,155016,139514.4
804,WetDep_NH4_mgm2,"(20, 25]",6876,155016,139514.4
805,WetDep_NH4_mgm2,"(25, 30]",6817,155016,139514.4
806,WetDep_NH4_mgm2,"(30, 35]",6840,155016,139514.4
807,WetDep_NH4_mgm2,"(35, 40]",6957,155016,139514.4
808,WetDep_NH4_mgm2,"(40, 45]",6844,155016,139514.4
809,WetDep_NH4_mgm2,"(45, 50]",7055,155016,139514.4
810,WetDep_NH4_mgm2,"(50, 55]",7219,155016,139514.4
811,WetDep_NH4_mgm2,"(55, 60]",7198,155016,139514.4
812,WetDep_NH4_mgm2,"(60, 65]",7036,155016,139514.4
813,WetDep_NH4_mgm2,"(65, 70]",7039,155016,139514.4
814,WetDep_NH4_mgm2,"(70, 75]",6876,155016,139514.4
815,WetDep_NH4_mgm2,"(75, 80]",6661,155016,139514.4
816,WetDep_NH4_mgm2,"(80, 85]",6388,155016,139514.4
817,WetDep_NH4_mgm2,"(85, 90]",5909,155016,139514.4
818,WetDep_NH4_mgm2,"(90, 95]",5192,155016,139514.4
819,WetDep_NH4_mgm2,"(95, 100]",3749,155016,139514.4
820,WetDep_NH4_mgm2,"(100, 105]",1036,155016,139514.4
821,WetDep_NH4_mgm2,"(105, 110]",927,155016,139514.4
822,WetDep_NH4_mgm2,"(110, 115]",884,155016,139514.4
823,WetDep_NH4_mgm2,"(115, 120]",849,155016,139514.4
824,WetDep_NH4_mgm2,"(120, 125]",765,155016,139514.4
825,WetDep_NH4_mgm2,"(125, 130]",775,155016,139514.4
826,WetDep_NH4_mgm2,"(130, 135]",723,155016,139514.4
827,WetDep_NH4_mgm2,"(135, 140]",713,155016,139514.4
828,WetDep_NH4_mgm2,"(140, 145]",676,155016,139514.4
829,WetDep_NH4_mgm2,"(145, 150]",647,155016,139514.4
830,WetDep_NH4_mgm2,"(150, 155]",563,155016,139514.4
831,WetDep_NH4_mgm2,"(155, 160]",552,155016,139514.4
832,WetDep_NH4_mgm2,"(160, 165]",480,155016,139514.4
833,WetDep_NH4_mgm2,"(165, 170]",491,155016,139514.4
834,WetDep_NH4_mgm2,"(170, 175]",443,155016,139514.4
835,WetDep_NH4_mgm2,"(175, 180]",438,155016,139514.4
836,WetDep_NH4_mgm2,"(180, 185]",415,155016,139514.4
837,WetDep_NH4_mgm2,"(185, 190]",431,155016,139514.4
838,WetDep_NH4_mgm2,"(190, 195]",383,155016,139514.4
839,WetDep_NH4_mgm2,"(195, 200]",379,155016,139514.4
840,WetDep_NH4_mgm2,"(200, 205]",340,155016,139514.4
841,WetDep_NH4_mgm2,"(205, 210]",357,155016,139514.4
842,WetDep_NH4_mgm2,"(210, 215]",326,155016,139514.4
843,WetDep_NH4_mgm2,"(215, 220]",299,155016,139514.4
844,WetDep_NH4_mgm2,"(220, 225]",295,155016,139514.4
845,WetDep_NH4_mgm2,"(225, 230]",291,155016,139514.4
846,WetDep_NH4_mgm2,"(230, 235]",259,155016,139514.4
847,WetDep_NH4_mgm2,"(235, 240]",271,155016,139514.4
848,WetDep_NH4_mgm2,"(240, 245]",248,155016,139514.4
849,WetDep_NH4_mgm2,"(245, 250]",210,155016,139514.4
850,WetDep_NH4_mgm2,"(250, 255]",234,155016,139514.4
851,WetDep_NH4_mgm2,"(255, 260]",239,155016,139514.4
852,WetDep_NH4_mgm2,"(260, 265]",217,155016,139514.4
853,WetDep_NH4_mgm2,"(265, 270]",188,155016,139514.4
854,WetDep_NH4_mgm2,"(270, 275]",218,155016,139514.4
855,WetDep_NH4_mgm2,"(275, 280]",195,155016,139514.4
856,WetDep_NH4_mgm2,"(280, 285]",200,155016,139514.4
857,WetDep_NH4_mgm2,"(285, 290]",189,155016,139514.4
858,WetDep_NH4_mgm2,"(290, 295]",184,155016,139514.4
859,WetDep_NH4_mgm2,"(295, 300]",170,155016,139514.4
860,WetDep_NH4_mgm2,"(300, 305]",186,155016,139514.4
861,WetDep_NH4_mgm2,"(305, 310]",153,155016,139514.4
862,WetDep_NH4_mgm2,"(310, 315]",149,155016,139514.4
863,WetDep_NH4_mgm2,"(315, 320]",153,155016,139514.4
864,WetDep_NH4_mgm2,"(320, 325]",141,155016,139514.4
865,WetDep_NH4_mgm2,"(325, 330]",137,155016,139514.4
866,WetDep_NH4_mgm2,"(330, 335]",119,155016,139514.4
867,WetDep_NH4_mgm2,"(335, 340]",113,155016,139514.4
868,WetDep_NH4_mgm2,"(340, 345]",114,155016,139514.4
869,WetDep_NH4_mgm2,"(345, 350]",106,155016,139514.4
870,WetDep_NH4_mgm2,"(350, 355]",99,155016,139514.4
871,WetDep_NH4_mgm2,"(355, 360]",96,155016,139514.4
872,WetDep_NH4_mgm2,"(360, 365]",116,155016,139514.4
873,WetDep_NH4_mgm2,"(365, 370]",88,155016,139514.4
874,WetDep_NH4_mgm2,"(370, 375]",104,155016,139514.4
875,WetDep_NH4_mgm2,"(375, 380]",78,155016,139514.4
876,WetDep_NH4_mgm2,"(380, 385]",92,155016,139514.4
877,WetDep_NH4_mgm2,"(385, 390]",89,155016,139514.4
878,WetDep_NH4_mgm2,"(390, 395]",90,155016,139514.4
879,WetDep_NH4_mgm2,"(395, 400]",87,155016,139514.4
880,WetDep_NH4_mgm2,"(400, 405]",85,155016,139514.4
881,WetDep_NH4_mgm2,"(405, 410]",79,155016,139514.4
882,WetDep_NH4_mgm2,"(410, 415]",79,155016,139514.4
883,WetDep_NH4_mgm2,"(415, 420]",77,155016,139514.4
884,WetDep_NH4_mgm2,"(420, 425]",69,155016,139514.4
885,WetDep_NH4_mgm2,"(425, 430]",64,155016,139514.4
886,WetDep_NH4_mgm2,"(430, 435]",60,155016,139514.4
887,WetDep_NH4_mgm2,"(435, 440]",56,155016,139514.4
888,WetDep_NH4_mgm2,"(440, 445]",72,155016,139514.4
889,WetDep_NH4_mgm2,"(445, 450]",73,155016,139514.4
890,WetDep_NH4_mgm2,"(450, 455]",63,155016,139514.4
891,WetDep_NH4_mgm2,"(455, 460]",58,155016,139514.4
892,WetDep_NH4_mgm2,"(460, 465]",47,155016,139514.4
893,WetDep_NH4_mgm2,"(465, 470]",66,155016,139514.4
894,WetDep_NH4_mgm2,"(470, 475]",62,155016,139514.4
895,WetDep_NH4_mgm2,"(475, 480]",48,155016,139514.4
896,WetDep_NH4_mgm2,"(480, 485]",56,155016,139514.4
897,WetDep_NH4_mgm2,"(485, 490]",52,155016,139514.4
898,WetDep_NH4_mgm2,"(490, 495]",49,155016,139514.4
899,WetDep_NH4_mgm2,"(495, 500]",55,155016,139514.4
900,WetDep_NH4_mgm2,"(500, 505]",59,155016,139514.4
901,WetDep_NH4_mgm2,"(505, 510]",35,155016,139514.4
902,WetDep_NH4_mgm2,"(510, 515]",37,155016,139514.4
903,WetDep_NH4_mgm2,"(515, 520]",39,155016,139514.4
904,WetDep_NH4_mgm2,"(520, 525]",50,155016,139514.4
905,WetDep_NH4_mgm2,"(525, 530]",39,155016,139514.4
906,WetDep_NH4_mgm2,"(530, 535]",35,155016,139514.4
907,WetDep_NH4_mgm2,"(535, 540]",36,155016,139514.4
908,WetDep_NH4_mgm2,"(540, 545]",32,155016,139514.4
909,WetDep_NH4_mgm2,"(545, 550]",31,155016,139514.4
910,WetDep_NH4_mgm2,"(550, 555]",33,155016,139514.4
911,WetDep_NH4_mgm2,"(555, 560]",32,155016,139514.4
912,WetDep_NH4_mgm2,"(560, 565]",40,155016,139514.4
913,WetDep_NH4_mgm2,"(565, 570]",31,155016,139514.4
914,WetDep_NH4_mgm2,"(570, 575]",33,155016,139514.4
915,WetDep_NH4_mgm2,"(575, 580]",37,155016,139514.4
916,WetDep_NH4_mgm2,"(580, 585]",33,155016,139514.4
917,WetDep_NH4_mgm2,"(585, 590]",28,155016,139514.4
918,WetDep_NH4_mgm2,"(590, 595]",26,155016,139514.4
919,WetDep_NH4_mgm2,"(595, 600]",34,155016,139514.4
920,WetDep_NH4_mgm2,"(600, 605]",21,155016,139514.4
921,WetDep_NH4_mgm2,"(605, 610]",30,155016,139514.4
922,WetDep_NH4_mgm2,"(610, 615]",29,155016,139514.4
923,WetDep_NH4_mgm2,"(615, 620]",32,155016,139514.4
924,WetDep_NH4_mgm2,"(620, 625]",20,155016,139514.4
925,WetDep_NH4_mgm2,"(625, 630]",28,155016,139514.4
926,WetDep_NH4_mgm2,"(630, 635]",20,155016,139514.4
927,WetDep_NH4_mgm2,"(635, 640]",23,155016,139514.4
928,WetDep_NH4_mgm2,"(640, 645]",22,155016,139514.4
929,WetDep_NH4_mgm2,"(645, 650]",27,155016,139514.4
930,WetDep_NH4_mgm2,"(650, 655]",18,155016,139514.4
931,WetDep_NH4_mgm2,"(655, 660]",27,155016,139514.4
932,WetDep_NH4_mgm2,"(660, 665]",17,155016,139514.4
933,WetDep_NH4_mgm2,"(665, 670]",18,155016,139514.4
934,WetDep_NH4_mgm2,"(670, 675]",17,155016,139514.4
935,WetDep_NH4_mgm2,"(675, 680]",16,155016,139514.4
936,WetDep_NH4_mgm2,"(680, 685]",17,155016,139514.4
937,WetDep_NH4_mgm2,"(685, 690]",19,155016,139514.4
938,WetDep_NH4_mgm2,"(690, 695]",18,155016,139514.4
939,WetDep_NH4_mgm2,"(695, 700]",22,155016,139514.4
940,WetDep_NH4_mgm2,"(700, 705]",12,155016,139514.4
941,WetDep_NH4_mgm2,"(705, 710]",20,155016,139514.4
942,WetDep_NH4_mgm2,"(710, 715]",13,155016,139514.4
943,WetDep_NH4_mgm2,"(715, 720]",17,155016,139514.4
944,WetDep_NH4_mgm2,"(720, 725]",13,155016,139514.4
945,WetDep_NH4_mgm2,"(725, 730]",21,155016,139514.4
946,WetDep_NH4_mgm2,"(730, 735]",22,155016,139514.4
947,WetDep_NH4_mgm2,"(735, 740]",15,155016,139514.4
948,WetDep_NH4_mgm2,"(740, 745]",15,155016,139514.4
949,WetDep_NH4_mgm2,"(745, 750]",21,155016,139514.4
950,WetDep_NH4_mgm2,"(750, 755]",14,155016,139514.4
951,WetDep_NH4_mgm2,"(755, 760]",14,155016,139514.4
952,WetDep_NH4_mgm2,"(760, 765]",16,155016,139514.4
953,WetDep_NH4_mgm2,"(765, 770]",13,155016,139514.4
954,WetDep_NH4_mgm2,"(770, 775]",11,155016,139514.4
955,WetDep_NH4_mgm2,"(775, 780]",13,155016,139514.4
956,WetDep_NH4_mgm2,"(780, 785]",9,155016,139514.4
957,WetDep_NH4_mgm2,"(785, 790]",14,155016,139514.4
958,WetDep_NH4_mgm2,"(790, 795]",7,155016,139514.4
959,WetDep_NH4_mgm2,"(795, 800]",9,155016,139514.4
960,WetDep_NH4_mgm2,"(800, 805]",9,155016,139514.4
961,WetDep_NH4_mgm2,"(805, 810]",24,155016,139514.4
962,WetDep_NH4_mgm2,"(810, 815]",7,155016,139514.4
963,WetDep_NH4_mgm2,"(815, 820]",14,155016,139514.4
964,WetDep_NH4_mgm2,"(820, 825]",8,155016,139514.4
965,WetDep_NH4_mgm2,"(825, 830]",9,155016,139514.4
966,WetDep_NH4_mgm2,"(830, 835]",16,155016,139514.4
967,WetDep_NH4_mgm2,"(835, 840]",7,155016,139514.4
968,WetDep_NH4_mgm2,"(840, 845]",16,155016,139514.4
969,WetDep_NH4_mgm2,"(845, 850]",12,155016,139514.4
970,WetDep_NH4_mgm2,"(850, 855]",16,155016,139514.4
971,WetDep_NH4_mgm2,"(855, 860]",10,155016,139514.4
972,WetDep_NH4_mgm2,"(860, 865]",11,155016,139514.4
973,WetDep_NH4_mgm2,"(865, 870]",9,155016,139514.4
974,WetDep_NH4_mgm2,"(870, 875]",8,155016,139514.4
975,WetDep_NH4_mgm2,"(875, 880]",11,155016,139514.4
976,WetDep_NH4_mgm2,"(880, 885]",5,155016,139514.4
977,WetDep_NH4_mgm2,"(885, 890]",10,155016,139514.4
978,WetDep_NH4_mgm2,"(890, 895]",6,155016,139514.4
979,WetDep_NH4_mgm2,"(895, 900]",11,155016,139514.4
980,WetDep_NH4_mgm2,"(900, 905]",12,155016,139514.4
981,WetDep_NH4_mgm2,"(905, 910]",13,155016,139514.4
982,WetDep_NH4_mgm2,"(910, 915]",8,155016,139514.4
983,WetDep_NH4_mgm2,"(915, 920]",9,155016,139514.4
984,WetDep_NH4_mgm2,"(920, 925]",5,155016,139514.4
985,WetDep_NH4_mgm2,"(925, 930]",7,155016,139514.4
986,WetDep_NH4_mgm2,"(930, 935]",6,155016,139514.4
987,WetDep_NH4_mgm2,"(935, 940]",6,155016,139514.4
988,WetDep_NH4_mgm2,"(940, 945]",8,155016,139514.4
989,WetDep_NH4_mgm2,"(945, 950]",11,155016,139514.4
990,WetDep_NH4_mgm2,"(950, 955]",8,155016,139514.4
991,WetDep_NH4_mgm2,"(955, 960]",7,155016,139514.4
992,WetDep_NH4_mgm2,"(960, 965]",4,155016,139514.4
993,WetDep_NH4_mgm2,"(965, 970]",14,155016,139514.4
994,WetDep_NH4_mgm2,"(970, 975]",10,155016,139514.4
995,WetDep_NH4_mgm2,"(975, 980]",12,155016,139514.4
996,WetDep_NH4_mgm2,"(980, 985]",7,155016,139514.4
997,WetDep_NH4_mgm2,"(985, 990]",5,155016,139514.4
998,WetDep_NH4_mgm2,"(990, 995]",9,155016,139514.4
999,WetDep_NH4_mgm2,"(995, 1000]",6,155016,139514.4
1000,WetDep_NH4_mgm2,"(1000, 1005]",8,155016,139514.4
1001,WetDep_NH4_mgm2,"(1005, 1010]",9,155016,139514.4
1002,WetDep_NH4_mgm2,"(1010, 1015]",11,155016,139514.4
1003,WetDep_NH4_mgm2,"(1015, 1020]",3,155016,139514.4
1004,WetDep_NH4_mgm2,"(1020, 1025]",9,155016,139514.4
1005,WetDep_NH4_mgm2,"(1025, 1030]",11,155016,139514.4
1006,WetDep_NH4_mgm2,"(1030, 1035]",4,155016,139514.4
1007,WetDep_NH4_mgm2,"(1035, 1040]",6,155016,139514.4
1008,WetDep_NH4_mgm2,"(1040, 1045]",8,155016,139514.4
1009,WetDep_NH4_mgm2,"(1045, 1050]",4,155016,139514.4
1010,WetDep_NH4_mgm2,"(1050, 1055]",4,155016,139514.4
1011,WetDep_NH4_mgm2,"(1055, 1060]",8,155016,139514.4
1012,WetDep_NH4_mgm2,"(1060, 1065]",5,155016,139514.4
1013,WetDep_NH4_mgm2,"(1065, 1070]",5,155016,139514.4
1014,WetDep_NH4_mgm2,"(1070, 1075]",7,155016,139514.4
1015,WetDep_NH4_mgm2,"(1075, 1080]",1,155016,139514.4
1016,WetDep_NH4_mgm2,"(1080, 1085]",2,155016,139514.4
1017,WetDep_NH4_mgm2,"(1085, 1090]",2,155016,139514.4
1018,WetDep_NH4_mgm2,"(1090, 1095]",6,155016,139514.4
1019,WetDep_NH4_mgm2,"(1095, 1100]",6,155016,139514.4
1020,WetDep_NH4_mgm2,"(1100, 1105]",5,155016,139514.4
1021,WetDep_NH4_mgm2,"(1105, 1110]",9,155016,139514.4
1022,WetDep_NH4_mgm2,"(1110, 1115]",5,155016,139514.4
1023,WetDep_NH4_mgm2,"(1115, 1120]",6,155016,139514.4
1024,WetDep_NH4_mgm2,"(1120, 1125]",2,155016,139514.4
1025,WetDep_NH4_mgm2,"(1125, 1130]",4,155016,139514.4
1026,WetDep_NH4_mgm2,"(1130, 1135]",4,155016,139514.4
1027,WetDep_NH4_mgm2,"(1135, 1140]",3,155016,139514.4
1028,WetDep_NH4_mgm2,"(1140, 1145]",8,155016,139514.4
1029,WetDep_NH4_mgm2,"(1145, 1150]",8,155016,139514.4
1030,WetDep_NH4_mgm2,"(1150, 1155]",7,155016,139514.4
1031,WetDep_NH4_mgm2,"(1155, 1160]",8,155016,139514.4
1032,WetDep_NH4_mgm2,"(1160, 1165]",6,155016,139514.4
1033,WetDep_NH4_mgm2,"(1165, 1170]",8,155016,139514.4
1034,WetDep_NH4_mgm2,"(1170, 1175]",5,155016,139514.4
1035,WetDep_NH4_mgm2,"(1175, 1180]",6,155016,139514.4
1036,WetDep_NH4_mgm2,"(1180, 1185]",0,155016,139514.4
1037,WetDep_NH4_mgm2,"(1185, 1190]",3,155016,139514.4
1038,WetDep_NH4_mgm2,"(1190, 1195]",6,155016,139514.4
1039,WetDep_NH4_mgm2,"(1195, 1200]",4,155016,139514.4
1040,WetDep_NH4_mgm2,"(1200, 1205]",1,155016,139514.4
1041,WetDep_NH4_mgm2,"(1205, 1210]",3,155016,139514.4
1042,WetDep_NH4_mgm2,"(1210, 1215]",3,155016,139514.4
1043,WetDep_NH4_mgm2,"(1215, 1220]",3,155016,139514.4
1044,WetDep_NH4_mgm2,"(1220, 1225]",5,155016,139514.4
1045,WetDep_NH4_mgm2,"(1225, 1230]",5,155016,139514.4
1046,WetDep_NH4_mgm2,"(1230, 1235]",7,155016,139514.4
1047,WetDep_NH4_mgm2,"(1235, 1240]",6,155016,139514.4
1048,WetDep_NH4_mgm2,"(1240, 1245]",4,155016,139514.4
1049,WetDep_NH4_mgm2,"(1245, 1250]",4,155016,139514.4
1050,WetDep_NH4_mgm2,"(1250, 1255]",3,155016,139514.4
1051,WetDep_NH4_mgm2,"(1255, 1260]",3,155016,139514.4
1052,WetDep_NH4_mgm2,"(1260, 1265]",2,155016,139514.4
1053,WetDep_NH4_mgm2,"(1265, 1270]",1,155016,139514.4
1054,WetDep_NH4_mgm2,"(1270, 1275]",3,155016,139514.4
1055,WetDep_NH4_mgm2,"(1275, 1280]",1,155016,139514.4
1056,WetDep_NH4_mgm2,"(1280, 1285]",2,155016,139514.4
1057,WetDep_NH4_mgm2,"(1285, 1290]",4,155016,139514.4
1058,WetDep_NH4_mgm2,"(1290, 1295]",5,155016,139514.4
1059,WetDep_NH4_mgm2,"(1295, 1300]",6,155016,139514.4
1060,WetDep_NH4_mgm2,"(1300, 1305]",3,155016,139514.4
1061,WetDep_NH4_mgm2,"(1305, 1310]",1,155016,139514.4
1062,WetDep_NH4_mgm2,"(1310, 1315]",2,155016,139514.4
1063,WetDep_NH4_mgm2,"(1315, 1320]",2,155016,139514.4
1064,WetDep_NH4_mgm2,"(1320, 1325]",2,155016,139514.4
1065,WetDep_NH4_mgm2,"(1325, 1330]",2,155016,139514.4
1066,WetDep_NH4_mgm2,"(1330, 1335]",8,155016,139514.4
1067,WetDep_NH4_mgm2,"(1335, 1340]",0,155016,139514.4
1068,WetDep_NH4_mgm2,"(1340, 1345]",5,155016,139514.4
1069,WetDep_NH4_mgm2,"(1345, 1350]",2,155016,139514.4
1070,WetDep_NH4_mgm2,"(1350, 1355]",1,155016,139514.4
1071,WetDep_NH4_mgm2,"(1355, 1360]",7,155016,139514.4
1072,WetDep_NH4_mgm2,"(1360, 1365]",2,155016,139514.4
1073,WetDep_NH4_mgm2,"(1365, 1370]",5,155016,139514.4
1074,WetDep_NH4_mgm2,"(1370, 1375]",3,155016,139514.4
1075,WetDep_NH4_mgm2,"(1375, 1380]",1,155016,139514.4
1076,WetDep_NH4_mgm2,"(1380, 1385]",3,155016,139514.4
1077,WetDep_NH4_mgm2,"(1385, 1390]",1,155016,139514.4
1078,WetDep_NH4_mgm2,"(1390, 1395]",4,155016,139514.4
1079,WetDep_NH4_mgm2,"(1395, 1400]",1,155016,139514.4
1080,WetDep_NH4_mgm2,"(1400, 1405]",1,155016,139514.4
1081,WetDep_NH4_mgm2,"(1405, 1410]",4,155016,139514.4
1082,WetDep_NH4_mgm2,"(1410, 1415]",2,155016,139514.4
1083,WetDep_NH4_mgm2,"(1415, 1420]",4,155016,139514.4
1084,WetDep_NH4_mgm2,"(1420, 1425]",0,155016,139514.4
1085,WetDep_NH4_mgm2,"(1425, 1430]",2,155016,139514.4
1086,WetDep_NH4_mgm2,"(1430, 1435]",2,155016,139514.4
1087,WetDep_NH4_mgm2,"(1435, 1440]",3,155016,139514.4
1088,WetDep_NH4_mgm2,"(1440, 1445]",4,155016,139514.4
1089,WetDep_NH4_mgm2,"(1445, 1450]",2,155016,139514.4
1090,WetDep_NH4_mgm2,"(1450, 1455]",4,155016,139514.4
1091,WetDep_NH4_mgm2,"(1455, 1460]",5,155016,139514.4
1092,WetDep_NH4_mgm2,"(1460, 1465]",1,155016,139514.4
1093,WetDep_NH4_mgm2,"(1465, 1470]",2,155016,139514.4
1094,WetDep_NH4_mgm2,"(1470, 1475]",0,155016,139514.4
1095,WetDep_NH4_mgm2,"(1475, 1480]",5,155016,139514.4
1096,WetDep_NH4_mgm2,"(1480, 1485]",4,155016,139514.4
1097,WetDep_NH4_mgm2,"(1485, 1490]",3,155016,139514.4
1098,WetDep_NH4_mgm2,"(1490, 1495]",0,155016,139514.4
1099,WetDep_NH4_mgm2,"(1495, 1500]",3,155016,139514.4
1100,WetDep_NH4_mgm2,"(1500, 1505]",2,155016,139514.4
1101,WetDep_NH4_mgm2,"(1505, 1510]",0,155016,139514.4
1102,WetDep_NH4_mgm2,"(1510, 1515]",1,155016,139514.4
1103,WetDep_NH4_mgm2,"(1515, 1520]",2,155016,139514.4
1104,WetDep_NH4_mgm2,"(1520, 1525]",1,155016,139514.4
1105,WetDep_NH4_mgm2,"(1525, 1530]",2,155016,139514.4
1106,WetDep_NH4_mgm2,"(1530, 1535]",2,155016,139514.4
1107,WetDep_NH4_mgm2,"(1535, 1540]",0,155016,139514.4
1108,WetDep_NH4_mgm2,"(1540, 1545]",1,155016,139514.4
1109,WetDep_NH4_mgm2,"(1545, 1550]",3,155016,139514.4
1110,WetDep_NH4_mgm2,"(1550, 1555]",1,155016,139514.4
1111,WetDep_NH4_mgm2,"(1555, 1560]",2,155016,139514.4
1112,WetDep_NH4_mgm2,"(1560, 1565]",1,155016,139514.4
1113,WetDep_NH4_mgm2,"(1565, 1570]",2,155016,139514.4
1114,WetDep_NH4_mgm2,"(1570, 1575]",3,155016,139514.4
1115,WetDep_NH4_mgm2,"(1575, 1580]",1,155016,139514.4
1116,WetDep_NH4_mgm2,"(1580, 1585]",1,155016,139514.4
1117,WetDep_NH4_mgm2,"(1585, 1590]",2,155016,139514.4
1118,WetDep_NH4_mgm2,"(1590, 1595]",7,155016,139514.4
1119,WetDep_NH4_mgm2,"(1595, 1600]",0,155016,139514.4
1120,WetDep_NH4_mgm2,"(1600, 1605]",0,155016,139514.4
1121,WetDep_NH4_mgm2,"(1605, 1610]",1,155016,139514.4
1122,WetDep_NH4_mgm2,"(1610, 1615]",1,155016,139514.4
1123,WetDep_NH4_mgm2,"(1615, 1620]",0,155016,139514.4
1124,WetDep_NH4_mgm2,"(1620, 1625]",2,155016,139514.4
1125,WetDep_NH4_mgm2,"(1625, 1630]",3,155016,139514.4
1126,WetDep_NH4_mgm2,"(1630, 1635]",3,155016,139514.4
1127,WetDep_NH4_mgm2,"(1635, 1640]",0,155016,139514.4
1128,WetDep_NH4_mgm2,"(1640, 1645]",2,155016,139514.4
1129,WetDep_NH4_mgm2,"(1645, 1650]",2,155016,139514.4
1130,WetDep_NH4_mgm2,"(1650, 1655]",0,155016,139514.4
1131,WetDep_NH4_mgm2,"(1655, 1660]",2,155016,139514.4
1132,WetDep_NH4_mgm2,"(1660, 1665]",0,155016,139514.4
1133,WetDep_NH4_mgm2,"(1665, 1670]",1,155016,139514.4
1134,WetDep_NH4_mgm2,"(1670, 1675]",1,155016,139514.4
1135,WetDep_NH4_mgm2,"(1675, 1680]",2,155016,139514.4
1136,WetDep_NH4_mgm2,"(1680, 1685]",4,155016,139514.4
1137,WetDep_NH4_mgm2,"(1685, 1690]",0,155016,139514.4
1138,WetDep_NH4_mgm2,"(1690, 1695]",2,155016,139514.4
1139,WetDep_NH4_mgm2,"(1695, 1700]",0,155016,139514.4
1140,WetDep_NH4_mgm2,"(1700, 1705]",1,155016,139514.4
1141,WetDep_NH4_mgm2,"(1705, 1710]",1,155016,139514.4
1142,WetDep_NH4_mgm2,"(1710, 1715]",0,155016,139514.4
1143,WetDep_NH4_mgm2,"(1715, 1720]",0,155016,139514.4
1144,WetDep_NH4_mgm2,"(1720, 1725]",0,155016,139514.4
1145,WetDep_NH4_mgm2,"(1725, 1730]",3,155016,139514.4
1146,WetDep_NH4_mgm2,"(1730, 1735]",0,155016,139514.4
1147,WetDep_NH4_mgm2,"(1735, 1740]",2,155016,139514.4
1148,WetDep_NH4_mgm2,"(1740, 1745]",2,155016,139514.4
1149,WetDep_NH4_mgm2,"(1745, 1750]",0,155016,139514.4
1150,WetDep_NH4_mgm2,"(1750, 1755]",0,155016,139514.4
1151,WetDep_NH4_mgm2,"(1755, 1760]",1,155016,139514.4
1152,WetDep_NH4_mgm2,"(1760, 1765]",1,155016,139514.4
1153,WetDep_NH4_mgm2,"(1765, 1770]",3,155016,139514.4
1154,WetDep_NH4_mgm2,"(1770, 1775]",1,155016,139514.4
1155,WetDep_NH4_mgm2,"(1775, 1780]",0,155016,139514.4
1156,WetDep_NH4_mgm2,"(1780, 1785]",0,155016,139514.4
1157,WetDep_NH4_mgm2,"(1785, 1790]",1,155016,139514.4
1158,WetDep_NH4_mgm2,"(1790, 1795]",4,155016,139514.4
1159,WetDep_NH4_mgm2,"(1795, 1800]",0,155016,139514.4
1160,WetDep_NH4_mgm2,"(1800, 1805]",3,155016,139514.4
1161,WetDep_NH4_mgm2,"(1805, 1810]",1,155016,139514.4
1162,WetDep_NH4_mgm2,"(1810, 1815]",0,155016,139514.4
1163,WetDep_NH4_mgm2,"(1815, 1820]",3,155016,139514.4
1164,WetDep_NH4_mgm2,"(1820, 1825]",1,155016,139514.4
1165,WetDep_NH4_mgm2,"(1825, 1830]",1,155016,139514.4
1166,WetDep_NH4_mgm2,"(1830, 1835]",2,155016,139514.4
1167,WetDep_NH4_mgm2,"(1835, 1840]",1,155016,139514.4
1168,WetDep_NH4_mgm2,"(1840, 1845]",3,155016,139514.4
1169,WetDep_NH4_mgm2,"(1845, 1850]",2,155016,139514.4
1170,WetDep_NH4_mgm2,"(1850, 1855]",0,155016,139514.4
1171,WetDep_NH4_mgm2,"(1855, 1860]",0,155016,139514.4
1172,WetDep_NH4_mgm2,"(1860, 1865]",0,155016,139514.4
1173,WetDep_NH4_mgm2,"(1865, 1870]",0,155016,139514.4
1174,WetDep_NH4_mgm2,"(1870, 1875]",0,155016,139514.4
1175,WetDep_NH4_mgm2,"(1875, 1880]",2,155016,139514.4
1176,WetDep_NH4_mgm2,"(1880, 1885]",1,155016,139514.4
1177,WetDep_NH4_mgm2,"(1885, 1890]",3,155016,139514.4
1178,WetDep_NH4_mgm2,"(1890, 1895]",2,155016,139514.4
1179,WetDep_NH4_mgm2,"(1895, 1900]",2,155016,139514.4
1180,WetDep_NH4_mgm2,"(1900, 1905]",1,155016,139514.4
1181,WetDep_NH4_mgm2,"(1905, 1910]",0,155016,139514.4
1182,WetDep_NH4_mgm2,"(1910, 1915]",1,155016,139514.4
1183,WetDep_NH4_mgm2,"(1915, 1920]",1,155016,139514.4
1184,WetDep_NH4_mgm2,"(1920, 1925]",0,155016,139514.4
1185,WetDep_NH4_mgm2,"(1925, 1930]",1,155016,139514.4
1186,WetDep_NH4_mgm2,"(1930, 1935]",1,155016,139514.4
1187,WetDep_NH4_mgm2,"(1935, 1940]",2,155016,139514.4
1188,WetDep_NH4_mgm2,"(1940, 1945]",0,155016,139514.4
1189,WetDep_NH4_mgm2,"(1945, 1950]",0,155016,139514.4
1190,WetDep_NH4_mgm2,"(1950, 1955]",0,155016,139514.4
1191,WetDep_NH4_mgm2,"(1955, 1960]",0,155016,139514.4
1192,WetDep_NH4_mgm2,"(1960, 1965]",0,155016,139514.4
1193,WetDep_NH4_mgm2,"(1965, 1970]",1,155016,139514.4
1194,WetDep_NH4_mgm2,"(1970, 1975]",0,155016,139514.4
1195,WetDep_NH4_mgm2,"(1975, 1980]",0,155016,139514.4
1196,WetDep_NH4_mgm2,"(1980, 1985]",0,155016,139514.4
1197,WetDep_NH4_mgm2,"(1985, 1990]",2,155016,139514.4
1198,WetDep_NH4_mgm2,"(1990, 1995]",0,155016,139514.4
1199,WetDep_NH4_mgm2,"(1995, 2000]",0,155016,139514.4
1200,WetDep_NO3_mgm2,"(0, 5]",8301,154963,139466.7
1201,WetDep_NO3_mgm2,"(5, 10]",8103,154963,139466.7
1202,WetDep_NO3_mgm2,"(10, 15]",8045,154963,139466.7
1203,WetDep_NO3_mgm2,"(15, 20]",7904,154963,139466.7
1204,WetDep_NO3_mgm2,"(20, 25]",8149,154963,139466.7
1205,WetDep_NO3_mgm2,"(25, 30]",8074,154963,139466.7
1206,WetDep_NO3_mgm2,"(30, 35]",8085,154963,139466.7
1207,WetDep_NO3_mgm2,"(35, 40]",7932,154963,139466.7
1208,WetDep_NO3_mgm2,"(40, 45]",7764,154963,139466.7
1209,WetDep_NO3_mgm2,"(45, 50]",7670,154963,139466.7
1210,WetDep_NO3_mgm2,"(50, 55]",7517,154963,139466.7
1211,WetDep_NO3_mgm2,"(55, 60]",7318,154963,139466.7
1212,WetDep_NO3_mgm2,"(60, 65]",6822,154963,139466.7
1213,WetDep_NO3_mgm2,"(65, 70]",6348,154963,139466.7
1214,WetDep_NO3_mgm2,"(70, 75]",6029,154963,139466.7
1215,WetDep_NO3_mgm2,"(75, 80]",5487,154963,139466.7
1216,WetDep_NO3_mgm2,"(80, 85]",4944,154963,139466.7
1217,WetDep_NO3_mgm2,"(85, 90]",4179,154963,139466.7
1218,WetDep_NO3_mgm2,"(90, 95]",3410,154963,139466.7
1219,WetDep_NO3_mgm2,"(95, 100]",2051,154963,139466.7
1220,WetDep_NO3_mgm2,"(100, 105]",1099,154963,139466.7
1221,WetDep_NO3_mgm2,"(105, 110]",962,154963,139466.7
1222,WetDep_NO3_mgm2,"(110, 115]",958,154963,139466.7
1223,WetDep_NO3_mgm2,"(115, 120]",865,154963,139466.7
1224,WetDep_NO3_mgm2,"(120, 125]",861,154963,139466.7
1225,WetDep_NO3_mgm2,"(125, 130]",784,154963,139466.7
1226,WetDep_NO3_mgm2,"(130, 135]",788,154963,139466.7
1227,WetDep_NO3_mgm2,"(135, 140]",701,154963,139466.7
1228,WetDep_NO3_mgm2,"(140, 145]",647,154963,139466.7
1229,WetDep_NO3_mgm2,"(145, 150]",611,154963,139466.7
1230,WetDep_NO3_mgm2,"(150, 155]",518,154963,139466.7
1231,WetDep_NO3_mgm2,"(155, 160]",522,154963,139466.7
1232,WetDep_NO3_mgm2,"(160, 165]",505,154963,139466.7
1233,WetDep_NO3_mgm2,"(165, 170]",483,154963,139466.7
1234,WetDep_NO3_mgm2,"(170, 175]",448,154963,139466.7
1235,WetDep_NO3_mgm2,"(175, 180]",441,154963,139466.7
1236,WetDep_NO3_mgm2,"(180, 185]",398,154963,139466.7
1237,WetDep_NO3_mgm2,"(185, 190]",378,154963,139466.7
1238,WetDep_NO3_mgm2,"(190, 195]",390,154963,139466.7
1239,WetDep_NO3_mgm2,"(195, 200]",369,154963,139466.7
1240,WetDep_NO3_mgm2,"(200, 205]",315,154963,139466.7
1241,WetDep_NO3_mgm2,"(205, 210]",292,154963,139466.7
1242,WetDep_NO3_mgm2,"(210, 215]",306,154963,139466.7
1243,WetDep_NO3_mgm2,"(215, 220]",295,154963,139466.7
1244,WetDep_NO3_mgm2,"(220, 225]",249,154963,139466.7
1245,WetDep_NO3_mgm2,"(225, 230]",255,154963,139466.7
1246,WetDep_NO3_mgm2,"(230, 235]",259,154963,139466.7
1247,WetDep_NO3_mgm2,"(235, 240]",227,154963,139466.7
1248,WetDep_NO3_mgm2,"(240, 245]",228,154963,139466.7
1249,WetDep_NO3_mgm2,"(245, 250]",202,154963,139466.7
1250,WetDep_NO3_mgm2,"(250, 255]",193,154963,139466.7
1251,WetDep_NO3_mgm2,"(255, 260]",188,154963,139466.7
1252,WetDep_NO3_mgm2,"(260, 265]",165,154963,139466.7
1253,WetDep_NO3_mgm2,"(265, 270]",162,154963,139466.7
1254,WetDep_NO3_mgm2,"(270, 275]",158,154963,139466.7
1255,WetDep_NO3_mgm2,"(275, 280]",149,154963,139466.7
1256,WetDep_NO3_mgm2,"(280, 285]",141,154963,139466.7
1257,WetDep_NO3_mgm2,"(285, 290]",143,154963,139466.7
1258,WetDep_NO3_mgm2,"(290, 295]",126,154963,139466.7
1259,WetDep_NO3_mgm2,"(295, 300]",141,154963,139466.7
1260,WetDep_NO3_mgm2,"(300, 305]",122,154963,139466.7
1261,WetDep_NO3_mgm2,"(305, 310]",127,154963,139466.7
1262,WetDep_NO3_mgm2,"(310, 315]",126,154963,139466.7
1263,WetDep_NO3_mgm2,"(315, 320]",125,154963,139466.7
1264,WetDep_NO3_mgm2,"(320, 325]",98,154963,139466.7
1265,WetDep_NO3_mgm2,"(325, 330]",110,154963,139466.7
1266,WetDep_NO3_mgm2,"(330, 335]",86,154963,139466.7
1267,WetDep_NO3_mgm2,"(335, 340]",96,154963,139466.7
1268,WetDep_NO3_mgm2,"(340, 345]",98,154963,139466.7
1269,WetDep_NO3_mgm2,"(345, 350]",91,154963,139466.7
1270,WetDep_NO3_mgm2,"(350, 355]",75,154963,139466.7
1271,WetDep_NO3_mgm2,"(355, 360]",87,154963,139466.7
1272,WetDep_NO3_mgm2,"(360, 365]",79,154963,139466.7
1273,WetDep_NO3_mgm2,"(365, 370]",72,154963,139466.7
1274,WetDep_NO3_mgm2,"(370, 375]",62,154963,139466.7
1275,WetDep_NO3_mgm2,"(375, 380]",70,154963,139466.7
1276,WetDep_NO3_mgm2,"(380, 385]",59,154963,139466.7
1277,WetDep_NO3_mgm2,"(385, 390]",68,154963,139466.7
1278,WetDep_NO3_mgm2,"(390, 395]",64,154963,139466.7
1279,WetDep_NO3_mgm2,"(395, 400]",61,154963,139466.7
1280,WetDep_NO3_mgm2,"(400, 405]",45,154963,139466.7
1281,WetDep_NO3_mgm2,"(405, 410]",51,154963,139466.7
1282,WetDep_NO3_mgm2,"(410, 415]",61,154963,139466.7
1283,WetDep_NO3_mgm2,"(415, 420]",31,154963,139466.7
1284,WetDep_NO3_mgm2,"(420, 425]",39,154963,139466.7
1285,WetDep_NO3_mgm2,"(425, 430]",44,154963,139466.7
1286,WetDep_NO3_mgm2,"(430, 435]",52,154963,139466.7
1287,WetDep_NO3_mgm2,"(435, 440]",43,154963,139466.7
1288,WetDep_NO3_mgm2,"(440, 445]",30,154963,139466.7
1289,WetDep_NO3_mgm2,"(445, 450]",48,154963,139466.7
1290,WetDep_NO3_mgm2,"(450, 455]",45,154963,139466.7
1291,WetDep_NO3_mgm2,"(455, 460]",35,154963,139466.7
1292,WetDep_NO3_mgm2,"(460, 465]",34,154963,139466.7
1293,WetDep_NO3_mgm2,"(465, 470]",34,154963,139466.7
1294,WetDep_NO3_mgm2,"(470, 475]",29,154963,139466.7
1295,WetDep_NO3_mgm2,"(475, 480]",33,154963,139466.7
1296,WetDep_NO3_mgm2,"(480, 485]",39,154963,139466.7
1297,WetDep_NO3_mgm2,"(485, 490]",28,154963,139466.7
1298,WetDep_NO3_mgm2,"(490, 495]",18,154963,139466.7
1299,WetDep_NO3_mgm2,"(495, 500]",31,154963,139466.7
1300,WetDep_NO3_mgm2,"(500, 505]",31,154963,139466.7
1301,WetDep_NO3_mgm2,"(505, 510]",29,154963,139466.7
1302,WetDep_NO3_mgm2,"(510, 515]",27,154963,139466.7
1303,WetDep_NO3_mgm2,"(515, 520]",29,154963,139466.7
1304,WetDep_NO3_mgm2,"(520, 525]",27,154963,139466.7
1305,WetDep_NO3_mgm2,"(525, 530]",25,154963,139466.7
1306,WetDep_NO3_mgm2,"(530, 535]",20,154963,139466.7
1307,WetDep_NO3_mgm2,"(535, 540]",22,154963,139466.7
1308,WetDep_NO3_mgm2,"(540, 545]",18,154963,139466.7
1309,WetDep_NO3_mgm2,"(545, 550]",35,154963,139466.7
1310,WetDep_NO3_mgm2,"(550, 555]",19,154963,139466.7
1311,WetDep_NO3_mgm2,"(555, 560]",21,154963,139466.7
1312,WetDep_NO3_mgm2,"(560, 565]",20,154963,139466.7
1313,WetDep_NO3_mgm2,"(565, 570]",18,154963,139466.7
1314,WetDep_NO3_mgm2,"(570, 575]",15,154963,139466.7
1315,WetDep_NO3_mgm2,"(575, 580]",17,154963,139466.7
1316,WetDep_NO3_mgm2,"(580, 585]",18,154963,139466.7
1317,WetDep_NO3_mgm2,"(585, 590]",18,154963,139466.7
1318,WetDep_NO3_mgm2,"(590, 595]",18,154963,139466.7
1319,WetDep_NO3_mgm2,"(595, 600]",24,154963,139466.7
1320,WetDep_NO3_mgm2,"(600, 605]",9,154963,139466.7
1321,WetDep_NO3_mgm2,"(605, 610]",15,154963,139466.7
1322,WetDep_NO3_mgm2,"(610, 615]",16,154963,139466.7
1323,WetDep_NO3_mgm2,"(615, 620]",16,154963,139466.7
1324,WetDep_NO3_mgm2,"(620, 625]",8,154963,139466.7
1325,WetDep_NO3_mgm2,"(625, 630]",18,154963,139466.7
1326,WetDep_NO3_mgm2,"(630, 635]",13,154963,139466.7
1327,WetDep_NO3_mgm2,"(635, 640]",14,154963,139466.7
1328,WetDep_NO3_mgm2,"(640, 645]",14,154963,139466.7
1329,WetDep_NO3_mgm2,"(645, 650]",13,154963,139466.7
1330,WetDep_NO3_mgm2,"(650, 655]",14,154963,139466.7
1331,WetDep_NO3_mgm2,"(655, 660]",13,154963,139466.7
1332,WetDep_NO3_mgm2,"(660, 665]",9,154963,139466.7
1333,WetDep_NO3_mgm2,"(665, 670]",18,154963,139466.7
1334,WetDep_NO3_mgm2,"(670, 675]",13,154963,139466.7
1335,WetDep_NO3_mgm2,"(675, 680]",8,154963,139466.7
1336,WetDep_NO3_mgm2,"(680, 685]",11,154963,139466.7
1337,WetDep_NO3_mgm2,"(685, 690]",9,154963,139466.7
1338,WetDep_NO3_mgm2,"(690, 695]",15,154963,139466.7
1339,WetDep_NO3_mgm2,"(695, 700]",13,154963,139466.7
1340,WetDep_NO3_mgm2,"(700, 705]",8,154963,139466.7
1341,WetDep_NO3_mgm2,"(705, 710]",7,154963,139466.7
1342,WetDep_NO3_mgm2,"(710, 715]",6,154963,139466.7
1343,WetDep_NO3_mgm2,"(715, 720]",10,154963,139466.7
1344,WetDep_NO3_mgm2,"(720, 725]",11,154963,139466.7
1345,WetDep_NO3_mgm2,"(725, 730]",14,154963,139466.7
1346,WetDep_NO3_mgm2,"(730, 735]",9,154963,139466.7
1347,WetDep_NO3_mgm2,"(735, 740]",8,154963,139466.7
1348,WetDep_NO3_mgm2,"(740, 745]",13,154963,139466.7
1349,WetDep_NO3_mgm2,"(745, 750]",10,154963,139466.7
1350,WetDep_NO3_mgm2,"(750, 755]",3,154963,139466.7
1351,WetDep_NO3_mgm2,"(755, 760]",10,154963,139466.7
1352,WetDep_NO3_mgm2,"(760, 765]",7,154963,139466.7
1353,WetDep_NO3_mgm2,"(765, 770]",8,154963,139466.7
1354,WetDep_NO3_mgm2,"(770, 775]",6,154963,139466.7
1355,WetDep_NO3_mgm2,"(775, 780]",11,154963,139466.7
1356,WetDep_NO3_mgm2,"(780, 785]",7,154963,139466.7
1357,WetDep_NO3_mgm2,"(785, 790]",6,154963,139466.7
1358,WetDep_NO3_mgm2,"(790, 795]",10,154963,139466.7
1359,WetDep_NO3_mgm2,"(795, 800]",10,154963,139466.7
1360,WetDep_NO3_mgm2,"(800, 805]",12,154963,139466.7
1361,WetDep_NO3_mgm2,"(805, 810]",4,154963,139466.7
1362,WetDep_NO3_mgm2,"(810, 815]",10,154963,139466.7
1363,WetDep_NO3_mgm2,"(815, 820]",7,154963,139466.7
1364,WetDep_NO3_mgm2,"(820, 825]",8,154963,139466.7
1365,WetDep_NO3_mgm2,"(825, 830]",7,154963,139466.7
1366,WetDep_NO3_mgm2,"(830, 835]",6,154963,139466.7
1367,WetDep_NO3_mgm2,"(835, 840]",8,154963,139466.7
1368,WetDep_NO3_mgm2,"(840, 845]",6,154963,139466.7
1369,WetDep_NO3_mgm2,"(845, 850]",5,154963,139466.7
1370,WetDep_NO3_mgm2,"(850, 855]",4,154963,139466.7
1371,WetDep_NO3_mgm2,"(855, 860]",4,154963,139466.7
1372,WetDep_NO3_mgm2,"(860, 865]",3,154963,139466.7
1373,WetDep_NO3_mgm2,"(865, 870]",4,154963,139466.7
1374,WetDep_NO3_mgm2,"(870, 875]",5,154963,139466.7
1375,WetDep_NO3_mgm2,"(875, 880]",10,154963,139466.7
1376,WetDep_NO3_mgm2,"(880, 885]",3,154963,139466.7
1377,WetDep_NO3_mgm2,"(885, 890]",1,154963,139466.7
1378,WetDep_NO3_mgm2,"(890, 895]",3,154963,139466.7
1379,WetDep_NO3_mgm2,"(895, 900]",2,154963,139466.7
1380,WetDep_NO3_mgm2,"(900, 905]",5,154963,139466.7
1381,WetDep_NO3_mgm2,"(905, 910]",3,154963,139466.7
1382,WetDep_NO3_mgm2,"(910, 915]",2,154963,139466.7
1383,WetDep_NO3_mgm2,"(915, 920]",4,154963,139466.7
1384,WetDep_NO3_mgm2,"(920, 925]",4,154963,139466.7
1385,WetDep_NO3_mgm2,"(925, 930]",5,154963,139466.7
1386,WetDep_NO3_mgm2,"(930, 935]",2,154963,139466.7
1387,WetDep_NO3_mgm2,"(935, 940]",7,154963,139466.7
1388,WetDep_NO3_mgm2,"(940, 945]",3,154963,139466.7
1389,WetDep_NO3_mgm2,"(945, 950]",7,154963,139466.7
1390,WetDep_NO3_mgm2,"(950, 955]",6,154963,139466.7
1391,WetDep_NO3_mgm2,"(955, 960]",2,154963,139466.7
1392,WetDep_NO3_mgm2,"(960, 965]",3,154963,139466.7
1393,WetDep_NO3_mgm2,"(965, 970]",1,154963,139466.7
1394,WetDep_NO3_mgm2,"(970, 975]",3,154963,139466.7
1395,WetDep_NO3_mgm2,"(975, 980]",2,154963,139466.7
1396,WetDep_NO3_mgm2,"(980, 985]",1,154963,139466.7
1397,WetDep_NO3_mgm2,"(985, 990]",7,154963,139466.7
1398,WetDep_NO3_mgm2,"(990, 995]",0,154963,139466.7
1399,WetDep_NO3_mgm2,"(995, 1000]",5,154963,139466.7
1400,WetDep_NO3_mgm2,"(1000, 1005]",2,154963,139466.7
1401,WetDep_NO3_mgm2,"(1005, 1010]",4,154963,139466.7
1402,WetDep_NO3_mgm2,"(1010, 1015]",3,154963,139466.7
1403,WetDep_NO3_mgm2,"(1015, 1020]",4,154963,139466.7
1404,WetDep_NO3_mgm2,"(1020, 1025]",3,154963,139466.7
1405,WetDep_NO3_mgm2,"(1025, 1030]",5,154963,139466.7
1406,WetDep_NO3_mgm2,"(1030, 1035]",2,154963,139466.7
1407,WetDep_NO3_mgm2,"(1035, 1040]",2,154963,139466.7
1408,WetDep_NO3_mgm2,"(1040, 1045]",1,154963,139466.7
1409,WetDep_NO3_mgm2,"(1045, 1050]",5,154963,139466.7
1410,WetDep_NO3_mgm2,"(1050, 1055]",2,154963,139466.7
1411,WetDep_NO3_mgm2,"(1055, 1060]",0,154963,139466.7
1412,WetDep_NO3_mgm2,"(1060, 1065]",4,154963,139466.7
1413,WetDep_NO3_mgm2,"(1065, 1070]",0,154963,139466.7
1414,WetDep_NO3_mgm2,"(1070, 1075]",6,154963,139466.7
1415,WetDep_NO3_mgm2,"(1075, 1080]",2,154963,139466.7
1416,WetDep_NO3_mgm2,"(1080, 1085]",1,154963,139466.7
1417,WetDep_NO3_mgm2,"(1085, 1090]",0,154963,139466.7
1418,WetDep_NO3_mgm2,"(1090, 1095]",2,154963,139466.7
1419,WetDep_NO3_mgm2,"(1095, 1100]",3,154963,139466.7
1420,WetDep_NO3_mgm2,"(1100, 1105]",2,154963,139466.7
1421,WetDep_NO3_mgm2,"(1105, 1110]",2,154963,139466.7
1422,WetDep_NO3_mgm2,"(1110, 1115]",0,154963,139466.7
1423,WetDep_NO3_mgm2,"(1115, 1120]",2,154963,139466.7
1424,WetDep_NO3_mgm2,"(1120, 1125]",2,154963,139466.7
1425,WetDep_NO3_mgm2,"(1125, 1130]",0,154963,139466.7
1426,WetDep_NO3_mgm2,"(1130, 1135]",2,154963,139466.7
1427,WetDep_NO3_mgm2,"(1135, 1140]",3,154963,139466.7
1428,WetDep_NO3_mgm2,"(1140, 1145]",0,154963,139466.7
1429,WetDep_NO3_mgm2,"(1145, 1150]",1,154963,139466.7
1430,WetDep_NO3_mgm2,"(1150, 1155]",1,154963,139466.7
1431,WetDep_NO3_mgm2,"(1155, 1160]",2,154963,139466.7
1432,WetDep_NO3_mgm2,"(1160, 1165]",2,154963,139466.7
1433,WetDep_NO3_mgm2,"(1165, 1170]",5,154963,139466.7
1434,WetDep_NO3_mgm2,"(1170, 1175]",1,154963,139466.7
1435,WetDep_NO3_mgm2,"(1175, 1180]",0,154963,139466.7
1436,WetDep_NO3_mgm2,"(1180, 1185]",1,154963,139466.7
1437,WetDep_NO3_mgm2,"(1185, 1190]",3,154963,139466.7
1438,WetDep_NO3_mgm2,"(1190, 1195]",1,154963,139466.7
1439,WetDep_NO3_mgm2,"(1195, 1200]",0,154963,139466.7
1440,WetDep_NO3_mgm2,"(1200, 1205]",2,154963,139466.7
1441,WetDep_NO3_mgm2,"(1205, 1210]",1,154963,139466.7
1442,WetDep_NO3_mgm2,"(1210, 1215]",1,154963,139466.7
1443,WetDep_NO3_mgm2,"(1215, 1220]",2,154963,139466.7
1444,WetDep_NO3_mgm2,"(1220, 1225]",1,154963,139466.7
1445,WetDep_NO3_mgm2,"(1225, 1230]",3,154963,139466.7
1446,WetDep_NO3_mgm2,"(1230, 1235]",2,154963,139466.7
1447,WetDep_NO3_mgm2,"(1235, 1240]",2,154963,139466.7
1448,WetDep_NO3_mgm2,"(1240, 1245]",1,154963,139466.7
1449,WetDep_NO3_mgm2,"(1245, 1250]",1,154963,139466.7
1450,WetDep_NO3_mgm2,"(1250, 1255]",1,154963,139466.7
1451,WetDep_NO3_mgm2,"(1255, 1260]",1,154963,139466.7
1452,WetDep_NO3_mgm2,"(1260, 1265]",2,154963,139466.7
1453,WetDep_NO3_mgm2,"(1265, 1270]",2,154963,139466.7
1454,WetDep_NO3_mgm2,"(1270, 1275]",1,154963,139466.7
1455,WetDep_NO3_mgm2,"(1275, 1280]",0,154963,139466.7
1456,WetDep_NO3_mgm2,"(1280, 1285]",3,154963,139466.7
1457,WetDep_NO3_mgm2,"(1285, 1290]",1,154963,139466.7
1458,WetDep_NO3_mgm2,"(1290, 1295]",1,154963,139466.7
1459,WetDep_NO3_mgm2,"(1295, 1300]",0,154963,139466.7
1460,WetDep_NO3_mgm2,"(1300, 1305]",2,154963,139466.7
1461,WetDep_NO3_mgm2,"(1305, 1310]",3,154963,139466.7
1462,WetDep_NO3_mgm2,"(1310, 1315]",1,154963,139466.7
1463,WetDep_NO3_mgm2,"(1315, 1320]",2,154963,139466.7
1464,WetDep_NO3_mgm2,"(1320, 1325]",1,154963,139466.7
1465,WetDep_NO3_mgm2,"(1325, 1330]",0,154963,139466.7
1466,WetDep_NO3_mgm2,"(1330, 1335]",0,154963,139466.7
1467,WetDep_NO3_mgm2,"(1335, 1340]",0,154963,139466.7
1468,WetDep_NO3_mgm2,"(1340, 1345]",1,154963,139466.7
1469,WetDep_NO3_mgm2,"(1345, 1350]",3,154963,139466.7
1470,WetDep_NO3_mgm2,"(1350, 1355]",2,154963,139466.7
1471,WetDep_NO3_mgm2,"(1355, 1360]",0,154963,139466.7
1472,WetDep_NO3_mgm2,"(1360, 1365]",0,154963,139466.7
1473,WetDep_NO3_mgm2,"(1365, 1370]",0,154963,139466.7
1474,WetDep_NO3_mgm2,"(1370, 1375]",1,154963,139466.7
1475,WetDep_NO3_mgm2,"(1375, 1380]",0,154963,139466.7
1476,WetDep_NO3_mgm2,"(1380, 1385]",0,154963,139466.7
1477,WetDep_NO3_mgm2,"(1385, 1390]",1,154963,139466.7
1478,WetDep_NO3_mgm2,"(1390, 1395]",0,154963,139466.7
1479,WetDep_NO3_mgm2,"(1395, 1400]",2,154963,139466.7
1480,WetDep_NO3_mgm2,"(1400, 1405]",0,154963,139466.7
1481,WetDep_NO3_mgm2,"(1405, 1410]",2,154963,139466.7
1482,WetDep_NO3_mgm2,"(1410, 1415]",1,154963,139466.7
1483,WetDep_NO3_mgm2,"(1415, 1420]",1,154963,139466.7
1484,WetDep_NO3_mgm2,"(1420, 1425]",1,154963,139466.7
1485,WetDep_NO3_mgm2,"(1425, 1430]",0,154963,139466.7
1486,WetDep_NO3_mgm2,"(1430, 1435]",0,154963,139466.7
1487,WetDep_NO3_mgm2,"(1435, 1440]",0,154963,139466.7
1488,WetDep_NO3_mgm2,"(1440, 1445]",1,154963,139466.7
1489,WetDep_NO3_mgm2,"(1445, 1450]",2,154963,139466.7
1490,WetDep_NO3_mgm2,"(1450, 1455]",0,154963,139466.7
1491,WetDep_NO3_mgm2,"(1455, 1460]",2,154963,139466.7
1492,WetDep_NO3_mgm2,"(1460, 1465]",2,154963,139466.7
1493,WetDep_NO3_mgm2,"(1465, 1470]",2,154963,139466.7
1494,WetDep_NO3_mgm2,"(1470, 1475]",0,154963,139466.7
1495,WetDep_NO3_mgm2,"(1475, 1480]",1,154963,139466.7
1496,WetDep_NO3_mgm2,"(1480, 1485]",0,154963,139466.7
1497,WetDep_NO3_mgm2,"(1485, 1490]",1,154963,139466.7
1498,WetDep_NO3_mgm2,"(1490, 1495]",3,154963,139466.7
1499,WetDep_NO3_mgm2,"(1495, 1500]",2,154963,139466.7
1500,WetDep_NO3_mgm2,"(1500, 1505]",0,154963,139466.7
1501,WetDep_NO3_mgm2,"(1505, 1510]",2,154963,139466.7
1502,WetDep_NO3_mgm2,"(1510, 1515]",0,154963,139466.7
1503,WetDep_NO3_mgm2,"(1515, 1520]",0,154963,139466.7
1504,WetDep_NO3_mgm2,"(1520, 1525]",0,154963,139466.7
1505,WetDep_NO3_mgm2,"(1525, 1530]",2,154963,139466.7
1506,WetDep_NO3_mgm2,"(1530, 1535]",1,154963,139466.7
1507,WetDep_NO3_mgm2,"(1535, 1540]",1,154963,139466.7
1508,WetDep_NO3_mgm2,"(1540, 1545]",0,154963,139466.7
1509,WetDep_NO3_mgm2,"(1545, 1550]",0,154963,139466.7
1510,WetDep_NO3_mgm2,"(1550, 1555]",1,154963,139466.7
1511,WetDep_NO3_mgm2,"(1555, 1560]",2,154963,139466.7
1512,WetDep_NO3_mgm2,"(1560, 1565]",0,154963,139466.7
1513,WetDep_NO3_mgm2,"(1565, 1570]",0,154963,139466.7
1514,WetDep_NO3_mgm2,"(1570, 1575]",1,154963,139466.7
1515,WetDep_NO3_mgm2,"(1575, 1580]",0,154963,139466.7
1516,WetDep_NO3_mgm2,"(1580, 1585]",0,154963,139466.7
1517,WetDep_NO3_mgm2,"(1585, 1590]",1,154963,139466.7
1518,WetDep_NO3_mgm2,"(1590, 1595]",2,154963,139466.7
1519,WetDep_NO3_mgm2,"(1595, 1600]",0,154963,139466.7
1520,WetDep_NO3_mgm2,"(1600, 1605]",1,154963,139466.7
1521,WetDep_NO3_mgm2,"(1605, 1610]",2,154963,139466.7
1522,WetDep_NO3_mgm2,"(1610, 1615]",0,154963,139466.7
1523,WetDep_NO3_mgm2,"(1615, 1620]",0,154963,139466.7
1524,WetDep_NO3_mgm2,"(1620, 1625]",1,154963,139466.7
1525,WetDep_NO3_mgm2,"(1625, 1630]",1,154963,139466.7
1526,WetDep_NO3_mgm2,"(1630, 1635]",0,154963,139466.7
1527,WetDep_NO3_mgm2,"(1635, 1640]",1,154963,139466.7
1528,WetDep_NO3_mgm2,"(1640, 1645]",3,154963,139466.7
1529,WetDep_NO3_mgm2,"(1645, 1650]",0,154963,139466.7
1530,WetDep_NO3_mgm2,"(1650, 1655]",2,154963,139466.7
1531,WetDep_NO3_mgm2,"(1655, 1660]",1,154963,139466.7
1532,WetDep_NO3_mgm2,"(1660, 1665]",0,154963,139466.7
1533,WetDep_NO3_mgm2,"(1665, 1670]",1,154963,139466.7
1534,WetDep_NO3_mgm2,"(1670, 1675]",1,154963,139466.7
1535,WetDep_NO3_mgm2,"(1675, 1680]",2,154963,139466.7
1536,WetDep_NO3_mgm2,"(1680, 1685]",0,154963,139466.7
1537,WetDep_NO3_mgm2,"(1685, 1690]",1,154963,139466.7
1538,WetDep_NO3_mgm2,"(1690, 1695]",0,154963,139466.7
1539,WetDep_NO3_mgm2,"(1695, 1700]",0,154963,139466.7
1540,WetDep_NO3_mgm2,"(1700, 1705]",2,154963,139466.7
1541,WetDep_NO3_mgm2,"(1705, 1710]",0,154963,139466.7
1542,WetDep_NO3_mgm2,"(1710, 1715]",1,154963,139466.7
1543,WetDep_NO3_mgm2,"(1715, 1720]",1,154963,139466.7
1544,WetDep_NO3_mgm2,"(1720, 1725]",3,154963,139466.7
1545,WetDep_NO3_mgm2,"(1725, 1730]",0,154963,139466.7
1546,WetDep_NO3_mgm2,"(1730, 1735]",0,154963,139466.7
1547,WetDep_NO3_mgm2,"(1735, 1740]",1,154963,139466.7
1548,WetDep_NO3_mgm2,"(1740, 1745]",1,154963,139466.7
1549,WetDep_NO3_mgm2,"(1745, 1750]",0,154963,139466.7
1550,WetDep_NO3_mgm2,"(1750, 1755]",3,154963,139466.7
1551,WetDep_NO3_mgm2,"(1755, 1760]",2,154963,139466.7
1552,WetDep_NO3_mgm2,"(1760, 1765]",1,154963,139466.7
1553,WetDep_NO3_mgm2,"(1765, 1770]",0,154963,139466.7
1554,WetDep_NO3_mgm2,"(1770, 1775]",1,154963,139466.7
1555,WetDep_NO3_mgm2,"(1775, 1780]",1,154963,139466.7
1556,WetDep_NO3_mgm2,"(1780, 1785]",0,154963,139466.7
1557,WetDep_NO3_mgm2,"(1785, 1790]",0,154963,139466.7
1558,WetDep_NO3_mgm2,"(1790, 1795]",2,154963,139466.7
1559,WetDep_NO3_mgm2,"(1795, 1800]",0,154963,139466.7
1560,WetDep_NO3_mgm2,"(1800, 1805]",0,154963,139466.7
1561,WetDep_NO3_mgm2,"(1805, 1810]",4,154963,139466.7
1562,WetDep_NO3_mgm2,"(1810, 1815]",0,154963,139466.7
1563,WetDep_NO3_mgm2,"(1815, 1820]",0,154963,139466.7
1564,WetDep_NO3_mgm2,"(1820, 1825]",1,154963,139466.7
1565,WetDep_NO3_mgm2,"(1825, 1830]",0,154963,139466.7
1566,WetDep_NO3_mgm2,"(1830, 1835]",0,154963,139466.7
1567,WetDep_NO3_mgm2,"(1835, 1840]",3,154963,139466.7
1568,WetDep_NO3_mgm2,"(1840, 1845]",0,154963,139466.7
1569,WetDep_NO3_mgm2,"(1845, 1850]",0,154963,139466.7
1570,WetDep_NO3_mgm2,"(1850, 1855]",0,154963,139466.7
1571,WetDep_NO3_mgm2,"(1855, 1860]",0,154963,139466.7
1572,WetDep_NO3_mgm2,"(1860, 1865]",0,154963,139466.7
1573,WetDep_NO3_mgm2,"(1865, 1870]",1,154963,139466.7
1574,WetDep_NO3_mgm2,"(1870, 1875]",1,154963,139466.7
1575,WetDep_NO3_mgm2,"(1875, 1880]",2,154963,139466.7
1576,WetDep_NO3_mgm2,"(1880, 1885]",0,154963,139466.7
1577,WetDep_NO3_mgm2,"(1885, 1890]",1,154963,139466.7
1578,WetDep_NO3_mgm2,"(1890, 1895]",0,154963,139466.7
1579,WetDep_NO3_mgm2,"(1895, 1900]",0,154963,139466.7
1580,WetDep_NO3_mgm2,"(1900, 1905]",1,154963,139466.7
1581,WetDep_NO3_mgm2,"(1905, 1910]",1,154963,139466.7
1582,WetDep_NO3_mgm2,"(1910, 1915]",0,154963,139466.7
1583,WetDep_NO3_mgm2,"(1915, 1920]",0,154963,139466.7
1584,WetDep_NO3_mgm2,"(1920, 1925]",1,154963,139466.7
1585,WetDep_NO3_mgm2,"(1925, 1930]",0,154963,139466.7
1586,WetDep_NO3_mgm2,"(1930, 1935]",0,154963,139466.7
1587,WetDep_NO3_mgm2,"(1935, 1940]",1,154963,139466.7
1588,WetDep_NO3_mgm2,"(1940, 1945]",0,154963,139466.7
1589,WetDep_NO3_mgm2,"(1945, 1950]",0,154963,139466.7
1590,WetDep_NO3_mgm2,"(1950, 1955]",0,154963,139466.7
1591,WetDep_NO3_mgm2,"(1955, 1960]",0,154963,139466.7
1592,WetDep_NO3_mgm2,"(1960, 1965]",0,154963,139466.7
1593,WetDep_NO3_mgm2,"(1965, 1970]",1,154963,139466.7
1594,WetDep_NO3_mgm2,"(1970, 1975]",1,154963,139466.7
1595,WetDep_NO3_mgm2,"(1975, 1980]",0,154963,139466.7
1596,WetDep_NO3_mgm2,"(1980, 1985]",0,154963,139466.7
1597,WetDep_NO3_mgm2,"(1985, 1990]",1,154963,139466.7
1598,WetDep_NO3_mgm2,"(1990, 1995]",1,154963,139466.7
1599,WetDep_NO3_mgm2,"(1995, 2000]",0,154963,139466.7
1600,WetDep_SO4_mgm2,"(0, 5]",6189,154967,139470.30000000002
1601,WetDep_SO4_mgm2,"(5, 10]",6352,154967,139470.30000000002
1602,WetDep_SO4_mgm2,"(10, 15]",6402,154967,139470.30000000002
1603,WetDep_SO4_mgm2,"(15, 20]",6339,154967,139470.30000000002
1604,WetDep_SO4_mgm2,"(20, 25]",6535,154967,139470.30000000002
1605,WetDep_SO4_mgm2,"(25, 30]",6667,154967,139470.30000000002
1606,WetDep_SO4_mgm2,"(30, 35]",6573,154967,139470.30000000002
1607,WetDep_SO4_mgm2,"(35, 40]",6796,154967,139470.30000000002
1608,WetDep_SO4_mgm2,"(40, 45]",7042,154967,139470.30000000002
1609,WetDep_SO4_mgm2,"(45, 50]",7122,154967,139470.30000000002
1610,WetDep_SO4_mgm2,"(50, 55]",7065,154967,139470.30000000002
1611,WetDep_SO4_mgm2,"(55, 60]",7128,154967,139470.30000000002
1612,WetDep_SO4_mgm2,"(60, 65]",7313,154967,139470.30000000002
1613,WetDep_SO4_mgm2,"(65, 70]",7065,154967,139470.30000000002
1614,WetDep_SO4_mgm2,"(70, 75]",7003,154967,139470.30000000002
1615,WetDep_SO4_mgm2,"(75, 80]",6827,154967,139470.30000000002
1616,WetDep_SO4_mgm2,"(80, 85]",6483,154967,139470.30000000002
1617,WetDep_SO4_mgm2,"(85, 90]",5705,154967,139470.30000000002
1618,WetDep_SO4_mgm2,"(90, 95]",4732,154967,139470.30000000002
1619,WetDep_SO4_mgm2,"(95, 100]",2938,154967,139470.30000000002
1620,WetDep_SO4_mgm2,"(100, 105]",1030,154967,139470.30000000002
1621,WetDep_SO4_mgm2,"(105, 110]",967,154967,139470.30000000002
1622,WetDep_SO4_mgm2,"(110, 115]",884,154967,139470.30000000002
1623,WetDep_SO4_mgm2,"(115, 120]",892,154967,139470.30000000002
1624,WetDep_SO4_mgm2,"(120, 125]",822,154967,139470.30000000002
1625,WetDep_SO4_mgm2,"(125, 130]",816,154967,139470.30000000002
1626,WetDep_SO4_mgm2,"(130, 135]",789,154967,139470.30000000002
1627,WetDep_SO4_mgm2,"(135, 140]",783,154967,139470.30000000002
1628,WetDep_SO4_mgm2,"(140, 145]",729,154967,139470.30000000002
1629,WetDep_SO4_mgm2,"(145, 150]",613,154967,139470.30000000002
1630,WetDep_SO4_mgm2,"(150, 155]",619,154967,139470.30000000002
1631,WetDep_SO4_mgm2,"(155, 160]",640,154967,139470.30000000002
1632,WetDep_SO4_mgm2,"(160, 165]",591,154967,139470.30000000002
1633,WetDep_SO4_mgm2,"(165, 170]",561,154967,139470.30000000002
1634,WetDep_SO4_mgm2,"(170, 175]",568,154967,139470.30000000002
1635,WetDep_SO4_mgm2,"(175, 180]",543,154967,139470.30000000002
1636,WetDep_SO4_mgm2,"(180, 185]",463,154967,139470.30000000002
1637,WetDep_SO4_mgm2,"(185, 190]",432,154967,139470.30000000002
1638,WetDep_SO4_mgm2,"(190, 195]",429,154967,139470.30000000002
1639,WetDep_SO4_mgm2,"(195, 200]",423,154967,139470.30000000002
1640,WetDep_SO4_mgm2,"(200, 205]",397,154967,139470.30000000002
1641,WetDep_SO4_mgm2,"(205, 210]",409,154967,139470.30000000002
1642,WetDep_SO4_mgm2,"(210, 215]",361,154967,139470.30000000002
1643,WetDep_SO4_mgm2,"(215, 220]",359,154967,139470.30000000002
1644,WetDep_SO4_mgm2,"(220, 225]",329,154967,139470.30000000002
1645,WetDep_SO4_mgm2,"(225, 230]",308,154967,139470.30000000002
1646,WetDep_SO4_mgm2,"(230, 235]",339,154967,139470.30000000002
1647,WetDep_SO4_mgm2,"(235, 240]",314,154967,139470.30000000002
1648,WetDep_SO4_mgm2,"(240, 245]",320,154967,139470.30000000002
1649,WetDep_SO4_mgm2,"(245, 250]",276,154967,139470.30000000002
1650,WetDep_SO4_mgm2,"(250, 255]",270,154967,139470.30000000002
1651,WetDep_SO4_mgm2,"(255, 260]",254,154967,139470.30000000002
1652,WetDep_SO4_mgm2,"(260, 265]",241,154967,139470.30000000002
1653,WetDep_SO4_mgm2,"(265, 270]",225,154967,139470.30000000002
1654,WetDep_SO4_mgm2,"(270, 275]",267,154967,139470.30000000002
1655,WetDep_SO4_mgm2,"(275, 280]",247,154967,139470.30000000002
1656,WetDep_SO4_mgm2,"(280, 285]",211,154967,139470.30000000002
1657,WetDep_SO4_mgm2,"(285, 290]",220,154967,139470.30000000002
1658,WetDep_SO4_mgm2,"(290, 295]",185,154967,139470.30000000002
1659,WetDep_SO4_mgm2,"(295, 300]",195,154967,139470.30000000002
1660,WetDep_SO4_mgm2,"(300, 305]",194,154967,139470.30000000002
1661,WetDep_SO4_mgm2,"(305, 310]",197,154967,139470.30000000002
1662,WetDep_SO4_mgm2,"(310, 315]",164,154967,139470.30000000002
1663,WetDep_SO4_mgm2,"(315, 320]",145,154967,139470.30000000002
1664,WetDep_SO4_mgm2,"(320, 325]",164,154967,139470.30000000002
1665,WetDep_SO4_mgm2,"(325, 330]",168,154967,139470.30000000002
1666,WetDep_SO4_mgm2,"(330, 335]",157,154967,139470.30000000002
1667,WetDep_SO4_mgm2,"(335, 340]",163,154967,139470.30000000002
1668,WetDep_SO4_mgm2,"(340, 345]",176,154967,139470.30000000002
1669,WetDep_SO4_mgm2,"(345, 350]",149,154967,139470.30000000002
1670,WetDep_SO4_mgm2,"(350, 355]",149,154967,139470.30000000002
1671,WetDep_SO4_mgm2,"(355, 360]",133,154967,139470.30000000002
1672,WetDep_SO4_mgm2,"(360, 365]",150,154967,139470.30000000002
1673,WetDep_SO4_mgm2,"(365, 370]",138,154967,139470.30000000002
1674,WetDep_SO4_mgm2,"(370, 375]",137,154967,139470.30000000002
1675,WetDep_SO4_mgm2,"(375, 380]",120,154967,139470.30000000002
1676,WetDep_SO4_mgm2,"(380, 385]",105,154967,139470.30000000002
1677,WetDep_SO4_mgm2,"(385, 390]",99,154967,139470.30000000002
1678,WetDep_SO4_mgm2,"(390, 395]",106,154967,139470.30000000002
1679,WetDep_SO4_mgm2,"(395, 400]",105,154967,139470.30000000002
1680,WetDep_SO4_mgm2,"(400, 405]",108,154967,139470.30000000002
1681,WetDep_SO4_mgm2,"(405, 410]",94,154967,139470.30000000002
1682,WetDep_SO4_mgm2,"(410, 415]",79,154967,139470.30000000002
1683,WetDep_SO4_mgm2,"(415, 420]",94,154967,139470.30000000002
1684,WetDep_SO4_mgm2,"(420, 425]",99,154967,139470.30000000002
1685,WetDep_SO4_mgm2,"(425, 430]",89,154967,139470.30000000002
1686,WetDep_SO4_mgm2,"(430, 435]",94,154967,139470.30000000002
1687,WetDep_SO4_mgm2,"(435, 440]",72,154967,139470.30000000002
1688,WetDep_SO4_mgm2,"(440, 445]",76,154967,139470.30000000002
1689,WetDep_SO4_mgm2,"(445, 450]",87,154967,139470.30000000002
1690,WetDep_SO4_mgm2,"(450, 455]",78,154967,139470.30000000002
1691,WetDep_SO4_mgm2,"(455, 460]",96,154967,139470.30000000002
1692,WetDep_SO4_mgm2,"(460, 465]",60,154967,139470.30000000002
1693,WetDep_SO4_mgm2,"(465, 470]",79,154967,139470.30000000002
1694,WetDep_SO4_mgm2,"(470, 475]",57,154967,139470.30000000002
1695,WetDep_SO4_mgm2,"(475, 480]",55,154967,139470.30000000002
1696,WetDep_SO4_mgm2,"(480, 485]",60,154967,139470.30000000002
1697,WetDep_SO4_mgm2,"(485, 490]",63,154967,139470.30000000002
1698,WetDep_SO4_mgm2,"(490, 495]",60,154967,139470.30000000002
1699,WetDep_SO4_mgm2,"(495, 500]",41,154967,139470.30000000002
1700,WetDep_SO4_mgm2,"(500, 505]",56,154967,139470.30000000002
1701,WetDep_SO4_mgm2,"(505, 510]",67,154967,139470.30000000002
1702,WetDep_SO4_mgm2,"(510, 515]",56,154967,139470.30000000002
1703,WetDep_SO4_mgm2,"(515, 520]",52,154967,139470.30000000002
1704,WetDep_SO4_mgm2,"(520, 525]",57,154967,139470.30000000002
1705,WetDep_SO4_mgm2,"(525, 530]",55,154967,139470.30000000002
1706,WetDep_SO4_mgm2,"(530, 535]",45,154967,139470.30000000002
1707,WetDep_SO4_mgm2,"(535, 540]",44,154967,139470.30000000002
1708,WetDep_SO4_mgm2,"(540, 545]",49,154967,139470.30000000002
1709,WetDep_SO4_mgm2,"(545, 550]",38,154967,139470.30000000002
1710,WetDep_SO4_mgm2,"(550, 555]",34,154967,139470.30000000002
1711,WetDep_SO4_mgm2,"(555, 560]",44,154967,139470.30000000002
1712,WetDep_SO4_mgm2,"(560, 565]",55,154967,139470.30000000002
1713,WetDep_SO4_mgm2,"(565, 570]",44,154967,139470.30000000002
1714,WetDep_SO4_mgm2,"(570, 575]",37,154967,139470.30000000002
1715,WetDep_SO4_mgm2,"(575, 580]",50,154967,139470.30000000002
1716,WetDep_SO4_mgm2,"(580, 585]",42,154967,139470.30000000002
1717,WetDep_SO4_mgm2,"(585, 590]",42,154967,139470.30000000002
1718,WetDep_SO4_mgm2,"(590, 595]",33,154967,139470.30000000002
1719,WetDep_SO4_mgm2,"(595, 600]",29,154967,139470.30000000002
1720,WetDep_SO4_mgm2,"(600, 605]",42,154967,139470.30000000002
1721,WetDep_SO4_mgm2,"(605, 610]",26,154967,139470.30000000002
1722,WetDep_SO4_mgm2,"(610, 615]",19,154967,139470.30000000002
1723,WetDep_SO4_mgm2,"(615, 620]",36,154967,139470.30000000002
1724,WetDep_SO4_mgm2,"(620, 625]",35,154967,139470.30000000002
1725,WetDep_SO4_mgm2,"(625, 630]",28,154967,139470.30000000002
1726,WetDep_SO4_mgm2,"(630, 635]",30,154967,139470.30000000002
1727,WetDep_SO4_mgm2,"(635, 640]",32,154967,139470.30000000002
1728,WetDep_SO4_mgm2,"(640, 645]",23,154967,139470.30000000002
1729,WetDep_SO4_mgm2,"(645, 650]",25,154967,139470.30000000002
1730,WetDep_SO4_mgm2,"(650, 655]",34,154967,139470.30000000002
1731,WetDep_SO4_mgm2,"(655, 660]",28,154967,139470.30000000002
1732,WetDep_SO4_mgm2,"(660, 665]",26,154967,139470.30000000002
1733,WetDep_SO4_mgm2,"(665, 670]",23,154967,139470.30000000002
1734,WetDep_SO4_mgm2,"(670, 675]",24,154967,139470.30000000002
1735,WetDep_SO4_mgm2,"(675, 680]",28,154967,139470.30000000002
1736,WetDep_SO4_mgm2,"(680, 685]",14,154967,139470.30000000002
1737,WetDep_SO4_mgm2,"(685, 690]",25,154967,139470.30000000002
1738,WetDep_SO4_mgm2,"(690, 695]",25,154967,139470.30000000002
1739,WetDep_SO4_mgm2,"(695, 700]",29,154967,139470.30000000002
1740,WetDep_SO4_mgm2,"(700, 705]",30,154967,139470.30000000002
1741,WetDep_SO4_mgm2,"(705, 710]",18,154967,139470.30000000002
1742,WetDep_SO4_mgm2,"(710, 715]",16,154967,139470.30000000002
1743,WetDep_SO4_mgm2,"(715, 720]",19,154967,139470.30000000002
1744,WetDep_SO4_mgm2,"(720, 725]",12,154967,139470.30000000002
1745,WetDep_SO4_mgm2,"(725, 730]",22,154967,139470.30000000002
1746,WetDep_SO4_mgm2,"(730, 735]",23,154967,139470.30000000002
1747,WetDep_SO4_mgm2,"(735, 740]",12,154967,139470.30000000002
1748,WetDep_SO4_mgm2,"(740, 745]",17,154967,139470.30000000002
1749,WetDep_SO4_mgm2,"(745, 750]",17,154967,139470.30000000002
1750,WetDep_SO4_mgm2,"(750, 755]",23,154967,139470.30000000002
1751,WetDep_SO4_mgm2,"(755, 760]",15,154967,139470.30000000002
1752,WetDep_SO4_mgm2,"(760, 765]",18,154967,139470.30000000002
1753,WetDep_SO4_mgm2,"(765, 770]",19,154967,139470.30000000002
1754,WetDep_SO4_mgm2,"(770, 775]",8,154967,139470.30000000002
1755,WetDep_SO4_mgm2,"(775, 780]",15,154967,139470.30000000002
1756,WetDep_SO4_mgm2,"(780, 785]",14,154967,139470.30000000002
1757,WetDep_SO4_mgm2,"(785, 790]",12,154967,139470.30000000002
1758,WetDep_SO4_mgm2,"(790, 795]",9,154967,139470.30000000002
1759,WetDep_SO4_mgm2,"(795, 800]",17,154967,139470.30000000002
1760,WetDep_SO4_mgm2,"(800, 805]",16,154967,139470.30000000002
1761,WetDep_SO4_mgm2,"(805, 810]",18,154967,139470.30000000002
1762,WetDep_SO4_mgm2,"(810, 815]",18,154967,139470.30000000002
1763,WetDep_SO4_mgm2,"(815, 820]",9,154967,139470.30000000002
1764,WetDep_SO4_mgm2,"(820, 825]",15,154967,139470.30000000002
1765,WetDep_SO4_mgm2,"(825, 830]",16,154967,139470.30000000002
1766,WetDep_SO4_mgm2,"(830, 835]",18,154967,139470.30000000002
1767,WetDep_SO4_mgm2,"(835, 840]",14,154967,139470.30000000002
1768,WetDep_SO4_mgm2,"(840, 845]",17,154967,139470.30000000002
1769,WetDep_SO4_mgm2,"(845, 850]",23,154967,139470.30000000002
1770,WetDep_SO4_mgm2,"(850, 855]",15,154967,139470.30000000002
1771,WetDep_SO4_mgm2,"(855, 860]",13,154967,139470.30000000002
1772,WetDep_SO4_mgm2,"(860, 865]",15,154967,139470.30000000002
1773,WetDep_SO4_mgm2,"(865, 870]",15,154967,139470.30000000002
1774,WetDep_SO4_mgm2,"(870, 875]",7,154967,139470.30000000002
1775,WetDep_SO4_mgm2,"(875, 880]",17,154967,139470.30000000002
1776,WetDep_SO4_mgm2,"(880, 885]",18,154967,139470.30000000002
1777,WetDep_SO4_mgm2,"(885, 890]",7,154967,139470.30000000002
1778,WetDep_SO4_mgm2,"(890, 895]",12,154967,139470.30000000002
1779,WetDep_SO4_mgm2,"(895, 900]",13,154967,139470.30000000002
1780,WetDep_SO4_mgm2,"(900, 905]",12,154967,139470.30000000002
1781,WetDep_SO4_mgm2,"(905, 910]",7,154967,139470.30000000002
1782,WetDep_SO4_mgm2,"(910, 915]",9,154967,139470.30000000002
1783,WetDep_SO4_mgm2,"(915, 920]",13,154967,139470.30000000002
1784,WetDep_SO4_mgm2,"(920, 925]",10,154967,139470.30000000002
1785,WetDep_SO4_mgm2,"(925, 930]",9,154967,139470.30000000002
1786,WetDep_SO4_mgm2,"(930, 935]",6,154967,139470.30000000002
1787,WetDep_SO4_mgm2,"(935, 940]",10,154967,139470.30000000002
1788,WetDep_SO4_mgm2,"(940, 945]",9,154967,139470.30000000002
1789,WetDep_SO4_mgm2,"(945, 950]",11,154967,139470.30000000002
1790,WetDep_SO4_mgm2,"(950, 955]",6,154967,139470.30000000002
1791,WetDep_SO4_mgm2,"(955, 960]",12,154967,139470.30000000002
1792,WetDep_SO4_mgm2,"(960, 965]",3,154967,139470.30000000002
1793,WetDep_SO4_mgm2,"(965, 970]",3,154967,139470.30000000002
1794,WetDep_SO4_mgm2,"(970, 975]",5,154967,139470.30000000002
1795,WetDep_SO4_mgm2,"(975, 980]",9,154967,139470.30000000002
1796,WetDep_SO4_mgm2,"(980, 985]",5,154967,139470.30000000002
1797,WetDep_SO4_mgm2,"(985, 990]",6,154967,139470.30000000002
1798,WetDep_SO4_mgm2,"(990, 995]",10,154967,139470.30000000002
1799,WetDep_SO4_mgm2,"(995, 1000]",13,154967,139470.30000000002
1800,WetDep_SO4_mgm2,"(1000, 1005]",11,154967,139470.30000000002
1801,WetDep_SO4_mgm2,"(1005, 1010]",5,154967,139470.30000000002
1802,WetDep_SO4_mgm2,"(1010, 1015]",6,154967,139470.30000000002
1803,WetDep_SO4_mgm2,"(1015, 1020]",9,154967,139470.30000000002
1804,WetDep_SO4_mgm2,"(1020, 1025]",7,154967,139470.30000000002
1805,WetDep_SO4_mgm2,"(1025, 1030]",5,154967,139470.30000000002
1806,WetDep_SO4_mgm2,"(1030, 1035]",9,154967,139470.30000000002
1807,WetDep_SO4_mgm2,"(1035, 1040]",11,154967,139470.30000000002
1808,WetDep_SO4_mgm2,"(1040, 1045]",9,154967,139470.30000000002
1809,WetDep_SO4_mgm2,"(1045, 1050]",4,154967,139470.30000000002
1810,WetDep_SO4_mgm2,"(1050, 1055]",5,154967,139470.30000000002
1811,WetDep_SO4_mgm2,"(1055, 1060]",7,154967,139470.30000000002
1812,WetDep_SO4_mgm2,"(1060, 1065]",7,154967,139470.30000000002
1813,WetDep_SO4_mgm2,"(1065, 1070]",10,154967,139470.30000000002
1814,WetDep_SO4_mgm2,"(1070, 1075]",5,154967,139470.30000000002
1815,WetDep_SO4_mgm2,"(1075, 1080]",9,154967,139470.30000000002
1816,WetDep_SO4_mgm2,"(1080, 1085]",2,154967,139470.30000000002
1817,WetDep_SO4_mgm2,"(1085, 1090]",3,154967,139470.30000000002
1818,WetDep_SO4_mgm2,"(1090, 1095]",12,154967,139470.30000000002
1819,WetDep_SO4_mgm2,"(1095, 1100]",4,154967,139470.30000000002
1820,WetDep_SO4_mgm2,"(1100, 1105]",5,154967,139470.30000000002
1821,WetDep_SO4_mgm2,"(1105, 1110]",9,154967,139470.30000000002
1822,WetDep_SO4_mgm2,"(1110, 1115]",6,154967,139470.30000000002
1823,WetDep_SO4_mgm2,"(1115, 1120]",3,154967,139470.30000000002
1824,WetDep_SO4_mgm2,"(1120, 1125]",6,154967,139470.30000000002
1825,WetDep_SO4_mgm2,"(1125, 1130]",5,154967,139470.30000000002
1826,WetDep_SO4_mgm2,"(1130, 1135]",3,154967,139470.30000000002
1827,WetDep_SO4_mgm2,"(1135, 1140]",4,154967,139470.30000000002
1828,WetDep_SO4_mgm2,"(1140, 1145]",4,154967,139470.30000000002
1829,WetDep_SO4_mgm2,"(1145, 1150]",2,154967,139470.30000000002
1830,WetDep_SO4_mgm2,"(1150, 1155]",3,154967,139470.30000000002
1831,WetDep_SO4_mgm2,"(1155, 1160]",2,154967,139470.30000000002
1832,WetDep_SO4_mgm2,"(1160, 1165]",4,154967,139470.30000000002
1833,WetDep_SO4_mgm2,"(1165, 1170]",4,154967,139470.30000000002
1834,WetDep_SO4_mgm2,"(1170, 1175]",6,154967,139470.30000000002
1835,WetDep_SO4_mgm2,"(1175, 1180]",1,154967,139470.30000000002
1836,WetDep_SO4_mgm2,"(1180, 1185]",2,154967,139470.30000000002
1837,WetDep_SO4_mgm2,"(1185, 1190]",3,154967,139470.30000000002
1838,WetDep_SO4_mgm2,"(1190, 1195]",6,154967,139470.30000000002
1839,WetDep_SO4_mgm2,"(1195, 1200]",4,154967,139470.30000000002
1840,WetDep_SO4_mgm2,"(1200, 1205]",6,154967,139470.30000000002
1841,WetDep_SO4_mgm2,"(1205, 1210]",5,154967,139470.30000000002
1842,WetDep_SO4_mgm2,"(1210, 1215]",5,154967,139470.30000000002
1843,WetDep_SO4_mgm2,"(1215, 1220]",4,154967,139470.30000000002
1844,WetDep_SO4_mgm2,"(1220, 1225]",3,154967,139470.30000000002
1845,WetDep_SO4_mgm2,"(1225, 1230]",4,154967,139470.30000000002
1846,WetDep_SO4_mgm2,"(1230, 1235]",7,154967,139470.30000000002
1847,WetDep_SO4_mgm2,"(1235, 1240]",2,154967,139470.30000000002
1848,WetDep_SO4_mgm2,"(1240, 1245]",2,154967,139470.30000000002
1849,WetDep_SO4_mgm2,"(1245, 1250]",4,154967,139470.30000000002
1850,WetDep_SO4_mgm2,"(1250, 1255]",0,154967,139470.30000000002
1851,WetDep_SO4_mgm2,"(1255, 1260]",3,154967,139470.30000000002
1852,WetDep_SO4_mgm2,"(1260, 1265]",5,154967,139470.30000000002
1853,WetDep_SO4_mgm2,"(1265, 1270]",5,154967,139470.30000000002
1854,WetDep_SO4_mgm2,"(1270, 1275]",3,154967,139470.30000000002
1855,WetDep_SO4_mgm2,"(1275, 1280]",3,154967,139470.30000000002
1856,WetDep_SO4_mgm2,"(1280, 1285]",1,154967,139470.30000000002
1857,WetDep_SO4_mgm2,"(1285, 1290]",2,154967,139470.30000000002
1858,WetDep_SO4_mgm2,"(1290, 1295]",3,154967,139470.30000000002
1859,WetDep_SO4_mgm2,"(1295, 1300]",6,154967,139470.30000000002
1860,WetDep_SO4_mgm2,"(1300, 1305]",3,154967,139470.30000000002
1861,WetDep_SO4_mgm2,"(1305, 1310]",3,154967,139470.30000000002
1862,WetDep_SO4_mgm2,"(1310, 1315]",2,154967,139470.30000000002
1863,WetDep_SO4_mgm2,"(1315, 1320]",2,154967,139470.30000000002
1864,WetDep_SO4_mgm2,"(1320, 1325]",5,154967,139470.30000000002
1865,WetDep_SO4_mgm2,"(1325, 1330]",4,154967,139470.30000000002
1866,WetDep_SO4_mgm2,"(1330, 1335]",2,154967,139470.30000000002
1867,WetDep_SO4_mgm2,"(1335, 1340]",2,154967,139470.30000000002
1868,WetDep_SO4_mgm2,"(1340, 1345]",2,154967,139470.30000000002
1869,WetDep_SO4_mgm2,"(1345, 1350]",2,154967,139470.30000000002
1870,WetDep_SO4_mgm2,"(1350, 1355]",2,154967,139470.30000000002
1871,WetDep_SO4_mgm2,"(1355, 1360]",1,154967,139470.30000000002
1872,WetDep_SO4_mgm2,"(1360, 1365]",0,154967,139470.30000000002
1873,WetDep_SO4_mgm2,"(1365, 1370]",1,154967,139470.30000000002
1874,WetDep_SO4_mgm2,"(1370, 1375]",2,154967,139470.30000000002
1875,WetDep_SO4_mgm2,"(1375, 1380]",0,154967,139470.30000000002
1876,WetDep_SO4_mgm2,"(1380, 1385]",0,154967,139470.30000000002
1877,WetDep_SO4_mgm2,"(1385, 1390]",2,154967,139470.30000000002
1878,WetDep_SO4_mgm2,"(1390, 1395]",2,154967,139470.30000000002
1879,WetDep_SO4_mgm2,"(1395, 1400]",3,154967,139470.30000000002
1880,WetDep_SO4_mgm2,"(1400, 1405]",1,154967,139470.30000000002
1881,WetDep_SO4_mgm2,"(1405, 1410]",2,154967,139470.30000000002
1882,WetDep_SO4_mgm2,"(1410, 1415]",2,154967,139470.30000000002
1883,WetDep_SO4_mgm2,"(1415, 1420]",1,154967,139470.30000000002
1884,WetDep_SO4_mgm2,"(1420, 1425]",1,154967,139470.30000000002
1885,WetDep_SO4_mgm2,"(1425, 1430]",1,154967,139470.30000000002
1886,WetDep_SO4_mgm2,"(1430, 1435]",3,154967,139470.30000000002
1887,WetDep_SO4_mgm2,"(1435, 1440]",3,154967,139470.30000000002
1888,WetDep_SO4_mgm2,"(1440, 1445]",3,154967,139470.30000000002
1889,WetDep_SO4_mgm2,"(1445, 1450]",1,154967,139470.30000000002
1890,WetDep_SO4_mgm2,"(1450, 1455]",5,154967,139470.30000000002
1891,WetDep_SO4_mgm2,"(1455, 1460]",1,154967,139470.30000000002
1892,WetDep_SO4_mgm2,"(1460, 1465]",2,154967,139470.30000000002
1893,WetDep_SO4_mgm2,"(1465, 1470]",2,154967,139470.30000000002
1894,WetDep_SO4_mgm2,"(1470, 1475]",4,154967,139470.30000000002
1895,WetDep_SO4_mgm2,"(1475, 1480]",2,154967,139470.30000000002
1896,WetDep_SO4_mgm2,"(1480, 1485]",1,154967,139470.30000000002
1897,WetDep_SO4_mgm2,"(1485, 1490]",0,154967,139470.30000000002
1898,WetDep_SO4_mgm2,"(1490, 1495]",2,154967,139470.30000000002
1899,WetDep_SO4_mgm2,"(1495, 1500]",2,154967,139470.30000000002
1900,WetDep_SO4_mgm2,"(1500, 1505]",2,154967,139470.30000000002
1901,WetDep_SO4_mgm2,"(1505, 1510]",1,154967,139470.30000000002
1902,WetDep_SO4_mgm2,"(1510, 1515]",0,154967,139470.30000000002
1903,WetDep_SO4_mgm2,"(1515, 1520]",2,154967,139470.30000000002
1904,WetDep_SO4_mgm2,"(1520, 1525]",2,154967,139470.30000000002
1905,WetDep_SO4_mgm2,"(1525, 1530]",1,154967,139470.30000000002
1906,WetDep_SO4_mgm2,"(1530, 1535]",2,154967,139470.30000000002
1907,WetDep_SO4_mgm2,"(1535, 1540]",3,154967,139470.30000000002
1908,WetDep_SO4_mgm2,"(1540, 1545]",0,154967,139470.30000000002
1909,WetDep_SO4_mgm2,"(1545, 1550]",2,154967,139470.30000000002
1910,WetDep_SO4_mgm2,"(1550, 1555]",1,154967,139470.30000000002
1911,WetDep_SO4_mgm2,"(1555, 1560]",1,154967,139470.30000000002
1912,WetDep_SO4_mgm2,"(1560, 1565]",1,154967,139470.30000000002
1913,WetDep_SO4_mgm2,"(1565, 1570]",2,154967,139470.30000000002
1914,WetDep_SO4_mgm2,"(1570, 1575]",4,154967,139470.30000000002
1915,WetDep_SO4_mgm2,"(1575, 1580]",3,154967,139470.30000000002
1916,WetDep_SO4_mgm2,"(1580, 1585]",0,154967,139470.30000000002
1917,WetDep_SO4_mgm2,"(1585, 1590]",1,154967,139470.30000000002
1918,WetDep_SO4_mgm2,"(1590, 1595]",0,154967,139470.30000000002
1919,WetDep_SO4_mgm2,"(1595, 1600]",2,154967,139470.30000000002
1920,WetDep_SO4_mgm2,"(1600, 1605]",4,154967,139470.30000000002
1921,WetDep_SO4_mgm2,"(1605, 1610]",0,154967,139470.30000000002
1922,WetDep_SO4_mgm2,"(1610, 1615]",2,154967,139470.30000000002
1923,WetDep_SO4_mgm2,"(1615, 1620]",0,154967,139470.30000000002
1924,WetDep_SO4_mgm2,"(1620, 1625]",1,154967,139470.30000000002
1925,WetDep_SO4_mgm2,"(1625, 1630]",0,154967,139470.30000000002
1926,WetDep_SO4_mgm2,"(1630, 1635]",1,154967,139470.30000000002
1927,WetDep_SO4_mgm2,"(1635, 1640]",2,154967,139470.30000000002
1928,WetDep_SO4_mgm2,"(1640, 1645]",2,154967,139470.30000000002
1929,WetDep_SO4_mgm2,"(1645, 1650]",3,154967,139470.30000000002
1930,WetDep_SO4_mgm2,"(1650, 1655]",4,154967,139470.30000000002
1931,WetDep_SO4_mgm2,"(1655, 1660]",0,154967,139470.30000000002
1932,WetDep_SO4_mgm2,"(1660, 1665]",1,154967,139470.30000000002
1933,WetDep_SO4_mgm2,"(1665, 1670]",2,154967,139470.30000000002
1934,WetDep_SO4_mgm2,"(1670, 1675]",0,154967,139470.30000000002
1935,WetDep_SO4_mgm2,"(1675, 1680]",1,154967,139470.30000000002
1936,WetDep_SO4_mgm2,"(1680, 1685]",1,154967,139470.30000000002
1937,WetDep_SO4_mgm2,"(1685, 1690]",0,154967,139470.30000000002
1938,WetDep_SO4_mgm2,"(1690, 1695]",1,154967,139470.30000000002
1939,WetDep_SO4_mgm2,"(1695, 1700]",2,154967,139470.30000000002
1940,WetDep_SO4_mgm2,"(1700, 1705]",1,154967,139470.30000000002
1941,WetDep_SO4_mgm2,"(1705, 1710]",2,154967,139470.30000000002
1942,WetDep_SO4_mgm2,"(1710, 1715]",1,154967,139470.30000000002
1943,WetDep_SO4_mgm2,"(1715, 1720]",0,154967,139470.30000000002
1944,WetDep_SO4_mgm2,"(1720, 1725]",0,154967,139470.30000000002
1945,WetDep_SO4_mgm2,"(1725, 1730]",1,154967,139470.30000000002
1946,WetDep_SO4_mgm2,"(1730, 1735]",3,154967,139470.30000000002
1947,WetDep_SO4_mgm2,"(1735, 1740]",0,154967,139470.30000000002
1948,WetDep_SO4_mgm2,"(1740, 1745]",0,154967,139470.30000000002
1949,WetDep_SO4_mgm2,"(1745, 1750]",1,154967,139470.30000000002
1950,WetDep_SO4_mgm2,"(1750, 1755]",2,154967,139470.30000000002
1951,WetDep_SO4_mgm2,"(1755, 1760]",0,154967,139470.30000000002
1952,WetDep_SO4_mgm2,"(1760, 1765]",0,154967,139470.30000000002
1953,WetDep_SO4_mgm2,"(1765, 1770]",2,154967,139470.30000000002
1954,WetDep_SO4_mgm2,"(1770, 1775]",0,154967,139470.30000000002
1955,WetDep_SO4_mgm2,"(1775, 1780]",2,154967,139470.30000000002
1956,WetDep_SO4_mgm2,"(1780, 1785]",3,154967,139470.30000000002
1957,WetDep_SO4_mgm2,"(1785, 1790]",1,154967,139470.30000000002
1958,WetDep_SO4_mgm2,"(1790, 1795]",0,154967,139470.30000000002
1959,WetDep_SO4_mgm2,"(1795, 1800]",0,154967,139470.30000000002
1960,WetDep_SO4_mgm2,"(1800, 1805]",1,154967,139470.30000000002
1961,WetDep_SO4_mgm2,"(1805, 1810]",0,154967,139470.30000000002
1962,WetDep_SO4_mgm2,"(1810, 1815]",0,154967,139470.30000000002
1963,WetDep_SO4_mgm2,"(1815, 1820]",1,154967,139470.30000000002
1964,WetDep_SO4_mgm2,"(1820, 1825]",0,154967,139470.30000000002
1965,WetDep_SO4_mgm2,"(1825, 1830]",2,154967,139470.30000000002
1966,WetDep_SO4_mgm2,"(1830, 1835]",0,154967,139470.30000000002
1967,WetDep_SO4_mgm2,"(1835, 1840]",1,154967,139470.30000000002
1968,WetDep_SO4_mgm2,"(1840, 1845]",1,154967,139470.30000000002
1969,WetDep_SO4_mgm2,"(1845, 1850]",2,154967,139470.30000000002
1970,WetDep_SO4_mgm2,"(1850, 1855]",0,154967,139470.30000000002
1971,WetDep_SO4_mgm2,"(1855, 1860]",0,154967,139470.30000000002
1972,WetDep_SO4_mgm2,"(1860, 1865]",0,154967,139470.30000000002
1973,WetDep_SO4_mgm2,"(1865, 1870]",0,154967,139470.30000000002
1974,WetDep_SO4_mgm2,"(1870, 1875]",0,154967,139470.30000000002
1975,WetDep_SO4_mgm2,"(1875, 1880]",1,154967,139470.30000000002
1976,WetDep_SO4_mgm2,"(1880, 1885]",0,154967,139470.30000000002
1977,WetDep_SO4_mgm2,"(1885, 1890]",4,154967,139470.30000000002
1978,WetDep_SO4_mgm2,"(1890, 1895]",2,154967,139470.30000000002
1979,WetDep_SO4_mgm2,"(1895, 1900]",1,154967,139470.30000000002
1980,WetDep_SO4_mgm2,"(1900, 1905]",0,154967,139470.30000000002
1981,WetDep_SO4_mgm2,"(1905, 1910]",0,154967,139470.30000000002
1982,WetDep_SO4_mgm2,"(1910, 1915]",0,154967,139470.30000000002
1983,WetDep_SO4_mgm2,"(1915, 1920]",3,154967,139470.30000000002
1984,WetDep_SO4_mgm2,"(1920, 1925]",1,154967,139470.30000000002
1985,WetDep_SO4_mgm2,"(1925, 1930]",2,154967,139470.30000000002
1986,WetDep_SO4_mgm2,"(1930, 1935]",1,154967,139470.30000000002
1987,WetDep_SO4_mgm2,"(1935, 1940]",0,154967,139470.30000000002
1988,WetDep_SO4_mgm2,"(1940, 1945]",0,154967,139470.30000000002
1989,WetDep_SO4_mgm2,"(1945, 1950]",0,154967,139470.30000000002
1990,WetDep_SO4_mgm2,"(1950, 1955]",1,154967,139470.30000000002
1991,WetDep_SO4_mgm2,"(1955, 1960]",0,154967,139470.30000000002
1992,WetDep_SO4_mgm2,"(1960, 1965]",0,154967,139470.30000000002
1993,WetDep_SO4_mgm2,"(1965, 1970]",0,154967,139470.30000000002
1994,WetDep_SO4_mgm2,"(1970, 1975]",2,154967,139470.30000000002
1995,WetDep_SO4_mgm2,"(1975, 1980]",0,154967,139470.30000000002
1996,WetDep_SO4_mgm2,"(1980, 1985]",0,154967,139470.30000000002
1997,WetDep_SO4_mgm2,"(1985, 1990]",0,154967,139470.30000000002
1998,WetDep_SO4_mgm2,"(1990, 1995]",1,154967,139470.30000000002
1999,WetDep_SO4_mgm2,"(1995, 2000]",2,154967,139470.30000000002
