,siteId,dateOn,dateOff,Precip_mm,DOC_mgL,latitude,longitude
1,NH02,1/3/2000,1/10/2000,37.4,0.53,43.95,-71.73333333
2,NH02,1/10/2000,1/18/2000,32.3,0.42,43.95,-71.73333333
3,NH02,1/24/2000,2/1/2000,36.4,0.2,43.95,-71.73333333
4,NH02,2/1/2000,2/15/2000,50.0,0.35,43.95,-71.73333333
5,NH02,2/15/2000,2/22/2000,24.3,0.24,43.95,-71.73333333
6,NH02,2/22/2000,2/29/2000,35.0,0.49,43.95,-71.73333333
7,NH02,3/6/2000,3/13/2000,48.3,0.45,43.95,-71.73333333
8,NH02,3/13/2000,3/20/2000,19.6,0.35,43.95,-71.73333333
9,NH02,3/27/2000,4/3/2000,47.9,0.65,43.95,-71.73333333
10,NH02,4/3/2000,4/10/2000,138.5,0.59,43.95,-71.73333333
11,NH02,4/17/2000,4/25/2000,59.3,0.75,43.95,-71.73333333
12,NH02,4/25/2000,5/1/2000,12.2,0.95,43.95,-71.73333333
13,NH02,5/15/2000,5/22/2000,23.3,2.22,43.95,-71.73333333
14,NH02,5/22/2000,5/29/2000,32.2,1.11,43.95,-71.73333333
15,NH02,6/5/2000,6/12/2000,32.0,1.1,43.95,-71.73333333
16,NH02,6/12/2000,6/19/2000,16.0,2.34,43.95,-71.73333333
17,NH02,6/19/2000,6/26/2000,20.3,2.3,43.95,-71.73333333
18,NH02,6/26/2000,7/3/2000,15.2,2.31,43.95,-71.73333333
19,NH02,7/3/2000,7/11/2000,21.6,2.07,43.95,-71.73333333
20,NH02,7/11/2000,7/17/2000,16.5,1.12,43.95,-71.73333333
21,NH02,7/17/2000,8/1/2000,60.8,0.84,43.95,-71.73333333
22,NH02,8/1/2000,8/8/2000,23.2,2.29,43.95,-71.73333333
23,NH02,8/8/2000,8/14/2000,36.9,2.1,43.95,-71.73333333
24,NH02,8/14/2000,8/21/2000,20.8,2.07,43.95,-71.73333333
25,NH02,8/21/2000,9/4/2000,5.1,6.12,43.95,-71.73333333
26,NH02,9/4/2000,9/18/2000,89.5,0.77,43.95,-71.73333333
27,NH02,9/18/2000,9/25/2000,10.1,2.3,43.95,-71.73333333
28,NH02,9/25/2000,10/9/2000,31.3,0.7,43.95,-71.73333333
29,NH02,10/9/2000,10/17/2000,14.5,3.49,43.95,-71.73333333
30,NH02,10/17/2000,10/23/2000,26.7,0.53,43.95,-71.73333333
31,NH02,10/23/2000,11/7/2000,17.4,0.97,43.95,-71.73333333
32,NH02,11/7/2000,11/13/2000,27.2,0.28,43.95,-71.73333333
33,NH02,11/13/2000,11/20/2000,30.7,0.7,43.95,-71.73333333
34,NH02,12/4/2000,12/26/2000,12.7,1.1,43.95,-71.73333333
35,NH02,1/2/2001,1/8/2001,7.6,0.46,43.95,-71.73333333
36,NH02,1/8/2001,1/16/2001,15.5,0.57,43.95,-71.73333333
37,NH02,1/22/2001,2/5/2001,33.3,0.41,43.95,-71.73333333
38,NH02,2/5/2001,2/12/2001,64.0,0.53,43.95,-71.73333333
39,NH02,2/12/2001,2/19/2001,8.1,0.71,43.95,-71.73333333
40,NH02,2/19/2001,2/27/2001,29.5,0.46,43.95,-71.73333333
41,NH02,2/27/2001,3/7/2001,23.9,0.25,43.95,-71.73333333
42,NH02,3/7/2001,3/12/2001,10.4,0.73,43.95,-71.73333333
43,NH02,3/12/2001,3/19/2001,18.3,0.58,43.95,-71.73333333
44,NH02,3/19/2001,3/26/2001,30.0,0.35,43.95,-71.73333333
45,NH02,3/26/2001,4/2/2001,27.4,0.25,43.95,-71.73333333
46,NH02,4/2/2001,4/9/2001,13.2,1.43,43.95,-71.73333333
47,NH02,4/9/2001,4/16/2001,31.5,1.12,43.95,-71.73333333
48,NH02,4/23/2001,5/14/2001,8.3,3.47,43.95,-71.73333333
49,NH02,5/21/2001,5/29/2001,47.5,1.11,43.95,-71.73333333
50,NH02,5/29/2001,6/4/2001,81.3,0.81,43.95,-71.73333333
51,NH02,6/11/2001,6/18/2001,24.6,1.71,43.95,-71.73333333
52,NH02,6/25/2001,7/3/2001,21.1,0.9,43.95,-71.73333333
53,NH02,7/3/2001,7/10/2001,17.8,1.45,43.95,-71.73333333
54,NH02,7/10/2001,7/16/2001,19.1,1.48,43.95,-71.73333333
55,NH02,7/16/2001,7/23/2001,18.5,1.87,43.95,-71.73333333
56,NH02,7/23/2001,7/30/2001,12.7,1.61,43.95,-71.73333333
57,NH02,8/28/2001,9/3/2001,20.3,1.37,43.95,-71.73333333
58,NH02,9/3/2001,9/11/2001,9.4,3.37,43.95,-71.73333333
59,NH02,9/11/2001,9/23/2001,61.2,0.74,43.95,-71.73333333
60,NH02,9/23/2001,10/1/2001,81.5,0.48,43.95,-71.73333333
61,NH02,10/1/2001,10/9/2001,13.5,1.81,43.95,-71.73333333
62,NH02,10/9/2001,10/15/2001,16.8,1.09,43.95,-71.73333333
63,NH02,10/15/2001,10/22/2001,12.7,1.42,43.95,-71.73333333
64,NH02,10/22/2001,10/29/2001,17.8,2.4,43.95,-71.73333333
65,NH02,10/29/2001,11/4/2001,15.0,1.25,43.95,-71.73333333
66,NH02,11/4/2001,11/13/2001,18.3,0.91,43.95,-71.73333333
67,NH02,11/13/2001,11/26/2001,25.1,0.55,43.95,-71.73333333
68,NH02,11/26/2001,12/3/2001,30.0,0.52,43.95,-71.73333333
69,NH02,12/3/2001,12/10/2001,12.7,0.76,43.95,-71.73333333
70,NH02,12/10/2001,12/17/2001,23.9,0.29,43.95,-71.73333333
71,NH02,12/17/2001,12/25/2001,35.3,0.24,43.95,-71.73333333
72,NH02,12/25/2001,1/8/2002,28.7,0.21,43.95,-71.73333333
73,NH02,1/8/2002,1/14/2002,18.3,0.36,43.95,-71.73333333
74,NH02,1/14/2002,1/22/2002,20.3,0.44,43.95,-71.73333333
75,NH02,1/22/2002,1/28/2002,4.8,1.12,43.95,-71.73333333
76,NH02,1/28/2002,2/4/2002,51.1,0.3,43.95,-71.73333333
77,NH02,2/4/2002,2/12/2002,31.0,0.12,43.95,-71.73333333
78,NH02,2/12/2002,2/25/2002,11.2,1.26,43.95,-71.73333333
79,NH02,2/25/2002,3/4/2002,34.3,0.49,43.95,-71.73333333
80,NH02,3/4/2002,3/11/2002,25.1,0.49,43.95,-71.73333333
81,NH02,3/11/2002,3/25/2002,40.6,0.32,43.95,-71.73333333
82,NH02,3/25/2002,4/2/2002,67.0,0.59,43.95,-71.73333333
83,NH02,4/2/2002,4/8/2002,16.8,1.88,43.95,-71.73333333
84,NH02,4/8/2002,4/14/2002,73.9,0.47,43.95,-71.73333333
85,NH02,4/14/2002,4/24/2002,27.4,1.25,43.95,-71.73333333
86,NH02,4/24/2002,4/30/2002,31.0,0.9,43.95,-71.73333333
87,NH02,4/30/2002,5/6/2002,23.1,0.79,43.95,-71.73333333
88,NH02,5/6/2002,5/16/2002,63.2,0.93,43.95,-71.73333333
89,NH02,5/27/2002,6/3/2002,30.5,2.28,43.95,-71.73333333
90,NH02,6/3/2002,6/9/2002,14.2,1.64,43.95,-71.73333333
91,NH02,6/9/2002,6/17/2002,68.3,0.92,43.95,-71.73333333
92,NH02,6/17/2002,6/24/2002,30.7,2.11,43.95,-71.73333333
93,NH02,6/24/2002,7/1/2002,15.5,1.96,43.95,-71.73333333
94,NH02,7/8/2002,7/15/2002,25.4,1.02,43.95,-71.73333333
95,NH02,7/15/2002,7/22/2002,13.7,3.42,43.95,-71.73333333
96,NH02,7/22/2002,7/29/2002,7.4,2.22,43.95,-71.73333333
97,NH02,7/29/2002,8/5/2002,35.8,1.85,43.95,-71.73333333
98,NH02,8/5/2002,8/12/2002,10.7,1.79,43.95,-71.73333333
99,NH02,8/12/2002,8/26/2002,18.9,0.97,43.95,-71.73333333
100,NH02,8/26/2002,9/3/2002,16.8,0.86,43.95,-71.73333333
101,NH02,9/3/2002,9/17/2002,91.7,0.47,43.95,-71.73333333
102,NH02,9/23/2002,9/30/2002,33.5,0.3,43.95,-71.73333333
103,NH02,9/30/2002,10/8/2002,22.6,1.3,43.95,-71.73333333
104,NH02,10/8/2002,10/15/2002,21.1,1.08,43.95,-71.73333333
105,NH02,10/15/2002,10/21/2002,31.2,0.73,43.95,-71.73333333
106,NH02,10/21/2002,10/28/2002,30.0,0.53,43.95,-71.73333333
107,NH02,11/4/2002,11/12/2002,41.9,0.88,43.95,-71.73333333
108,NH02,11/12/2002,11/19/2002,53.8,0.12,43.95,-71.73333333
109,NH02,11/19/2002,11/25/2002,23.9,0.32,43.95,-71.73333333
110,NH02,11/25/2002,12/2/2002,13.2,0.55,43.95,-71.73333333
111,NH02,12/9/2002,12/17/2002,31.8,0.08,43.95,-71.73333333
112,NH02,12/17/2002,12/23/2002,18.8,0.37,43.95,-71.73333333
113,NH02,12/23/2002,12/30/2002,32.0,0.18,43.95,-71.73333333
114,NH02,12/30/2002,1/6/2003,34.3,0.33,43.95,-71.73333333
115,NH02,1/6/2003,1/13/2003,11.2,0.29,43.95,-71.73333333
116,NH02,2/3/2003,2/11/2003,18.3,0.66,43.95,-71.73333333
117,NH02,2/11/2003,2/19/2003,13.2,0.32,43.95,-71.73333333
118,NH02,2/19/2003,2/24/2003,17.6,0.34,43.95,-71.73333333
119,NH02,2/24/2003,3/3/2003,16.0,0.39,43.95,-71.73333333
120,NH02,3/17/2003,3/24/2003,29.5,0.32,43.95,-71.73333333
121,NH02,3/24/2003,3/31/2003,39.8,1.0,43.95,-71.73333333
122,NH02,3/31/2003,4/7/2003,25.9,0.22,43.95,-71.73333333
123,NH02,4/7/2003,4/28/2003,37.1,0.62,43.95,-71.73333333
124,NH02,4/28/2003,5/5/2003,28.7,0.95,43.95,-71.73333333
125,NH02,5/5/2003,5/12/2003,44.8,0.79,43.95,-71.73333333
126,NH02,5/12/2003,5/19/2003,16.4,1.05,43.95,-71.73333333
127,NH02,5/19/2003,5/27/2003,32.3,0.92,43.95,-71.73333333
128,NH02,5/27/2003,6/2/2003,19.9,1.52,43.95,-71.73333333
129,NH02,6/2/2003,6/10/2003,23.1,1.34,43.95,-71.73333333
130,NH02,6/10/2003,6/16/2003,25.1,1.02,43.95,-71.73333333
131,NH02,6/30/2003,7/14/2003,35.5,0.96,43.95,-71.73333333
132,NH02,7/14/2003,7/21/2003,31.3,1.51,43.95,-71.73333333
133,NH02,7/21/2003,7/28/2003,54.7,1.89,43.95,-71.73333333
134,NH02,7/28/2003,8/4/2003,57.3,1.0,43.95,-71.73333333
135,NH02,8/4/2003,8/11/2003,144.0,0.51,43.95,-71.73333333
136,NH02,8/18/2003,9/1/2003,26.4,2.06,43.95,-71.73333333
137,NH02,9/1/2003,9/8/2003,57.2,1.08,43.95,-71.73333333
138,NH02,9/8/2003,9/15/2003,7.1,2.01,43.95,-71.73333333
139,NH02,9/15/2003,9/22/2003,42.4,1.23,43.95,-71.73333333
140,NH02,9/22/2003,9/29/2003,93.9,1.25,43.95,-71.73333333
141,NH02,9/29/2003,10/6/2003,18.6,1.48,43.95,-71.73333333
142,NH02,10/14/2003,10/20/2003,49.1,0.4,43.95,-71.73333333
143,NH02,10/20/2003,10/28/2003,91.5,1.26,43.95,-71.73333333
144,NH02,10/28/2003,11/3/2003,46.0,0.42,43.95,-71.73333333
145,NH02,11/3/2003,11/10/2003,13.8,1.15,43.95,-71.73333333
146,NH02,11/10/2003,11/17/2003,42.6,0.57,43.95,-71.73333333
147,NH02,11/17/2003,11/24/2003,61.5,0.3,43.95,-71.73333333
148,NH02,11/24/2003,12/1/2003,52.5,0.4,43.95,-71.73333333
149,NH02,12/1/2003,12/8/2003,37.0,0.22,43.95,-71.73333333
150,NH02,12/8/2003,12/16/2003,77.7,0.17,43.95,-71.73333333
151,NH02,12/16/2003,12/22/2003,77.0,0.15,43.95,-71.73333333
152,NH02,12/22/2003,12/29/2003,48.3,0.26,43.95,-71.73333333
153,NH02,12/29/2003,1/5/2004,12.3,0.57,43.95,-71.73333333
154,NH02,1/5/2004,1/12/2004,15.7,0.32,43.95,-71.73333333
155,NH02,1/12/2004,1/19/2004,8.9,0.54,43.95,-71.73333333
156,NH02,1/19/2004,2/9/2004,29.4,0.14,43.95,-71.73333333
157,NH02,2/9/2004,2/23/2004,9.2,1.19,43.95,-71.73333333
158,NH02,2/23/2004,3/9/2004,18.4,1.27,43.95,-71.73333333
159,NH02,3/15/2004,3/23/2004,18.7,0.64,43.95,-71.73333333
160,NH02,3/23/2004,3/28/2004,25.2,1.32,43.95,-71.73333333
161,NH02,3/28/2004,4/6/2004,48.1,0.16,43.95,-71.73333333
162,NH02,4/6/2004,4/19/2004,44.2,1.02,43.95,-71.73333333
163,NH02,4/19/2004,4/25/2004,8.4,2.88,43.95,-71.73333333
164,NH02,4/25/2004,5/4/2004,67.1,1.06,43.95,-71.73333333
165,NH02,5/4/2004,5/10/2004,3.0,1.24,43.95,-71.73333333
166,NH02,5/10/2004,5/17/2004,10.6,7.2,43.95,-71.73333333
167,NH02,5/17/2004,5/25/2004,77.7,1.24,43.95,-71.73333333
168,NH02,5/25/2004,5/31/2004,19.0,2.11,43.95,-71.73333333
169,NH02,5/31/2004,6/7/2004,21.9,1.56,43.95,-71.73333333
170,NH02,6/7/2004,6/14/2004,7.3,6.5,43.95,-71.73333333
171,NH02,6/14/2004,6/21/2004,11.3,5.46,43.95,-71.73333333
172,NH02,6/21/2004,6/28/2004,16.5,0.01,43.95,-71.73333333
173,NH02,6/28/2004,7/6/2004,36.8,1.86,43.95,-71.73333333
174,NH02,7/6/2004,7/12/2004,74.2,1.54,43.95,-71.73333333
175,NH02,7/12/2004,7/20/2004,16.0,3.21,43.95,-71.73333333
176,NH02,7/20/2004,7/26/2004,16.8,2.96,43.95,-71.73333333
177,NH02,7/26/2004,8/2/2004,15.5,2.85,43.95,-71.73333333
178,NH02,8/2/2004,8/9/2004,11.2,4.2,43.95,-71.73333333
179,NH02,8/9/2004,8/17/2004,75.6,1.01,43.95,-71.73333333
180,NH02,8/17/2004,8/23/2004,21.4,1.85,43.95,-71.73333333
181,NH02,8/23/2004,8/30/2004,16.3,3.87,43.95,-71.73333333
182,NH02,8/30/2004,9/7/2004,70.6,1.43,43.95,-71.73333333
183,NH02,9/7/2004,9/13/2004,55.1,1.06,43.95,-71.73333333
184,NH02,9/13/2004,9/20/2004,32.5,0.72,43.95,-71.73333333
185,NH02,10/11/2004,10/18/2004,48.2,0.46,43.95,-71.73333333
186,NH02,10/18/2004,11/1/2004,8.6,1.88,43.95,-71.73333333
187,NH02,11/1/2004,11/8/2004,57.4,0.35,43.95,-71.73333333
188,NH02,11/8/2004,11/22/2004,11.9,0.43,43.95,-71.73333333
189,NH02,11/22/2004,11/29/2004,84.1,0.11,43.95,-71.73333333
190,NH02,11/29/2004,12/6/2004,59.5,0.22,43.95,-71.73333333
191,NH02,12/6/2004,12/13/2004,36.4,0.27,43.95,-71.73333333
192,NH02,12/13/2004,12/21/2004,19.3,0.73,43.95,-71.73333333
193,NH02,12/21/2004,12/27/2004,49.0,0.21,43.95,-71.73333333
194,NH02,1/3/2005,1/11/2005,22.1,0.33,43.95,-71.73333333
195,NH02,1/11/2005,1/17/2005,25.1,0.28,43.95,-71.73333333
196,NH02,1/17/2005,1/24/2005,11.9,0.26,43.95,-71.73333333
197,NH02,1/31/2005,2/14/2005,37.1,0.33,43.95,-71.73333333
198,NH02,2/14/2005,2/22/2005,44.7,0.34,43.95,-71.73333333
199,NH02,2/28/2005,3/7/2005,19.1,0.38,43.95,-71.73333333
200,NH02,3/7/2005,3/14/2005,42.7,0.53,43.95,-71.73333333
201,NH02,3/14/2005,3/29/2005,32.3,0.21,43.95,-71.73333333
202,NH02,3/29/2005,4/5/2005,49.0,0.36,43.95,-71.73333333
203,NH02,4/5/2005,4/26/2005,80.5,0.64,43.95,-71.73333333
204,NH02,4/26/2005,5/2/2005,53.6,0.41,43.95,-71.73333333
205,NH02,5/2/2005,5/9/2005,7.6,1.35,43.95,-71.73333333
206,NH02,5/9/2005,5/17/2005,26.9,1.48,43.95,-71.73333333
207,NH02,5/17/2005,5/23/2005,32.0,0.71,43.95,-71.73333333
208,NH02,5/23/2005,5/31/2005,28.7,0.77,43.95,-71.73333333
209,NH02,5/31/2005,6/13/2005,62.7,1.17,43.95,-71.73333333
210,NH02,6/13/2005,6/20/2005,72.6,0.54,43.95,-71.73333333
211,NH02,6/20/2005,6/27/2005,4.1,2.21,43.95,-71.73333333
212,NH02,7/4/2005,7/11/2005,43.7,0.99,43.95,-71.73333333
213,NH02,7/11/2005,7/19/2005,14.0,1.75,43.95,-71.73333333
214,NH02,7/19/2005,7/26/2005,11.2,2.27,43.95,-71.73333333
215,NH02,7/26/2005,8/2/2005,9.9,2.89,43.95,-71.73333333
216,NH02,8/2/2005,8/8/2005,15.7,2.09,43.95,-71.73333333
217,NH02,8/8/2005,8/15/2005,16.8,2.62,43.95,-71.73333333
218,NH02,8/15/2005,8/22/2005,17.8,1.74,43.95,-71.73333333
219,NH02,8/22/2005,8/29/2005,48.0,0.56,43.95,-71.73333333
220,NH02,8/29/2005,9/5/2005,116.1,0.46,43.95,-71.73333333
221,NH02,9/5/2005,9/19/2005,27.2,0.81,43.95,-71.73333333
222,NH02,9/19/2005,9/27/2005,29.5,0.87,43.95,-71.73333333
223,NH02,9/27/2005,10/3/2005,21.1,0.84,43.95,-71.73333333
224,NH02,10/3/2005,10/10/2005,135.1,0.15,43.95,-71.73333333
225,NH02,10/10/2005,10/17/2005,121.7,0.28,43.95,-71.73333333
226,NH02,10/17/2005,10/24/2005,30.5,0.43,43.95,-71.73333333
227,NH02,10/24/2005,10/31/2005,31.8,0.74,43.95,-71.73333333
228,NH02,10/31/2005,11/7/2005,15.0,1.37,43.95,-71.73333333
229,NH02,11/7/2005,11/14/2005,45.2,0.45,43.95,-71.73333333
230,NH02,11/14/2005,11/21/2005,41.1,0.4,43.95,-71.73333333
231,NH02,11/21/2005,11/29/2005,45.5,0.35,43.95,-71.73333333
232,NH02,11/29/2005,12/5/2005,45.5,0.27,43.95,-71.73333333
233,NH02,12/5/2005,12/12/2005,11.2,0.41,43.95,-71.73333333
234,NH02,12/12/2005,12/19/2005,21.6,0.2,43.95,-71.73333333
235,NH02,12/19/2005,12/27/2005,36.3,0.47,43.95,-71.73333333
236,NH02,12/27/2005,1/2/2006,12.2,0.34,43.95,-71.73333333
237,NH02,1/2/2006,1/10/2006,14.0,0.65,43.95,-71.73333333
238,NH02,1/10/2006,1/16/2006,54.6,0.27,43.95,-71.73333333
239,NH02,1/16/2006,1/24/2006,68.6,0.26,43.95,-71.73333333
240,NH02,1/24/2006,1/31/2006,23.9,0.62,43.95,-71.73333333
241,NH02,1/31/2006,2/6/2006,48.3,0.31,43.95,-71.73333333
242,NH02,2/13/2006,2/21/2006,6.4,0.96,43.95,-71.73333333
243,NH02,2/21/2006,2/27/2006,14.7,0.66,43.95,-71.73333333
244,NH02,2/27/2006,3/13/2006,18.3,1.8,43.95,-71.73333333
245,NH02,3/13/2006,3/20/2006,27.2,0.39,43.95,-71.73333333
246,NH02,4/3/2006,4/10/2006,30.7,0.7,43.95,-71.73333333
247,NH02,4/17/2006,4/25/2006,27.9,0.71,43.95,-71.73333333
248,NH02,5/1/2006,5/8/2006,31.0,0.76,43.95,-71.73333333
249,NH02,5/8/2006,5/15/2006,104.1,0.51,43.95,-71.73333333
250,NH02,5/15/2006,5/22/2006,95.5,1.01,43.95,-71.73333333
251,NH02,5/22/2006,5/30/2006,8.9,2.89,43.95,-71.73333333
252,NH02,5/30/2006,6/5/2006,28.0,1.09,43.95,-71.73333333
253,NH02,6/5/2006,6/12/2006,53.6,0.44,43.95,-71.73333333
254,NH02,6/27/2006,7/3/2006,37.3,1.03,43.95,-71.73333333
255,NH02,7/3/2006,7/17/2006,64.5,0.75,43.95,-71.73333333
256,NH02,7/17/2006,7/24/2006,33.0,0.92,43.95,-71.73333333
257,NH02,7/24/2006,7/31/2006,17.8,1.43,43.95,-71.73333333
258,NH02,7/31/2006,8/8/2006,26.9,1.17,43.95,-71.73333333
259,NH02,8/8/2006,8/14/2006,9.1,2.46,43.95,-71.73333333
260,NH02,8/21/2006,8/28/2006,18.8,1.69,43.95,-71.73333333
261,NH02,8/28/2006,9/4/2006,6.1,1.3,43.95,-71.73333333
262,NH02,9/11/2006,9/18/2006,8.4,1.71,43.95,-71.73333333
263,NH02,9/18/2006,9/25/2006,31.0,1.31,43.95,-71.73333333
264,NH02,9/25/2006,10/2/2006,34.0,0.49,43.95,-71.73333333
265,NH02,10/9/2006,10/16/2006,36.8,0.23,43.95,-71.73333333
266,NH02,10/16/2006,10/24/2006,118.9,0.36,43.95,-71.73333333
267,NH02,10/24/2006,10/30/2006,79.0,0.36,43.95,-71.73333333
268,NH02,10/30/2006,11/6/2006,12.7,0.28,43.95,-71.73333333
269,NH02,11/6/2006,11/13/2006,51.3,0.13,43.95,-71.73333333
270,NH02,11/13/2006,11/20/2006,75.7,0.12,43.95,-71.73333333
271,NH02,11/20/2006,12/4/2006,42.7,0.52,43.95,-71.73333333
272,NH02,12/11/2006,12/18/2006,6.4,0.85,43.95,-71.73333333
273,NH02,12/18/2006,12/25/2006,46.2,0.1,43.95,-71.73333333
274,NH02,12/25/2006,1/2/2007,46.2,0.3,43.95,-71.73333333
275,NH02,1/2/2007,1/9/2007,47.0,0.19,43.95,-71.73333333
276,NH02,1/9/2007,1/16/2007,21.6,0.37,43.95,-71.73333333
277,NH02,1/29/2007,2/5/2007,15.5,0.57,43.95,-71.73333333
278,NH02,2/12/2007,2/19/2007,49.0,0.01,43.95,-71.73333333
279,NH02,2/19/2007,3/5/2007,24.4,0.15,43.95,-71.73333333
280,NH02,3/12/2007,3/19/2007,37.8,0.07,43.95,-71.73333333
281,NH02,3/19/2007,3/26/2007,9.1,0.86,43.95,-71.73333333
282,NH02,4/2/2007,4/9/2007,55.9,0.17,43.95,-71.73333333
283,NH02,4/9/2007,4/17/2007,91.4,0.05,43.95,-71.73333333
284,NH02,4/17/2007,5/1/2007,27.9,1.2,43.95,-71.73333333
285,NH02,5/1/2007,5/14/2007,6.6,1.21,43.95,-71.73333333
286,NH02,5/14/2007,5/21/2007,59.2,0.77,43.95,-71.73333333
287,NH02,5/29/2007,6/5/2007,46.0,1.45,43.95,-71.73333333
288,NH02,6/5/2007,6/11/2007,15.2,2.42,43.95,-71.73333333
289,NH02,6/18/2007,6/25/2007,10.4,2.3,43.95,-71.73333333
290,NH02,6/25/2007,7/2/2007,13.0,2.17,43.95,-71.73333333
291,NH02,7/2/2007,7/9/2007,64.0,1.21,43.95,-71.73333333
292,NH02,7/9/2007,7/16/2007,50.0,1.22,43.95,-71.73333333
293,NH02,7/16/2007,7/23/2007,40.6,1.3,43.95,-71.73333333
294,NH02,7/23/2007,8/7/2007,37.3,1.51,43.95,-71.73333333
295,NH02,8/7/2007,8/14/2007,49.0,1.35,43.95,-71.73333333
296,NH02,8/20/2007,8/27/2007,34.0,2.4,43.95,-71.73333333
297,NH02,8/27/2007,9/3/2007,7.1,3.27,43.95,-71.73333333
298,NH02,9/3/2007,9/12/2007,45.7,1.28,43.95,-71.73333333
299,NH02,9/12/2007,9/17/2007,43.7,0.89,43.95,-71.73333333
300,NH02,9/24/2007,10/1/2007,9.7,1.38,43.95,-71.73333333
301,NH02,10/9/2007,10/15/2007,45.0,0.89,43.95,-71.73333333
302,NH02,10/15/2007,10/22/2007,49.3,0.44,43.95,-71.73333333
303,NH02,10/29/2007,11/12/2007,39.9,0.53,43.95,-71.73333333
304,NH02,11/12/2007,11/19/2007,53.1,0.42,43.95,-71.73333333
305,NH02,11/19/2007,11/26/2007,17.5,0.98,43.95,-71.73333333
306,NH02,11/26/2007,12/4/2007,55.1,0.13,43.95,-71.73333333
307,NH02,12/10/2007,12/17/2007,56.6,0.09,43.95,-71.73333333
308,NH02,12/17/2007,12/24/2007,38.4,0.09,43.95,-71.73333333
309,NH02,12/24/2007,12/31/2007,33.5,0.2,43.95,-71.73333333
310,NH02,12/31/2007,1/7/2008,15.0,0.5,43.95,-71.73333333
311,NH02,1/7/2008,1/15/2008,21.3,0.48,43.95,-71.73333333
312,NH02,1/15/2008,1/21/2008,18.8,0.21,43.95,-71.73333333
313,NH02,1/28/2008,2/4/2008,43.9,0.47,43.95,-71.73333333
314,NH02,2/4/2008,2/11/2008,79.8,0.38,43.95,-71.73333333
315,NH02,2/11/2008,2/17/2008,38.7,0.26,43.95,-71.73333333
316,NH02,2/17/2008,2/25/2008,35.6,0.53,43.95,-71.73333333
317,NH02,2/25/2008,3/3/2008,38.6,0.31,43.95,-71.73333333
318,NH02,3/3/2008,3/10/2008,75.7,0.27,43.95,-71.73333333
319,NH02,3/10/2008,3/17/2008,11.2,0.85,43.95,-71.73333333
320,NH02,3/17/2008,3/24/2008,36.3,0.26,43.95,-71.73333333
321,NH02,3/24/2008,3/31/2008,13.2,0.44,43.95,-71.73333333
322,NH02,3/31/2008,4/7/2008,30.7,0.38,43.95,-71.73333333
323,NH02,4/7/2008,4/14/2008,18.3,0.87,43.95,-71.73333333
324,NH02,4/28/2008,5/5/2008,77.3,0.67,43.95,-71.73333333
325,NH02,5/19/2008,5/26/2008,15.0,1.85,43.95,-71.73333333
326,NH02,5/26/2008,6/2/2008,18.8,2.58,43.95,-71.73333333
327,NH02,6/2/2008,6/9/2008,22.4,1.74,43.95,-71.73333333
328,NH02,6/9/2008,6/17/2008,30.0,2.51,43.95,-71.73333333
329,NH02,6/17/2008,6/24/2008,46.2,1.38,43.95,-71.73333333
330,NH02,6/24/2008,6/30/2008,44.2,1.14,43.95,-71.73333333
331,NH02,7/7/2008,7/15/2008,23.4,2.42,43.95,-71.73333333
332,NH02,7/15/2008,7/22/2008,47.5,1.52,43.95,-71.73333333
333,NH02,7/22/2008,7/28/2008,62.2,0.77,43.95,-71.73333333
334,NH02,7/28/2008,8/4/2008,79.2,1.01,43.95,-71.73333333
335,NH02,8/4/2008,8/13/2008,93.5,0.79,43.95,-71.73333333
336,NH02,8/18/2008,8/25/2008,20.3,1.01,43.95,-71.73333333
337,NH02,8/25/2008,9/8/2008,37.1,0.39,43.95,-71.73333333
338,NH02,9/8/2008,9/15/2008,54.3,0.92,43.95,-71.73333333
339,NH02,9/15/2008,9/29/2008,64.0,0.93,43.95,-71.73333333
340,NH02,9/29/2008,10/6/2008,39.9,0.97,43.95,-71.73333333
341,NH02,10/6/2008,10/14/2008,8.1,1.52,43.95,-71.73333333
342,NH02,10/14/2008,10/20/2008,13.7,1.07,43.95,-71.73333333
343,NH02,10/20/2008,10/27/2008,80.5,0.99,43.95,-71.73333333
344,NH02,10/27/2008,11/3/2008,18.3,1.52,43.95,-71.73333333
345,NH02,11/3/2008,11/11/2008,35.1,1.35,43.95,-71.73333333
346,NH02,11/11/2008,11/17/2008,51.8,0.68,43.95,-71.73333333
347,NH02,11/17/2008,12/2/2008,70.9,0.18,43.95,-71.73333333
348,NH02,12/8/2008,12/15/2008,79.7,0.99,43.95,-71.73333333
349,NH02,12/22/2008,12/29/2008,21.6,0.46,43.95,-71.73333333
350,NH02,12/29/2008,1/5/2009,11.2,0.32,43.95,-71.73333333
351,NH02,1/5/2009,1/12/2009,26.7,0.31,43.95,-71.73333333
352,NH02,1/12/2009,1/19/2009,18.8,0.34,43.95,-71.73333333
353,NH02,1/19/2009,2/2/2009,27.2,0.23,43.95,-71.73333333
354,NH02,2/2/2009,2/16/2009,27.9,0.69,43.95,-71.73333333
355,NH02,2/16/2009,2/24/2009,39.1,0.28,43.95,-71.73333333
356,NH02,2/24/2009,3/3/2009,18.8,0.56,43.95,-71.73333333
357,NH02,3/3/2009,3/10/2009,26.7,0.39,43.95,-71.73333333
358,NH02,3/10/2009,3/16/2009,26.7,0.51,43.95,-71.73333333
359,NH02,3/16/2009,3/31/2009,23.9,0.41,43.95,-71.73333333
360,NH02,4/6/2009,4/13/2009,30.7,0.29,43.95,-71.73333333
361,NH02,4/27/2009,5/4/2009,16.3,1.29,43.95,-71.73333333
362,NH02,5/4/2009,5/11/2009,41.9,0.86,43.95,-71.73333333
363,NH02,5/11/2009,5/18/2009,34.5,0.8,43.95,-71.73333333
364,NH02,5/25/2009,6/1/2009,67.3,0.71,43.95,-71.73333333
365,NH02,6/8/2009,6/16/2009,71.1,0.68,43.95,-71.73333333
366,NH02,6/16/2009,6/22/2009,36.8,0.74,43.95,-71.73333333
367,NH02,6/22/2009,6/30/2009,32.5,0.82,43.95,-71.73333333
368,NH02,6/30/2009,7/6/2009,86.4,0.74,43.95,-71.73333333
369,NH02,7/6/2009,7/13/2009,36.3,0.9,43.95,-71.73333333
370,NH02,7/13/2009,7/20/2009,14.2,2.14,43.95,-71.73333333
371,NH02,7/20/2009,7/28/2009,53.6,0.66,43.95,-71.73333333
372,NH02,7/28/2009,8/3/2009,104.9,0.8,43.95,-71.73333333
373,NH02,8/10/2009,8/17/2009,13.7,1.36,43.95,-71.73333333
374,NH02,8/17/2009,8/24/2009,68.3,0.84,43.95,-71.73333333
375,NH02,8/24/2009,8/31/2009,28.4,0.6,43.95,-71.73333333
376,NH02,8/31/2009,9/14/2009,3.6,1.86,43.95,-71.73333333
377,NH02,9/21/2009,9/28/2009,41.6,0.5,43.95,-71.73333333
378,NH02,9/28/2009,10/5/2009,45.5,0.63,43.95,-71.73333333
379,NH02,10/5/2009,10/12/2009,44.7,0.54,43.95,-71.73333333
380,NH02,10/12/2009,10/19/2009,7.4,0.67,43.95,-71.73333333
381,NH02,10/19/2009,10/26/2009,78.5,0.51,43.95,-71.73333333
382,NH02,10/26/2009,11/2/2009,13.2,0.82,43.95,-71.73333333
383,NH02,11/2/2009,11/16/2009,55.9,0.17,43.95,-71.73333333
384,NH02,11/16/2009,11/23/2009,32.3,0.23,43.95,-71.73333333
385,NH02,11/23/2009,12/1/2009,27.2,0.36,43.95,-71.73333333
386,NH02,12/1/2009,12/7/2009,41.4,0.16,43.95,-71.73333333
387,NH02,12/7/2009,12/14/2009,40.6,0.21,43.95,-71.73333333
388,NH02,12/14/2009,12/21/2009,9.7,1.26,43.95,-71.73333333
389,NH02,12/21/2009,12/28/2009,32.3,0.18,43.95,-71.73333333
390,NH02,12/28/2009,1/4/2010,24.4,0.3,43.95,-71.73333333
391,NH02,1/4/2010,1/18/2010,11.4,0.03,43.95,-71.73333333
392,NH02,1/18/2010,1/26/2010,62.0,0.04,43.95,-71.73333333
393,NH02,2/22/2010,3/2/2010,61.0,0.02,43.95,-71.73333333
394,NH02,3/2/2010,3/16/2010,15.5,0.33,43.95,-71.73333333
395,NH02,3/16/2010,3/31/2010,103.6,0.27,43.95,-71.73333333
396,NH02,3/31/2010,4/12/2010,39.1,1.28,43.95,-71.73333333
397,NH02,4/12/2010,4/20/2010,45.5,0.79,43.95,-71.73333333
398,NH02,4/20/2010,5/4/2010,22.9,1.34,43.95,-71.73333333
399,NH02,5/4/2010,5/10/2010,53.6,0.93,43.95,-71.73333333
400,NH02,5/10/2010,5/24/2010,2.5,1.0,43.95,-71.73333333
401,NH02,5/24/2010,6/7/2010,45.5,1.0,43.95,-71.73333333
402,NH02,6/7/2010,6/14/2010,22.4,0.77,43.95,-71.73333333
403,NH02,6/14/2010,6/21/2010,10.7,1.35,43.95,-71.73333333
404,NH02,6/21/2010,6/29/2010,90.4,0.89,43.95,-71.73333333
405,NH02,7/5/2010,7/12/2010,21.1,1.06,43.95,-71.73333333
406,NH02,7/12/2010,7/20/2010,34.8,1.86,43.95,-71.73333333
407,NH02,7/20/2010,7/26/2010,47.0,1.26,43.95,-71.73333333
408,NH02,8/2/2010,8/8/2010,9.9,2.28,43.95,-71.73333333
409,NH02,8/8/2010,8/17/2010,32.0,1.65,43.95,-71.73333333
410,NH02,8/17/2010,8/24/2010,27.2,1.81,43.95,-71.73333333
411,NH02,8/24/2010,8/30/2010,21.1,0.87,43.95,-71.73333333
412,NH02,8/30/2010,9/6/2010,11.7,0.86,43.95,-71.73333333
413,NH02,9/6/2010,9/14/2010,16.8,2.52,43.95,-71.73333333
414,NH02,9/14/2010,9/20/2010,30.5,0.97,43.95,-71.73333333
415,NH02,9/20/2010,9/27/2010,5.1,3.04,43.95,-71.73333333
416,NH02,9/27/2010,10/4/2010,159.8,0.32,43.95,-71.73333333
417,NH02,10/4/2010,10/11/2010,12.4,1.32,43.95,-71.73333333
418,NH02,10/11/2010,10/18/2010,52.1,0.62,43.95,-71.73333333
419,NH02,10/18/2010,10/25/2010,14.2,1.11,43.95,-71.73333333
420,NH02,10/25/2010,11/1/2010,35.6,0.89,43.95,-71.73333333
421,NH02,11/1/2010,11/9/2010,37.8,0.33,43.95,-71.73333333
422,NH02,11/9/2010,11/23/2010,43.9,0.51,43.95,-71.73333333
423,NH02,11/23/2010,11/29/2010,14.0,0.34,43.95,-71.73333333
424,NH02,11/29/2010,12/7/2010,58.7,0.17,43.95,-71.73333333
425,NH02,12/7/2010,12/14/2010,70.6,0.12,43.95,-71.73333333
426,NH02,12/20/2010,12/28/2010,25.4,0.17,43.95,-71.73333333
427,NH02,1/3/2011,1/10/2011,4.8,0.48,43.95,-71.73333333
428,NH02,1/10/2011,1/17/2011,29.2,0.25,43.95,-71.73333333
429,NH02,1/17/2011,1/24/2011,36.1,0.16,43.95,-71.73333333
430,NH02,1/31/2011,2/7/2011,51.8,0.09,43.95,-71.73333333
431,NH02,2/7/2011,2/14/2011,10.4,0.44,43.95,-71.73333333
432,NH02,2/14/2011,2/21/2011,3.6,0.13,43.95,-71.73333333
433,NH02,2/21/2011,3/1/2011,55.9,0.22,43.95,-71.73333333
434,NH02,3/1/2011,3/8/2011,100.1,0.33,43.95,-71.73333333
435,NH02,3/8/2011,3/14/2011,29.5,0.4,43.95,-71.73333333
436,NH02,3/22/2011,4/4/2011,11.7,0.52,43.95,-71.73333333
437,NH02,4/4/2011,4/12/2011,63.8,0.92,43.95,-71.73333333
438,NH02,4/12/2011,4/18/2011,42.7,0.1,43.95,-71.73333333
439,NH02,4/18/2011,4/25/2011,29.5,1.04,43.95,-71.73333333
440,NH02,4/25/2011,5/2/2011,46.7,0.73,43.95,-71.73333333
441,NH02,5/2/2011,5/9/2011,19.6,1.41,43.95,-71.73333333
442,NH02,5/9/2011,5/16/2011,45.0,1.17,43.95,-71.73333333
443,NH02,5/16/2011,5/23/2011,63.5,0.85,43.95,-71.73333333
444,NH02,5/23/2011,5/31/2011,13.2,3.52,43.95,-71.73333333
445,NH02,6/6/2011,6/13/2011,31.5,2.3,43.95,-71.73333333
446,NH02,6/13/2011,6/20/2011,31.2,1.42,43.95,-71.73333333
447,NH02,6/20/2011,6/27/2011,48.3,0.8,43.95,-71.73333333
448,NH02,6/27/2011,7/4/2011,4.6,3.5,43.95,-71.73333333
449,NH02,7/4/2011,7/11/2011,24.4,1.43,43.95,-71.73333333
450,NH02,7/18/2011,7/25/2011,12.4,2.56,43.95,-71.73333333
451,NH02,7/25/2011,8/1/2011,22.4,1.91,43.95,-71.73333333
452,NH02,8/1/2011,8/8/2011,18.5,1.95,43.95,-71.73333333
453,NH02,8/8/2011,8/17/2011,109.0,0.63,43.95,-71.73333333
454,NH02,8/17/2011,8/22/2011,46.0,0.96,43.95,-71.73333333
455,NH02,8/22/2011,8/29/2011,158.0,0.44,43.95,-71.73333333
456,NH02,8/29/2011,9/6/2011,43.9,0.88,43.95,-71.73333333
457,NH02,9/6/2011,9/12/2011,26.7,0.45,43.95,-71.73333333
458,NH02,9/12/2011,9/19/2011,17.5,1.28,43.95,-71.73333333
459,NH02,9/19/2011,9/26/2011,34.5,0.82,43.95,-71.73333333
460,NH02,9/26/2011,10/3/2011,180.7,0.34,43.95,-71.73333333
461,NH02,10/10/2011,10/17/2011,69.1,0.63,43.95,-71.73333333
462,NH02,10/17/2011,10/24/2011,11.2,0.73,43.95,-71.73333333
463,NH02,10/24/2011,10/31/2011,24.4,1.31,43.95,-71.73333333
464,NH02,10/31/2011,11/14/2011,16.8,0.62,43.95,-71.73333333
465,NH02,11/14/2011,11/21/2011,15.4,0.56,43.95,-71.73333333
466,NH02,11/21/2011,11/28/2011,30.7,0.28,43.95,-71.73333333
467,NH02,11/28/2011,12/5/2011,35.6,0.49,43.95,-71.73333333
468,NH02,12/5/2011,12/12/2011,39.1,0.19,43.95,-71.73333333
469,NH02,12/12/2011,12/19/2011,21.1,0.86,43.95,-71.73333333
470,NH02,12/19/2011,12/26/2011,29.2,0.4,43.95,-71.73333333
471,NH02,12/26/2011,1/2/2012,55.4,0.26,43.95,-71.73333333
472,NH02,1/9/2012,1/16/2012,20.1,0.33,43.95,-71.73333333
473,NH02,1/16/2012,1/23/2012,17.3,0.5,43.95,-71.73333333
474,NH02,1/23/2012,1/30/2012,69.6,0.13,43.95,-71.73333333
475,NH02,1/30/2012,2/6/2012,7.1,0.87,43.95,-71.73333333
476,NH02,2/13/2012,2/20/2012,4.8,1.52,43.95,-71.73333333
477,NH02,2/20/2012,2/27/2012,19.6,0.42,43.95,-71.73333333
478,NH02,2/27/2012,3/5/2012,27.2,0.31,43.95,-71.73333333
479,NH02,3/5/2012,3/12/2012,16.7,0.6,43.95,-71.73333333
480,NH02,3/12/2012,3/19/2012,9.9,1.66,43.95,-71.73333333
481,NH02,4/2/2012,4/10/2012,10.4,1.29,43.95,-71.73333333
482,NH02,4/10/2012,4/24/2012,68.6,0.7,43.95,-71.73333333
483,NH02,4/24/2012,4/30/2012,15.2,1.44,43.95,-71.73333333
484,NH02,4/30/2012,5/7/2012,41.9,0.96,43.95,-71.73333333
485,NH02,5/7/2012,5/14/2012,76.2,0.6,43.95,-71.73333333
486,NH02,5/14/2012,5/21/2012,48.3,0.71,43.95,-71.73333333
487,NH02,5/21/2012,5/28/2012,12.7,1.69,43.95,-71.73333333
488,NH02,5/28/2012,6/3/2012,121.7,0.6,43.95,-71.73333333
489,NH02,6/3/2012,6/11/2012,30.0,1.34,43.95,-71.73333333
490,NH02,6/11/2012,6/18/2012,41.7,0.4,43.95,-71.73333333
491,NH02,6/18/2012,7/2/2012,55.9,0.93,43.95,-71.73333333
492,NH02,7/2/2012,7/9/2012,20.1,1.51,43.95,-71.73333333
493,NH02,7/16/2012,7/23/2012,10.2,2.69,43.95,-71.73333333
494,NH02,7/23/2012,7/30/2012,67.1,0.91,43.95,-71.73333333
495,NH02,7/30/2012,8/6/2012,25.1,1.07,43.95,-71.73333333
496,NH02,8/6/2012,8/13/2012,144.8,0.69,43.95,-71.73333333
497,NH02,8/13/2012,8/20/2012,9.1,1.81,43.95,-71.73333333
498,NH02,8/20/2012,9/3/2012,40.4,0.9,43.95,-71.73333333
499,NH02,9/3/2012,9/10/2012,50.5,0.62,43.95,-71.73333333
500,NH02,9/10/2012,9/24/2012,95.8,0.48,43.95,-71.73333333
501,NH02,9/24/2012,10/2/2012,27.4,0.9,43.95,-71.73333333
502,NH02,10/2/2012,10/8/2012,51.0,0.63,43.95,-71.73333333
503,NH02,10/8/2012,10/15/2012,23.9,0.89,43.95,-71.73333333
504,NH02,10/15/2012,10/22/2012,27.4,2.25,43.95,-71.73333333
505,NH02,10/22/2012,11/5/2012,63.0,0.33,43.95,-71.73333333
506,NH02,11/5/2012,11/14/2012,17.5,0.33,43.95,-71.73333333
507,NH02,11/26/2012,12/3/2012,27.2,0.98,43.95,-71.73333333
508,NH02,12/3/2012,12/11/2012,36.3,0.49,43.95,-71.73333333
509,NH02,12/11/2012,12/17/2012,18.0,0.33,43.95,-71.73333333
510,NH02,12/17/2012,12/24/2012,51.8,0.14,43.95,-71.73333333
511,NH02,12/24/2012,12/31/2012,26.7,0.19,43.95,-71.73333333
512,NH02,12/31/2012,1/7/2013,6.4,0.76,43.95,-71.73333333
513,NH02,1/7/2013,1/14/2013,10.4,0.84,43.95,-71.73333333
514,NH02,1/14/2013,1/22/2013,14.7,0.34,43.95,-71.73333333
515,NH02,1/28/2013,2/4/2013,56.1,0.37,43.95,-71.73333333
516,NH02,2/4/2013,2/12/2013,37.1,0.38,43.95,-71.73333333
517,NH02,2/12/2013,2/25/2013,27.9,0.39,43.95,-71.73333333
518,NH02,2/25/2013,3/4/2013,11.9,0.43,43.95,-71.73333333
519,NH02,3/4/2013,3/18/2013,52.6,0.24,43.95,-71.73333333
520,NH02,3/18/2013,3/25/2013,23.1,0.47,43.95,-71.73333333
521,NH02,3/25/2013,4/2/2013,22.6,0.57,43.95,-71.73333333
522,NH02,4/2/2013,4/15/2013,41.1,0.99,43.95,-71.73333333
523,NH02,4/22/2013,5/13/2013,33.5,1.23,43.95,-71.73333333
524,NH02,5/13/2013,5/13/2013,33.5,1.23,43.95,-71.73333333
525,NH02,5/13/2013,5/20/2013,20.1,2.1,43.95,-71.73333333
526,NH02,5/20/2013,5/20/2013,20.1,2.1,43.95,-71.73333333
527,NH02,5/20/2013,5/28/2013,53.3,1.02,43.95,-71.73333333
528,NH02,5/28/2013,5/28/2013,53.3,1.02,43.95,-71.73333333
529,NH02,5/28/2013,6/3/2013,37.6,1.93,43.95,-71.73333333
530,NH02,6/3/2013,6/10/2013,25.7,1.1,43.95,-71.73333333
531,NH02,6/10/2013,6/17/2013,42.4,0.91,43.95,-71.73333333
532,NH02,6/17/2013,6/24/2013,16.0,3.21,43.95,-71.73333333
533,NH02,6/24/2013,7/1/2013,63.5,1.11,43.95,-71.73333333
534,NH02,7/1/2013,7/7/2013,63.8,0.85,43.95,-71.73333333
535,NH02,7/7/2013,7/15/2013,30.0,1.23,43.95,-71.73333333
536,NH02,7/15/2013,7/22/2013,30.7,1.55,43.95,-71.73333333
537,NH02,7/22/2013,7/30/2013,46.0,0.75,43.95,-71.73333333
538,NH02,7/30/2013,8/5/2013,35.8,1.45,43.95,-71.73333333
539,NH02,8/5/2013,8/12/2013,23.6,1.13,43.95,-71.73333333
540,NH02,8/12/2013,8/19/2013,17.5,1.08,43.95,-71.73333333
541,NH02,8/19/2013,8/26/2013,5.8,4.85,43.95,-71.73333333
542,NH02,8/26/2013,9/3/2013,62.2,0.87,43.95,-71.73333333
543,NH02,9/3/2013,9/9/2013,3.8,2.88,43.95,-71.73333333
544,NH02,9/9/2013,9/16/2013,55.4,0.71,43.95,-71.73333333
545,NH02,9/16/2013,9/23/2013,19.3,0.96,43.95,-71.73333333
546,NH02,9/23/2013,10/8/2013,31.2,1.24,43.95,-71.73333333
547,NH02,10/8/2013,10/21/2013,18.8,1.08,43.95,-71.73333333
548,NH02,10/21/2013,10/28/2013,4.8,1.88,43.95,-71.73333333
549,NH02,11/4/2013,11/11/2013,23.1,0.67,43.95,-71.73333333
550,NH02,11/11/2013,11/18/2013,28.7,0.75,43.95,-71.73333333
551,NH02,11/18/2013,11/25/2013,8.9,0.84,43.95,-71.73333333
552,NH02,11/25/2013,12/2/2013,58.2,0.23,43.95,-71.73333333
553,NH02,12/2/2013,12/10/2013,18.3,0.68,43.95,-71.73333333
554,NH02,12/10/2013,12/16/2013,26.7,0.18,43.95,-71.73333333
555,NH02,12/16/2013,12/24/2013,23.4,0.76,43.95,-71.73333333
556,NH02,12/24/2013,12/31/2013,31.5,0.16,43.95,-71.73333333
557,NH02,12/31/2013,1/7/2014,44.7,0.24,43.95,-71.73333333
558,NH02,1/7/2014,1/13/2014,43.4,0.18,43.95,-71.73333333
559,NH02,1/13/2014,1/20/2014,21.1,0.57,43.95,-71.73333333
560,NH02,1/20/2014,1/28/2014,7.1,0.93,43.95,-71.73333333
561,NH02,1/28/2014,2/3/2014,5.6,1.21,43.95,-71.73333333
562,NH02,2/3/2014,2/10/2014,21.1,0.22,43.95,-71.73333333
563,NH02,2/10/2014,2/17/2014,27.9,0.15,43.95,-71.73333333
564,NH02,2/17/2014,2/24/2014,25.1,0.47,43.95,-71.73333333
565,NH02,3/17/2014,3/24/2014,33.5,0.34,43.95,-71.73333333
566,NH02,3/24/2014,3/31/2014,39.1,0.58,43.95,-71.73333333
567,NH02,3/31/2014,4/7/2014,12.7,0.73,43.95,-71.73333333
568,NH02,4/7/2014,4/14/2014,22.4,1.09,43.95,-71.73333333
569,NH02,4/14/2014,4/21/2014,47.2,0.5,43.95,-71.73333333
570,NH02,4/28/2014,5/6/2014,39.1,1.4,43.95,-71.73333333
571,NH02,5/6/2014,5/12/2014,7.1,2.77,43.95,-71.73333333
572,NH02,5/12/2014,5/19/2014,50.5,1.47,43.95,-71.73333333
573,NH02,5/19/2014,5/26/2014,27.7,1.72,43.95,-71.73333333
574,NH02,5/26/2014,6/2/2014,11.4,3.72,43.95,-71.73333333
0,TF,11/18/2003,11/25/2003,8.5,0.993,43.108,-70.95
1,TF,11/25/2003,12/2/2003,13.6,0.739,43.108,-70.95
2,TF,12/2/2003,12/9/2003,24.8,0.385,43.108,-70.95
3,TF,12/9/2003,12/16/2003,77.1,0.308,43.108,-70.95
4,TF,12/16/2003,12/23/2003,11.2,0.357,43.108,-70.95
5,TF,12/23/2003,12/30/2003,12.8,0.394,43.108,-70.95
6,TF,12/30/2003,1/6/2004,11.11,1.226,43.108,-70.95
7,TF,1/6/2004,1/13/2004,3.0,0.956,43.108,-70.95
8,TF,1/13/2004,2/10/2004,29.9,0.73,43.108,-70.95
9,TF,2/10/2004,2/24/2004,4.5,1.688,43.108,-70.95
10,TF,2/24/2004,3/9/2004,8.2,1.151,43.108,-70.95
11,TF,3/9/2004,3/16/2004,1.4,3.19,43.108,-70.95
12,TF,3/16/2004,3/23/2004,24.7,0.621,43.108,-70.95
13,TF,3/23/2004,3/30/2004,11.5,1.387,43.108,-70.95
14,TF,3/30/2004,4/6/2004,125.2,0.507,43.108,-70.95
15,TF,4/6/2004,4/13/2004,4.9,0.786,43.108,-70.95
16,TF,4/13/2004,4/20/2004,38.1,0.431,43.108,-70.95
17,TF,4/20/2004,4/27/2004,48.7,0.709,43.108,-70.95
18,TF,4/27/2004,5/4/2004,25.5,0.518,43.108,-70.95
19,TF,5/4/2004,5/18/2004,29.2,1.436,43.108,-70.95
20,TF,5/18/2004,6/1/2004,31.3,0.565,43.108,-70.95
21,TF,6/1/2004,6/4/2004,9.4,1.182,43.108,-70.95
22,TF,6/4/2004,6/15/2004,10.4,1.402,43.108,-70.95
23,TF,6/15/2004,6/22/2004,6.9,1.585,43.108,-70.95
24,TF,6/22/2004,6/29/2004,11.2,1.298,43.108,-70.95
25,TF,6/29/2004,7/2/2004,2.7,4.6,43.108,-70.95
26,TF,7/2/2004,7/6/2004,0.7,3.139,43.108,-70.95
27,TF,7/6/2004,7/9/2004,18.6,1.231,43.108,-70.95
28,TF,7/9/2004,7/15/2004,12.9,3.045,43.108,-70.95
29,TF,7/15/2004,7/19/2004,9.0,0.992,43.108,-70.95
30,TF,7/19/2004,7/20/2004,0.9,4.553,43.108,-70.95
31,TF,7/20/2004,7/24/2004,9.9,1.436,43.108,-70.95
32,TF,7/24/2004,7/29/2004,27.5,0.383,43.108,-70.95
33,TF,7/29/2004,8/2/2004,3.4,1.192,43.108,-70.95
34,TF,8/2/2004,8/6/2004,2.2,2.137,43.108,-70.95
35,TF,8/6/2004,8/13/2004,69.2,0.181,43.108,-70.95
36,TF,8/13/2004,8/12/2004,25.7,1.601,43.108,-70.95
37,TF,8/12/2004,8/16/2004,11.6,0.528,43.108,-70.95
38,TF,8/16/2004,8/17/2004,8.4,1.47,43.108,-70.95
39,TF,8/17/2004,8/23/2004,35.3,1.706,43.108,-70.95
40,TF,8/23/2004,8/31/2004,5.4,0.05,43.108,-70.95
41,TF,8/31/2004,9/9/2004,63.4,0.307,43.108,-70.95
42,TF,5/25/2004,9/14/2004,1.0,1.801,43.108,-70.95
43,TF,9/14/2004,9/21/2004,54.2,0.644,43.108,-70.95
44,TF,9/21/2004,9/29/2004,13.2,0.593,43.108,-70.95
45,TF,9/29/2004,10/5/2004,14.0,1.097,43.108,-70.95
46,TF,10/5/2004,10/16/2004,38.9,0.503,43.108,-70.95
47,TF,10/16/2004,11/1/2004,11.6,1.249,43.108,-70.95
48,TF,11/1/2004,11/3/2004,8.8,1.348,43.108,-70.95
49,TF,11/3/2004,11/5/2004,20.5,0.302,43.108,-70.95
50,TF,11/5/2004,11/30/2004,64.0,0.637,43.108,-70.95
51,TF,11/30/2004,12/2/2004,27.2,0.313,43.108,-70.95
52,TF,12/2/2004,12/14/2004,44.1,0.505,43.108,-70.95
53,TF,12/14/2004,12/21/2004,8.2,1.341,43.108,-70.95
54,TF,12/21/2004,12/28/2004,37.4,0.164,43.108,-70.95
55,TF,12/28/2004,1/4/2005,12.9,0.322,43.108,-70.95
56,TF,1/4/2005,1/9/2005,13.8,0.584,43.108,-70.95
57,TF,1/9/2005,1/13/2005,9.8,0.249,43.108,-70.95
58,TF,1/13/2005,1/18/2005,24.2,0.263,43.108,-70.95
59,TF,1/18/2005,1/20/2005,3.9,0.284,43.108,-70.95
60,TF,1/20/2005,1/23/2005,19.8,3.621,43.108,-70.95
61,TF,1/23/2005,1/28/2005,7.4,1.307,43.108,-70.95
62,TF,1/28/2005,2/4/2005,9.9,0.711,43.108,-70.95
63,TF,2/4/2005,2/11/2005,35.0,1.528,43.108,-70.95
64,TF,2/11/2005,2/15/2005,18.5,0.303,43.108,-70.95
65,TF,2/15/2005,2/22/2005,24.6,0.764,43.108,-70.95
66,TF,2/22/2005,2/25/2005,6.2,0.602,43.108,-70.95
67,TF,2/25/2005,3/2/2005,12.2,0.553,43.108,-70.95
68,TF,3/2/2005,3/9/2005,32.4,0.884,43.108,-70.95
69,TF,3/9/2005,3/14/2005,31.7,0.264,43.108,-70.95
70,TF,3/14/2005,3/25/2005,5.2,0.466,43.108,-70.95
71,TF,3/25/2005,3/30/2005,65.1,0.116,43.108,-70.95
72,TF,3/30/2005,4/5/2005,46.8,0.491,43.108,-70.95
73,TF,4/5/2005,4/8/2005,3.3,1.195,43.108,-70.95
74,TF,4/8/2005,4/21/2005,18.3,1.627,43.108,-70.95
75,TF,4/21/2005,4/26/2005,28.2,0.482,43.108,-70.95
76,TF,4/26/2005,4/28/2005,29.1,0.202,43.108,-70.95
77,TF,4/28/2005,4/29/2005,1.5,0.879,43.108,-70.95
78,TF,4/29/2005,5/2/2005,22.8,0.628,43.108,-70.95
79,TF,5/2/2005,5/3/2005,4.3,1.158,43.108,-70.95
80,TF,5/3/2005,5/9/2005,21.1,0.522,43.108,-70.95
81,TF,5/9/2005,5/16/2005,4.5,1.797,43.108,-70.95
82,TF,5/16/2005,5/19/2005,1.5,3.934,43.108,-70.95
83,TF,5/19/2005,5/23/2005,34.9,0.318,43.108,-70.95
84,TF,5/23/2005,5/24/2005,27.5,0.337,43.108,-70.95
85,TF,5/24/2005,5/25/2005,24.3,0.409,43.108,-70.95
86,TF,5/25/2005,5/26/2005,31.2,0.37,43.108,-70.95
87,TF,5/26/2005,5/31/2005,19.3,0.623,43.108,-70.95
88,TF,5/31/2005,6/9/2005,12.6,3.58,43.108,-70.95
89,TF,6/9/2005,6/13/2005,54.8,1.981,43.108,-70.95
90,TF,6/13/2005,6/15/2005,5.6,3.194,43.108,-70.95
91,TF,6/15/2005,6/20/2005,9.1,2.25,43.108,-70.95
92,TF,6/20/2005,6/23/2005,7.3,2.205,43.108,-70.95
93,TF,6/23/2005,6/29/2005,25.7,0.712,43.108,-70.95
94,TF,6/29/2005,6/30/2005,23.5,1.32,43.108,-70.95
95,TF,6/30/2005,7/1/2005,4.1,0.699,43.108,-70.95
96,TF,7/1/2005,7/5/2005,3.9,2.982,43.108,-70.95
97,TF,7/6/2005,7/7/2005,2.1,4.35,43.108,-70.95
98,TF,7/7/2005,7/11/2005,33.9,0.653,43.108,-70.95
99,TF,7/11/2005,7/15/2005,12.6,1.628,43.108,-70.95
100,TF,7/15/2005,7/19/2005,3.3,2.251,43.108,-70.95
101,TF,7/19/2005,7/25/2005,1.4,1.874,43.108,-70.95
102,TF,7/25/2005,7/28/2005,13.2,3.203,43.108,-70.95
103,TF,7/28/2005,8/2/2005,6.9,1.835,43.108,-70.95
104,TF,8/2/2005,8/15/2005,53.6,1.51,43.108,-70.95
105,TF,8/16/2005,8/22/2005,3.8,2.67,43.108,-70.95
106,TF,8/22/2005,8/26/2005,5.8,1.773,43.108,-70.95
107,TF,8/29/2005,8/30/2005,2.4,1.836,43.108,-70.95
108,TF,8/30/2005,8/31/2005,3.4,0.479,43.108,-70.95
109,TF,8/31/2005,9/1/2005,9.0,0.53,43.108,-70.95
110,TF,9/1/2005,9/6/2005,7.1,1.733,43.108,-70.95
111,TF,9/6/2005,9/16/2005,21.5,0.322,43.108,-70.95
112,TF,9/16/2005,9/17/2005,5.0,0.385,43.108,-70.95
113,TF,9/17/2005,9/21/2005,2.0,3.72,43.108,-70.95
114,TF,9/21/2005,9/27/2005,13.2,0.05,43.108,-70.95
115,TF,9/27/2005,9/30/2005,11.0,0.165,43.108,-70.95
116,TF,9/30/2005,10/10/2005,134.1,0.46,43.108,-70.95
117,TF,10/10/2005,10/11/2005,28.4,0.2,43.108,-70.95
118,TF,10/11/2005,10/14/2005,5.3,0.952,43.108,-70.95
119,TF,10/14/2005,10/17/2005,101.6,0.452,43.108,-70.95
120,TF,10/17/2005,10/24/2005,29.5,0.306,43.108,-70.95
121,TF,10/24/2005,10/25/2005,34.9,0.25,43.108,-70.95
122,TF,10/25/2005,10/26/2005,13.2,0.532,43.108,-70.95
123,TF,10/26/2005,11/7/2005,14.7,1.068,43.108,-70.95
124,TF,11/7/2005,11/10/2005,25.25,1.086,43.108,-70.95
125,TF,11/10/2005,11/16/2005,8.5,2.022,43.108,-70.95
126,TF,11/16/2005,11/17/2005,22.6,0.284,43.108,-70.95
127,TF,11/17/2005,11/22/2005,16.0,0.371,43.108,-70.95
128,TF,11/22/2005,11/23/2005,23.8,0.387,43.108,-70.95
129,TF,11/23/2005,11/28/2005,11.2,0.528,43.108,-70.95
130,TF,11/28/2005,11/30/2005,5.3,0.431,43.108,-70.95
131,TF,11/30/2005,12/1/2005,12.4,0.495,43.108,-70.95
132,TF,12/1/2005,12/5/2005,1.4,0.901,43.108,-70.95
133,TF,12/5/2005,12/12/2005,21.2,0.05,43.108,-70.95
134,TF,12/12/2005,12/19/2005,45.2,0.299,43.108,-70.95
135,TF,12/19/2005,12/28/2005,39.8,0.439,43.108,-70.95
136,TF,12/28/2005,1/3/2006,20.6,0.482,43.108,-70.95
137,TF,1/3/2006,1/6/2006,6.7,0.724,43.108,-70.95
138,TF,1/6/2006,1/8/2006,0.8,2.528,43.108,-70.95
139,TF,1/8/2006,1/12/2006,14.9,0.844,43.108,-70.95
140,TF,1/12/2006,1/17/2006,24.0,0.499,43.108,-70.95
141,TF,1/17/2006,1/19/2006,17.4,1.66,43.108,-70.95
142,TF,1/19/2006,1/24/2006,16.3,1.605,43.108,-70.95
143,TF,1/24/2006,1/26/2006,8.0,1.524,43.108,-70.95
144,TF,1/26/2006,1/30/2006,13.0,1.016,43.108,-70.95
145,TF,1/30/2006,2/6/2006,42.85,0.05,43.108,-70.95
146,TF,2/6/2006,2/13/2006,9.8,0.349,43.108,-70.95
147,TF,2/13/2006,2/21/2006,2.2,1.215,43.108,-70.95
148,TF,2/21/2006,2/27/2006,10.4,0.564,43.108,-70.95
149,TF,2/27/2006,3/13/2006,2.2,1.47,43.108,-70.95
150,TF,3/13/2006,3/14/2006,20.1,1.326,43.108,-70.95
151,TF,3/14/2006,3/15/2006,0.3,2.202,43.108,-70.95
152,TF,3/15/2006,4/3/2006,2.2,2.285,43.108,-70.95
153,TF,4/3/2006,4/4/2006,23.6,0.406,43.108,-70.95
154,TF,4/4/2006,4/5/2006,22.5,0.659,43.108,-70.95
155,TF,4/5/2006,4/6/2006,9.7,0.36,43.108,-70.95
156,TF,4/6/2006,4/10/2006,3.9,1.334,43.108,-70.95
157,TF,4/10/2006,4/14/2006,0.5,3.435,43.108,-70.95
158,TF,4/14/2006,4/24/2006,18.0,0.811,43.108,-70.95
159,TF,4/24/2006,4/25/2006,0.8,1.221,43.108,-70.95
160,TF,4/25/2006,5/2/2006,12.8,0.05,43.108,-70.95
161,TF,5/2/2006,5/3/2006,50.1,0.311,43.108,-70.95
162,TF,5/3/2006,5/4/2006,4.1,0.557,43.108,-70.95
163,TF,5/4/2006,5/10/2006,19.9,0.448,43.108,-70.95
164,TF,5/10/2006,5/11/2006,0.3,2.621,43.108,-70.95
165,TF,5/11/2006,5/12/2006,3.0,0.251,43.108,-70.95
166,TF,5/12/2006,5/19/2006,292.21,0.671,43.108,-70.95
167,TF,5/19/2006,5/19/2006,,0.329,43.108,-70.95
168,TF,5/19/2006,5/23/2006,14.1,0.909,43.108,-70.95
169,TF,5/23/2006,6/2/2006,40.2,0.829,43.108,-70.95
170,TF,6/2/2006,6/5/2006,52.0,0.778,43.108,-70.95
171,TF,6/5/2006,6/8/2006,56.3,0.3,43.108,-70.95
172,TF,6/8/2006,6/9/2006,10.7,0.33,43.108,-70.95
173,TF,6/9/2006,6/12/2006,14.1,0.492,43.108,-70.95
174,TF,6/12/2006,6/15/2006,4.1,2.587,43.108,-70.95
175,TF,6/15/2006,6/21/2006,5.9,1.9,43.108,-70.95
176,TF,6/21/2006,6/26/2006,21.85,1.915,43.108,-70.95
177,TF,6/26/2006,6/29/2006,5.1,1.242,43.108,-70.95
178,TF,6/30/2006,7/12/2006,37.0,0.995,43.108,-70.95
179,TF,7/12/2006,7/13/2006,38.4,1.549,43.108,-70.95
180,TF,7/13/2006,7/24/2006,24.5,2.159,43.108,-70.95
181,TF,7/24/2006,7/31/2006,20.7,0.926,43.108,-70.95
182,TF,7/31/2006,8/3/2006,1.5,4.3,43.108,-70.95
183,TF,8/3/2006,8/4/2006,9.9,2.314,43.108,-70.95
184,TF,8/4/2006,8/7/2006,13.2,0.932,43.108,-70.95
185,TF,8/7/2006,8/8/2006,0.2,1.733,43.108,-70.95
186,TF,8/8/2006,8/11/2006,0.0,3.851,43.108,-70.95
187,TF,8/11/2006,8/15/2006,8.0,1.132,43.108,-70.95
188,TF,8/15/2006,8/21/2006,86.8,0.386,43.108,-70.95
189,TF,8/21/2006,8/25/2006,2.8,2.556,43.108,-70.95
190,TF,8/25/2006,8/28/2006,13.0,1.281,43.108,-70.95
191,TF,8/28/2006,9/5/2006,19.2,0.455,43.108,-70.95
192,TF,9/5/2006,9/6/2006,0.654,2.985,43.108,-70.95
193,TF,9/6/2006,9/15/2006,9.1,0.626,43.108,-70.95
194,TF,9/15/2006,9/21/2006,22.8,1.649,43.108,-70.95
195,TF,9/21/2006,9/25/2006,14.4,1.428,43.108,-70.95
196,TF,9/29/2006,10/2/2006,15.1,0.723,43.108,-70.95
197,TF,10/4/2006,10/6/2006,2.7,0.733,43.108,-70.95
198,TF,10/6/2006,10/12/2006,78.4,0.216,43.108,-70.95
199,TF,10/12/2006,10/18/2006,10.1,0.732,43.108,-70.95
200,TF,10/18/2006,10/20/2006,3.3,1.336,43.108,-70.95
201,TF,10/20/2006,10/23/2006,26.2,0.784,43.108,-70.95
202,TF,10/23/2006,10/30/2006,60.3,0.199,43.108,-70.95
203,TF,10/30/2006,11/3/2006,5.9,0.948,43.108,-70.95
204,TF,11/3/2006,11/8/2006,7.0,0.304,43.108,-70.95
205,TF,11/8/2006,11/9/2006,53.0,0.05,43.108,-70.95
206,TF,11/9/2006,11/13/2006,10.7,0.36,43.108,-70.95
207,TF,11/13/2006,11/14/2006,43.5,0.208,43.108,-70.95
208,TF,11/14/2006,11/15/2006,2.4,0.621,43.108,-70.95
209,TF,11/15/2006,11/17/2006,38.4,0.157,43.108,-70.95
210,TF,11/17/2006,11/27/2006,8.0,0.36,43.108,-70.95
211,TF,11/30/2006,12/4/2006,33.0,0.389,43.108,-70.95
212,TF,12/4/2006,12/14/2006,1.0,0.739,43.108,-70.95
213,TF,12/14/2006,12/27/2006,50.8,0.123,43.108,-70.95
214,TF,12/27/2006,1/2/2007,21.9,0.309,43.108,-70.95
215,TF,1/2/2007,1/8/2007,37.5,0.215,43.108,-70.95
216,TF,1/8/2007,1/9/2007,9.0,0.838,43.108,-70.95
217,TF,1/9/2007,1/16/2007,13.0,0.354,43.108,-70.95
218,TF,1/16/2007,1/19/2007,2.9,0.478,43.108,-70.95
219,TF,1/23/2007,2/5/2007,6.8,0.361,43.108,-70.95
220,TF,2/5/2007,2/15/2007,31.9,0.05,43.108,-70.95
221,TF,2/15/2007,3/5/2007,48.9,0.302,43.108,-70.95
222,TF,3/5/2007,3/12/2007,8.4,1.192,43.108,-70.95
223,TF,3/12/2007,3/16/2007,3.2,1.598,43.108,-70.95
224,TF,3/16/2007,3/19/2007,41.2,0.17,43.108,-70.95
225,TF,3/19/2007,3/23/2007,0.4,3.092,43.108,-70.95
226,TF,3/23/2007,3/26/2007,7.1,0.678,43.108,-70.95
227,TF,3/26/2007,3/28/2007,3.6,0.92,43.108,-70.95
228,TF,3/28/2007,4/2/2007,7.3,0.724,43.108,-70.95
229,TF,4/2/2007,4/4/2007,4.3,0.548,43.108,-70.95
230,TF,4/4/2007,4/5/2007,30.1,0.152,43.108,-70.95
231,TF,4/5/2007,4/14/2007,21.5,0.461,43.108,-70.95
232,TF,4/14/2007,4/20/2007,123.2,0.365,43.108,-70.95
233,TF,4/20/2007,4/30/2007,20.9,0.822,43.108,-70.95
234,TF,4/30/2007,5/1/2007,8.0,1.103,43.108,-70.95
235,TF,5/1/2007,5/2/2007,1.6,1.056,43.108,-70.95
236,TF,5/2/2007,5/14/2007,21.1,0.695,43.108,-70.95
237,TF,5/14/2007,5/15/2007,1.1,5.156,43.108,-70.95
238,TF,5/15/2007,5/17/2007,28.1,1.996,43.108,-70.95
239,TF,5/17/2007,5/21/2007,36.9,0.384,43.108,-70.95
240,TF,5/21/2007,5/29/2007,7.7,4.045,43.108,-70.95
241,TF,5/29/2007,6/1/2007,5.4,2.358,43.108,-70.95
242,TF,6/1/2007,6/4/2007,8.6,1.459,43.108,-70.95
243,TF,6/4/2007,6/6/2007,67.6,1.004,43.108,-70.95
244,TF,6/6/2007,6/11/2007,0.9,6.023,43.108,-70.95
245,TF,6/22/2007,7/5/2007,10.9,1.067,43.108,-70.95
246,TF,7/5/2007,7/6/2007,0.6,4.998,43.108,-70.95
247,TF,7/6/2007,7/9/2007,2.6,3.477,43.108,-70.95
248,TF,7/9/2007,7/10/2007,27.1,1.959,43.108,-70.95
249,TF,7/10/2007,7/12/2007,3.6,1.452,43.108,-70.95
250,TF,7/12/2007,7/16/2007,12.9,3.059,43.108,-70.95
251,TF,7/16/2007,7/19/2007,2.3,4.082,43.108,-70.95
252,TF,7/19/2007,7/20/2007,28.2,1.663,43.108,-70.95
253,TF,7/20/2007,7/27/2007,2.9,1.507,43.108,-70.95
254,TF,7/27/2007,7/30/2007,16.0,1.981,43.108,-70.95
255,TF,7/30/2007,8/7/2007,13.9,1.47,43.108,-70.95
256,TF,8/7/2007,8/8/2007,7.3,3.497,43.108,-70.95
257,TF,8/8/2007,8/10/2007,2.0,1.724,43.108,-70.95
258,TF,8/10/2007,8/16/2007,5.8,3.261,43.108,-70.95
259,TF,8/16/2007,8/17/2007,19.3,2.85,43.108,-70.95
260,TF,8/17/2007,8/17/2007,19.3,2.809,43.108,-70.95
261,TF,8/17/2007,9/10/2007,11.5,2.166,43.108,-70.95
262,TF,9/10/2007,9/10/2007,,2.204,43.108,-70.95
263,TF,9/10/2007,9/11/2007,10.8,1.576,43.108,-70.95
264,TF,9/11/2007,9/11/2007,10.8,1.69,43.108,-70.95
265,TF,9/11/2007,9/12/2007,31.5,0.35,43.108,-70.95
266,TF,9/12/2007,9/12/2007,31.5,0.336,43.108,-70.95
267,TF,9/12/2007,9/17/2007,6.0,0.889,43.108,-70.95
268,TF,9/17/2007,9/17/2007,6.0,0.879,43.108,-70.95
269,TF,9/17/2007,9/28/2007,16.1,0.161,43.108,-70.95
270,TF,9/28/2007,9/28/2007,16.1,0.349,43.108,-70.95
271,TF,9/28/2007,10/8/2007,32.4,1.415,43.108,-70.95
272,TF,10/8/2007,10/8/2007,32.4,1.521,43.108,-70.95
273,TF,10/8/2007,10/10/2007,5.1,1.12,43.108,-70.95
274,TF,10/10/2007,10/10/2007,5.1,0.857,43.108,-70.95
275,TF,10/10/2007,10/11/2007,0.0,1.936,43.108,-70.95
276,TF,10/11/2007,10/12/2007,25.1,0.408,43.108,-70.95
277,TF,10/12/2007,10/15/2007,8.3,0.422,43.108,-70.95
278,TF,10/15/2007,10/15/2007,8.3,0.698,43.108,-70.95
279,TF,10/15/2007,10/22/2007,27.9,0.24,43.108,-70.95
280,TF,10/22/2007,10/22/2007,27.9,0.216,43.108,-70.95
281,TF,10/22/2007,10/24/2007,0.6,2.15,43.108,-70.95
282,TF,10/24/2007,10/24/2007,0.6,2.234,43.108,-70.95
283,TF,10/24/2007,10/25/2007,0.8,2.723,43.108,-70.95
284,TF,10/25/2007,10/25/2007,0.8,1.772,43.108,-70.95
285,TF,10/25/2007,10/29/2007,15.5,0.44,43.108,-70.95
286,TF,10/29/2007,10/29/2007,15.5,0.488,43.108,-70.95
287,TF,10/29/2007,11/5/2007,30.1,0.316,43.108,-70.95
288,TF,11/5/2007,11/5/2007,30.1,0.187,43.108,-70.95
289,TF,11/5/2007,11/7/2007,18.7,0.796,43.108,-70.95
290,TF,11/7/2007,11/7/2007,18.7,0.776,43.108,-70.95
291,TF,11/7/2007,11/13/2007,2.2,1.442,43.108,-70.95
292,TF,11/13/2007,11/13/2007,2.2,0.686,43.108,-70.95
293,TF,11/13/2007,11/15/2007,2.1,2.174,43.108,-70.95
294,TF,11/15/2007,11/15/2007,2.1,1.948,43.108,-70.95
295,TF,11/15/2007,11/16/2007,17.9,0.543,43.108,-70.95
296,TF,11/16/2007,11/16/2007,17.9,0.755,43.108,-70.95
297,TF,11/16/2007,11/16/2007,0.6,1.008,43.108,-70.95
298,TF,11/16/2007,11/16/2007,0.6,0.402,43.108,-70.95
299,TF,11/16/2007,11/21/2007,4.7,0.486,43.108,-70.95
300,TF,11/21/2007,11/21/2007,4.7,1.17,43.108,-70.95
301,TF,11/21/2007,11/26/2007,3.4,0.725,43.108,-70.95
302,TF,11/26/2007,11/26/2007,3.4,0.906,43.108,-70.95
303,TF,11/26/2007,11/27/2007,16.272,0.453,43.108,-70.95
304,TF,11/27/2007,11/27/2007,16.272,0.594,43.108,-70.95
305,TF,11/27/2007,12/3/2007,15.1,0.125,43.108,-70.95
306,TF,12/3/2007,12/4/2007,6.1,0.347,43.108,-70.95
307,TF,12/4/2007,12/10/2007,3.6,0.646,43.108,-70.95
308,TF,12/10/2007,12/10/2007,3.6,0.688,43.108,-70.95
309,TF,12/11/2007,12/12/2007,0.6,1.758,43.108,-70.95
310,TF,12/12/2007,12/12/2007,0.6,1.388,43.108,-70.95
311,TF,12/12/2007,12/14/2007,13.2,0.259,43.108,-70.95
312,TF,12/14/2007,12/14/2007,13.2,0.254,43.108,-70.95
313,TF,12/14/2007,12/18/2007,34.0,0.567,43.108,-70.95
314,TF,12/18/2007,12/18/2007,34.0,0.22,43.108,-70.95
315,TF,12/18/2007,12/21/2007,11.4,0.24,43.108,-70.95
316,TF,12/21/2007,12/21/2007,11.4,0.359,43.108,-70.95
317,TF,12/21/2007,12/26/2007,8.6,0.305,43.108,-70.95
318,TF,12/26/2007,12/26/2007,8.6,0.629,43.108,-70.95
319,TF,12/26/2007,1/2/2008,51.5,0.653,43.108,-70.95
320,TF,1/2/2008,1/2/2008,51.5,0.507,43.108,-70.95
321,TF,1/2/2008,1/10/2008,0.6,1.794,43.108,-70.95
322,TF,1/10/2008,1/10/2008,0.6,1.791,43.108,-70.95
323,TF,1/10/2008,1/11/2008,5.9,0.385,43.108,-70.95
324,TF,1/11/2008,1/11/2008,5.9,0.398,43.108,-70.95
325,TF,1/11/2008,1/11/2008,24.1,0.426,43.108,-70.95
326,TF,1/11/2008,1/11/2008,24.1,0.338,43.108,-70.95
327,TF,1/11/2008,1/15/2008,14.4,0.173,43.108,-70.95
328,TF,1/15/2008,1/15/2008,14.4,0.378,43.108,-70.95
329,TF,1/15/2008,1/18/2008,11.5,0.165,43.108,-70.95
330,TF,1/18/2008,1/18/2008,11.5,0.203,43.108,-70.95
331,TF,1/18/2008,1/22/2008,4.8,0.315,43.108,-70.95
332,TF,1/22/2008,1/22/2008,4.8,0.422,43.108,-70.95
333,TF,1/22/2008,1/28/2008,10.8,0.56,43.108,-70.95
334,TF,1/28/2008,1/28/2008,10.8,0.56,43.108,-70.95
335,TF,1/28/2008,1/30/2008,1.3,1.221,43.108,-70.95
336,TF,1/30/2008,1/30/2008,1.3,1.67,43.108,-70.95
337,TF,1/30/2008,1/31/2008,0.7,1.719,43.108,-70.95
338,TF,1/31/2008,1/31/2008,0.7,2.027,43.108,-70.95
339,TF,1/31/2008,2/4/2008,29.0,0.493,43.108,-70.95
340,TF,2/4/2008,2/4/2008,29.0,0.363,43.108,-70.95
341,TF,2/4/2008,2/5/2008,19.1,0.737,43.108,-70.95
342,TF,2/5/2008,2/5/2008,19.1,0.858,43.108,-70.95
343,TF,2/5/2008,2/6/2008,13.9,0.569,43.108,-70.95
344,TF,2/6/2008,2/6/2008,13.9,0.588,43.108,-70.95
345,TF,2/6/2008,2/7/2008,21.5,0.327,43.108,-70.95
346,TF,2/7/2008,2/7/2008,21.5,0.398,43.108,-70.95
347,TF,2/7/2008,2/8/2008,2.6,0.539,43.108,-70.95
348,TF,2/8/2008,2/8/2008,2.6,0.913,43.108,-70.95
349,TF,2/8/2008,2/11/2008,9.2,0.914,43.108,-70.95
350,TF,2/11/2008,2/11/2008,9.2,1.017,43.108,-70.95
351,TF,2/11/2008,2/14/2008,69.6,0.24,43.108,-70.95
352,TF,2/14/2008,2/14/2008,69.6,0.243,43.108,-70.95
353,TF,2/14/2008,2/18/2008,7.1,0.637,43.108,-70.95
354,TF,2/18/2008,2/18/2008,7.1,0.494,43.108,-70.95
355,TF,2/18/2008,2/19/2008,5.1,0.635,43.108,-70.95
356,TF,2/19/2008,2/19/2008,5.1,0.76,43.108,-70.95
357,TF,2/19/2008,2/26/2008,10.5,0.429,43.108,-70.95
358,TF,2/26/2008,2/26/2008,10.5,0.371,43.108,-70.95
359,TF,2/26/2008,2/27/2008,22.8,0.682,43.108,-70.95
360,TF,2/27/2008,2/27/2008,22.8,0.613,43.108,-70.95
361,TF,2/27/2008,2/28/2008,4.8,0.62,43.108,-70.95
362,TF,2/28/2008,2/28/2008,4.8,0.669,43.108,-70.95
363,TF,2/28/2008,3/3/2008,14.2,0.472,43.108,-70.95
364,TF,3/3/2008,3/3/2008,14.2,0.578,43.108,-70.95
365,TF,3/3/2008,3/11/2008,68.6,1.711,43.108,-70.95
366,TF,3/11/2008,3/11/2008,68.6,0.589,43.108,-70.95
367,TF,3/11/2008,3/14/2008,6.3,1.299,43.108,-70.95
368,TF,3/14/2008,3/14/2008,6.3,1.204,43.108,-70.95
369,TF,3/14/2008,3/17/2008,17.6,1.201,43.108,-70.95
370,TF,3/17/2008,3/17/2008,17.6,1.336,43.108,-70.95
371,TF,3/17/2008,3/20/2008,28.8,0.507,43.108,-70.95
372,TF,3/20/2008,3/20/2008,28.8,0.41,43.108,-70.95
373,TF,3/20/2008,3/28/2008,13.0,0.435,43.108,-70.95
374,TF,3/28/2008,3/28/2008,13.0,0.479,43.108,-70.95
375,TF,3/28/2008,3/29/2008,12.8,0.408,43.108,-70.95
376,TF,3/29/2008,3/29/2008,12.8,0.516,43.108,-70.95
377,TF,3/29/2008,4/1/2008,6.8,0.969,43.108,-70.95
378,TF,4/1/2008,4/1/2008,6.8,1.016,43.108,-70.95
379,TF,4/1/2008,4/2/2008,4.1,0.835,43.108,-70.95
380,TF,4/2/2008,4/2/2008,4.1,0.741,43.108,-70.95
381,TF,4/2/2008,4/4/2008,1.4,0.681,43.108,-70.95
382,TF,4/4/2008,4/4/2008,1.4,1.141,43.108,-70.95
383,TF,4/4/2008,4/4/2008,12.4,0.59,43.108,-70.95
384,TF,4/4/2008,4/4/2008,12.4,0.356,43.108,-70.95
385,TF,4/4/2008,4/7/2008,5.9,0.615,43.108,-70.95
386,TF,4/7/2008,4/7/2008,5.9,0.571,43.108,-70.95
387,TF,4/7/2008,4/14/2008,6.7,1.328,43.108,-70.95
388,TF,4/14/2008,4/14/2008,6.7,1.214,43.108,-70.95
389,TF,4/14/2008,4/28/2008,0.6,7.181,43.108,-70.95
390,TF,4/28/2008,4/28/2008,0.6,3.952,43.108,-70.95
391,TF,4/28/2008,4/29/2008,52.3,0.326,43.108,-70.95
392,TF,4/29/2008,4/29/2008,52.3,0.207,43.108,-70.95
393,TF,4/29/2008,4/30/2008,11.5,0.894,43.108,-70.95
394,TF,4/30/2008,4/30/2008,11.5,0.329,43.108,-70.95
395,TF,4/30/2008,5/5/2008,17.9,0.624,43.108,-70.95
396,TF,5/5/2008,5/5/2008,17.9,0.692,43.108,-70.95
397,TF,5/5/2008,5/8/2008,0.8,5.518,43.108,-70.95
398,TF,5/8/2008,5/8/2008,0.8,7.043,43.108,-70.95
399,TF,5/8/2008,5/19/2008,2.7,6.766,43.108,-70.95
400,TF,5/19/2008,5/19/2008,2.7,6.336,43.108,-70.95
401,TF,5/19/2008,5/22/2008,0.9,5.118,43.108,-70.95
402,TF,5/22/2008,5/22/2008,0.9,3.952,43.108,-70.95
403,TF,5/22/2008,5/27/2008,0.5,7.015,43.108,-70.95
404,TF,5/27/2008,5/27/2008,0.5,9.762,43.108,-70.95
405,TF,5/27/2008,6/2/2008,0.9,6.827,43.108,-70.95
406,TF,6/2/2008,6/2/2008,0.9,4.535,43.108,-70.95
407,TF,6/2/2008,6/4/2008,0.0,7.9,43.108,-70.95
408,TF,6/4/2008,6/4/2008,0.0,5.129,43.108,-70.95
409,TF,6/4/2008,6/5/2008,10.1,0.944,43.108,-70.95
410,TF,6/5/2008,6/5/2008,10.1,0.927,43.108,-70.95
411,TF,6/5/2008,6/9/2008,12.1,1.667,43.108,-70.95
412,TF,6/9/2008,6/9/2008,12.1,1.047,43.108,-70.95
413,TF,6/9/2008,6/11/2008,3.6,3.117,43.108,-70.95
414,TF,6/11/2008,6/11/2008,3.6,2.639,43.108,-70.95
415,TF,6/11/2008,6/16/2008,20.1,2.093,43.108,-70.95
416,TF,6/16/2008,6/16/2008,20.1,2.06,43.108,-70.95
417,TF,6/16/2008,6/17/2008,1.8,3.071,43.108,-70.95
418,TF,6/17/2008,6/18/2008,5.5,1.872,43.108,-70.95
419,TF,6/18/2008,6/18/2008,7.3,1.687,43.108,-70.95
420,TF,6/18/2008,6/24/2008,31.8,1.436,43.108,-70.95
421,TF,6/24/2008,6/24/2008,31.8,1.229,43.108,-70.95
422,TF,6/24/2008,6/25/2008,1.8,2.065,43.108,-70.95
423,TF,6/25/2008,6/25/2008,1.8,2.03,43.108,-70.95
424,TF,6/25/2008,6/27/2008,1.4,0.559,43.108,-70.95
425,TF,6/27/2008,6/27/2008,1.4,1.48,43.108,-70.95
426,TF,6/27/2008,6/30/2008,7.0,2.594,43.108,-70.95
427,TF,6/30/2008,6/30/2008,7.0,2.275,43.108,-70.95
428,TF,6/30/2008,7/7/2008,3.3,2.265,43.108,-70.95
429,TF,7/7/2008,7/7/2008,3.3,1.721,43.108,-70.95
430,TF,7/7/2008,7/15/2008,2.9,3.455,43.108,-70.95
431,TF,7/15/2008,7/15/2008,2.9,5.226,43.108,-70.95
432,TF,7/15/2008,7/22/2008,73.9,1.93,43.108,-70.95
433,TF,7/22/2008,7/22/2008,73.9,1.858,43.108,-70.95
434,TF,7/22/2008,7/28/2008,127.3,0.51,43.108,-70.95
435,TF,7/28/2008,7/28/2008,127.3,0.389,43.108,-70.95
436,TF,7/28/2008,8/1/2008,27.0,2.552,43.108,-70.95
437,TF,8/1/2008,8/1/2008,27.0,2.669,43.108,-70.95
438,TF,8/1/2008,8/4/2008,34.0,1.104,43.108,-70.95
439,TF,8/4/2008,8/4/2008,34.0,1.049,43.108,-70.95
440,TF,8/4/2008,8/7/2008,25.5,0.858,43.108,-70.95
441,TF,8/7/2008,8/7/2008,25.5,1.05,43.108,-70.95
442,TF,8/7/2008,8/8/2008,11.6,0.886,43.108,-70.95
443,TF,8/8/2008,8/8/2008,11.6,1.017,43.108,-70.95
444,TF,8/8/2008,8/12/2008,23.9,0.353,43.108,-70.95
445,TF,8/12/2008,8/12/2008,23.9,0.949,43.108,-70.95
446,TF,8/12/2008,8/14/2008,2.0,1.918,43.108,-70.95
447,TF,8/14/2008,8/14/2008,2.0,0.746,43.108,-70.95
448,TF,8/14/2008,8/18/2008,0.3,16.223,43.108,-70.95
449,TF,8/18/2008,8/18/2008,0.3,8.334,43.108,-70.95
450,TF,8/18/2008,8/19/2008,0.6,2.338,43.108,-70.95
451,TF,8/19/2008,8/19/2008,0.6,2.428,43.108,-70.95
452,TF,8/19/2008,8/20/2008,1.4,1.923,43.108,-70.95
453,TF,8/20/2008,8/20/2008,1.4,0.647,43.108,-70.95
454,TF,8/20/2008,8/26/2008,0.4,8.262,43.108,-70.95
455,TF,8/26/2008,8/26/2008,0.4,5.003,43.108,-70.95
456,TF,8/26/2008,9/8/2008,127.3,0.122,43.108,-70.95
457,TF,9/8/2008,9/8/2008,127.3,0.05,43.108,-70.95
458,TF,9/8/2008,9/10/2008,9.0,1.08,43.108,-70.95
459,TF,9/10/2008,9/10/2008,9.0,0.912,43.108,-70.95
460,TF,9/10/2008,9/15/2008,13.4,0.977,43.108,-70.95
461,TF,9/15/2008,9/15/2008,13.4,0.609,43.108,-70.95
462,TF,9/15/2008,9/23/2008,3.9,1.237,43.108,-70.95
463,TF,9/23/2008,9/23/2008,3.9,2.435,43.108,-70.95
464,TF,9/23/2008,9/29/2008,91.9,0.05,43.108,-70.95
465,TF,9/29/2008,9/29/2008,91.9,0.383,43.108,-70.95
466,TF,9/29/2008,10/2/2008,16.2,1.356,43.108,-70.95
467,TF,10/2/2008,10/2/2008,16.2,1.419,43.108,-70.95
468,TF,10/2/2008,10/6/2008,0.2,2.779,43.108,-70.95
469,TF,10/6/2008,10/6/2008,0.2,3.725,43.108,-70.95
470,TF,10/6/2008,10/9/2008,6.0,0.493,43.108,-70.95
471,TF,10/9/2008,10/9/2008,6.0,0.455,43.108,-70.95
472,TF,10/9/2008,10/17/2008,7.5,1.681,43.108,-70.95
473,TF,10/17/2008,10/17/2008,7.5,1.366,43.108,-70.95
474,TF,10/17/2008,10/22/2008,6.3,1.257,43.108,-70.95
475,TF,10/22/2008,10/22/2008,6.3,1.076,43.108,-70.95
476,TF,10/22/2008,10/27/2008,36.4,0.05,43.108,-70.95
477,TF,10/27/2008,10/27/2008,36.4,0.177,43.108,-70.95
478,TF,10/27/2008,10/29/2008,10.0,0.489,43.108,-70.95
479,TF,10/29/2008,10/29/2008,10.0,0.448,43.108,-70.95
480,TF,10/29/2008,11/7/2008,2.1,1.253,43.108,-70.95
481,TF,11/7/2008,11/7/2008,2.1,1.124,43.108,-70.95
482,TF,11/7/2008,11/13/2008,2.6,0.984,43.108,-70.95
483,TF,11/13/2008,11/13/2008,2.6,0.595,43.108,-70.95
484,TF,11/13/2008,11/17/2008,29.8,0.434,43.108,-70.95
485,TF,11/17/2008,11/17/2008,29.8,0.448,43.108,-70.95
486,TF,11/17/2008,12/1/2008,85.4,0.166,43.108,-70.95
487,TF,12/2/2008,12/2/2008,85.6,0.727,43.108,-70.95
488,TF,12/2/2008,12/11/2008,21.6,0.467,43.108,-70.95
489,TF,12/11/2008,12/11/2008,21.6,0.689,43.108,-70.95
490,TF,12/11/2008,12/15/2008,62.5,0.416,43.108,-70.95
491,TF,12/15/2008,12/15/2008,62.5,0.48,43.108,-70.95
492,TF,12/15/2008,12/23/2008,67.0,0.322,43.108,-70.95
493,TF,12/23/2008,12/23/2008,67.0,0.681,43.108,-70.95
494,TF,12/23/2008,12/30/2008,12.2,0.599,43.108,-70.95
495,TF,12/30/2008,12/30/2008,12.2,0.834,43.108,-70.95
496,TF,12/30/2008,1/6/2009,10.2,0.424,43.108,-70.95
497,TF,1/6/2009,1/6/2009,10.2,0.64,43.108,-70.95
498,TF,1/6/2009,1/13/2009,40.7,0.363,43.108,-70.95
499,TF,1/13/2009,1/13/2009,40.7,0.349,43.108,-70.95
500,TF,1/13/2009,1/20/2009,20.1,0.403,43.108,-70.95
501,TF,1/20/2009,1/20/2009,20.1,0.35,43.108,-70.95
502,TF,1/20/2009,2/3/2009,30.3,0.21,43.108,-70.95
503,TF,2/3/2009,2/3/2009,30.3,0.249,43.108,-70.95
504,TF,2/3/2009,2/10/2009,3.6,1.035,43.108,-70.95
505,TF,2/10/2009,2/10/2009,3.6,1.43,43.108,-70.95
506,TF,2/10/2009,2/17/2009,7.5,2.108,43.108,-70.95
507,TF,2/17/2009,2/17/2009,7.5,2.136,43.108,-70.95
508,TF,2/17/2009,2/24/2009,64.1,0.192,43.108,-70.95
509,TF,2/24/2009,2/24/2009,64.1,0.118,43.108,-70.95
510,TF,2/24/2009,3/3/2009,28.9,0.163,43.108,-70.95
511,TF,3/3/2009,3/3/2009,28.9,0.49,43.108,-70.95
512,TF,3/3/2009,3/10/2009,19.2,1.487,43.108,-70.95
513,TF,3/10/2009,3/10/2009,19.2,1.899,43.108,-70.95
514,TF,3/10/2009,3/17/2009,11.0,1.634,43.108,-70.95
515,TF,3/17/2009,3/17/2009,11.0,1.392,43.108,-70.95
516,TF,3/17/2009,3/31/2009,30.5,0.268,43.108,-70.95
517,TF,3/31/2009,3/31/2009,30.5,0.664,43.108,-70.95
518,TF,3/31/2009,4/14/2009,4.7,1.321,43.108,-70.95
519,TF,4/14/2009,4/14/2009,4.7,1.36,43.108,-70.95
520,TF,4/14/2009,4/21/2009,20.9,0.357,43.108,-70.95
521,TF,4/21/2009,4/21/2009,20.9,0.246,43.108,-70.95
522,TF,4/21/2009,4/28/2009,17.4,0.84,43.108,-70.95
523,TF,4/28/2009,4/28/2009,17.4,0.938,43.108,-70.95
524,TF,4/28/2009,5/5/2009,4.5,1.388,43.108,-70.95
525,TF,5/5/2009,5/5/2009,4.5,1.349,43.108,-70.95
526,TF,5/5/2009,5/12/2009,50.2,0.403,43.108,-70.95
527,TF,5/12/2009,5/12/2009,50.2,0.47,43.108,-70.95
528,TF,5/12/2009,5/19/2009,10.3,0.594,43.108,-70.95
529,TF,5/19/2009,5/19/2009,10.3,0.747,43.108,-70.95
530,TF,5/19/2009,4/7/2009,56.9,0.148,43.108,-70.95
531,TF,4/7/2009,4/7/2009,56.9,0.17,43.108,-70.95
532,TF,4/7/2009,6/1/2009,40.0,0.931,43.108,-70.95
533,TF,6/1/2009,6/1/2009,40.0,1.056,43.108,-70.95
534,TF,6/1/2009,6/9/2009,2.0,3.844,43.108,-70.95
535,TF,6/9/2009,6/12/2009,38.4,0.529,43.108,-70.95
536,TF,6/12/2009,6/15/2009,27.3,1.365,43.108,-70.95
537,TF,6/15/2009,6/19/2009,34.6,0.244,43.108,-70.95
538,TF,6/19/2009,6/22/2009,7.7,1.098,43.108,-70.95
539,TF,6/22/2009,6/24/2009,18.9,0.467,43.108,-70.95
540,TF,6/24/2009,6/29/2009,8.7,0.882,43.108,-70.95
541,TF,6/29/2009,6/30/2009,8.7,1.511,43.108,-70.95
542,TF,6/30/2009,7/2/2009,20.7,0.849,43.108,-70.95
543,TF,7/2/2009,7/3/2009,9.6,0.995,43.108,-70.95
544,TF,7/3/2009,7/6/2009,11.7,2.183,43.108,-70.95
545,TF,7/6/2009,7/9/2009,16.5,1.736,43.108,-70.95
546,TF,7/9/2009,7/14/2009,2.2,1.323,43.108,-70.95
547,TF,7/14/2009,7/21/2009,18.1,1.651,43.108,-70.95
548,TF,7/21/2009,7/22/2009,8.3,0.933,43.108,-70.95
549,TF,7/22/2009,7/24/2009,59.0,0.484,43.108,-70.95
550,TF,7/24/2009,7/28/2009,7.5,2.114,43.108,-70.95
551,TF,7/28/2009,8/3/2009,50.6,1.103,43.108,-70.95
552,TF,8/3/2009,8/11/2009,14.7,1.485,43.108,-70.95
553,TF,8/11/2009,8/13/2009,2.4,2.515,43.108,-70.95
554,TF,8/13/2009,8/25/2009,28.7,0.99,43.108,-70.95
555,TF,8/25/2009,8/31/2009,50.7,0.675,43.108,-70.95
556,TF,8/31/2009,9/15/2009,23.4,0.613,43.108,-70.95
557,TF,9/15/2009,9/29/2009,30.5,0.943,43.108,-70.95
558,TF,9/29/2009,10/6/2009,19.5,0.823,43.108,-70.95
559,TF,10/6/2009,10/13/2009,31.8,0.768,43.108,-70.95
560,TF,10/13/2009,10/20/2009,12.9,0.559,43.108,-70.95
561,TF,10/20/2009,10/27/2009,27.5,0.722,43.108,-70.95
562,TF,10/27/2009,11/3/2009,21.5,0.798,43.108,-70.95
563,TF,11/3/2009,11/24/2009,13.4,0.844,43.108,-70.95
564,TF,11/24/2009,12/1/2009,28.2,0.431,43.108,-70.95
565,TF,12/1/2009,12/14/2009,96.5,0.565,43.108,-70.95
566,TF,12/14/2009,12/29/2009,31.9,0.456,43.108,-70.95
567,TF,12/29/2009,1/20/2010,33.9,0.661,43.108,-70.95
568,TF,1/20/2010,1/26/2010,26.1,0.583,43.108,-70.95
569,TF,1/26/2010,2/23/2010,18.4,0.599,43.108,-70.95
570,TF,2/23/2010,3/2/2010,174.4,0.46,43.108,-70.95
571,TF,3/2/2010,3/19/2010,176.9,0.351,43.108,-70.95
572,TF,3/19/2010,3/23/2010,47.2,0.326,43.108,-70.95
573,TF,3/23/2010,3/30/2010,75.7,0.455,43.108,-70.95
574,TF,3/30/2010,4/6/2010,75.7,0.38,43.108,-70.95
575,TF,4/6/2010,4/13/2010,13.5,1.263,43.108,-70.95
576,TF,4/13/2010,4/20/2010,33.7,1.057,43.108,-70.95
577,TF,4/20/2010,5/11/2010,16.2,1.125,43.108,-70.95
578,TF,5/11/2010,5/25/2010,56.9,0.573,43.108,-70.95
579,TF,5/25/2010,6/1/2010,0.9,5.068,43.108,-70.95
580,TF,6/1/2010,6/8/2010,57.8,1.676,43.108,-70.95
581,TF,6/8/2010,6/15/2010,19.7,0.955,43.108,-70.95
582,TF,6/15/2010,6/29/2010,11.0,3.253,43.108,-70.95
583,TF,6/29/2010,7/13/2010,26.8,1.944,43.108,-70.95
584,TF,7/13/2010,7/27/2010,18.4,1.046,43.108,-70.95
585,TF,7/27/2010,8/24/2010,5.8,2.169,43.108,-70.95
586,TF,8/24/2010,8/31/2010,87.1,0.526,43.108,-70.95
587,TF,8/31/2010,9/14/2010,8.5,1.387,43.108,-70.95
588,TF,9/14/2010,9/21/2010,15.6,1.339,43.108,-70.95
589,TF,9/21/2010,9/28/2010,3.8,1.66,43.108,-70.95
590,TF,9/28/2010,10/12/2010,21.6,0.925,43.108,-70.95
591,TF,10/12/2010,10/20/2010,58.5,0.438,43.108,-70.95
592,TF,10/20/2010,10/26/2010,2.4,2.465,43.108,-70.95
593,TF,10/26/2010,11/9/2010,65.5,0.359,43.108,-70.95
594,TF,11/9/2010,11/16/2010,2.6,1.387,43.108,-70.95
595,TF,11/16/2010,11/23/2010,35.9,0.331,43.108,-70.95
596,TF,11/23/2010,11/30/2010,9.4,0.879,43.108,-70.95
597,TF,11/30/2010,12/7/2010,19.9,0.604,43.108,-70.95
598,TF,12/7/2010,12/14/2010,57.2,0.398,43.108,-70.95
599,TF,12/14/2010,1/18/2011,30.0,0.909,43.108,-70.95
600,TF,1/18/2011,1/25/2011,37.5,0.745,43.108,-70.95
601,TF,1/25/2011,2/1/2011,10.8,1.597,43.108,-70.95
602,TF,2/1/2011,2/8/2011,47.5,0.972,43.108,-70.95
603,TF,2/8/2011,3/8/2011,46.9,0.347,43.108,-70.95
604,TF,3/8/2011,3/15/2011,24.9,0.704,43.108,-70.95
605,TF,3/15/2011,3/22/2011,29.6,0.526,43.108,-70.95
606,TF,3/22/2011,4/5/2011,32.0,0.796,43.108,-70.95
607,TF,4/5/2011,4/12/2011,16.0,2.607,43.108,-70.95
608,TF,4/12/2011,4/19/2011,59.8,0.711,43.108,-70.95
609,TF,4/19/2011,4/26/2011,22.6,0.943,43.108,-70.95
610,TF,4/26/2011,5/3/2011,2.9,2.917,43.108,-70.95
611,TF,5/3/2011,5/10/2011,17.9,1.595,43.108,-70.95
612,TF,5/10/2011,5/17/2011,34.0,1.477,43.108,-70.95
613,TF,5/17/2011,6/14/2011,43.7,1.682,43.108,-70.95
614,TF,6/14/2011,6/21/2011,12.9,3.12,43.108,-70.95
615,TF,6/21/2011,6/28/2011,48.2,1.234,43.108,-70.95
616,TF,6/28/2011,7/5/2011,6.5,3.204,43.108,-70.95
617,TF,7/5/2011,7/19/2011,6.7,3.91,43.108,-70.95
618,TF,7/19/2011,7/26/2011,4.2,3.166,43.108,-70.95
619,TF,7/26/2011,8/2/2011,10.1,2.787,43.108,-70.95
620,TF,8/2/2011,8/9/2011,28.6,2.113,43.108,-70.95
621,TF,8/9/2011,8/16/2011,62.3,0.912,43.108,-70.95
622,TF,8/16/2011,8/23/2011,5.6,1.797,43.108,-70.95
623,TF,8/23/2011,8/30/2011,85.8,1.036,43.108,-70.95
624,TF,8/30/2011,9/6/2011,5.3,1.184,43.108,-70.95
625,TF,9/6/2011,9/13/2011,41.2,0.583,43.108,-70.95
626,TF,9/13/2011,9/20/2011,3.6,1.779,43.108,-70.95
627,TF,9/20/2011,9/27/2011,29.8,0.647,43.108,-70.95
628,TF,9/27/2011,10/4/2011,79.0,0.634,43.108,-70.95
629,TF,10/4/2011,10/11/2011,1.4,2.119,43.108,-70.95
630,TF,10/11/2011,10/18/2011,34.1,0.603,43.108,-70.95
631,TF,10/18/2011,10/25/2011,41.0,0.476,43.108,-70.95
632,TF,10/25/2011,11/1/2011,57.5,0.636,43.108,-70.95
633,TF,11/1/2011,11/15/2011,28.2,0.543,43.108,-70.95
634,TF,11/15/2011,11/22/2011,5.9,1.057,43.108,-70.95
635,TF,11/22/2011,11/29/2011,35.3,0.419,43.108,-70.95
636,TF,11/29/2011,12/6/2011,18.8,0.386,43.108,-70.95
637,TF,12/6/2011,12/13/2011,49.6,0.376,43.108,-70.95
638,TF,12/13/2011,12/20/2011,2.1,3.056,43.108,-70.95
639,TF,12/20/2011,12/27/2011,25.0,0.793,43.108,-70.95
640,TF,12/27/2011,1/3/2012,18.2,0.967,43.108,-70.95
641,TF,1/3/2012,1/17/2012,28.9,0.749,43.108,-70.95
642,TF,1/17/2012,1/25/2012,16.8,0.842,43.108,-70.95
643,TF,1/25/2012,1/31/2012,39.4,0.641,43.108,-70.95
644,TF,1/31/2012,2/7/2012,1.2,3.72,43.108,-70.95
645,TF,2/7/2012,1/31/2012,,0.834,43.108,-70.95
646,TF,1/31/2012,2/21/2012,1.9,1.742,43.108,-70.95
647,TF,2/21/2012,2/28/2012,26.0,0.742,43.108,-70.95
648,TF,2/28/2012,3/6/2012,47.2,0.482,43.108,-70.95
649,TF,3/6/2012,3/13/2012,8.5,0.716,43.108,-70.95
650,TF,3/13/2012,3/20/2012,8.6,1.498,43.108,-70.95
651,TF,3/20/2012,3/27/2012,2.3,2.145,43.108,-70.95
652,TF,3/27/2012,4/3/2012,3.3,2.048,43.108,-70.95
653,TF,4/3/2012,4/17/2012,1.1,3.627,43.108,-70.95
654,TF,4/17/2012,4/24/2012,68.9,0.41,43.108,-70.95
655,TF,4/24/2012,5/1/2012,13.6,1.474,43.108,-70.95
656,TF,5/1/2012,5/8/2012,19.9,0.931,43.108,-70.95
657,TF,5/8/2012,5/15/2012,45.0,0.601,43.108,-70.95
658,TF,5/15/2012,5/22/2012,19.2,0.582,43.108,-70.95
659,TF,5/22/2012,5/29/2012,4.9,1.197,43.108,-70.95
660,TF,5/29/2012,6/5/2012,85.6,0.577,43.108,-70.95
661,TF,6/5/2012,6/12/2012,8.7,1.568,43.108,-70.95
662,TF,6/12/2012,6/19/2012,23.1,0.613,43.108,-70.95
663,TF,6/19/2012,6/26/2012,22.9,1.831,43.108,-70.95
664,TF,6/26/2012,7/3/2012,28.5,0.966,43.108,-70.95
665,TF,7/3/2012,7/10/2012,12.6,1.837,43.108,-70.95
666,TF,7/10/2012,7/17/2012,3.7,2.346,43.108,-70.95
667,TF,7/17/2012,7/31/2012,24.4,1.503,43.108,-70.95
668,TF,7/31/2012,8/7/2012,23.7,1.243,43.108,-70.95
669,TF,8/7/2012,8/14/2012,25.9,1.31,43.108,-70.95
670,TF,8/14/2012,8/21/2012,27.7,1.477,43.108,-70.95
671,TF,8/21/2012,8/28/2012,3.8,1.498,43.108,-70.95
672,TF,8/28/2012,9/4/2012,8.6,2.595,43.108,-70.95
673,TF,9/4/2012,9/11/2012,14.1,1.662,43.108,-70.95
674,TF,9/11/2012,9/25/2012,12.8,0.764,43.108,-70.95
675,TF,9/25/2012,10/2/2012,41.6,0.99,43.108,-70.95
676,TF,10/2/2012,10/9/2012,17.3,1.486,43.108,-70.95
677,TF,10/9/2012,10/16/2012,19.3,0.827,43.108,-70.95
678,TF,10/16/2012,10/23/2012,36.2,0.338,43.108,-70.95
679,TF,10/23/2012,10/30/2012,38.6,1.42,43.108,-70.95
680,TF,10/30/2012,11/6/2012,7.2,0.684,43.108,-70.95
681,TF,11/6/2012,11/13/2012,21.5,0.54,43.108,-70.95
682,TF,11/13/2012,11/20/2012,2.8,1.115,43.108,-70.95
683,TF,11/20/2012,11/27/2012,0.3,3.804,43.108,-70.95
684,TF,11/27/2012,12/4/2012,3.6,1.517,43.108,-70.95
685,TF,12/4/2012,12/11/2012,18.8,1.817,43.108,-70.95
686,TF,12/11/2012,12/18/2012,38.7,0.261,43.108,-70.95
687,TF,12/27/2012,1/3/2013,12.7,4.199,43.108,-70.95
688,TF,1/8/2013,1/15/2013,3.3,1.051,43.108,-70.95
689,TF,1/15/2013,1/22/2013,11.6,0.267,43.108,-70.95
690,TF,1/22/2013,1/29/2013,7.3,0.496,43.108,-70.95
691,TF,1/29/2013,2/5/2013,15.0,1.219,43.108,-70.95
692,TF,2/5/2013,2/12/2013,58.6,2.617,43.108,-70.95
693,TF,2/26/2013,3/5/2013,34.0,1.103,43.108,-70.95
694,TF,3/5/2013,3/12/2013,18.6,1.576,43.108,-70.95
695,TF,3/12/2013,3/20/2013,42.6,1.159,43.108,-70.95
696,TF,3/20/2013,4/2/2013,14.5,0.575,43.108,-70.95
697,TF,4/2/2013,5/14/2013,18.2,1.218,43.108,-70.95
698,TF,5/14/2013,4/9/2013,3.2,20.571,43.108,-70.95
699,TF,4/9/2013,4/16/2013,27.5,0.874,43.108,-70.95
700,TF,4/16/2013,4/23/2013,7.6,0.927,43.108,-70.95
701,TF,4/23/2013,4/30/2013,1.3,1.8,43.108,-70.95
702,TF,4/30/2013,5/21/2013,4.1,1.909,43.108,-70.95
703,TF,5/21/2013,5/28/2013,103.7,0.631,43.108,-70.95
704,TF,5/28/2013,6/4/2013,16.9,1.235,43.108,-70.95
705,TF,6/4/2013,6/11/2013,74.1,0.447,43.108,-70.95
706,TF,6/11/2013,6/18/2013,35.9,0.873,43.108,-70.95
707,TF,6/18/2013,6/25/2013,22.9,2.344,43.108,-70.95
708,TF,6/25/2013,7/2/2013,62.2,0.769,43.108,-70.95
709,TF,7/2/2013,7/9/2013,9.2,3.56,43.108,-70.95
710,TF,7/9/2013,7/16/2013,8.4,2.867,43.108,-70.95
711,TF,7/16/2013,7/23/2013,17.0,2.154,43.108,-70.95
712,TF,7/23/2013,7/30/2013,29.2,1.042,43.108,-70.95
713,TF,7/30/2013,8/6/2013,14.7,0.818,43.108,-70.95
714,TF,8/6/2013,8/13/2013,51.9,1.424,43.108,-70.95
715,TF,8/13/2013,8/27/2013,1.3,16.341,43.108,-70.95
716,TF,8/27/2013,9/3/2013,58.4,0.944,43.108,-70.95
717,TF,9/10/2013,9/17/2013,124.3,0.786,43.108,-70.95
718,TF,9/17/2013,9/24/2013,18.7,0.309,43.108,-70.95
719,TF,9/24/2013,10/8/2013,10.1,2.223,43.108,-70.95
720,TF,10/8/2013,10/29/2013,0.2,3.712,43.108,-70.95
721,TF,10/29/2013,11/5/2013,3.7,1.417,43.108,-70.95
722,TF,11/5/2013,11/12/2013,3.3,6.505,43.108,-70.95
723,TF,11/12/2013,11/19/2013,7.1,0.526,43.108,-70.95
724,TF,11/19/2013,11/26/2013,1.7,11.614,43.108,-70.95
725,TF,11/26/2013,12/3/2013,55.7,1.174,43.108,-70.95
726,TF,12/3/2013,12/10/2013,13.6,3.533,43.108,-70.95
727,TF,12/10/2013,12/17/2013,32.9,0.805,43.108,-70.95
728,TF,12/17/2013,12/23/2013,19.2,1.004,43.108,-70.95
729,TF,12/23/2013,12/30/2013,33.6,0.367,43.108,-70.95
730,TF,12/30/2013,1/7/2014,33.4,1.58,43.108,-70.95
731,TF,1/7/2014,1/14/2014,11.4,0.607,43.108,-70.95
732,TF,1/14/2014,1/21/2014,33.7,0.944,43.108,-70.95
733,TF,1/21/2014,2/11/2014,27.9,2.796,43.108,-70.95
734,TF,2/11/2014,2/18/2014,37.5,1.284,43.108,-70.95
735,TF,2/18/2014,2/25/2014,48.4,0.7,43.108,-70.95
736,TF,2/25/2014,3/11/2014,4.8,1.071,43.108,-70.95
737,TF,3/11/2014,3/18/2014,18.9,2.693,43.108,-70.95
738,TF,3/18/2014,3/25/2014,16.7,0.944,43.108,-70.95
739,TF,3/25/2014,4/1/2014,76.3,0.509,43.108,-70.95
740,TF,4/1/2014,4/8/2014,31.7,1.073,43.108,-70.95
741,TF,4/8/2014,4/15/2014,4.2,12.779,43.108,-70.95
742,TF,5/6/2014,5/20/2014,26.0,3.949,43.108,-70.95
743,TF,5/27/2014,6/10/2014,7.9,2.259,43.108,-70.95
744,TF,6/10/2014,6/17/2014,19.0,3.428,43.108,-70.95
745,TF,6/17/2014,7/1/2014,28.0,0.588,43.108,-70.95
746,TF,7/1/2014,7/8/2014,74.0,0.713,43.108,-70.95
747,TF,7/8/2014,7/15/2014,12.1,1.544,43.108,-70.95
748,TF,7/15/2014,7/22/2014,8.0,0.888,43.108,-70.95
749,TF,7/22/2014,8/12/2014,7.1,1.309,43.108,-70.95
750,TF,8/12/2014,9/2/2014,2.2,0.858,43.108,-70.95
751,TF,9/2/2014,9/9/2014,19.1,0.745,43.108,-70.95
752,TF,9/9/2014,9/16/2014,4.3,0.77,43.108,-70.95
753,TF,9/16/2014,10/7/2014,16.8,3.649,43.108,-70.95
754,TF,10/7/2014,10/28/2014,57.3,0.345,43.108,-70.95
755,TF,10/28/2014,11/4/2014,12.2,0.822,43.108,-70.95
756,TF,11/4/2014,11/11/2014,8.2,0.867,43.108,-70.95
757,TF,11/11/2014,11/18/2014,30.0,0.794,43.108,-70.95
758,TF,11/18/2014,11/25/2014,13.6,0.31,43.108,-70.95
759,TF,11/25/2014,12/2/2014,36.4,2.097,43.108,-70.95
760,TF,12/2/2014,12/9/2014,34.4,0.386,43.108,-70.95
761,TF,12/9/2014,12/16/2014,56.1,0.259,43.108,-70.95
762,TF,12/16/2014,12/23/2014,19.5,0.518,43.108,-70.95
763,TF,12/23/2014,12/30/2014,27.5,0.427,43.108,-70.95
764,TF,12/30/2014,1/6/2015,28.7,0.17,43.108,-70.95
765,TF,1/6/2015,1/13/2015,4.9,0.821,43.108,-70.95
766,TF,1/13/2015,1/20/2015,10.5,0.553,43.108,-70.95
767,TF,1/20/2015,1/26/2015,10.2,0.184,43.108,-70.95
768,TF,1/26/2015,2/3/2015,71.0,3.629,43.108,-70.95
769,TF,2/3/2015,2/10/2015,32.4,2.242,43.108,-70.95
770,TF,2/10/2015,2/17/2015,13.3,1.106,43.108,-70.95
771,TF,2/17/2015,2/24/2015,9.6,2.512,43.108,-70.95
772,TF,2/24/2015,3/3/2015,3.5,2.623,43.108,-70.95
773,TF,3/3/2015,3/10/2015,4.0,0.573,43.108,-70.95
774,TF,3/10/2015,3/17/2015,20.9,0.576,43.108,-70.95
775,TF,3/17/2015,3/24/2015,1.6,1.04,43.108,-70.95
776,TF,3/24/2015,3/31/2015,25.1,0.745,43.108,-70.95
777,TF,3/31/2015,4/7/2015,3.2,2.218,43.108,-70.95
778,TF,4/7/2015,4/14/2015,22.6,0.68,43.108,-70.95
779,TF,4/14/2015,4/21/2015,57.7,0.526,43.108,-70.95
780,TF,4/21/2015,4/28/2015,2.6,1.607,43.108,-70.95
781,TF,4/28/2015,5/19/2015,2.8,2.767,43.108,-70.95
782,TF,5/19/2015,6/2/2015,79.3,0.665,43.108,-70.95
783,TF,6/2/2015,6/16/2015,16.2,1.675,43.108,-70.95
784,TF,6/16/2015,6/23/2015,38.1,1.075,43.108,-70.95
785,TF,6/23/2015,7/7/2015,22.3,1.058,43.108,-70.95
786,TF,7/7/2015,7/21/2015,4.9,2.027,43.108,-70.95
787,TF,7/21/2015,7/28/2015,4.1,1.595,43.108,-70.95
788,TF,7/28/2015,8/4/2015,9.5,1.76,43.108,-70.95
789,TF,8/4/2015,8/11/2015,11.8,1.005,43.108,-70.95
790,TF,8/11/2015,8/18/2015,16.8,0.52,43.108,-70.95
791,TF,8/18/2015,8/25/2015,42.0,0.479,43.108,-70.95
792,TF,8/25/2015,9/22/2015,0.0,1.073,43.108,-70.95
793,TF,9/22/2015,10/1/2015,71.3,0.247,43.108,-70.95
794,TF,10/1/2015,10/13/2015,15.3,1.227,43.108,-70.95
795,TF,10/13/2015,10/20/2015,4.1,3.368,43.108,-70.95
796,TF,10/20/2015,10/27/2015,4.1,1.234,43.108,-70.95
797,TF,11/3/2015,11/17/2015,20.1,0.729,43.108,-70.95
798,TF,11/17/2015,11/24/2015,35.2,0.345,43.108,-70.95
799,TF,11/24/2015,12/1/2015,9.4,0.336,43.108,-70.95
800,TF,12/1/2015,12/4/2015,12.4,0.393,43.108,-70.95
801,TF,12/4/2015,12/15/2015,11.2,0.719,43.108,-70.95
802,TF,12/15/2015,12/22/2015,16.6,0.578,43.108,-70.95
803,TF,12/22/2015,12/30/2015,89.7,0.465,43.108,-70.95
804,TF,12/30/2015,1/5/2016,4.2,1.492,43.108,-70.95
805,TF,1/5/2016,1/12/2016,41.9,0.278,43.108,-70.95
806,TF,1/12/2016,1/19/2016,18.3,0.542,43.108,-70.95
807,TF,1/19/2016,2/9/2016,48.1,0.582,43.108,-70.95
808,TF,2/9/2016,2/16/2016,16.2,0.418,43.108,-70.95
809,TF,2/16/2016,2/23/2016,8.3,0.69,43.108,-70.95
810,TF,3/1/2016,3/8/2016,19.6,1.215,43.108,-70.95
811,TF,3/8/2016,3/15/2016,33.9,0.711,43.108,-70.95
812,TF,3/15/2016,3/22/2016,26.2,0.344,43.108,-70.95
813,TF,3/22/2016,3/29/2016,23.6,0.523,43.108,-70.95
814,TF,3/29/2016,4/5/2016,26.1,0.9,43.108,-70.95
815,TF,4/5/2016,4/12/2016,28.8,0.504,43.108,-70.95
816,TF,4/12/2016,4/19/2016,4.6,1.256,43.108,-70.95
817,TF,4/19/2016,4/26/2016,9.2,1.701,43.108,-70.95
818,TF,4/26/2016,5/3/2016,15.1,0.803,43.108,-70.95
819,TF,5/3/2016,5/10/2016,13.6,0.529,43.108,-70.95
820,TF,5/10/2016,5/17/2016,5.6,1.67,43.108,-70.95
821,TF,5/24/2016,5/31/2016,7.2,1.515,43.108,-70.95
822,TF,5/31/2016,6/7/2016,37.5,0.769,43.108,-70.95
823,TF,6/7/2016,6/14/2016,2.1,2.77,43.108,-70.95
824,TF,6/14/2016,6/21/2016,1.0,4.567,43.108,-70.95
825,TF,6/21/2016,7/5/2016,16.8,1.474,43.108,-70.95
826,TF,7/5/2016,7/12/2016,44.9,0.559,43.108,-70.95
827,TF,7/12/2016,7/19/2016,14.8,1.777,43.108,-70.95
828,TF,7/19/2016,7/26/2016,53.9,2.298,43.108,-70.95
829,TF,7/26/2016,8/2/2016,11.3,1.944,43.108,-70.95
830,TF,8/2/2016,8/9/2016,2.4,2.201,43.108,-70.95
831,TF,8/9/2016,8/16/2016,10.3,0.942,43.108,-70.95
832,TF,8/16/2016,8/23/2016,17.2,0.472,43.108,-70.95
833,TF,8/23/2016,9/6/2016,0.6,4.742,43.108,-70.95
834,TF,9/6/2016,9/13/2016,5.9,1.623,43.108,-70.95
835,TF,9/13/2016,9/20/2016,33.2,0.683,43.108,-70.95
836,TF,9/20/2016,9/27/2016,6.2,1.043,43.108,-70.95
837,TF,9/27/2016,10/3/2016,10.9,0.483,43.108,-70.95
838,TF,10/3/2016,10/11/2016,29.5,0.596,43.108,-70.95
839,TF,10/11/2016,10/25/2016,92.8,0.186,43.108,-70.95
840,TF,10/25/2016,11/1/2016,52.6,0.368,43.108,-70.95
841,TF,11/1/2016,11/8/2016,9.0,2.948,43.108,-70.95
842,TF,11/8/2016,11/21/2016,40.0,0.304,43.108,-70.95
843,TF,11/21/2016,11/29/2016,6.0,1.621,43.108,-70.95
844,TF,11/29/2016,12/6/2016,53.2,0.424,43.108,-70.95
845,TF,12/6/2016,12/13/2016,14.3,0.463,43.108,-70.95
846,TF,12/13/2016,12/20/2016,24.6,0.658,43.108,-70.95
847,TF,12/20/2016,12/27/2016,9.6,0.785,43.108,-70.95
848,TF,12/27/2016,1/3/2017,40.3,0.316,43.108,-70.95
849,TF,1/3/2017,1/11/2017,30.2,0.255,43.108,-70.95
850,TF,1/11/2017,1/17/2017,1.8,1.275,43.108,-70.95
851,TF,1/17/2017,1/24/2017,39.0,0.498,43.108,-70.95
852,TF,1/24/2017,2/7/2017,7.3,3.994,43.108,-70.95
853,TF,2/7/2017,2/14/2017,72.9,0.784,43.108,-70.95
854,TF,2/14/2017,2/21/2017,16.5,2.247,43.108,-70.95
855,TF,2/21/2017,2/28/2017,11.8,0.876,43.108,-70.95
856,TF,2/28/2017,3/13/2017,7.1,7.554,43.108,-70.95
857,TF,3/21/2017,3/28/2017,28.0,0.788,43.108,-70.95
858,TF,3/28/2017,4/4/2017,55.3,0.47,43.108,-70.95
859,TF,4/4/2017,4/11/2017,45.3,0.466,43.108,-70.95
860,TF,4/11/2017,4/18/2017,6.0,2.824,43.108,-70.95
861,TF,4/18/2017,4/25/2017,21.2,1.109,43.108,-70.95
862,TF,4/25/2017,5/2/2017,52.6,0.622,43.108,-70.95
863,TF,5/2/2017,5/9/2017,27.7,0.563,43.108,-70.95
864,TF,5/9/2017,5/16/2017,49.8,2.456,43.108,-70.95
865,TF,5/16/2017,5/23/2017,12.3,2.266,43.108,-70.95
866,TF,5/23/2017,5/30/2017,34.7,4.327,43.108,-70.95
867,TF,5/30/2017,6/6/2017,33.1,0.979,43.108,-70.95
868,TF,6/6/2017,6/20/2017,20.7,0.902,43.108,-70.95
869,TF,6/20/2017,6/27/2017,2.0,2.578,43.108,-70.95
870,TF,6/27/2017,7/11/2017,17.4,5.636,43.108,-70.95
871,TF,7/11/2017,7/18/2017,10.7,5.306,43.108,-70.95
872,TF,7/18/2017,7/25/2017,26.9,1.21,43.108,-70.95
873,TF,7/25/2017,8/7/2017,1.3,1.27,43.108,-70.95
874,TF,8/15/2017,8/22/2017,33.5,1.147,43.108,-70.95
875,TF,8/22/2017,8/29/2017,24.2,1.067,43.108,-70.95
876,TF,8/29/2017,9/5/2017,19.3,0.553,43.108,-70.95
877,TF,9/5/2017,9/12/2017,52.8,1.063,43.108,-70.95
878,TF,9/12/2017,9/19/2017,16.6,10.034,43.108,-70.95
879,TF,9/19/2017,9/26/2017,1.7,2.522,43.108,-70.95
880,TF,9/26/2017,10/3/2017,2.0,1.469,43.108,-70.95
881,TF,10/3/2017,10/10/2017,30.4,0.983,43.108,-70.95
882,TF,10/10/2017,10/31/2017,110.2,0.416,43.108,-70.95
883,TF,10/31/2017,11/7/2017,4.9,6.587,43.108,-70.95
884,TF,11/7/2017,11/14/2017,6.1,3.686,43.108,-70.95
885,TF,11/14/2017,11/21/2017,20.8,1.439,43.108,-70.95
886,TF,11/21/2017,11/28/2017,10.7,3.361,43.108,-70.95
887,TF,11/28/2017,12/4/2017,2.2,7.299,43.108,-70.95
888,TF,12/4/2017,12/12/2017,27.7,1.128,43.108,-70.95
889,TF,12/12/2017,12/20/2017,8.7,1.204,43.108,-70.95
890,TF,12/20/2017,1/16/2018,25.4,1.113,43.108,-70.95
891,TF,1/16/2018,1/23/2018,17.7,1.12,43.108,-70.95
892,TF,1/23/2018,1/30/2018,18.5,0.735,43.108,-70.95
893,TF,1/30/2018,2/6/2018,20.6,2.79,43.108,-70.95
894,TF,2/6/2018,2/13/2018,49.0,0.527,43.108,-70.95
895,TF,2/13/2018,2/20/2018,17.9,2.483,43.108,-70.95
896,TF,2/20/2018,2/27/2018,19.4,1.364,43.108,-70.95
897,TF,2/27/2018,3/6/2018,17.0,3.193,43.108,-70.95
898,TF,3/6/2018,3/14/2018,76.1,0.882,43.108,-70.95
899,TF,3/14/2018,3/27/2018,3.1,12.654,43.108,-70.95
900,TF,4/3/2018,4/10/2018,23.6,1.209,43.108,-70.95
901,TF,4/10/2018,4/17/2018,71.8,2.371,43.108,-70.95
902,TF,4/17/2018,4/23/2018,3.1,7.295,43.108,-70.95
903,TF,4/23/2018,5/8/2018,6.4,10.564,43.108,-70.95
904,TF,5/8/2018,5/29/2018,15.5,2.694,43.108,-70.95
905,TF,5/29/2018,6/5/2018,10.9,4.414,43.108,-70.95
906,TF,6/12/2018,6/19/2018,6.6,5.826,43.108,-70.95
907,TF,7/10/2018,7/17/2018,16.8,2.62,43.108,-70.95
908,TF,7/17/2018,7/24/2018,76.3,6.384,43.108,-70.95
909,TF,7/24/2018,7/31/2018,71.2,2.927,43.108,-70.95
910,TF,7/31/2018,8/7/2018,49.9,2.822,43.108,-70.95
911,TF,8/7/2018,8/14/2018,30.5,1.417,43.108,-70.95
912,TF,8/14/2018,9/11/2018,44.9,0.923,43.108,-70.95
913,TF,9/11/2018,9/18/2018,74.6,3.374,43.108,-70.95
914,TF,9/18/2018,9/25/2018,1.3,25.133,43.108,-70.95
915,TF,9/25/2018,10/2/2018,43.2,3.2,43.108,-70.95
916,TF,10/2/2018,10/9/2018,15.7,0.617,43.108,-70.95
917,TF,10/9/2018,10/16/2018,27.3,2.588,43.108,-70.95
918,TF,10/16/2018,10/30/2018,56.4,4.817,43.108,-70.95
919,TF,10/30/2018,11/6/2018,83.9,0.223,43.108,-70.95
920,TF,11/6/2018,11/20/2018,59.3,0.403,43.108,-70.95
921,TF,11/20/2018,11/27/2018,62.1,0.922,43.108,-70.95
922,TF,11/27/2018,12/4/2018,23.1,0.371,43.108,-70.95
923,TF,12/4/2018,12/18/2018,12.8,11.301,43.108,-70.95
924,TF,12/18/2018,1/2/2019,45.0,0.408,43.108,-70.95
925,TF,1/2/2019,1/8/2019,8.4,0.744,43.108,-70.95
926,TF,1/8/2019,1/22/2019,27.5,0.398,43.108,-70.95
927,TF,1/22/2019,1/29/2019,34.4,0.397,43.108,-70.95
928,TF,1/29/2019,2/5/2019,18.6,0.769,43.108,-70.95
929,TF,2/5/2019,2/12/2019,15.7,5.912,43.108,-70.95
930,TF,2/12/2019,2/19/2019,38.8,0.467,43.108,-70.95
931,TF,2/19/2019,2/26/2019,29.7,1.66,43.108,-70.95
932,TF,2/26/2019,3/11/2019,19.3,1.65,43.108,-70.95
933,TF,3/11/2019,3/19/2019,5.2,1.922,43.108,-70.95
934,TF,3/19/2019,3/26/2019,7.4,0.995,43.108,-70.95
935,TF,3/26/2019,4/2/2019,7.6,4.063,43.108,-70.95
936,TF,4/2/2019,4/9/2019,20.0,2.567,43.108,-70.95
937,TF,4/9/2019,4/16/2019,38.7,0.473,43.108,-70.95
938,TF,4/16/2019,4/23/2019,25.2,3.089,43.108,-70.95
939,TF,4/23/2019,4/30/2019,55.9,0.422,43.108,-70.95
940,TF,4/30/2019,5/7/2019,13.6,1.863,43.108,-70.95
941,TF,5/7/2019,5/13/2019,6.3,6.212,43.108,-70.95
942,TF,5/13/2019,5/21/2019,26.6,0.694,43.108,-70.95
943,TF,5/21/2019,6/4/2019,26.8,0.781,43.108,-70.95
944,TF,6/4/2019,6/11/2019,57.1,0.701,43.108,-70.95
945,TF,6/11/2019,6/18/2019,20.2,0.594,43.108,-70.95
946,TF,6/18/2019,6/25/2019,10.4,13.316,43.108,-70.95
947,TF,6/25/2019,7/2/2019,27.3,4.2,43.108,-70.95
948,TF,7/2/2019,7/16/2019,58.8,0.885,43.108,-70.95
949,TF,7/16/2019,7/23/2019,51.1,0.925,43.108,-70.95
950,TF,7/23/2019,8/13/2019,41.4,0.679,43.108,-70.95
951,TF,8/13/2019,8/20/2019,36.6,3.832,43.108,-70.95
952,TF,8/20/2019,9/3/2019,54.6,0.213,43.108,-70.95
953,TF,9/3/2019,10/8/2019,27.0,2.831,43.108,-70.95
954,TF,10/8/2019,10/22/2019,51.5,0.395,43.108,-70.95
955,TF,10/22/2019,10/29/2019,63.5,0.273,43.108,-70.95
956,TF,10/29/2019,11/5/2019,20.3,0.345,43.108,-70.95
957,TF,11/5/2019,11/12/2019,11.9,4.587,43.108,-70.95
958,TF,11/12/2019,11/19/2019,8.4,2.806,43.108,-70.95
959,TF,11/19/2019,11/26/2019,35.8,0.476,43.108,-70.95
960,TF,11/26/2019,12/4/2019,57.2,1.087,43.108,-70.95
961,TF,12/4/2019,12/10/2019,19.5,2.577,43.108,-70.95
962,TF,12/10/2019,12/17/2019,77.0,0.328,43.108,-70.95
963,TF,12/17/2019,12/23/2019,11.0,0.347,43.108,-70.95
964,TF,12/23/2019,1/3/2020,51.7,0.561,43.108,-70.95
965,TF,1/3/2020,1/8/2020,8.5,1.385,43.108,-70.95
966,TF,1/8/2020,1/14/2020,8.3,0.438,43.108,-70.95
967,TF,1/14/2020,1/21/2020,21.7,0.696,43.108,-70.95
968,TF,1/21/2020,1/28/2020,36.8,0.483,43.108,-70.95
969,TF,1/28/2020,2/11/2020,31.7,0.479,43.108,-70.95
970,TF,2/11/2020,2/18/2020,12.4,0.453,43.108,-70.95
971,TF,2/18/2020,2/25/2020,19.4,0.436,43.108,-70.95
972,TF,2/25/2020,3/3/2020,36.2,0.394,43.108,-70.95
973,TF,3/3/2020,3/17/2020,12.6,1.227,43.108,-70.95
974,TF,3/24/2020,3/31/2020,29.0,0.766,43.108,-70.95
975,TF,3/31/2020,4/7/2020,38.5,0.445,43.108,-70.95
976,TF,4/7/2020,4/13/2020,36.1,0.703,43.108,-70.95
977,TF,4/13/2020,4/21/2020,30.5,1.721,43.108,-70.95
978,TF,4/21/2020,4/28/2020,32.8,1.083,43.108,-70.95
979,TF,4/28/2020,5/5/2020,27.1,0.338,43.108,-70.95
980,TF,5/5/2020,5/12/2020,12.4,1.642,43.108,-70.95
981,TF,5/12/2020,5/19/2020,8.8,1.352,43.108,-70.95
982,TF,5/19/2020,6/2/2020,2.5,5.635,43.108,-70.95
983,TF,6/2/2020,6/9/2020,7.1,3.023,43.108,-70.95
984,TF,6/9/2020,6/16/2020,2.7,2.469,43.108,-70.95
985,TF,6/16/2020,6/30/2020,20.9,0.53,43.108,-70.95
986,TF,6/30/2020,7/7/2020,76.5,0.289,43.108,-70.95
987,TF,7/7/2020,7/14/2020,24.4,2.644,43.108,-70.95
988,TF,7/14/2020,7/28/2020,16.9,0.618,43.108,-70.95
989,TF,7/28/2020,8/5/2020,3.9,1.273,43.108,-70.95
990,TF,8/5/2020,8/18/2020,5.8,1.853,43.108,-70.95
991,TF,8/18/2020,8/25/2020,23.0,1.717,43.108,-70.95
992,TF,8/25/2020,9/1/2020,12.5,1.588,43.108,-70.95
993,TF,9/1/2020,9/8/2020,3.1,0.957,43.108,-70.95
994,TF,9/8/2020,9/15/2020,36.2,0.407,43.108,-70.95
995,TF,9/15/2020,9/29/2020,1.8,0.82,43.108,-70.95
996,TF,9/29/2020,10/6/2020,10.6,0.666,43.108,-70.95
997,TF,10/6/2020,10/13/2020,3.1,2.656,43.108,-70.95
998,TF,10/13/2020,10/20/2020,72.2,0.384,43.108,-70.95
999,TF,10/20/2020,10/27/2020,4.0,1.359,43.108,-70.95
1000,TF,10/27/2020,11/3/2020,38.0,0.446,43.108,-70.95
1001,TF,11/3/2020,11/17/2020,12.2,1.124,43.108,-70.95
1002,TF,11/17/2020,11/24/2020,39.0,0.38,43.108,-70.95
1003,TF,11/24/2020,12/1/2020,61.2,0.314,43.108,-70.95
1004,TF,12/1/2020,12/8/2020,53.6,0.299,43.108,-70.95
1005,TF,12/8/2020,12/15/2020,12.2,0.613,43.108,-70.95
1006,TF,12/15/2020,12/22/2020,22.1,1.016,43.108,-70.95
1007,TF,12/22/2020,12/29/2020,30.0,0.198,43.108,-70.95
1008,TF,12/29/2020,1/5/2021,16.2,0.416,43.108,-70.95
1009,TF,1/5/2021,1/19/2021,37.1,0.371,43.108,-70.95
1010,TF,1/19/2021,2/1/2021,6.4,0.718,43.108,-70.95
1011,TF,2/1/2021,2/8/2021,33.6,0.451,43.108,-70.95
0,PA15,2012-05-14 00:00:00,2012-05-14 00:00:00,34.7,2.81,40.66598,-77.90376
1,PA15,2012-05-15 00:00:00,2012-05-14 00:00:00,10.7,0.32,40.66598,-77.90376
2,PA15,2012-05-21 00:00:00,2012-05-14 00:00:00,17.3,8.92,40.66598,-77.90376
3,PA15,2012-05-22 00:00:00,2012-05-15 00:00:00,3.2,0.99,40.66598,-77.90376
4,PA15,2012-05-23 00:00:00,2012-05-21 00:00:00,1.2,2.39,40.66598,-77.90376
5,PA15,2012-05-29 00:00:00,2012-05-21 00:00:00,9.5,6.66,40.66598,-77.90376
6,PA15,2012-06-01 00:00:00,2012-05-21 00:00:00,21.6,1.7999999999999998,40.66598,-77.90376
7,PA15,2012-06-04 00:00:00,2012-05-22 00:00:00,0.8,1.24,40.66598,-77.90376
8,PA15,2012-06-05 00:00:00,2012-05-23 00:00:00,3.8,0.87,40.66598,-77.90376
9,PA15,2012-06-06 00:00:00,2012-05-29 00:00:00,0.14,2.16,40.66598,-77.90376
10,PA15,2012-06-12 00:00:00,2012-05-29 00:00:00,8.3,9.52,40.66598,-77.90376
11,PA15,2012-06-24 00:00:00,2012-05-29 00:00:00,2.9,3.13,40.66598,-77.90376
12,PA15,2012-06-25 00:00:00,2012-06-01 00:00:00,11.1,1.22,40.66598,-77.90376
13,PA15,2012-06-29 00:00:00,2012-06-01 00:00:00,3.4,3.21,40.66598,-77.90376
14,PA15,2012-07-03 00:00:00,2012-06-04 00:00:00,4.5,2.25,40.66598,-77.90376
15,PA15,2012-07-05 00:00:00,2012-06-05 00:00:00,4.0,3.81,40.66598,-77.90376
16,PA15,2012-07-07 00:00:00,2012-06-06 00:00:00,0.8,4.95,40.66598,-77.90376
17,PA15,2012-07-18 00:00:00,2012-06-12 00:00:00,6.3,4.38,40.66598,-77.90376
18,PA15,2012-07-19 00:00:00,2012-06-12 00:00:00,9.3,3.43,40.66598,-77.90376
19,PA15,2012-07-20 00:00:00,2012-06-12 00:00:00,16.299999999999997,1.88,40.66598,-77.90376
20,PA15,2012-07-24 00:00:00,2012-06-24 00:00:00,0.8,5.39,40.66598,-77.90376
21,PA15,2012-07-26 00:00:00,2012-06-25 00:00:00,12.6,9.73,40.66598,-77.90376
22,PA15,2012-07-28 00:00:00,2012-06-29 00:00:00,4.6,2.77,40.66598,-77.90376
23,PA15,2012-07-31 00:00:00,2012-07-03 00:00:00,25.14,4.3100000000000005,40.66598,-77.90376
24,PA15,2012-08-05 00:00:00,2012-07-05 00:00:00,4.32,4.63,40.66598,-77.90376
25,PA15,2012-08-09 00:00:00,2012-07-07 00:00:00,3.05,3.22,40.66598,-77.90376
26,PA15,2012-08-10 00:00:00,2012-07-18 00:00:00,20.83,1.61,40.66598,-77.90376
27,PA15,2012-08-14 00:00:00,2012-07-18 00:00:00,49.03,3.52,40.66598,-77.90376
28,PA15,2012-08-17 00:00:00,2012-07-19 00:00:00,0.76,5.23,40.66598,-77.90376
29,PA15,2012-08-19 00:00:00,2012-07-19 00:00:00,1.27,3.6,40.66598,-77.90376
30,PA15,2012-08-20 00:00:00,2012-07-20 00:00:00,2.03,2.98,40.66598,-77.90376
31,PA15,2012-08-21 00:00:00,2012-07-20 00:00:00,1.2,2.9,40.66598,-77.90376
32,PA15,2012-08-26 00:00:00,2012-07-20 00:00:00,22.7,0.63,40.66598,-77.90376
33,PA15,2012-08-27 00:00:00,2012-07-24 00:00:00,9.0,2.27,40.66598,-77.90376
34,PA15,2012-09-03 00:00:00,2012-07-26 00:00:00,1.5,2.72,40.66598,-77.90376
35,PA15,2012-09-04 00:00:00,2012-07-26 00:00:00,4.7,3.8,40.66598,-77.90376
36,PA15,2012-09-05 00:00:00,2012-07-28 00:00:00,0.6,1.63,40.66598,-77.90376
37,PA15,2012-09-07 00:00:00,2012-07-31 00:00:00,1.0,5.45,40.66598,-77.90376
38,PA15,2012-09-08 00:00:00,2012-07-31 00:00:00,9.5,2.69,40.66598,-77.90376
39,PA15,2012-09-14 00:00:00,2012-08-05 00:00:00,1.4,5.37,40.66598,-77.90376
40,PA15,2012-09-18 00:00:00,2012-08-05 00:00:00,47.7,1.12,40.66598,-77.90376
41,PA15,2012-09-22 00:00:00,2012-08-09 00:00:00,0.7,3.22,40.66598,-77.90376
42,PA15,2012-09-25 00:00:00,2012-08-10 00:00:00,1.8,2.42,40.66598,-77.90376
43,PA15,2012-09-26 00:00:00,2012-08-14 00:00:00,1.6,2.71,40.66598,-77.90376
44,PA15,2012-09-27 00:00:00,2012-08-14 00:00:00,24.3,1.18,40.66598,-77.90376
45,PA15,2012-10-02 00:00:00,2012-08-17 00:00:00,28.2,0.71,40.66598,-77.90376
46,PA15,2012-10-18 00:00:00,2012-08-19 00:00:00,13.0,0.48,40.66598,-77.90376
47,PA15,2012-10-23 00:00:00,2012-08-20 00:00:00,1.2,1.3,40.66598,-77.90376
48,PA15,2012-10-29 00:00:00,2012-08-21 00:00:00,56.9,2.06,40.66598,-77.90376
49,PA15,2012-10-30 00:00:00,2012-08-26 00:00:00,2.9000000000000004,2.45,40.66598,-77.90376
50,PA15,2012-11-12 00:00:00,2012-08-27 00:00:00,6.9,4.470000000000001,40.66598,-77.90376
51,PA15,2012-11-13 00:00:00,2012-09-03 00:00:00,1.1,0.79,40.66598,-77.90376
52,PA15,2012-11-27 00:00:00,2012-09-04 00:00:00,1.9,1.05,40.66598,-77.90376
53,PA15,2013-01-11 00:00:00,2012-09-04 00:00:00,2.2800000000000002,1.7,40.66598,-77.90376
54,PA15,2013-01-15 00:00:00,2012-09-05 00:00:00,10.7,0.29,40.66598,-77.90376
55,PA15,2013-01-16 00:00:00,2012-09-07 00:00:00,1.4,0.34,40.66598,-77.90376
56,PA15,2013-01-31 00:00:00,2012-09-08 00:00:00,0.8,1.27,40.66598,-77.90376
57,PA15,2013-02-08 00:00:00,2012-09-14 00:00:00,2.5,0.74,40.66598,-77.90376
58,PA15,2013-02-13 00:00:00,2012-09-18 00:00:00,4.2,0.39,40.66598,-77.90376
59,PA15,2013-02-19 00:00:00,2012-09-18 00:00:00,1.9,1.31,40.66598,-77.90376
60,PA15,2013-02-26 00:00:00,2012-09-22 00:00:00,13.2,1.9,40.66598,-77.90376
61,PA15,2013-02-27 00:00:00,2012-09-25 00:00:00,2.5,0.47,40.66598,-77.90376
62,PA15,2013-03-11 00:00:00,2012-09-26 00:00:00,7.4,3.68,40.66598,-77.90376
63,PA15,2013-03-12 00:00:00,2012-09-26 00:00:00,11.7,1.12,40.66598,-77.90376
64,PA15,2013-03-16 00:00:00,2012-09-27 00:00:00,7.699999999999999,2.69,40.66598,-77.90376
65,PA15,2013-03-18 00:00:00,2012-09-27 00:00:00,10.5,1.2,40.66598,-77.90376
66,PA15,2013-03-25 00:00:00,2012-10-02 00:00:00,12.3,1.97,40.66598,-77.90376
67,PA15,2013-03-31 00:00:00,2012-10-02 00:00:00,5.7,1.22,40.66598,-77.90376
68,PA15,2013-04-10 00:00:00,2012-10-18 00:00:00,16.8,5.11,40.66598,-77.90376
69,PA15,2013-04-12 00:00:00,2012-10-23 00:00:00,16.7,2.46,40.66598,-77.90376
70,PA15,2013-04-16 00:00:00,2012-10-29 00:00:00,7.0,1.23,40.66598,-77.90376
71,PA15,2013-04-19 00:00:00,2012-10-29 00:00:00,11.3,0.85,40.66598,-77.90376
72,PA15,2013-04-24 00:00:00,2012-10-29 00:00:00,10.2,1.56,40.66598,-77.90376
73,PA15,2013-05-07 00:00:00,2012-10-30 00:00:00,1.4,9.41,40.66598,-77.90376
74,PA15,2013-05-08 00:00:00,2012-10-30 00:00:00,0.6,3.67,40.66598,-77.90376
75,PA15,2013-05-09 00:00:00,2012-11-12 00:00:00,10.5,2.07,40.66598,-77.90376
76,PA15,2013-05-10 00:00:00,2012-11-12 00:00:00,11.200000000000001,4.66,40.66598,-77.90376
77,PA15,2013-05-11 00:00:00,2012-11-13 00:00:00,10.8,1.4100000000000001,40.66598,-77.90376
78,PA15,2013-05-14 00:00:00,2012-11-27 00:00:00,0.9,2.47,40.66598,-77.90376
79,PA15,2013-05-15 00:00:00,2013-01-11 00:00:00,1.2,5.64,40.66598,-77.90376
80,PA15,2013-05-23 00:00:00,2013-01-11 00:00:00,5.33,4.59,40.66598,-77.90376
81,PA15,2013-05-28 00:00:00,2013-01-15 00:00:00,5.33,2.74,40.66598,-77.90376
82,PA15,2013-06-06 00:00:00,2013-01-16 00:00:00,15.5,4.1899999999999995,40.66598,-77.90376
83,PA15,2013-06-10 00:00:00,2013-01-31 00:00:00,22.33,2.17,40.66598,-77.90376
84,PA15,2013-06-12 00:00:00,2013-02-08 00:00:00,9.14,1.35,40.66598,-77.90376
85,PA15,2013-06-13 00:00:00,2013-02-13 00:00:00,18.8,2.62,40.66598,-77.90376
86,PA15,2013-06-23 00:00:00,2013-02-19 00:00:00,5.84,3.52,40.66598,-77.90376
87,PA15,2013-06-25 00:00:00,2013-02-26 00:00:00,12.2,4.7,40.66598,-77.90376
88,PA15,2013-06-26 00:00:00,2013-02-26 00:00:00,3.05,1.22,40.66598,-77.90376
89,PA15,2013-06-30 00:00:00,2013-02-27 00:00:00,52.8,2.76,40.66598,-77.90376
90,PA15,2013-07-02 00:00:00,2013-03-11 00:00:00,3.0,4.4399999999999995,40.66598,-77.90376
91,PA15,2013-07-10 00:00:00,2013-03-12 00:00:00,6.2,2.49,40.66598,-77.90376
92,PA15,2013-07-12 00:00:00,2013-03-16 00:00:00,6.8,1.08,40.66598,-77.90376
93,PA15,2013-07-22 00:00:00,2013-03-16 00:00:00,7.869999999999999,3.78,40.66598,-77.90376
94,PA15,2013-07-27 00:00:00,2013-03-18 00:00:00,3.3,7.42,40.66598,-77.90376
95,PA15,2013-07-28 00:00:00,2013-03-18 00:00:00,16.990000000000002,2.71,40.66598,-77.90376
96,PA15,2013-08-02 00:00:00,2013-03-25 00:00:00,1.78,1.95,40.66598,-77.90376
97,PA15,2013-08-03 00:00:00,2013-03-25 00:00:00,3.3,1.06,40.66598,-77.90376
98,PA15,2013-08-07 00:00:00,2013-03-25 00:00:00,17.0,1.9899999999999998,40.66598,-77.90376
99,PA15,2013-08-08 00:00:00,2013-03-31 00:00:00,0.1,4.42,40.66598,-77.90376
100,PA15,2013-08-09 00:00:00,2013-04-10 00:00:00,4.0,3.15,40.66598,-77.90376
101,PA15,2013-08-13 00:00:00,2013-04-10 00:00:00,1.8,6.48,40.66598,-77.90376
102,PA15,2013-08-19 00:00:00,2013-04-10 00:00:00,2.8,1.6,40.66598,-77.90376
103,PA15,2013-08-28 00:00:00,2013-04-12 00:00:00,4.8,7.3999999999999995,40.66598,-77.90376
0,OR10,,10/5/2004,0.0,,44.26664,-122.177
1,OR10,10/5/2004,10/20/2004,30.734,0.55,44.26664,-122.177
2,OR10,10/20/2004,10/27/2004,62.992,0.42,44.26664,-122.177
3,OR10,10/27/2004,11/1/2004,31.242,0.72,44.26664,-122.177
4,OR10,11/1/2004,11/9/2004,29.464,1.01,44.26664,-122.177
5,OR10,11/9/2004,11/16/2004,36.576,0.25,44.26664,-122.177
6,OR10,11/16/2004,11/22/2004,5.588,0.86,44.26664,-122.177
7,OR10,11/22/2004,11/29/2004,7.874,0.55,44.26664,-122.177
8,OR10,11/29/2004,12/6/2004,36.83,0.13,44.26664,-122.177
9,OR10,12/6/2004,12/14/2004,34.29,0.21,44.26664,-122.177
10,OR10,12/14/2004,12/21/2004,203.962,0.06,44.26664,-122.177
11,OR10,12/21/2004,12/28/2004,1.27,,44.26664,-122.177
12,OR10,12/28/2004,1/4/2005,14.986,1.08,44.26664,-122.177
13,OR10,1/4/2005,1/11/2005,20.574,0.8,44.26664,-122.177
14,OR10,1/11/2005,1/18/2005,33.02,0.87,44.26664,-122.177
15,OR10,1/18/2005,1/25/2005,69.342,0.71,44.26664,-122.177
16,OR10,1/25/2005,2/1/2005,0.0,,44.26664,-122.177
17,OR10,2/1/2005,2/8/2005,21.336,0.5,44.26664,-122.177
18,OR10,2/8/2005,2/15/2005,21.59,0.55,44.26664,-122.177
19,OR10,2/15/2005,2/23/2005,27.686,0.42,44.26664,-122.177
20,OR10,2/23/2005,2/28/2005,26.162,0.46,44.26664,-122.177
21,OR10,2/28/2005,3/8/2005,4.826,0.69,44.26664,-122.177
22,OR10,3/8/2005,3/15/2005,1.016,,44.26664,-122.177
23,OR10,3/15/2005,3/22/2005,0.0,,44.26664,-122.177
24,OR10,3/22/2005,3/29/2005,53.594,0.38,44.26664,-122.177
25,OR10,3/29/2005,4/5/2005,190.246,0.25,44.26664,-122.177
26,OR10,4/5/2005,4/11/2005,53.086,0.34,44.26664,-122.177
27,OR10,4/11/2005,4/20/2005,47.498,0.36,44.26664,-122.177
28,OR10,4/20/2005,4/25/2005,43.18,0.37,44.26664,-122.177
29,OR10,4/25/2005,5/3/2005,26.924,0.86,44.26664,-122.177
30,OR10,5/3/2005,5/10/2005,8.89,1.44,44.26664,-122.177
31,OR10,5/10/2005,5/16/2005,92.71,0.45,44.26664,-122.177
32,OR10,5/16/2005,5/25/2005,40.386,0.49,44.26664,-122.177
33,OR10,5/25/2005,5/31/2005,60.452,0.35,44.26664,-122.177
34,OR10,5/31/2005,6/7/2005,15.24,1.55,44.26664,-122.177
35,OR10,6/7/2005,6/15/2005,66.04,0.33,44.26664,-122.177
36,OR10,6/15/2005,6/21/2005,11.684,1.05,44.26664,-122.177
37,OR10,6/21/2005,7/6/2005,37.084,0.92,44.26664,-122.177
38,OR10,7/6/2005,7/11/2005,12.7,,44.26664,-122.177
39,OR10,7/11/2005,7/20/2005,12.954,1.25,44.26664,-122.177
40,OR10,7/20/2005,7/27/2005,0.0,,44.26664,-122.177
41,OR10,7/27/2005,8/2/2005,0.0,,44.26664,-122.177
42,OR10,8/2/2005,8/9/2005,0.0,,44.26664,-122.177
43,OR10,8/9/2005,8/16/2005,0.0,,44.26664,-122.177
44,OR10,8/16/2005,8/23/2005,0.0,,44.26664,-122.177
45,OR10,8/23/2005,8/29/2005,0.0,,44.26664,-122.177
46,OR10,8/29/2005,9/6/2005,2.032,,44.26664,-122.177
47,OR10,9/6/2005,9/12/2005,3.302,,44.26664,-122.177
48,OR10,9/12/2005,9/20/2005,23.368,0.86,44.26664,-122.177
49,OR10,9/20/2005,9/28/2005,1.524,,44.26664,-122.177
50,OR10,9/28/2005,10/5/2005,0.0,,44.26664,-122.177
51,OR10,10/5/2005,10/11/2005,80.518,0.32,44.26664,-122.177
52,OR10,10/11/2005,10/18/2005,8.636,0.75,44.26664,-122.177
53,OR10,10/18/2005,10/25/2005,25.4,0.57,44.26664,-122.177
54,OR10,10/25/2005,11/1/2005,19.812,0.88,44.26664,-122.177
55,OR10,11/1/2005,11/8/2005,96.52,0.58,44.26664,-122.177
56,OR10,11/8/2005,11/15/2005,160.274,0.4,44.26664,-122.177
57,OR10,11/15/2005,11/21/2005,81.026,0.41,44.26664,-122.177
58,OR10,11/21/2005,11/28/2005,0.254,,44.26664,-122.177
59,OR10,11/28/2005,12/7/2005,70.358,0.26,44.26664,-122.177
60,OR10,12/7/2005,12/14/2005,138.176,0.39,44.26664,-122.177
61,OR10,12/14/2005,12/21/2005,2.032,,44.26664,-122.177
62,OR10,12/21/2005,12/27/2005,47.498,0.36,44.26664,-122.177
63,OR10,12/27/2005,1/4/2006,143.51,0.3,44.26664,-122.177
64,OR10,1/4/2006,1/11/2006,281.686,0.28,44.26664,-122.177
65,OR10,1/11/2006,1/18/2006,250.698,0.36,44.26664,-122.177
66,OR10,1/18/2006,1/24/2006,162.306,4.61,44.26664,-122.177
67,OR10,1/24/2006,2/1/2006,49.53,1.41,44.26664,-122.177
68,OR10,2/1/2006,2/8/2006,198.628,0.63,44.26664,-122.177
69,OR10,2/8/2006,2/15/2006,69.85,0.44,44.26664,-122.177
70,OR10,2/15/2006,2/22/2006,7.62,0.78,44.26664,-122.177
71,OR10,2/22/2006,2/27/2006,1.27,,44.26664,-122.177
72,OR10,2/27/2006,3/8/2006,27.686,0.48,44.26664,-122.177
73,OR10,3/8/2006,3/14/2006,61.722,0.27,44.26664,-122.177
74,OR10,3/14/2006,3/20/2006,59.944,0.24,44.26664,-122.177
75,OR10,3/20/2006,3/28/2006,34.798,0.35,44.26664,-122.177
76,OR10,3/28/2006,4/5/2006,46.736,0.31,44.26664,-122.177
77,OR10,4/5/2006,4/11/2006,44.196,0.37,44.26664,-122.177
78,OR10,4/11/2006,4/18/2006,27.94,0.59,44.26664,-122.177
79,OR10,4/18/2006,4/24/2006,67.564,0.27,44.26664,-122.177
80,OR10,4/24/2006,5/1/2006,7.366,,44.26664,-122.177
81,OR10,5/1/2006,5/8/2006,0.254,,44.26664,-122.177
82,OR10,5/8/2006,5/15/2006,13.97,0.63,44.26664,-122.177
83,OR10,5/15/2006,5/23/2006,0.254,,44.26664,-122.177
84,OR10,5/23/2006,5/31/2006,25.908,0.96,44.26664,-122.177
85,OR10,5/31/2006,6/7/2006,78.994,0.45,44.26664,-122.177
86,OR10,6/7/2006,6/12/2006,52.832,0.69,44.26664,-122.177
87,OR10,6/12/2006,6/20/2006,6.858,1.5,44.26664,-122.177
88,OR10,6/20/2006,6/28/2006,27.686,0.94,44.26664,-122.177
89,OR10,6/28/2006,6/29/2006,0.762,,44.26664,-122.177
90,OR10,6/29/2006,7/5/2006,21.59,1.77,44.26664,-122.177
91,OR10,7/5/2006,7/11/2006,15.24,2.74,44.26664,-122.177
92,OR10,7/11/2006,7/17/2006,3.302,,44.26664,-122.177
93,OR10,7/17/2006,7/25/2006,2.032,,44.26664,-122.177
94,OR10,7/25/2006,8/6/2006,0.254,,44.26664,-122.177
95,OR10,8/6/2006,8/8/2006,0.0,,44.26664,-122.177
96,OR10,8/8/2006,8/15/2006,10.668,3.53,44.26664,-122.177
97,OR10,8/15/2006,8/23/2006,0.254,,44.26664,-122.177
98,OR10,8/23/2006,8/28/2006,0.254,,44.26664,-122.177
99,OR10,8/28/2006,9/6/2006,0.0,,44.26664,-122.177
100,OR10,9/6/2006,9/12/2006,1.016,,44.26664,-122.177
101,OR10,9/12/2006,9/19/2006,0.0,,44.26664,-122.177
102,OR10,9/19/2006,9/26/2006,37.592,0.51,44.26664,-122.177
103,OR10,9/26/2006,10/3/2006,25.908,0.52,44.26664,-122.177
104,OR10,10/3/2006,10/10/2006,0.0,,44.26664,-122.177
105,OR10,10/10/2006,10/17/2006,0.762,,44.26664,-122.177
106,OR10,10/17/2006,10/24/2006,46.736,0.28,44.26664,-122.177
107,OR10,10/24/2006,11/1/2006,21.082,0.48,44.26664,-122.177
108,OR10,11/1/2006,11/6/2006,7.874,,44.26664,-122.177
109,OR10,11/6/2006,11/14/2006,151.384,0.45,44.26664,-122.177
110,OR10,11/14/2006,11/21/2006,258.318,0.35,44.26664,-122.177
111,OR10,11/21/2006,11/27/2006,89.408,0.26,44.26664,-122.177
112,OR10,11/27/2006,12/7/2006,164.084,0.19,44.26664,-122.177
113,OR10,12/7/2006,12/12/2006,23.114,0.28,44.26664,-122.177
114,OR10,12/12/2006,12/19/2006,56.134,0.26,44.26664,-122.177
115,OR10,12/19/2006,12/26/2006,193.548,0.18,44.26664,-122.177
116,OR10,12/26/2006,1/1/2007,168.91,0.24,44.26664,-122.177
117,OR10,1/1/2007,1/9/2007,18.034,0.34,44.26664,-122.177
118,OR10,1/9/2007,1/17/2007,192.278,0.19,44.26664,-122.177
119,OR10,1/17/2007,1/23/2007,40.386,0.4,44.26664,-122.177
120,OR10,1/23/2007,1/30/2007,8.128,,44.26664,-122.177
121,OR10,1/30/2007,2/7/2007,0.0,,44.26664,-122.177
122,OR10,2/7/2007,2/12/2007,0.0,,44.26664,-122.177
123,OR10,2/12/2007,2/20/2007,47.752,0.3,44.26664,-122.177
124,OR10,2/20/2007,2/28/2007,149.86,0.18,44.26664,-122.177
125,OR10,2/28/2007,3/7/2007,93.98,0.24,44.26664,-122.177
126,OR10,3/7/2007,3/14/2007,56.896,0.3,44.26664,-122.177
127,OR10,3/14/2007,3/21/2007,35.56,0.6,44.26664,-122.177
128,OR10,3/21/2007,3/27/2007,35.052,0.52,44.26664,-122.177
129,OR10,3/27/2007,4/4/2007,36.576,0.32,44.26664,-122.177
130,OR10,4/4/2007,4/10/2007,10.668,1.04,44.26664,-122.177
131,OR10,4/10/2007,4/18/2007,53.594,0.59,44.26664,-122.177
132,OR10,4/18/2007,4/23/2007,53.086,0.38,44.26664,-122.177
133,OR10,4/23/2007,5/1/2007,32.766,0.32,44.26664,-122.177
134,OR10,5/1/2007,5/8/2007,0.254,,44.26664,-122.177
135,OR10,5/8/2007,5/16/2007,36.576,0.52,44.26664,-122.177
136,OR10,5/16/2007,5/24/2007,1.524,,44.26664,-122.177
137,OR10,5/24/2007,5/31/2007,24.13,0.64,44.26664,-122.177
138,OR10,5/31/2007,6/4/2007,0.508,,44.26664,-122.177
139,OR10,6/4/2007,6/12/2007,0.0,,44.26664,-122.177
140,OR10,6/12/2007,6/19/2007,64.77,0.34,44.26664,-122.177
141,OR10,6/19/2007,6/27/2007,1.016,,44.26664,-122.177
142,OR10,6/27/2007,7/3/2007,0.508,,44.26664,-122.177
143,OR10,7/3/2007,7/11/2007,19.304,0.89,44.26664,-122.177
144,OR10,7/11/2007,7/18/2007,0.508,,44.26664,-122.177
145,OR10,7/18/2007,7/23/2007,10.16,1.1,44.26664,-122.177
146,OR10,7/23/2007,7/31/2007,12.7,1.7,44.26664,-122.177
147,OR10,7/31/2007,8/6/2007,1.27,,44.26664,-122.177
148,OR10,8/6/2007,8/14/2007,0.0,,44.26664,-122.177
149,OR10,8/14/2007,8/21/2007,0.0,,44.26664,-122.177
150,OR10,8/21/2007,8/27/2007,29.21,0.5,44.26664,-122.177
151,OR10,8/27/2007,9/4/2007,0.508,,44.26664,-122.177
152,OR10,9/4/2007,9/11/2007,8.128,,44.26664,-122.177
153,OR10,9/11/2007,9/18/2007,0.508,,44.26664,-122.177
154,OR10,9/18/2007,9/25/2007,6.096,,44.26664,-122.177
155,OR10,9/25/2007,10/3/2007,0.762,,44.26664,-122.177
156,OR10,10/3/2007,10/9/2007,113.03,0.26,44.26664,-122.177
157,OR10,10/9/2007,10/16/2007,27.686,0.34,44.26664,-122.177
158,OR10,10/16/2007,10/23/2007,34.036,0.97,44.26664,-122.177
159,OR10,10/23/2007,10/31/2007,180.086,0.26,44.26664,-122.177
160,OR10,10/31/2007,11/7/2007,10.668,1.16,44.26664,-122.177
161,OR10,11/7/2007,11/13/2007,0.0,,44.26664,-122.177
162,OR10,11/13/2007,11/20/2007,87.122,0.27,44.26664,-122.177
163,OR10,11/20/2007,11/27/2007,185.674,0.22,44.26664,-122.177
164,OR10,11/27/2007,12/4/2007,17.78,0.4,44.26664,-122.177
165,OR10,12/4/2007,12/11/2007,142.24,0.21,44.26664,-122.177
166,OR10,12/11/2007,12/18/2007,24.892,0.42,44.26664,-122.177
167,OR10,12/18/2007,12/27/2007,40.894,0.25,44.26664,-122.177
168,OR10,12/27/2007,1/3/2008,219.71,0.16,44.26664,-122.177
169,OR10,1/3/2008,1/9/2008,67.31,0.22,44.26664,-122.177
170,OR10,1/9/2008,1/23/2008,125.222,0.27,44.26664,-122.177
171,OR10,1/23/2008,2/27/2008,123.19,0.23,44.26664,-122.177
172,OR10,2/27/2008,3/5/2008,371.602,0.22,44.26664,-122.177
173,OR10,3/5/2008,3/10/2008,42.418,0.23,44.26664,-122.177
174,OR10,3/10/2008,3/26/2008,23.622,0.32,44.26664,-122.177
175,OR10,3/26/2008,4/2/2008,215.9,0.22,44.26664,-122.177
176,OR10,4/2/2008,4/15/2008,35.052,0.24,44.26664,-122.177
177,OR10,4/15/2008,4/22/2008,78.74,0.33,44.26664,-122.177
178,OR10,4/22/2008,5/8/2008,46.482,0.33,44.26664,-122.177
179,OR10,5/8/2008,5/27/2008,58.674,0.44,44.26664,-122.177
180,OR10,5/27/2008,6/17/2008,76.2,0.72,44.26664,-122.177
181,OR10,6/17/2008,7/9/2008,108.712,0.77,44.26664,-122.177
182,OR10,7/9/2008,7/29/2008,1.778,,44.26664,-122.177
183,OR10,7/29/2008,8/20/2008,0.0,,44.26664,-122.177
184,OR10,8/20/2008,9/9/2008,41.148,1.52,44.26664,-122.177
185,OR10,9/9/2008,9/30/2008,36.576,1.11,44.26664,-122.177
186,OR10,9/30/2008,10/22/2008,17.526,1.04,44.26664,-122.177
187,OR10,10/22/2008,11/11/2008,114.3,0.61,44.26664,-122.177
188,OR10,11/11/2008,12/1/2008,198.628,0.57,44.26664,-122.177
189,OR10,12/1/2008,12/23/2008,113.284,0.36,44.26664,-122.177
190,OR10,12/23/2008,1/14/2009,217.424,,44.26664,-122.177
191,OR10,1/14/2009,2/4/2009,537.464,0.23,44.26664,-122.177
192,OR10,2/4/2009,2/25/2009,29.464,0.96,44.26664,-122.177
193,OR10,2/25/2009,3/18/2009,138.684,0.3,44.26664,-122.177
194,OR10,3/18/2009,4/6/2009,221.488,0.21,44.26664,-122.177
195,OR10,4/6/2009,4/29/2009,157.48,0.31,44.26664,-122.177
196,OR10,4/29/2009,5/20/2009,101.346,0.53,44.26664,-122.177
197,OR10,5/20/2009,6/8/2009,213.106,0.41,44.26664,-122.177
198,OR10,6/8/2009,7/1/2009,22.098,1.85,44.26664,-122.177
199,OR10,7/1/2009,7/21/2009,38.1,0.98,44.26664,-122.177
200,OR10,7/21/2009,8/11/2009,5.08,,44.26664,-122.177
201,OR10,8/11/2009,9/1/2009,17.018,4.39,44.26664,-122.177
202,OR10,9/1/2009,9/24/2009,4.318,,44.26664,-122.177
203,OR10,9/24/2009,10/13/2009,33.02,0.9,44.26664,-122.177
204,OR10,10/13/2009,11/4/2009,41.656,0.54,44.26664,-122.177
205,OR10,11/4/2009,11/23/2009,197.358,0.57,44.26664,-122.177
206,OR10,11/23/2009,12/16/2009,242.316,0.34,44.26664,-122.177
207,OR10,12/16/2009,1/4/2010,156.718,0.26,44.26664,-122.177
208,OR10,1/4/2010,1/27/2010,242.57,0.27,44.26664,-122.177
209,OR10,1/27/2010,2/17/2010,195.326,0.24,44.26664,-122.177
210,OR10,2/17/2010,3/8/2010,127.762,0.27,44.26664,-122.177
211,OR10,3/8/2010,3/30/2010,85.09,0.28,44.26664,-122.177
212,OR10,3/30/2010,4/20/2010,258.318,0.26,44.26664,-122.177
213,OR10,4/20/2010,5/12/2010,148.336,0.38,44.26664,-122.177
214,OR10,5/12/2010,6/2/2010,179.832,0.56,44.26664,-122.177
215,OR10,6/2/2010,6/23/2010,204.978,0.3,44.26664,-122.177
216,OR10,6/23/2010,7/13/2010,144.018,0.39,44.26664,-122.177
217,OR10,7/13/2010,8/2/2010,9.398,1.83,44.26664,-122.177
218,OR10,8/2/2010,8/26/2010,0.0,,44.26664,-122.177
219,OR10,8/26/2010,9/14/2010,1.27,,44.26664,-122.177
220,OR10,9/14/2010,10/5/2010,64.77,0.54,44.26664,-122.177
221,OR10,10/5/2010,10/26/2010,103.124,0.42,44.26664,-122.177
222,OR10,10/26/2010,11/16/2010,185.674,0.25,44.26664,-122.177
223,OR10,11/16/2010,12/8/2010,178.054,0.41,44.26664,-122.177
224,OR10,12/8/2010,12/29/2010,281.178,0.15,44.26664,-122.177
225,OR10,12/29/2010,1/19/2011,396.494,,44.26664,-122.177
226,OR10,1/19/2011,2/8/2011,251.968,0.14,44.26664,-122.177
227,OR10,2/8/2011,3/2/2011,51.308,0.36,44.26664,-122.177
228,OR10,3/2/2011,3/16/2011,201.168,0.19,44.26664,-122.177
229,OR10,3/16/2011,4/12/2011,202.946,0.16,44.26664,-122.177
230,OR10,4/12/2011,5/1/2011,289.814,0.24,44.26664,-122.177
231,OR10,5/1/2011,5/26/2011,186.182,0.21,44.26664,-122.177
232,OR10,5/26/2011,6/15/2011,126.492,0.5,44.26664,-122.177
233,OR10,6/15/2011,7/6/2011,121.158,0.44,44.26664,-122.177
234,OR10,7/6/2011,7/25/2011,27.686,1.03,44.26664,-122.177
235,OR10,7/25/2011,8/16/2011,54.864,0.54,44.26664,-122.177
236,OR10,8/16/2011,9/6/2011,0.0,,44.26664,-122.177
237,OR10,9/6/2011,9/28/2011,0.0,,44.26664,-122.177
238,OR10,9/28/2011,10/18/2011,12.7,1.05,44.26664,-122.177
239,OR10,10/18/2011,11/9/2011,105.918,0.37,44.26664,-122.177
240,OR10,11/9/2011,11/30/2011,38.354,0.41,44.26664,-122.177
241,OR10,11/30/2011,12/21/2011,277.114,0.29,44.26664,-122.177
242,OR10,12/21/2011,1/11/2012,3.556,,44.26664,-122.177
243,OR10,1/11/2012,2/1/2012,267.462,0.21,44.26664,-122.177
244,OR10,2/1/2012,2/22/2012,522.224,0.14,44.26664,-122.177
245,OR10,2/22/2012,3/12/2012,142.494,0.23,44.26664,-122.177
246,OR10,3/12/2012,4/4/2012,181.61,0.16,44.26664,-122.177
247,OR10,4/4/2012,4/25/2012,509.778,0.16,44.26664,-122.177
248,OR10,4/25/2012,5/16/2012,145.034,0.3,44.26664,-122.177
249,OR10,5/16/2012,6/6/2012,117.094,0.22,44.26664,-122.177
250,OR10,6/6/2012,6/27/2012,143.51,0.36,44.26664,-122.177
251,OR10,6/27/2012,7/17/2012,111.76,0.39,44.26664,-122.177
252,OR10,7/17/2012,8/7/2012,6.604,0.83,44.26664,-122.177
253,OR10,8/7/2012,8/28/2012,4.826,,44.26664,-122.177
254,OR10,8/28/2012,9/18/2012,0.0,,44.26664,-122.177
255,OR10,9/18/2012,10/8/2012,0.0,,44.26664,-122.177
256,OR10,10/8/2012,10/30/2012,1.27,,44.26664,-122.177
257,OR10,10/30/2012,11/20/2012,299.212,0.29,44.26664,-122.177
258,OR10,11/20/2012,12/13/2012,250.19,0.22,44.26664,-122.177
259,OR10,12/13/2012,1/2/2013,413.258,0.11,44.26664,-122.177
260,OR10,1/2/2013,1/22/2013,245.618,,44.26664,-122.177
261,OR10,1/22/2013,2/12/2013,67.056,0.24,44.26664,-122.177
262,OR10,2/12/2013,3/5/2013,160.274,,44.26664,-122.177
263,OR10,3/5/2013,3/27/2013,128.778,0.18,44.26664,-122.177
264,OR10,3/27/2013,4/16/2013,116.586,0.37,44.26664,-122.177
265,OR10,4/16/2013,5/8/2013,171.704,0.23,44.26664,-122.177
266,OR10,5/8/2013,5/29/2013,37.338,,44.26664,-122.177
267,OR10,5/29/2013,6/19/2013,154.432,0.38,44.26664,-122.177
268,OR10,6/19/2013,7/9/2013,30.48,1.12,44.26664,-122.177
269,OR10,7/9/2013,7/30/2013,53.086,0.72,44.26664,-122.177
270,OR10,7/30/2013,8/20/2013,1.27,,44.26664,-122.177
271,OR10,8/20/2013,9/10/2013,15.494,2.42,44.26664,-122.177
272,OR10,9/10/2013,,53.848,1.33,44.26664,-122.177
273,MN16,,7/11/2008,16.2,15.83,47.5311,-93.4686
274,MN16,7/11/2008,7/16/2008,18.8,4.12,47.5311,-93.4686
275,MN16,7/16/2008,7/22/2008,43.7,2.05,47.5311,-93.4686
276,MN16,7/22/2008,7/29/2008,4.6,10.9,47.5311,-93.4686
277,MN16,7/29/2008,8/13/2008,23.4,2.69,47.5311,-93.4686
278,MN16,8/13/2008,8/18/2008,6.1,9.61,47.5311,-93.4686
279,MN16,8/18/2008,8/18/2008,11.2,5.83,47.5311,-93.4686
280,MN16,8/18/2008,9/3/2008,11.2,9.63,47.5311,-93.4686
281,MN16,9/3/2008,9/9/2008,16.0,2.44,47.5311,-93.4686
282,MN16,9/9/2008,9/12/2008,6.1,4.38,47.5311,-93.4686
283,MN16,9/12/2008,9/16/2008,21.6,1.35,47.5311,-93.4686
284,MN16,9/16/2008,9/25/2008,4.6,3.66,47.5311,-93.4686
285,MN16,9/25/2008,10/9/2008,19.1,3.33,47.5311,-93.4686
286,MN16,10/9/2008,10/14/2008,19.3,2.39,47.5311,-93.4686
287,MN16,10/14/2008,10/28/2008,43.4,0.92,47.5311,-93.4686
288,MN16,10/28/2008,11/6/2008,15.0,2.27,47.5311,-93.4686
289,MN16,11/6/2008,11/7/2008,20.1,2.01,47.5311,-93.4686
290,MN16,11/7/2008,3/23/2009,4.1,1.78,47.5311,-93.4686
291,MN16,3/23/2009,3/25/2009,50.0,0.86,47.5311,-93.4686
292,MN16,3/25/2009,4/8/2009,21.1,0.83,47.5311,-93.4686
293,MN16,4/8/2009,4/27/2009,23.1,1.42,47.5311,-93.4686
294,MN16,4/27/2009,4/30/2009,10.9,2.84,47.5311,-93.4686
295,MN16,4/30/2009,5/6/2009,9.7,1.64,47.5311,-93.4686
296,MN16,5/6/2009,5/15/2009,10.2,1.85,47.5311,-93.4686
297,MN16,5/15/2009,5/17/2009,27.7,2.07,47.5311,-93.4686
298,MN16,5/17/2009,6/1/2009,27.7,2.11,47.5311,-93.4686
299,MN16,6/1/2009,6/8/2009,12.7,5.27,47.5311,-93.4686
300,MN16,6/8/2009,6/9/2009,5.8,5.05,47.5311,-93.4686
301,MN16,6/9/2009,6/19/2009,10.9,1.13,47.5311,-93.4686
302,MN16,6/19/2009,6/22/2009,7.9,3.09,47.5311,-93.4686
303,MN16,6/22/2009,6/29/2009,11.4,2.21,47.5311,-93.4686
304,MN16,6/29/2009,7/15/2009,8.6,2.81,47.5311,-93.4686
305,MN16,7/15/2009,7/21/2009,20.1,2.54,47.5311,-93.4686
306,MN16,7/21/2009,7/23/2009,23.6,2.09,47.5311,-93.4686
307,MN16,7/23/2009,7/24/2009,3.8,2.41,47.5311,-93.4686
308,MN16,7/24/2009,8/1/2009,18.8,1.27,47.5311,-93.4686
309,MN16,8/1/2009,8/3/2009,21.8,1.54,47.5311,-93.4686
310,MN16,8/3/2009,8/10/2009,27.2,2.26,47.5311,-93.4686
311,MN16,8/10/2009,8/19/2009,5.3,4.03,47.5311,-93.4686
312,MN16,8/19/2009,8/21/2009,65.3,1.54,47.5311,-93.4686
313,MN16,8/21/2009,9/1/2009,10.7,2.41,47.5311,-93.4686
314,MN16,9/1/2009,9/28/2009,7.4,2.9,47.5311,-93.4686
315,MN16,9/28/2009,10/5/2009,3.8,6.4,47.5311,-93.4686
316,MN16,10/5/2009,10/14/2009,10.2,2.48,47.5311,-93.4686
317,MN16,10/14/2009,10/19/2009,4.8,3.56,47.5311,-93.4686
318,MN16,10/19/2009,10/22/2009,8.9,1.9,47.5311,-93.4686
319,MN16,10/22/2009,10/26/2009,14.5,1.16,47.5311,-93.4686
320,MN16,10/26/2009,11/2/2009,11.7,1.83,47.5311,-93.4686
321,MN16,11/2/2009,11/12/2009,43.9,0.83,47.5311,-93.4686
322,MN16,11/12/2009,11/16/2009,5.1,1.94,47.5311,-93.4686
323,MN16,11/16/2009,3/12/2010,21.1,1.25,47.5311,-93.4686
324,MN16,3/12/2010,3/29/2010,11.4,1.62,47.5311,-93.4686
325,MN16,3/29/2010,4/27/2010,3.0,1.12,47.5311,-93.4686
326,MN16,4/27/2010,5/1/2010,4.3,2.37,47.5311,-93.4686
327,MN16,5/1/2010,5/3/2010,22.6,4.33,47.5311,-93.4686
328,MN16,5/3/2010,5/6/2010,5.6,1.05,47.5311,-93.4686
329,MN16,5/6/2010,5/9/2010,7.6,2.13,47.5311,-93.4686
330,MN16,5/9/2010,5/14/2010,22.4,0.32,47.5311,-93.4686
331,MN16,5/14/2010,5/24/2010,15.2,0.41,47.5311,-93.4686
332,MN16,5/24/2010,6/7/2010,13.0,4.25,47.5311,-93.4686
333,MN16,6/7/2010,6/9/2010,20.8,1.18,47.5311,-93.4686
334,MN16,6/9/2010,6/14/2010,12.2,2.92,47.5311,-93.4686
335,MN16,6/14/2010,6/16/2010,12.7,1.2,47.5311,-93.4686
336,MN16,6/16/2010,6/18/2010,20.8,1.23,47.5311,-93.4686
337,MN16,6/18/2010,6/22/2010,11.9,1.38,47.5311,-93.4686
338,MN16,6/22/2010,6/25/2010,23.6,0.72,47.5311,-93.4686
339,MN16,6/25/2010,7/4/2010,13.7,1.59,47.5311,-93.4686
340,MN16,7/4/2010,7/6/2010,39.1,7.7,47.5311,-93.4686
341,MN16,7/6/2010,7/12/2010,6.9,2.54,47.5311,-93.4686
342,MN16,7/12/2010,7/14/2010,5.8,2.84,47.5311,-93.4686
343,MN16,7/14/2010,7/19/2010,21.3,1.82,47.5311,-93.4686
344,MN16,7/19/2010,7/20/2010,4.3,6.09,47.5311,-93.4686
345,MN16,7/20/2010,7/26/2010,11.4,3.06,47.5311,-93.4686
346,MN16,7/26/2010,7/28/2010,29.0,2.07,47.5311,-93.4686
347,MN16,7/28/2010,8/2/2010,9.9,3.55,47.5311,-93.4686
348,MN16,8/2/2010,8/9/2010,75.7,2.44,47.5311,-93.4686
349,MN16,8/9/2010,8/11/2010,12.7,5.69,47.5311,-93.4686
350,MN16,8/11/2010,8/16/2010,17.0,2.17,47.5311,-93.4686
351,MN16,8/16/2010,8/18/2010,6.4,5.11,47.5311,-93.4686
352,MN16,8/18/2010,8/22/2010,3.6,5.1,47.5311,-93.4686
353,MN16,8/22/2010,8/24/2010,26.2,2.81,47.5311,-93.4686
354,MN16,8/24/2010,9/1/2010,12.7,5.0,47.5311,-93.4686
355,MN16,9/1/2010,9/2/2010,8.6,3.85,47.5311,-93.4686
356,MN16,9/2/2010,9/7/2010,8.6,3.12,47.5311,-93.4686
357,MN16,9/7/2010,9/13/2010,28.7,2.43,47.5311,-93.4686
358,MN16,9/13/2010,9/20/2010,19.6,1.89,47.5311,-93.4686
359,MN16,9/20/2010,9/23/2010,4.6,3.79,47.5311,-93.4686
360,MN16,9/23/2010,9/26/2010,5.6,4.4,47.5311,-93.4686
361,MN16,9/26/2010,9/29/2010,31.2,1.16,47.5311,-93.4686
362,MN16,9/29/2010,10/25/2010,4.8,2.89,47.5311,-93.4686
363,MN16,10/25/2010,10/26/2010,7.9,6.24,47.5311,-93.4686
364,MN16,10/26/2010,10/27/2010,19.3,1.27,47.5311,-93.4686
365,MN16,10/27/2010,11/29/2010,46.2,0.91,47.5311,-93.4686
366,MN16,11/29/2010,12/2/2010,25.1,1.51,47.5311,-93.4686
367,MN16,12/2/2010,12/13/2010,10.2,1.25,47.5311,-93.4686
368,MN16,12/13/2010,12/22/2010,7.6,2.83,47.5311,-93.4686
369,MN16,12/22/2010,1/3/2011,13.7,0.98,47.5311,-93.4686
370,MN16,1/3/2011,1/11/2011,37.8,0.91,47.5311,-93.4686
371,MN16,1/11/2011,1/19/2011,1.5,1.38,47.5311,-93.4686
372,MN16,1/19/2011,1/24/2011,7.9,0.85,47.5311,-93.4686
373,MN16,1/24/2011,1/31/2011,2.0,1.04,47.5311,-93.4686
374,MN16,1/31/2011,2/24/2011,6.9,0.92,47.5311,-93.4686
375,MN16,2/24/2011,3/17/2011,3.6,1.16,47.5311,-93.4686
376,MN16,3/17/2011,4/4/2011,1.5,1.56,47.5311,-93.4686
377,MN16,4/4/2011,4/4/2011,7.1,2.82,47.5311,-93.4686
378,MN16,4/4/2011,4/11/2011,7.1,1.66,47.5311,-93.4686
379,MN16,4/11/2011,4/11/2011,15.2,1.67,47.5311,-93.4686
380,MN16,4/11/2011,4/19/2011,15.2,1.9,47.5311,-93.4686
381,MN16,4/19/2011,4/25/2011,18.8,1.36,47.5311,-93.4686
382,MN16,4/25/2011,4/28/2011,12.9,1.26,47.5311,-93.4686
383,MN16,4/28/2011,4/28/2011,10.2,1.14,47.5311,-93.4686
384,MN16,4/28/2011,5/4/2011,10.2,0.96,47.5311,-93.4686
385,MN16,5/4/2011,5/5/2011,27.2,1.64,47.5311,-93.4686
386,MN16,5/5/2011,5/19/2011,27.2,1.75,47.5311,-93.4686
387,MN16,5/19/2011,6/2/2011,0.5,,47.5311,-93.4686
388,MN16,6/2/2011,6/15/2011,11.2,1.94,47.5311,-93.4686
389,MN16,6/15/2011,6/20/2011,14.7,75.35,47.5311,-93.4686
390,MN16,6/20/2011,6/22/2011,23.1,1.0,47.5311,-93.4686
391,MN16,6/22/2011,6/23/2011,38.9,0.32,47.5311,-93.4686
392,MN16,6/23/2011,6/27/2011,4.3,0.87,47.5311,-93.4686
393,MN16,6/27/2011,6/28/2011,50.3,0.43,47.5311,-93.4686
394,MN16,6/28/2011,7/19/2011,,0.68,47.5311,-93.4686
395,MN16,7/19/2011,7/20/2011,5.6,2.91,47.5311,-93.4686
396,MN16,7/20/2011,7/25/2011,69.6,0.88,47.5311,-93.4686
397,MN16,7/25/2011,7/27/2011,11.2,3.54,47.5311,-93.4686
398,MN16,7/27/2011,8/2/2011,6.4,4.82,47.5311,-93.4686
399,MN16,8/2/2011,8/8/2011,47.7,2.68,47.5311,-93.4686
400,MN16,8/8/2011,8/8/2011,23.1,1.85,47.5311,-93.4686
401,MN16,8/8/2011,8/19/2011,38.3,3.55,47.5311,-93.4686
402,MN16,8/19/2011,9/1/2011,7.4,2.69,47.5311,-93.4686
403,MN16,9/1/2011,9/19/2011,10.4,1.83,47.5311,-93.4686
404,MN16,9/19/2011,9/22/2011,6.1,2.82,47.5311,-93.4686
405,MN16,9/22/2011,10/9/2011,14.2,1.61,47.5311,-93.4686
406,MN16,10/9/2011,10/17/2011,27.7,2.24,47.5311,-93.4686
407,MN16,10/17/2011,10/31/2011,32.0,3.55,47.5311,-93.4686
408,MN16,10/31/2011,11/23/2011,4.6,5.81,47.5311,-93.4686
409,MN16,11/23/2011,11/28/2011,3.8,1.54,47.5311,-93.4686
410,MN16,11/28/2011,1/3/2012,13.5,1.16,47.5311,-93.4686
411,MN16,1/3/2012,1/13/2012,1.5,1.98,47.5311,-93.4686
412,MN16,1/13/2012,1/24/2012,2.5,0.72,47.5311,-93.4686
413,MN16,1/24/2012,2/22/2012,8.9,1.11,47.5311,-93.4686
414,MN16,2/22/2012,2/27/2012,14.7,0.88,47.5311,-93.4686
415,MN16,2/27/2012,3/5/2012,8.1,1.23,47.5311,-93.4686
416,MN16,3/5/2012,3/13/2012,3.6,1.04,47.5311,-93.4686
417,MN16,3/13/2012,3/23/2012,12.7,1.5,47.5311,-93.4686
418,MN16,3/23/2012,3/31/2012,11.2,2.37,47.5311,-93.4686
419,MN16,3/31/2012,4/18/2012,23.4,2.4,47.5311,-93.4686
420,MN16,4/18/2012,4/23/2012,88.6,1.16,47.5311,-93.4686
421,MN16,4/23/2012,4/25/2012,23.1,0.92,47.5311,-93.4686
422,MN16,4/25/2012,5/3/2012,2.8,2.43,47.5311,-93.4686
423,MN16,5/3/2012,5/7/2012,1.5,1.87,47.5311,-93.4686
424,MN16,5/7/2012,5/9/2012,9.4,1.68,47.5311,-93.4686
425,MN16,5/9/2012,5/21/2012,6.6,2.15,47.5311,-93.4686
426,MN16,5/21/2012,5/24/2012,15.5,3.98,47.5311,-93.4686
427,MN16,5/24/2012,5/25/2012,29.2,1.81,47.5311,-93.4686
428,MN16,5/25/2012,5/28/2012,15.0,1.29,47.5311,-93.4686
429,MN16,5/28/2012,6/11/2012,50.3,0.74,47.5311,-93.4686
430,MN16,6/11/2012,6/18/2012,16.5,4.57,47.5311,-93.4686
431,MN16,6/18/2012,6/20/2012,8.6,7.96,47.5311,-93.4686
432,MN16,6/20/2012,7/5/2012,46.0,3.17,47.5311,-93.4686
433,MN16,7/5/2012,7/9/2012,33.0,3.32,47.5311,-93.4686
434,MN16,7/9/2012,7/16/2012,12.7,2.78,47.5311,-93.4686
435,MN16,7/16/2012,7/25/2012,18.5,2.28,47.5311,-93.4686
436,MN16,7/25/2012,7/26/2012,15.2,2.48,47.5311,-93.4686
437,MN16,7/26/2012,8/6/2012,13.7,2.45,47.5311,-93.4686
438,MN16,8/6/2012,8/9/2012,21.3,3.44,47.5311,-93.4686
439,MN16,8/9/2012,8/16/2012,7.4,3.32,47.5311,-93.4686
440,MN16,8/16/2012,8/20/2012,11.7,3.16,47.5311,-93.4686
441,MN16,8/20/2012,9/21/2012,6.6,0.51,47.5311,-93.4686
442,MN16,9/21/2012,9/24/2012,5.6,1.25,47.5311,-93.4686
443,MN16,9/24/2012,10/9/2012,9.9,,47.5311,-93.4686
444,MN16,10/9/2012,10/11/2012,17.5,10.4,47.5311,-93.4686
445,MN16,10/11/2012,10/19/2012,19.8,42.14,47.5311,-93.4686
446,MN16,10/19/2012,10/24/2012,10.7,0.84,47.5311,-93.4686
447,MN16,10/24/2012,10/25/2012,23.1,0.06,47.5311,-93.4686
448,MN16,10/25/2012,10/29/2012,6.9,,47.5311,-93.4686
449,MN16,10/29/2012,11/7/2012,6.1,0.86,47.5311,-93.4686
450,MN16,11/7/2012,11/12/2012,7.1,0.12,47.5311,-93.4686
451,MN16,11/12/2012,11/14/2012,39.9,,47.5311,-93.4686
452,MN16,11/14/2012,11/23/2012,39.9,2.13,47.5311,-93.4686
453,MN16,11/23/2012,11/26/2012,4.8,2.98,47.5311,-93.4686
454,MN16,11/26/2012,12/7/2012,2.5,2.11,47.5311,-93.4686
455,MN16,12/7/2012,12/17/2012,1.8,1.99,47.5311,-93.4686
456,MN16,12/17/2012,1/2/2013,17.0,1.35,47.5311,-93.4686
457,MN16,1/2/2013,1/29/2013,1.3,1.6,47.5311,-93.4686
458,MN16,1/29/2013,2/5/2013,12.4,1.49,47.5311,-93.4686
459,MN16,2/5/2013,2/12/2013,3.5,1.84,47.5311,-93.4686
460,MN16,2/12/2013,3/5/2013,24.6,1.76,47.5311,-93.4686
461,MN16,3/5/2013,3/11/2013,19.8,1.49,47.5311,-93.4686
462,MN16,3/11/2013,3/19/2013,13.5,1.58,47.5311,-93.4686
463,MN16,3/19/2013,4/9/2013,11.9,1.74,47.5311,-93.4686
464,MN16,4/9/2013,4/9/2013,20.6,2.12,47.5311,-93.4686
465,MN16,4/9/2013,4/16/2013,20.6,2.42,47.5311,-93.4686
466,MN16,4/16/2013,4/23/2013,17.0,2.32,47.5311,-93.4686
467,MN16,4/23/2013,4/30/2013,35.0,2.43,47.5311,-93.4686
468,MN16,4/30/2013,5/6/2013,3.6,5.38,47.5311,-93.4686
469,MN16,5/6/2013,5/20/2013,5.6,3.65,47.5311,-93.4686
470,MN16,5/20/2013,5/21/2013,26.7,3.11,47.5311,-93.4686
471,MN16,5/21/2013,5/28/2013,5.6,1.29,47.5311,-93.4686
472,MN16,5/28/2013,5/30/2013,6.1,1.58,47.5311,-93.4686
473,MN16,5/30/2013,5/31/2013,21.3,0.76,47.5311,-93.4686
474,MN16,5/31/2013,6/5/2013,3.3,11.8,47.5311,-93.4686
475,MN16,6/5/2013,6/10/2013,14.5,0.98,47.5311,-93.4686
476,MN16,6/10/2013,6/21/2013,11.7,1.28,47.5311,-93.4686
477,MN16,6/21/2013,6/24/2013,20.1,1.58,47.5311,-93.4686
478,MN16,6/24/2013,6/27/2013,5.8,3.63,47.5311,-93.4686
479,MN16,6/27/2013,7/1/2013,14.5,1.31,47.5311,-93.4686
480,MN16,7/1/2013,7/10/2013,13.7,1.32,47.5311,-93.4686
481,MN16,7/10/2013,7/15/2013,21.3,1.32,47.5311,-93.4686
482,MN16,7/15/2013,7/18/2013,31.5,3.62,47.5311,-93.4686
483,MN16,7/18/2013,7/19/2013,7.9,2.24,47.5311,-93.4686
484,MN16,7/19/2013,8/5/2013,35.3,0.94,47.5311,-93.4686
485,MN16,8/5/2013,8/21/2013,16.8,2.44,47.5311,-93.4686
486,MN16,8/21/2013,8/27/2013,4.8,4.32,47.5311,-93.4686
487,MN16,8/27/2013,8/29/2013,5.8,3.43,47.5311,-93.4686
488,MN16,8/29/2013,9/3/2013,21.8,1.16,47.5311,-93.4686
489,MN16,9/3/2013,9/10/2013,9.6,2.92,47.5311,-93.4686
490,MN16,9/10/2013,9/30/2013,8.1,2.68,47.5311,-93.4686
491,MN16,9/30/2013,10/7/2013,16.5,2.04,47.5311,-93.4686
492,MN16,10/7/2013,10/14/2013,39.9,0.97,47.5311,-93.4686
493,MN16,10/14/2013,10/16/2013,10.7,2.85,47.5311,-93.4686
494,MN16,10/16/2013,10/29/2013,24.6,0.66,47.5311,-93.4686
495,MN16,10/29/2013,11/6/2013,6.8,1.82,47.5311,-93.4686
496,MN16,11/6/2013,11/13/2013,3.8,1.38,47.5311,-93.4686
497,MN16,11/13/2013,12/2/2013,9.1,1.47,47.5311,-93.4686
498,MN16,12/2/2013,12/5/2013,5.1,1.05,47.5311,-93.4686
499,MN16,12/5/2013,12/18/2013,38.8,0.78,47.5311,-93.4686
500,MN16,12/18/2013,12/24/2013,4.3,0.71,47.5311,-93.4686
501,MN16,12/24/2013,,8.6,0.68,47.5311,-93.4686
502,CO90,,3/21/2000,39.12,,40.05,-105.583
503,CO90,3/21/2000,4/4/2000,4.83,,40.05,-105.583
504,CO90,4/4/2000,4/11/2000,41.66,,40.05,-105.583
505,CO90,4/11/2000,4/18/2000,8.89,,40.05,-105.583
506,CO90,4/18/2000,4/25/2000,12.7,,40.05,-105.583
507,CO90,4/25/2000,5/2/2000,39.88,,40.05,-105.583
508,CO90,5/2/2000,5/9/2000,4.32,,40.05,-105.583
509,CO90,5/9/2000,5/16/2000,18.03,0.62,40.05,-105.583
510,CO90,5/16/2000,5/23/2000,4.06,0.78,40.05,-105.583
511,CO90,5/23/2000,5/30/2000,23.11,0.49,40.05,-105.583
512,CO90,5/30/2000,6/6/2000,16.0,0.42,40.05,-105.583
513,CO90,6/6/2000,6/13/2000,1.52,,40.05,-105.583
514,CO90,6/13/2000,6/20/2000,2.29,,40.05,-105.583
515,CO90,6/20/2000,6/27/2000,28.7,0.51,40.05,-105.583
516,CO90,6/27/2000,7/4/2000,9.65,0.45,40.05,-105.583
517,CO90,7/4/2000,7/11/2000,0.76,,40.05,-105.583
518,CO90,7/11/2000,7/18/2000,7.87,1.5,40.05,-105.583
519,CO90,7/18/2000,7/25/2000,21.84,,40.05,-105.583
520,CO90,7/25/2000,8/1/2000,3.05,,40.05,-105.583
521,CO90,8/1/2000,8/8/2000,3.56,,40.05,-105.583
522,CO90,8/8/2000,8/15/2000,5.33,,40.05,-105.583
523,CO90,8/15/2000,8/22/2000,1.02,,40.05,-105.583
524,CO90,8/22/2000,8/29/2000,19.56,,40.05,-105.583
525,CO90,8/29/2000,9/5/2000,19.81,,40.05,-105.583
526,CO90,9/5/2000,9/12/2000,9.14,0.99,40.05,-105.583
527,CO90,9/12/2000,9/19/2000,0.0,,40.05,-105.583
528,CO90,9/19/2000,9/26/2000,35.56,,40.05,-105.583
529,CO90,9/26/2000,10/3/2000,48.26,0.48,40.05,-105.583
530,CO90,10/3/2000,10/10/2000,0.51,0.3,40.05,-105.583
531,CO90,10/10/2000,10/17/2000,0.0,,40.05,-105.583
532,CO90,10/17/2000,10/24/2000,63.5,,40.05,-105.583
533,CO90,10/24/2000,10/31/2000,0.0,0.59,40.05,-105.583
534,CO90,10/31/2000,11/7/2000,0.0,,40.05,-105.583
535,CO90,11/7/2000,11/14/2000,0.0,0.72,40.05,-105.583
536,CO90,11/14/2000,11/21/2000,0.0,,40.05,-105.583
537,CO90,11/21/2000,11/28/2000,0.0,,40.05,-105.583
538,CO90,11/28/2000,12/5/2000,0.0,,40.05,-105.583
539,CO90,12/5/2000,12/12/2000,0.0,,40.05,-105.583
540,CO90,12/12/2000,12/19/2000,0.0,2.29,40.05,-105.583
541,CO90,12/19/2000,12/26/2000,0.0,0.34,40.05,-105.583
542,CO90,12/26/2000,1/2/2001,0.0,,40.05,-105.583
543,CO90,1/2/2001,1/9/2001,0.0,,40.05,-105.583
544,CO90,1/9/2001,1/16/2001,0.0,,40.05,-105.583
545,CO90,1/16/2001,1/23/2001,0.0,,40.05,-105.583
546,CO90,1/23/2001,1/30/2001,0.0,,40.05,-105.583
547,CO90,1/30/2001,2/6/2001,0.0,,40.05,-105.583
548,CO90,2/6/2001,2/13/2001,,,40.05,-105.583
549,CO90,2/13/2001,2/20/2001,,,40.05,-105.583
550,CO90,2/20/2001,2/27/2001,,,40.05,-105.583
551,CO90,2/27/2001,3/6/2001,,,40.05,-105.583
552,CO90,3/6/2001,3/13/2001,,,40.05,-105.583
553,CO90,3/13/2001,3/20/2001,,0.42,40.05,-105.583
554,CO90,3/20/2001,3/27/2001,,1.07,40.05,-105.583
555,CO90,3/27/2001,4/3/2001,,0.57,40.05,-105.583
556,CO90,4/3/2001,4/10/2001,,,40.05,-105.583
557,CO90,4/10/2001,4/17/2001,13.72,0.48,40.05,-105.583
558,CO90,4/17/2001,4/24/2001,64.26,,40.05,-105.583
559,CO90,4/24/2001,5/1/2001,52.32,0.59,40.05,-105.583
560,CO90,5/1/2001,5/10/2001,,0.45,40.05,-105.583
561,CO90,5/10/2001,5/15/2001,,0.99,40.05,-105.583
562,CO90,5/15/2001,5/22/2001,0.76,,40.05,-105.583
563,CO90,5/22/2001,5/29/2001,40.13,2.29,40.05,-105.583
564,CO90,5/29/2001,6/5/2001,8.13,0.72,40.05,-105.583
565,CO90,6/5/2001,6/12/2001,0.25,,40.05,-105.583
566,CO90,6/12/2001,6/19/2001,0.51,,40.05,-105.583
567,CO90,6/19/2001,6/26/2001,37.34,,40.05,-105.583
568,CO90,6/26/2001,7/3/2001,3.56,,40.05,-105.583
569,CO90,7/3/2001,7/12/2001,8.89,,40.05,-105.583
570,CO90,7/12/2001,7/17/2001,29.21,,40.05,-105.583
571,CO90,7/17/2001,7/23/2001,42.67,,40.05,-105.583
572,CO90,7/23/2001,7/30/2001,5.59,,40.05,-105.583
573,CO90,7/30/2001,8/7/2001,2.54,,40.05,-105.583
574,CO90,8/7/2001,8/14/2001,11.94,,40.05,-105.583
575,CO90,8/14/2001,8/21/2001,,0.47,40.05,-105.583
576,CO90,8/21/2001,8/28/2001,,0.49,40.05,-105.583
577,CO90,8/28/2001,9/4/2001,,0.76,40.05,-105.583
578,CO90,9/4/2001,9/11/2001,,0.39,40.05,-105.583
579,CO90,9/11/2001,9/18/2001,,0.51,40.05,-105.583
580,CO90,9/18/2001,9/25/2001,,,40.05,-105.583
581,CO90,9/25/2001,10/2/2001,,,40.05,-105.583
582,CO90,10/2/2001,10/9/2001,,,40.05,-105.583
583,CO90,10/9/2001,10/16/2001,1.27,,40.05,-105.583
584,CO90,10/16/2001,10/23/2001,,,40.05,-105.583
585,CO90,10/23/2001,10/30/2001,4.57,,40.05,-105.583
586,CO90,10/30/2001,11/6/2001,4.06,0.44,40.05,-105.583
587,CO90,11/6/2001,11/13/2001,2.54,1.5,40.05,-105.583
588,CO90,11/13/2001,11/20/2001,0.51,,40.05,-105.583
589,CO90,11/20/2001,11/27/2001,2.79,,40.05,-105.583
590,CO90,11/27/2001,12/4/2001,7.37,,40.05,-105.583
591,CO90,12/4/2001,12/11/2001,3.3,,40.05,-105.583
592,CO90,12/11/2001,12/18/2001,15.24,,40.05,-105.583
593,CO90,12/18/2001,12/25/2001,12.45,,40.05,-105.583
594,CO90,12/25/2001,1/1/2002,20.32,,40.05,-105.583
595,CO90,1/1/2002,1/8/2002,11.43,,40.05,-105.583
596,CO90,1/8/2002,1/15/2002,25.65,,40.05,-105.583
597,CO90,1/15/2002,1/22/2002,6.6,1.27,40.05,-105.583
598,CO90,1/22/2002,1/29/2002,5.33,,40.05,-105.583
599,CO90,1/29/2002,2/5/2002,10.41,1.13,40.05,-105.583
600,CO90,2/5/2002,2/12/2002,1.02,0.86,40.05,-105.583
601,CO90,2/12/2002,2/19/2002,17.78,,40.05,-105.583
602,CO90,2/19/2002,2/26/2002,3.3,0.69,40.05,-105.583
603,CO90,2/26/2002,3/5/2002,11.68,0.86,40.05,-105.583
604,CO90,3/5/2002,3/12/2002,10.16,0.56,40.05,-105.583
605,CO90,3/12/2002,3/19/2002,2.79,,40.05,-105.583
606,CO90,3/19/2002,3/26/2002,9.91,0.32,40.05,-105.583
607,CO90,3/26/2002,4/2/2002,3.3,,40.05,-105.583
608,CO90,4/2/2002,4/9/2002,5.08,,40.05,-105.583
609,CO90,4/9/2002,4/16/2002,0.0,,40.05,-105.583
610,CO90,4/16/2002,4/23/2002,2.54,,40.05,-105.583
611,CO90,4/23/2002,4/30/2002,9.91,0.94,40.05,-105.583
612,CO90,4/30/2002,5/7/2002,5.84,0.57,40.05,-105.583
613,CO90,5/7/2002,5/14/2002,3.05,1.22,40.05,-105.583
614,CO90,5/14/2002,5/21/2002,17.02,0.89,40.05,-105.583
615,CO90,5/21/2002,5/28/2002,6.1,1.36,40.05,-105.583
616,CO90,5/28/2002,6/4/2002,15.75,0.71,40.05,-105.583
617,CO90,6/4/2002,6/11/2002,4.83,2.43,40.05,-105.583
618,CO90,6/11/2002,6/18/2002,0.25,1.75,40.05,-105.583
619,CO90,6/18/2002,6/25/2002,0.0,6.49,40.05,-105.583
620,CO90,6/25/2002,7/2/2002,2.03,10.86,40.05,-105.583
621,CO90,7/2/2002,7/9/2002,,3.96,40.05,-105.583
622,CO90,7/9/2002,7/16/2002,,2.43,40.05,-105.583
623,CO90,7/16/2002,7/23/2002,,1.95,40.05,-105.583
624,CO90,7/23/2002,7/30/2002,,,40.05,-105.583
625,CO90,7/30/2002,8/6/2002,,2.77,40.05,-105.583
626,CO90,8/6/2002,8/13/2002,36.32,2.21,40.05,-105.583
627,CO90,8/13/2002,8/20/2002,,1.38,40.05,-105.583
628,CO90,8/20/2002,8/27/2002,1.27,,40.05,-105.583
629,CO90,8/27/2002,9/3/2002,0.25,,40.05,-105.583
630,CO90,9/3/2002,9/10/2002,11.18,1.49,40.05,-105.583
631,CO90,9/10/2002,9/17/2002,,0.64,40.05,-105.583
632,CO90,9/17/2002,9/24/2002,17.53,0.84,40.05,-105.583
633,CO90,9/24/2002,10/1/2002,13.21,0.81,40.05,-105.583
634,CO90,10/1/2002,10/8/2002,9.91,0.9,40.05,-105.583
635,CO90,10/8/2002,10/15/2002,23.37,0.4,40.05,-105.583
636,CO90,10/15/2002,10/22/2002,3.81,,40.05,-105.583
637,CO90,10/22/2002,10/29/2002,2.29,,40.05,-105.583
638,CO90,10/29/2002,11/5/2002,19.05,0.43,40.05,-105.583
639,CO90,11/5/2002,11/12/2002,38.35,0.39,40.05,-105.583
640,CO90,11/12/2002,11/19/2002,47.24,0.39,40.05,-105.583
641,CO90,11/19/2002,11/26/2002,9.14,0.33,40.05,-105.583
642,CO90,11/26/2002,12/3/2002,13.97,0.57,40.05,-105.583
643,CO90,12/3/2002,12/10/2002,6.35,,40.05,-105.583
644,CO90,12/10/2002,12/17/2002,7.62,,40.05,-105.583
645,CO90,12/17/2002,12/23/2002,9.91,,40.05,-105.583
646,CO90,12/23/2002,12/31/2002,9.91,,40.05,-105.583
647,CO90,12/31/2002,1/7/2003,8.13,,40.05,-105.583
648,CO90,1/7/2003,1/13/2003,15.49,0.62,40.05,-105.583
649,CO90,1/13/2003,1/20/2003,6.1,,40.05,-105.583
650,CO90,1/20/2003,1/28/2003,16.26,,40.05,-105.583
651,CO90,1/28/2003,2/4/2003,7.87,,40.05,-105.583
652,CO90,2/4/2003,2/11/2003,24.89,0.44,40.05,-105.583
653,CO90,2/11/2003,2/17/2003,12.19,0.59,40.05,-105.583
654,CO90,2/17/2003,2/25/2003,19.05,0.53,40.05,-105.583
655,CO90,2/25/2003,3/4/2003,45.21,0.45,40.05,-105.583
656,CO90,3/4/2003,3/11/2003,1.52,0.56,40.05,-105.583
657,CO90,3/11/2003,3/25/2003,0.0,0.48,40.05,-105.583
658,CO90,3/25/2003,4/1/2003,,0.52,40.05,-105.583
659,CO90,4/1/2003,4/8/2003,31.5,0.46,40.05,-105.583
660,CO90,4/8/2003,4/15/2003,12.45,0.61,40.05,-105.583
661,CO90,4/15/2003,4/22/2003,0.0,,40.05,-105.583
662,CO90,4/22/2003,4/29/2003,25.15,0.72,40.05,-105.583
663,CO90,4/29/2003,5/6/2003,1.78,1.43,40.05,-105.583
664,CO90,5/6/2003,5/13/2003,,1.04,40.05,-105.583
665,CO90,5/13/2003,5/20/2003,53.34,0.72,40.05,-105.583
666,CO90,5/20/2003,5/27/2003,3.05,3.83,40.05,-105.583
667,CO90,5/27/2003,6/3/2003,17.78,4.4,40.05,-105.583
668,CO90,6/3/2003,6/10/2003,1.02,2.4,40.05,-105.583
669,CO90,6/10/2003,6/17/2003,,1.62,40.05,-105.583
670,CO90,6/17/2003,6/24/2003,44.7,1.68,40.05,-105.583
671,CO90,6/24/2003,7/1/2003,0.0,1.98,40.05,-105.583
672,CO90,7/1/2003,7/8/2003,0.0,,40.05,-105.583
673,CO90,7/8/2003,7/15/2003,,,40.05,-105.583
674,CO90,7/15/2003,7/22/2003,0.0,,40.05,-105.583
675,CO90,7/22/2003,7/29/2003,21.08,4.27,40.05,-105.583
676,CO90,7/29/2003,8/5/2003,,2.5,40.05,-105.583
677,CO90,8/5/2003,8/12/2003,,3.17,40.05,-105.583
678,CO90,8/12/2003,8/21/2003,,6.72,40.05,-105.583
679,CO90,8/21/2003,8/26/2003,,1.22,40.05,-105.583
680,CO90,8/26/2003,9/2/2003,,2.13,40.05,-105.583
681,CO90,9/2/2003,9/9/2003,,0.85,40.05,-105.583
682,CO90,9/9/2003,9/16/2003,,1.53,40.05,-105.583
683,CO90,9/16/2003,9/23/2003,,,40.05,-105.583
684,CO90,9/23/2003,9/30/2003,0.25,,40.05,-105.583
685,CO90,9/30/2003,10/7/2003,0.0,,40.05,-105.583
686,CO90,10/7/2003,10/14/2003,4.32,1.87,40.05,-105.583
687,CO90,10/14/2003,10/21/2003,6.86,1.3,40.05,-105.583
688,CO90,10/21/2003,10/28/2003,0.0,,40.05,-105.583
689,CO90,10/28/2003,11/4/2003,0.0,,40.05,-105.583
690,CO90,11/4/2003,11/11/2003,14.73,0.69,40.05,-105.583
691,CO90,11/11/2003,11/18/2003,29.97,0.48,40.05,-105.583
692,CO90,11/18/2003,11/25/2003,30.23,,40.05,-105.583
693,CO90,11/25/2003,12/2/2003,12.19,,40.05,-105.583
694,CO90,12/2/2003,12/9/2003,,0.65,40.05,-105.583
695,CO90,12/9/2003,12/16/2003,,0.45,40.05,-105.583
696,CO90,12/16/2003,12/22/2003,,0.75,40.05,-105.583
697,CO90,12/22/2003,12/30/2003,,0.86,40.05,-105.583
698,CO90,12/30/2003,1/6/2004,,,40.05,-105.583
699,CO90,1/6/2004,1/13/2004,,0.76,40.05,-105.583
700,CO90,1/13/2004,1/20/2004,,,40.05,-105.583
701,CO90,1/20/2004,1/27/2004,,0.98,40.05,-105.583
702,CO90,1/27/2004,2/3/2004,,,40.05,-105.583
703,CO90,2/3/2004,2/10/2004,,0.53,40.05,-105.583
704,CO90,2/10/2004,2/17/2004,,0.48,40.05,-105.583
705,CO90,2/17/2004,2/24/2004,5.59,,40.05,-105.583
706,CO90,2/24/2004,3/2/2004,22.86,0.56,40.05,-105.583
707,CO90,3/2/2004,3/9/2004,12.19,0.85,40.05,-105.583
708,CO90,3/9/2004,3/16/2004,39.62,0.58,40.05,-105.583
709,CO90,3/16/2004,3/23/2004,14.48,,40.05,-105.583
710,CO90,3/23/2004,3/30/2004,4.32,,40.05,-105.583
711,CO90,3/30/2004,4/6/2004,10.16,0.86,40.05,-105.583
712,CO90,4/6/2004,4/13/2004,66.04,0.83,40.05,-105.583
713,CO90,4/13/2004,4/20/2004,55.12,0.44,40.05,-105.583
714,CO90,4/20/2004,4/27/2004,8.38,1.68,40.05,-105.583
715,CO90,4/27/2004,5/4/2004,47.5,0.48,40.05,-105.583
716,CO90,5/4/2004,5/11/2004,6.86,0.77,40.05,-105.583
717,CO90,5/11/2004,5/18/2004,0.0,,40.05,-105.583
718,CO90,5/18/2004,5/25/2004,32.51,0.81,40.05,-105.583
719,CO90,5/25/2004,6/1/2004,4.32,1.39,40.05,-105.583
720,CO90,6/1/2004,6/8/2004,7.87,1.19,40.05,-105.583
721,CO90,6/8/2004,6/15/2004,1.78,4.3,40.05,-105.583
722,CO90,6/15/2004,6/22/2004,16.76,1.93,40.05,-105.583
723,CO90,6/22/2004,6/29/2004,48.77,1.02,40.05,-105.583
724,CO90,6/29/2004,7/6/2004,17.27,1.22,40.05,-105.583
725,CO90,7/6/2004,7/13/2004,25.91,1.43,40.05,-105.583
726,CO90,7/13/2004,7/20/2004,0.76,,40.05,-105.583
727,CO90,7/20/2004,7/27/2004,69.09,1.0,40.05,-105.583
728,CO90,7/27/2004,8/5/2004,32.77,1.1,40.05,-105.583
729,CO90,8/5/2004,8/10/2004,5.08,2.44,40.05,-105.583
730,CO90,8/10/2004,8/17/2004,13.46,1.41,40.05,-105.583
731,CO90,8/17/2004,8/24/2004,2.03,1.32,40.05,-105.583
732,CO90,8/24/2004,8/31/2004,50.55,0.81,40.05,-105.583
733,CO90,8/31/2004,9/7/2004,2.79,1.31,40.05,-105.583
734,CO90,9/7/2004,9/14/2004,11.43,1.39,40.05,-105.583
735,CO90,9/14/2004,9/21/2004,2.03,0.92,40.05,-105.583
736,CO90,9/21/2004,9/28/2004,12.45,0.36,40.05,-105.583
737,CO90,9/28/2004,10/5/2004,15.24,,40.05,-105.583
738,CO90,10/5/2004,10/12/2004,30.73,0.74,40.05,-105.583
739,CO90,10/12/2004,10/19/2004,27.43,,40.05,-105.583
740,CO90,10/19/2004,10/26/2004,27.43,,40.05,-105.583
741,CO90,10/26/2004,11/2/2004,13.46,,40.05,-105.583
742,CO90,11/2/2004,11/9/2004,,0.15,40.05,-105.583
743,CO90,11/9/2004,11/16/2004,3.05,,40.05,-105.583
744,CO90,11/16/2004,11/23/2004,,0.24,40.05,-105.583
745,CO90,11/23/2004,11/30/2004,,0.36,40.05,-105.583
746,CO90,11/30/2004,12/7/2004,,0.04,40.05,-105.583
747,CO90,12/7/2004,12/14/2004,2.03,,40.05,-105.583
748,CO90,12/14/2004,12/21/2004,32.26,,40.05,-105.583
749,CO90,12/21/2004,12/28/2004,1.78,,40.05,-105.583
750,CO90,12/28/2004,1/4/2005,3.81,,40.05,-105.583
751,CO90,1/4/2005,1/11/2005,12.7,0.18,40.05,-105.583
752,CO90,1/11/2005,1/17/2005,26.42,0.15,40.05,-105.583
753,CO90,1/17/2005,1/25/2005,13.97,,40.05,-105.583
754,CO90,1/25/2005,2/1/2005,0.0,,40.05,-105.583
755,CO90,2/1/2005,2/8/2005,45.21,,40.05,-105.583
756,CO90,2/8/2005,2/15/2005,2.54,0.24,40.05,-105.583
757,CO90,2/15/2005,2/22/2005,12.95,,40.05,-105.583
758,CO90,2/22/2005,3/1/2005,18.54,0.54,40.05,-105.583
759,CO90,3/1/2005,3/8/2005,2.03,,40.05,-105.583
760,CO90,3/8/2005,3/15/2005,41.66,0.61,40.05,-105.583
761,CO90,3/15/2005,3/22/2005,80.26,1.06,40.05,-105.583
762,CO90,3/22/2005,3/29/2005,23.37,0.65,40.05,-105.583
763,CO90,3/29/2005,4/5/2005,10.41,0.62,40.05,-105.583
764,CO90,4/5/2005,4/12/2005,13.21,0.62,40.05,-105.583
765,CO90,4/12/2005,4/19/2005,46.99,0.68,40.05,-105.583
766,CO90,4/19/2005,4/26/2005,0.0,,40.05,-105.583
767,CO90,4/26/2005,5/3/2005,33.78,0.7,40.05,-105.583
768,CO90,5/3/2005,5/10/2005,78.99,0.63,40.05,-105.583
769,CO90,5/10/2005,5/17/2005,12.95,2.15,40.05,-105.583
770,CO90,5/17/2005,5/24/2005,41.4,0.62,40.05,-105.583
771,CO90,5/24/2005,5/31/2005,0.51,,40.05,-105.583
772,CO90,5/31/2005,6/7/2005,6.6,1.14,40.05,-105.583
773,CO90,6/7/2005,6/14/2005,25.15,1.19,40.05,-105.583
774,CO90,6/14/2005,6/21/2005,21.84,0.95,40.05,-105.583
775,CO90,6/21/2005,6/28/2005,4.32,,40.05,-105.583
776,CO90,6/28/2005,7/5/2005,8.38,6.46,40.05,-105.583
777,CO90,7/5/2005,7/12/2005,14.48,5.04,40.05,-105.583
778,CO90,7/12/2005,7/19/2005,0.0,,40.05,-105.583
779,CO90,7/19/2005,7/26/2005,1.78,,40.05,-105.583
780,CO90,7/26/2005,8/2/2005,23.11,3.24,40.05,-105.583
781,CO90,8/2/2005,8/9/2005,1.27,,40.05,-105.583
782,CO90,8/9/2005,8/16/2005,35.56,1.15,40.05,-105.583
783,CO90,8/16/2005,8/23/2005,9.4,1.65,40.05,-105.583
784,CO90,8/23/2005,8/30/2005,5.08,2.77,40.05,-105.583
785,CO90,8/30/2005,9/6/2005,3.81,2.62,40.05,-105.583
786,CO90,9/6/2005,9/13/2005,1.02,,40.05,-105.583
787,CO90,9/13/2005,9/20/2005,5.33,2.26,40.05,-105.583
788,CO90,9/20/2005,9/27/2005,10.16,,40.05,-105.583
789,CO90,9/27/2005,10/4/2005,12.45,1.12,40.05,-105.583
790,CO90,10/4/2005,10/12/2005,19.81,0.97,40.05,-105.583
791,CO90,10/12/2005,10/18/2005,30.23,0.74,40.05,-105.583
792,CO90,10/18/2005,10/25/2005,0.0,,40.05,-105.583
793,CO90,10/25/2005,11/1/2005,1.78,,40.05,-105.583
794,CO90,11/1/2005,11/8/2005,10.41,,40.05,-105.583
795,CO90,11/8/2005,11/15/2005,13.21,,40.05,-105.583
796,CO90,11/15/2005,11/22/2005,68.07,,40.05,-105.583
797,CO90,11/22/2005,11/29/2005,16.0,,40.05,-105.583
798,CO90,11/29/2005,12/6/2005,1.52,,40.05,-105.583
799,CO90,12/6/2005,12/13/2005,126.24,0.24,40.05,-105.583
800,CO90,12/13/2005,12/20/2005,77.72,,40.05,-105.583
801,CO90,12/20/2005,12/27/2005,41.91,0.49,40.05,-105.583
802,CO90,12/27/2005,1/3/2006,11.68,,40.05,-105.583
803,CO90,1/3/2006,1/10/2006,26.42,,40.05,-105.583
804,CO90,1/10/2006,1/17/2006,30.23,0.56,40.05,-105.583
805,CO90,1/17/2006,1/24/2006,45.97,1.09,40.05,-105.583
806,CO90,1/24/2006,1/31/2006,29.72,0.24,40.05,-105.583
807,CO90,1/31/2006,2/7/2006,40.89,,40.05,-105.583
808,CO90,2/7/2006,2/14/2006,47.24,0.28,40.05,-105.583
809,CO90,2/14/2006,2/21/2006,6.1,0.76,40.05,-105.583
810,CO90,2/21/2006,3/7/2006,19.05,7.08,40.05,-105.583
811,CO90,3/7/2006,3/14/2006,4.57,1.41,40.05,-105.583
812,CO90,3/14/2006,3/21/2006,38.86,0.4,40.05,-105.583
813,CO90,3/21/2006,3/28/2006,30.99,0.47,40.05,-105.583
814,CO90,3/28/2006,4/11/2006,14.73,0.81,40.05,-105.583
815,CO90,4/11/2006,4/25/2006,13.46,0.84,40.05,-105.583
816,CO90,4/25/2006,5/2/2006,,1.62,40.05,-105.583
817,CO90,5/2/2006,5/9/2006,22.35,1.66,40.05,-105.583
818,CO90,5/9/2006,5/16/2006,33.02,1.4,40.05,-105.583
819,CO90,5/16/2006,5/23/2006,3.3,3.97,40.05,-105.583
820,CO90,5/23/2006,6/13/2006,7.37,3.37,40.05,-105.583
821,CO90,6/13/2006,6/20/2006,6.86,3.58,40.05,-105.583
822,CO90,6/20/2006,6/27/2006,2.29,8.9,40.05,-105.583
823,CO90,6/27/2006,7/4/2006,4.57,5.61,40.05,-105.583
824,CO90,7/4/2006,7/11/2006,22.35,4.32,40.05,-105.583
825,CO90,7/11/2006,7/18/2006,101.6,0.75,40.05,-105.583
826,CO90,7/18/2006,7/25/2006,3.3,,40.05,-105.583
827,CO90,7/25/2006,8/1/2006,1.78,5.71,40.05,-105.583
828,CO90,8/1/2006,8/8/2006,5.59,4.94,40.05,-105.583
829,CO90,8/8/2006,8/15/2006,4.83,5.54,40.05,-105.583
830,CO90,8/15/2006,8/22/2006,5.84,5.86,40.05,-105.583
831,CO90,8/22/2006,8/29/2006,12.19,2.96,40.05,-105.583
832,CO90,8/29/2006,9/5/2006,12.19,2.37,40.05,-105.583
833,CO90,9/5/2006,9/12/2006,1.27,1.49,40.05,-105.583
834,CO90,9/12/2006,9/19/2006,35.81,5.06,40.05,-105.583
835,CO90,9/19/2006,9/26/2006,7.11,4.7,40.05,-105.583
836,CO90,9/26/2006,10/10/2006,37.85,1.71,40.05,-105.583
837,CO90,10/10/2006,10/17/2006,7.11,1.11,40.05,-105.583
838,CO90,10/17/2006,10/24/2006,,0.82,40.05,-105.583
839,CO90,10/24/2006,10/31/2006,41.91,1.05,40.05,-105.583
840,CO90,10/31/2006,11/14/2006,53.09,0.69,40.05,-105.583
841,CO90,11/14/2006,11/28/2006,34.54,0.65,40.05,-105.583
842,CO90,11/28/2006,12/5/2006,3.81,0.54,40.05,-105.583
843,CO90,12/5/2006,12/19/2006,50.55,1.06,40.05,-105.583
844,CO90,12/19/2006,1/2/2007,9.14,4.91,40.05,-105.583
845,CO90,1/2/2007,1/9/2007,46.74,0.18,40.05,-105.583
846,CO90,1/9/2007,1/16/2007,40.64,0.75,40.05,-105.583
847,CO90,1/16/2007,1/23/2007,3.56,,40.05,-105.583
848,CO90,1/23/2007,1/30/2007,11.68,0.27,40.05,-105.583
849,CO90,1/30/2007,2/6/2007,0.51,,40.05,-105.583
850,CO90,2/6/2007,2/13/2007,32.26,0.43,40.05,-105.583
851,CO90,2/13/2007,2/20/2007,7.62,0.57,40.05,-105.583
852,CO90,2/20/2007,2/27/2007,5.84,0.38,40.05,-105.583
853,CO90,2/27/2007,3/6/2007,18.8,0.52,40.05,-105.583
854,CO90,3/6/2007,3/13/2007,54.86,0.21,40.05,-105.583
855,CO90,3/13/2007,3/20/2007,14.73,0.33,40.05,-105.583
856,CO90,3/20/2007,3/27/2007,1.27,0.34,40.05,-105.583
857,CO90,3/27/2007,4/3/2007,36.83,0.49,40.05,-105.583
858,CO90,4/3/2007,4/10/2007,25.15,0.51,40.05,-105.583
859,CO90,4/10/2007,4/17/2007,30.73,0.55,40.05,-105.583
860,CO90,4/17/2007,4/24/2007,47.75,0.25,40.05,-105.583
861,CO90,4/24/2007,5/1/2007,35.56,0.33,40.05,-105.583
862,CO90,5/1/2007,5/8/2007,9.91,1.13,40.05,-105.583
863,CO90,5/8/2007,5/15/2007,54.86,0.58,40.05,-105.583
864,CO90,5/15/2007,5/22/2007,5.08,,40.05,-105.583
865,CO90,5/22/2007,5/29/2007,4.06,2.2,40.05,-105.583
866,CO90,5/29/2007,6/5/2007,11.94,0.83,40.05,-105.583
867,CO90,6/5/2007,6/12/2007,8.13,1.82,40.05,-105.583
868,CO90,6/12/2007,6/19/2007,10.92,1.48,40.05,-105.583
869,CO90,6/19/2007,6/26/2007,1.52,,40.05,-105.583
870,CO90,6/26/2007,7/3/2007,0.0,,40.05,-105.583
871,CO90,7/3/2007,7/10/2007,1.78,,40.05,-105.583
872,CO90,7/10/2007,7/17/2007,21.59,1.89,40.05,-105.583
873,CO90,7/17/2007,7/24/2007,9.65,5.0,40.05,-105.583
874,CO90,7/24/2007,7/31/2007,8.13,4.07,40.05,-105.583
875,CO90,7/31/2007,8/7/2007,56.9,1.07,40.05,-105.583
876,CO90,8/7/2007,8/14/2007,7.87,2.31,40.05,-105.583
877,CO90,8/14/2007,8/21/2007,8.89,2.43,40.05,-105.583
878,CO90,8/21/2007,8/28/2007,19.05,1.7,40.05,-105.583
879,CO90,8/28/2007,9/4/2007,18.29,1.54,40.05,-105.583
880,CO90,9/4/2007,9/10/2007,17.02,2.25,40.05,-105.583
881,CO90,9/10/2007,9/18/2007,,1.66,40.05,-105.583
882,CO90,9/18/2007,9/25/2007,10.16,0.95,40.05,-105.583
883,CO90,9/25/2007,10/2/2007,6.6,1.11,40.05,-105.583
884,CO90,10/2/2007,10/9/2007,5.08,0.57,40.05,-105.583
885,CO90,10/9/2007,10/16/2007,0.25,,40.05,-105.583
886,CO90,10/16/2007,10/23/2007,22.86,0.29,40.05,-105.583
887,CO90,10/23/2007,10/30/2007,5.59,0.57,40.05,-105.583
888,CO90,10/30/2007,11/6/2007,0.0,,40.05,-105.583
889,CO90,11/6/2007,11/13/2007,1.27,,40.05,-105.583
890,CO90,11/13/2007,11/20/2007,2.29,,40.05,-105.583
891,CO90,11/20/2007,11/27/2007,26.42,,40.05,-105.583
892,CO90,11/27/2007,12/11/2007,12.7,0.21,40.05,-105.583
893,CO90,12/11/2007,12/18/2007,64.26,0.3,40.05,-105.583
894,CO90,12/18/2007,12/23/2007,2.03,,40.05,-105.583
895,CO90,12/23/2007,1/2/2008,4.57,0.38,40.05,-105.583
896,CO90,1/2/2008,1/8/2008,31.5,0.74,40.05,-105.583
897,CO90,1/8/2008,1/15/2008,4.06,0.67,40.05,-105.583
898,CO90,1/15/2008,1/22/2008,16.51,,40.05,-105.583
899,CO90,1/22/2008,1/29/2008,13.72,,40.05,-105.583
900,CO90,1/29/2008,2/5/2008,3.05,,40.05,-105.583
901,CO90,2/5/2008,2/12/2008,22.61,0.4,40.05,-105.583
902,CO90,2/12/2008,2/19/2008,11.18,,40.05,-105.583
903,CO90,2/19/2008,2/26/2008,1.52,,40.05,-105.583
904,CO90,2/26/2008,3/4/2008,,0.73,40.05,-105.583
905,CO90,3/4/2008,3/11/2008,8.38,0.39,40.05,-105.583
906,CO90,3/11/2008,3/18/2008,0.0,0.75,40.05,-105.583
907,CO90,3/18/2008,3/25/2008,6.1,0.41,40.05,-105.583
908,CO90,3/25/2008,4/1/2008,4.83,0.72,40.05,-105.583
909,CO90,4/1/2008,4/8/2008,37.08,0.54,40.05,-105.583
910,CO90,4/8/2008,4/15/2008,42.93,0.33,40.05,-105.583
911,CO90,4/15/2008,4/22/2008,19.05,0.71,40.05,-105.583
912,CO90,4/22/2008,4/29/2008,23.11,0.5,40.05,-105.583
913,CO90,4/29/2008,5/6/2008,11.18,1.59,40.05,-105.583
914,CO90,5/6/2008,5/13/2008,21.34,,40.05,-105.583
915,CO90,5/13/2008,5/20/2008,46.99,0.69,40.05,-105.583
916,CO90,5/20/2008,5/27/2008,10.92,1.96,40.05,-105.583
917,CO90,5/27/2008,6/3/2008,19.56,1.68,40.05,-105.583
918,CO90,6/3/2008,6/10/2008,0.0,,40.05,-105.583
919,CO90,6/10/2008,6/17/2008,34.54,0.97,40.05,-105.583
920,CO90,6/17/2008,6/24/2008,0.0,,40.05,-105.583
921,CO90,6/24/2008,7/1/2008,0.0,,40.05,-105.583
922,CO90,7/1/2008,7/8/2008,0.0,,40.05,-105.583
923,CO90,7/8/2008,7/15/2008,10.67,3.87,40.05,-105.583
924,CO90,7/15/2008,7/22/2008,3.3,6.07,40.05,-105.583
925,CO90,7/22/2008,7/29/2008,6.6,4.34,40.05,-105.583
926,CO90,7/29/2008,8/5/2008,16.26,2.51,40.05,-105.583
927,CO90,8/5/2008,8/12/2008,5.08,4.43,40.05,-105.583
928,CO90,8/12/2008,8/19/2008,40.39,1.63,40.05,-105.583
929,CO90,8/19/2008,8/26/2008,50.04,0.99,40.05,-105.583
930,CO90,8/26/2008,9/2/2008,13.21,2.65,40.05,-105.583
931,CO90,9/2/2008,9/9/2008,3.3,3.29,40.05,-105.583
932,CO90,9/9/2008,9/16/2008,6.1,2.5,40.05,-105.583
933,CO90,9/16/2008,9/23/2008,32.26,1.31,40.05,-105.583
934,CO90,9/23/2008,9/30/2008,11.43,,40.05,-105.583
935,CO90,9/30/2008,10/7/2008,0.0,,40.05,-105.583
936,CO90,10/7/2008,10/14/2008,3.3,1.64,40.05,-105.583
937,CO90,10/14/2008,10/21/2008,11.18,0.28,40.05,-105.583
938,CO90,10/21/2008,10/28/2008,2.54,1.36,40.05,-105.583
939,CO90,10/28/2008,11/4/2008,8.13,1.09,40.05,-105.583
940,CO90,11/4/2008,11/11/2008,0.0,,40.05,-105.583
941,CO90,11/11/2008,11/18/2008,8.64,0.63,40.05,-105.583
942,CO90,11/18/2008,11/24/2008,10.92,,40.05,-105.583
943,CO90,11/24/2008,12/2/2008,0.0,,40.05,-105.583
944,CO90,12/2/2008,12/9/2008,34.29,0.23,40.05,-105.583
945,CO90,12/9/2008,12/16/2008,19.56,0.62,40.05,-105.583
946,CO90,12/16/2008,12/22/2008,27.69,0.29,40.05,-105.583
947,CO90,12/22/2008,12/30/2008,21.08,0.73,40.05,-105.583
948,CO90,12/30/2008,1/6/2009,26.67,0.58,40.05,-105.583
949,CO90,1/6/2009,1/13/2009,5.59,0.35,40.05,-105.583
950,CO90,1/13/2009,1/20/2009,70.87,0.39,40.05,-105.583
951,CO90,1/20/2009,1/27/2009,5.08,,40.05,-105.583
952,CO90,1/27/2009,2/3/2009,,0.74,40.05,-105.583
953,CO90,2/3/2009,2/10/2009,32.51,,40.05,-105.583
954,CO90,2/10/2009,2/17/2009,4.32,,40.05,-105.583
955,CO90,2/17/2009,2/24/2009,14.22,0.55,40.05,-105.583
956,CO90,2/24/2009,3/3/2009,22.1,0.44,40.05,-105.583
957,CO90,3/3/2009,3/10/2009,,0.89,40.05,-105.583
958,CO90,3/10/2009,3/17/2009,8.13,0.81,40.05,-105.583
959,CO90,3/17/2009,3/24/2009,2.79,1.25,40.05,-105.583
960,CO90,3/24/2009,3/31/2009,12.19,,40.05,-105.583
961,CO90,3/31/2009,4/7/2009,48.26,0.34,40.05,-105.583
962,CO90,4/7/2009,4/14/2009,41.4,0.56,40.05,-105.583
963,CO90,4/14/2009,4/21/2009,16.76,0.9,40.05,-105.583
964,CO90,4/21/2009,4/28/2009,115.06,0.57,40.05,-105.583
965,CO90,4/28/2009,5/5/2009,12.19,0.97,40.05,-105.583
966,CO90,5/5/2009,5/12/2009,28.96,0.72,40.05,-105.583
967,CO90,5/12/2009,5/19/2009,19.3,1.0,40.05,-105.583
968,CO90,5/19/2009,5/26/2009,0.0,,40.05,-105.583
969,CO90,5/26/2009,6/2/2009,31.24,1.24,40.05,-105.583
970,CO90,6/2/2009,6/9/2009,24.38,1.17,40.05,-105.583
971,CO90,6/9/2009,6/16/2009,5.33,2.07,40.05,-105.583
972,CO90,6/16/2009,6/23/2009,13.46,1.32,40.05,-105.583
973,CO90,6/23/2009,6/30/2009,,1.62,40.05,-105.583
974,CO90,6/30/2009,7/7/2009,,3.65,40.05,-105.583
975,CO90,7/7/2009,7/14/2009,,4.02,40.05,-105.583
976,CO90,7/14/2009,7/21/2009,,,40.05,-105.583
977,CO90,7/21/2009,7/28/2009,4.83,3.79,40.05,-105.583
978,CO90,7/28/2009,8/4/2009,8.64,4.47,40.05,-105.583
979,CO90,8/4/2009,8/11/2009,35.56,1.37,40.05,-105.583
980,CO90,8/11/2009,8/18/2009,7.11,,40.05,-105.583
981,CO90,8/18/2009,8/25/2009,6.6,3.82,40.05,-105.583
982,CO90,8/25/2009,9/1/2009,4.83,6.63,40.05,-105.583
983,CO90,9/1/2009,9/8/2009,8.64,4.02,40.05,-105.583
984,CO90,9/8/2009,9/15/2009,10.67,3.57,40.05,-105.583
985,CO90,9/15/2009,9/22/2009,7.11,2.75,40.05,-105.583
986,CO90,9/22/2009,9/29/2009,16.26,1.11,40.05,-105.583
987,CO90,9/29/2009,10/6/2009,11.94,1.45,40.05,-105.583
988,CO90,10/6/2009,10/13/2009,18.29,1.09,40.05,-105.583
989,CO90,10/13/2009,10/22/2009,12.19,1.07,40.05,-105.583
990,CO90,10/22/2009,10/27/2009,26.16,0.66,40.05,-105.583
991,CO90,10/27/2009,11/3/2009,7.11,0.59,40.05,-105.583
992,CO90,11/3/2009,11/9/2009,50.29,0.34,40.05,-105.583
993,CO90,11/9/2009,11/17/2009,0.51,,40.05,-105.583
994,CO90,11/17/2009,11/24/2009,17.78,0.77,40.05,-105.583
995,CO90,11/24/2009,12/1/2009,9.4,0.52,40.05,-105.583
996,CO90,12/1/2009,12/8/2009,1.27,,40.05,-105.583
997,CO90,12/8/2009,12/15/2009,38.35,0.47,40.05,-105.583
998,CO90,12/15/2009,12/22/2009,74.68,0.59,40.05,-105.583
999,CO90,12/22/2009,12/29/2009,1.27,,40.05,-105.583
1000,CO90,12/29/2009,1/5/2010,21.34,0.32,40.05,-105.583
1001,CO90,1/5/2010,1/12/2010,14.48,0.39,40.05,-105.583
1002,CO90,1/12/2010,1/19/2010,12.19,0.77,40.05,-105.583
1003,CO90,1/19/2010,1/26/2010,0.0,,40.05,-105.583
1004,CO90,1/26/2010,2/2/2010,12.19,,40.05,-105.583
1005,CO90,2/2/2010,2/9/2010,6.6,0.58,40.05,-105.583
1006,CO90,2/9/2010,2/16/2010,7.62,0.7,40.05,-105.583
1007,CO90,2/16/2010,2/23/2010,23.62,0.54,40.05,-105.583
1008,CO90,2/23/2010,3/2/2010,22.1,0.31,40.05,-105.583
1009,CO90,3/2/2010,3/9/2010,3.05,,40.05,-105.583
1010,CO90,3/9/2010,3/16/2010,17.27,,40.05,-105.583
1011,CO90,3/16/2010,3/23/2010,28.45,1.15,40.05,-105.583
1012,CO90,3/23/2010,3/30/2010,42.67,0.49,40.05,-105.583
1013,CO90,3/30/2010,4/9/2010,46.99,0.53,40.05,-105.583
1014,CO90,4/9/2010,4/13/2010,64.26,0.3,40.05,-105.583
1015,CO90,4/13/2010,4/20/2010,0.76,,40.05,-105.583
1016,CO90,4/20/2010,4/27/2010,4.06,,40.05,-105.583
1017,CO90,4/27/2010,5/4/2010,60.71,0.56,40.05,-105.583
1018,CO90,5/4/2010,5/11/2010,35.31,1.03,40.05,-105.583
1019,CO90,5/11/2010,5/18/2010,15.75,2.12,40.05,-105.583
1020,CO90,5/18/2010,5/25/2010,67.82,0.71,40.05,-105.583
1021,CO90,5/25/2010,6/1/2010,8.13,3.16,40.05,-105.583
1022,CO90,6/1/2010,6/8/2010,1.78,,40.05,-105.583
1023,CO90,6/8/2010,6/15/2010,1.78,,40.05,-105.583
1024,CO90,6/15/2010,6/22/2010,55.88,1.62,40.05,-105.583
1025,CO90,6/22/2010,6/29/2010,0.0,,40.05,-105.583
1026,CO90,6/29/2010,7/6/2010,0.0,,40.05,-105.583
1027,CO90,7/6/2010,7/13/2010,13.21,3.03,40.05,-105.583
1028,CO90,7/13/2010,7/20/2010,,1.86,40.05,-105.583
1029,CO90,7/20/2010,7/27/2010,2.79,4.42,40.05,-105.583
1030,CO90,7/27/2010,8/3/2010,4.57,5.05,40.05,-105.583
1031,CO90,8/3/2010,8/10/2010,53.85,1.45,40.05,-105.583
1032,CO90,8/10/2010,8/17/2010,16.26,1.65,40.05,-105.583
1033,CO90,8/17/2010,8/24/2010,1.52,,40.05,-105.583
1034,CO90,8/24/2010,8/31/2010,9.14,1.31,40.05,-105.583
1035,CO90,8/31/2010,9/7/2010,0.51,4.14,40.05,-105.583
1036,CO90,9/7/2010,9/14/2010,0.0,,40.05,-105.583
1037,CO90,9/14/2010,9/21/2010,5.84,2.13,40.05,-105.583
1038,CO90,9/21/2010,9/28/2010,0.51,,40.05,-105.583
1039,CO90,9/28/2010,10/5/2010,3.56,3.94,40.05,-105.583
1040,CO90,10/5/2010,10/12/2010,1.02,,40.05,-105.583
1041,CO90,10/12/2010,10/19/2010,0.0,0.66,40.05,-105.583
1042,CO90,10/19/2010,10/26/2010,10.41,0.75,40.05,-105.583
1043,CO90,10/26/2010,11/2/2010,57.91,0.61,40.05,-105.583
1044,CO90,11/2/2010,11/9/2010,42.42,0.96,40.05,-105.583
1045,CO90,11/9/2010,11/16/2010,5.33,,40.05,-105.583
1046,CO90,11/16/2010,11/23/2010,41.15,0.74,40.05,-105.583
1047,CO90,11/23/2010,11/30/2010,27.69,0.55,40.05,-105.583
1048,CO90,11/30/2010,12/7/2010,7.87,0.92,40.05,-105.583
1049,CO90,12/7/2010,12/14/2010,16.26,0.81,40.05,-105.583
1050,CO90,12/14/2010,12/21/2010,37.85,0.99,40.05,-105.583
1051,CO90,12/21/2010,12/28/2010,67.06,0.31,40.05,-105.583
1052,CO90,12/28/2010,1/4/2011,3.81,0.74,40.05,-105.583
1053,CO90,1/4/2011,1/11/2011,133.6,,40.05,-105.583
1054,CO90,1/11/2011,1/18/2011,15.49,0.76,40.05,-105.583
1055,CO90,1/18/2011,1/25/2011,21.84,0.84,40.05,-105.583
1056,CO90,1/25/2011,2/1/2011,0.0,0.57,40.05,-105.583
1057,CO90,2/1/2011,2/8/2011,0.0,0.91,40.05,-105.583
1058,CO90,2/8/2011,2/16/2011,4.83,0.62,40.05,-105.583
1059,CO90,2/16/2011,2/22/2011,3.3,,40.05,-105.583
1060,CO90,2/22/2011,3/1/2011,7.37,0.71,40.05,-105.583
1061,CO90,3/1/2011,3/8/2011,12.19,0.86,40.05,-105.583
1062,CO90,3/8/2011,3/15/2011,0.0,0.56,40.05,-105.583
1063,CO90,3/15/2011,3/22/2011,16.51,1.12,40.05,-105.583
1064,CO90,3/22/2011,3/30/2011,3.3,0.99,40.05,-105.583
1065,CO90,3/30/2011,4/5/2011,28.45,0.29,40.05,-105.583
1066,CO90,4/5/2011,4/12/2011,13.46,,40.05,-105.583
1067,CO90,4/12/2011,4/19/2011,1.52,,40.05,-105.583
1068,CO90,4/19/2011,4/26/2011,44.96,0.47,40.05,-105.583
1069,CO90,4/26/2011,5/3/2011,26.42,0.43,40.05,-105.583
1070,CO90,5/3/2011,5/10/2011,12.7,1.04,40.05,-105.583
1071,CO90,5/10/2011,5/17/2011,47.75,,40.05,-105.583
1072,CO90,5/17/2011,5/24/2011,24.38,2.78,40.05,-105.583
1073,CO90,5/24/2011,5/31/2011,51.31,,40.05,-105.583
1074,CO90,5/31/2011,6/7/2011,0.0,,40.05,-105.583
1075,CO90,6/7/2011,6/14/2011,0.0,,40.05,-105.583
1076,CO90,6/14/2011,6/21/2011,0.0,,40.05,-105.583
1077,CO90,6/21/2011,6/28/2011,0.0,1.13,40.05,-105.583
1078,CO90,6/28/2011,7/5/2011,0.0,,40.05,-105.583
1079,CO90,7/5/2011,7/12/2011,0.0,4.16,40.05,-105.583
1080,CO90,7/12/2011,7/19/2011,0.0,1.52,40.05,-105.583
1081,CO90,7/19/2011,7/26/2011,0.0,2.08,40.05,-105.583
1082,CO90,7/26/2011,8/2/2011,0.0,,40.05,-105.583
1083,CO90,8/2/2011,8/9/2011,0.0,2.94,40.05,-105.583
1084,CO90,8/9/2011,8/19/2011,0.0,1.28,40.05,-105.583
1085,CO90,8/19/2011,8/23/2011,0.0,3.71,40.05,-105.583
1086,CO90,8/23/2011,8/30/2011,0.0,2.67,40.05,-105.583
1087,CO90,8/30/2011,9/6/2011,,1.9,40.05,-105.583
1088,CO90,9/6/2011,9/13/2011,52.0,4.36,40.05,-105.583
1089,CO90,9/13/2011,9/20/2011,,0.74,40.05,-105.583
1090,CO90,9/20/2011,9/27/2011,,0.4,40.05,-105.583
1091,CO90,9/27/2011,10/4/2011,0.0,2.22,40.05,-105.583
1092,CO90,10/4/2011,10/11/2011,2.5,,40.05,-105.583
1093,CO90,10/11/2011,10/18/2011,20.0,0.4,40.05,-105.583
1094,CO90,10/18/2011,10/25/2011,7.5,0.38,40.05,-105.583
1095,CO90,10/25/2011,11/1/2011,0.0,,40.05,-105.583
1096,CO90,11/1/2011,11/8/2011,35.0,0.46,40.05,-105.583
1097,CO90,11/8/2011,11/15/2011,65.0,0.45,40.05,-105.583
1098,CO90,11/15/2011,11/22/2011,,0.85,40.05,-105.583
1099,CO90,11/22/2011,11/29/2011,,0.5,40.05,-105.583
1100,CO90,11/29/2011,12/6/2011,10.0,1.34,40.05,-105.583
1101,CO90,12/6/2011,12/13/2011,30.0,0.29,40.05,-105.583
1102,CO90,12/13/2011,12/20/2011,0.0,,40.05,-105.583
1103,CO90,12/20/2011,12/27/2011,0.0,,40.05,-105.583
1104,CO90,12/27/2011,1/10/2012,35.0,,40.05,-105.583
1105,CO90,1/10/2012,1/17/2012,6.1,0.32,40.05,-105.583
1106,CO90,1/17/2012,1/24/2012,24.89,0.34,40.05,-105.583
1107,CO90,1/24/2012,1/31/2012,44.96,0.32,40.05,-105.583
1108,CO90,1/31/2012,2/7/2012,9.91,0.48,40.05,-105.583
1109,CO90,2/7/2012,2/14/2012,9.91,0.3,40.05,-105.583
1110,CO90,2/14/2012,2/28/2012,29.97,0.52,40.05,-105.583
1111,CO90,2/28/2012,4/3/2012,74.93,,40.05,-105.583
1112,CO90,4/3/2012,4/10/2012,,0.45,40.05,-105.583
1113,CO90,4/10/2012,4/17/2012,,,40.05,-105.583
1114,CO90,4/17/2012,4/24/2012,,0.58,40.05,-105.583
1115,CO90,4/24/2012,5/2/2012,,1.21,40.05,-105.583
1116,CO90,5/2/2012,5/8/2012,109.98,1.34,40.05,-105.583
1117,CO90,5/8/2012,5/15/2012,35.05,0.45,40.05,-105.583
1118,CO90,5/15/2012,5/22/2012,14.99,1.15,40.05,-105.583
1119,CO90,5/22/2012,5/29/2012,18.03,1.29,40.05,-105.583
1120,CO90,5/29/2012,6/5/2012,14.48,0.83,40.05,-105.583
1121,CO90,6/5/2012,7/3/2012,7.62,1.49,40.05,-105.583
1122,CO90,7/3/2012,7/10/2012,5.08,3.18,40.05,-105.583
1123,CO90,7/10/2012,7/17/2012,115.06,1.43,40.05,-105.583
1124,CO90,7/17/2012,7/31/2012,20.07,1.82,40.05,-105.583
1125,CO90,7/31/2012,8/7/2012,20.07,1.3,40.05,-105.583
1126,CO90,8/7/2012,8/21/2012,,2.08,40.05,-105.583
1127,CO90,8/21/2012,8/28/2012,,3.41,40.05,-105.583
1128,CO90,8/28/2012,9/4/2012,,2.82,40.05,-105.583
1129,CO90,9/4/2012,9/11/2012,,2.43,40.05,-105.583
1130,CO90,9/11/2012,9/18/2012,,1.24,40.05,-105.583
1131,CO90,9/18/2012,9/26/2012,,1.06,40.05,-105.583
1132,CO90,9/26/2012,10/2/2012,,0.28,40.05,-105.583
1133,CO90,10/2/2012,10/9/2012,,1.25,40.05,-105.583
1134,CO90,10/9/2012,10/16/2012,,,40.05,-105.583
1135,CO90,10/16/2012,10/23/2012,,1.42,40.05,-105.583
1136,CO90,10/23/2012,10/30/2012,,0.45,40.05,-105.583
1137,CO90,10/30/2012,11/13/2012,,0.3,40.05,-105.583
1138,CO90,11/13/2012,12/5/2012,,0.32,40.05,-105.583
1139,CO90,12/5/2012,12/27/2012,,0.31,40.05,-105.583
1140,CO90,12/27/2012,,,0.11,40.05,-105.583
1141,SR,,1/4/2000,40.13,0.48,44.48333333,-72.16666667
1142,SR,1/4/2000,1/18/2000,29.97,0.26,44.48333333,-72.16666667
1143,SR,1/18/2000,1/25/2000,17.27,0.63,44.48333333,-72.16666667
1144,SR,1/25/2000,2/1/2000,7.37,0.37,44.48333333,-72.16666667
1145,SR,2/1/2000,2/8/2000,31.5,0.269624189,44.48333333,-72.16666667
1146,SR,2/8/2000,2/15/2000,7.87,0.458842706,44.48333333,-72.16666667
1147,SR,2/15/2000,2/22/2000,41.91,0.390630599,44.48333333,-72.16666667
1148,SR,2/22/2000,2/29/2000,21.34,0.423335034,44.48333333,-72.16666667
1149,SR,2/29/2000,3/7/2000,19.3,0.371241541,44.48333333,-72.16666667
1150,SR,3/7/2000,3/14/2000,4.32,1.46,44.48333333,-72.16666667
1151,SR,3/14/2000,3/21/2000,24.38,0.348348436,44.48333333,-72.16666667
1152,SR,3/21/2000,3/28/2000,12.19,0.441322473,44.48333333,-72.16666667
1153,SR,3/28/2000,4/4/2000,17.78,0.974871972,44.48333333,-72.16666667
1154,SR,4/4/2000,4/11/2000,49.02,0.595967731,44.48333333,-72.16666667
1155,SR,4/11/2000,4/18/2000,52.58,0.1,44.48333333,-72.16666667
1156,SR,4/18/2000,4/25/2000,8.89,1.56,44.48333333,-72.16666667
1157,SR,4/25/2000,5/2/2000,65.28,0.28,44.48333333,-72.16666667
1158,SR,5/2/2000,5/9/2000,9.14,1.42,44.48333333,-72.16666667
1159,SR,5/9/2000,5/16/2000,42.93,0.85,44.48333333,-72.16666667
1160,SR,5/16/2000,5/23/2000,68.33,0.83,44.48333333,-72.16666667
1161,SR,5/23/2000,5/30/2000,28.45,29.39,44.48333333,-72.16666667
1162,SR,5/30/2000,6/6/2000,38.1,1.06,44.48333333,-72.16666667
1163,SR,6/6/2000,6/13/2000,6.86,5.896683341,44.48333333,-72.16666667
1164,SR,6/13/2000,6/20/2000,32.26,2.24327887,44.48333333,-72.16666667
1165,SR,6/20/2000,6/27/2000,5.08,8.437782263,44.48333333,-72.16666667
1166,SR,6/27/2000,7/5/2000,18.29,4.287552467,44.48333333,-72.16666667
1167,SR,7/5/2000,7/11/2000,12.19,10.67226258,44.48333333,-72.16666667
1168,SR,7/11/2000,7/18/2000,9.4,1.91536499,44.48333333,-72.16666667
1169,SR,7/18/2000,7/25/2000,12.19,1.996990411,44.48333333,-72.16666667
1170,SR,7/25/2000,8/1/2000,8.38,5.60274333,44.48333333,-72.16666667
1171,SR,8/1/2000,8/8/2000,26.42,8.79480883,44.48333333,-72.16666667
1172,SR,8/8/2000,8/15/2000,36.07,1.197861973,44.48333333,-72.16666667
1173,SR,8/15/2000,8/22/2000,30.73,0.754400336,44.48333333,-72.16666667
1174,SR,8/22/2000,8/29/2000,34.8,0.748625606,44.48333333,-72.16666667
1175,SR,8/29/2000,9/5/2000,15.24,1.736927373,44.48333333,-72.16666667
1176,SR,9/5/2000,9/13/2000,10.16,0.81,44.48333333,-72.16666667
1177,SR,9/13/2000,9/19/2000,12.7,1.493882693,44.48333333,-72.16666667
1178,SR,9/19/2000,9/26/2000,43.94,0.62,44.48333333,-72.16666667
1179,SR,9/26/2000,10/3/2000,13.21,1.761434191,44.48333333,-72.16666667
1180,SR,10/3/2000,10/10/2000,2.79,2.635946032,44.48333333,-72.16666667
1181,SR,10/10/2000,10/17/2000,49.02,0.53,44.48333333,-72.16666667
1182,SR,10/17/2000,10/24/2000,4.57,6.575624505,44.48333333,-72.16666667
1183,SR,10/24/2000,10/31/2000,12.7,2.298191395,44.48333333,-72.16666667
1184,SR,10/31/2000,11/7/2000,7.11,1.646926296,44.48333333,-72.16666667
1185,SR,11/7/2000,11/14/2000,20.83,0.555482888,44.48333333,-72.16666667
1186,SR,11/14/2000,11/21/2000,32.26,0.332048975,44.48333333,-72.16666667
1187,SR,11/21/2000,11/28/2000,25.15,0.379942545,44.48333333,-72.16666667
1188,SR,11/28/2000,12/5/2000,32.51,0.19003413,44.48333333,-72.16666667
1189,SR,12/5/2000,12/12/2000,7.87,0.672509783,44.48333333,-72.16666667
1190,SR,12/12/2000,12/19/2000,18.8,,44.48333333,-72.16666667
1191,SR,12/19/2000,12/26/2000,99.82,0.163380318,44.48333333,-72.16666667
1192,SR,12/26/2000,1/2/2001,16.51,0.365574474,44.48333333,-72.16666667
1193,SR,1/2/2001,1/9/2001,13.46,0.271262868,44.48333333,-72.16666667
1194,SR,1/9/2001,1/16/2001,7.37,0.549338909,44.48333333,-72.16666667
1195,SR,1/16/2001,1/23/2001,12.45,0.565539668,44.48333333,-72.16666667
1196,SR,1/23/2001,1/31/2001,5.84,0.594612263,44.48333333,-72.16666667
1197,SR,1/31/2001,2/6/2001,25.4,0.761724201,44.48333333,-72.16666667
1198,SR,2/6/2001,2/13/2001,35.31,0.415072345,44.48333333,-72.16666667
1199,SR,2/13/2001,2/20/2001,13.97,0.669926962,44.48333333,-72.16666667
1200,SR,2/20/2001,2/27/2001,13.97,0.662841305,44.48333333,-72.16666667
1201,SR,2/27/2001,3/7/2001,15.75,0.953561638,44.48333333,-72.16666667
1202,SR,3/7/2001,3/15/2001,23.88,0.15642524,44.48333333,-72.16666667
1203,SR,3/15/2001,3/20/2001,17.27,0.384208269,44.48333333,-72.16666667
1204,SR,3/20/2001,3/27/2001,10.67,0.591567933,44.48333333,-72.16666667
1205,SR,3/27/2001,4/3/2001,43.69,0.156842044,44.48333333,-72.16666667
1206,SR,4/3/2001,4/10/2001,39.88,0.178724219,44.48333333,-72.16666667
1207,SR,4/10/2001,4/17/2001,15.75,0.575104201,44.48333333,-72.16666667
1208,SR,4/17/2001,4/24/2001,9.4,0.555931247,44.48333333,-72.16666667
1209,SR,4/24/2001,5/15/2001,3.56,1.982778178,44.48333333,-72.16666667
1210,SR,5/15/2001,5/22/2001,14.73,1.893519025,44.48333333,-72.16666667
1211,SR,5/22/2001,5/29/2001,3.81,4.274228008,44.48333333,-72.16666667
1212,SR,5/29/2001,6/5/2001,19.05,1.359159539,44.48333333,-72.16666667
1213,SR,6/5/2001,6/12/2001,55.12,0.620942677,44.48333333,-72.16666667
1214,SR,6/12/2001,6/19/2001,5.08,2.728921365,44.48333333,-72.16666667
1215,SR,6/19/2001,6/26/2001,9.91,2.146030404,44.48333333,-72.16666667
1216,SR,6/26/2001,7/3/2001,12.19,1.944295917,44.48333333,-72.16666667
1217,SR,7/3/2001,7/10/2001,21.59,0.949637947,44.48333333,-72.16666667
1218,SR,7/10/2001,7/17/2001,13.21,2.102327412,44.48333333,-72.16666667
1219,SR,7/17/2001,8/1/2001,41.66,0.965865218,44.48333333,-72.16666667
1220,SR,8/1/2001,8/7/2001,2.29,13.33206322,44.48333333,-72.16666667
1221,SR,8/7/2001,8/14/2001,3.81,6.210320002,44.48333333,-72.16666667
1222,SR,8/14/2001,8/21/2001,11.94,3.180547003,44.48333333,-72.16666667
1223,SR,8/21/2001,8/28/2001,7.11,3.992196938,44.48333333,-72.16666667
1224,SR,8/28/2001,9/4/2001,14.48,1.920921417,44.48333333,-72.16666667
1225,SR,9/4/2001,9/11/2001,31.24,0.978921626,44.48333333,-72.16666667
1226,SR,9/11/2001,9/25/2001,6.6,3.290229427,44.48333333,-72.16666667
1227,SR,9/25/2001,10/2/2001,41.91,0.777871747,44.48333333,-72.16666667
1228,SR,10/2/2001,10/9/2001,12.45,0.93200993,44.48333333,-72.16666667
1229,SR,10/9/2001,10/16/2001,24.38,4.807729217,44.48333333,-72.16666667
1230,SR,10/16/2001,10/23/2001,15.75,7.725972815,44.48333333,-72.16666667
1231,SR,10/23/2001,10/30/2001,31.75,1.019806336,44.48333333,-72.16666667
1232,SR,10/30/2001,11/6/2001,15.49,1.585768731,44.48333333,-72.16666667
1233,SR,11/6/2001,11/13/2001,22.61,0.590411272,44.48333333,-72.16666667
1234,SR,11/13/2001,11/20/2001,10.41,0.873417353,44.48333333,-72.16666667
1235,SR,11/20/2001,11/27/2001,16.0,1.154044472,44.48333333,-72.16666667
1236,SR,11/27/2001,12/4/2001,9.4,0.640848,44.48333333,-72.16666667
1237,SR,12/4/2001,12/11/2001,27.43,0.558588099,44.48333333,-72.16666667
1238,SR,12/11/2001,12/18/2001,9.14,0.845196804,44.48333333,-72.16666667
1239,SR,12/18/2001,12/26/2001,30.48,0.377656347,44.48333333,-72.16666667
1240,SR,12/26/2001,1/2/2002,18.03,0.4457059,44.48333333,-72.16666667
1241,SR,1/2/2002,1/8/2002,11.18,0.43629905,44.48333333,-72.16666667
1242,SR,1/8/2002,1/15/2002,18.29,0.33002166,44.48333333,-72.16666667
1243,SR,1/15/2002,1/22/2002,24.89,0.53457061,44.48333333,-72.16666667
1244,SR,1/22/2002,1/29/2002,25.15,0.460716831,44.48333333,-72.16666667
1245,SR,1/29/2002,2/5/2002,17.78,0.422488994,44.48333333,-72.16666667
1246,SR,2/5/2002,2/12/2002,48.01,0.241557242,44.48333333,-72.16666667
1247,SR,2/12/2002,2/19/2002,18.03,0.250363655,44.48333333,-72.16666667
1248,SR,2/19/2002,2/26/2002,13.97,0.620032842,44.48333333,-72.16666667
1249,SR,2/26/2002,3/5/2002,8.89,0.910444316,44.48333333,-72.16666667
1250,SR,3/5/2002,3/12/2002,22.86,0.835231634,44.48333333,-72.16666667
1251,SR,3/12/2002,3/19/2002,23.37,0.450015369,44.48333333,-72.16666667
1252,SR,3/19/2002,3/26/2002,12.45,0.60462325,44.48333333,-72.16666667
1253,SR,3/26/2002,4/2/2002,27.94,0.304030235,44.48333333,-72.16666667
1254,SR,4/2/2002,4/9/2002,52.32,0.382470178,44.48333333,-72.16666667
1255,SR,4/9/2002,4/17/2002,8.89,1.300882024,44.48333333,-72.16666667
1256,SR,4/17/2002,4/23/2002,42.93,0.509092302,44.48333333,-72.16666667
1257,SR,4/23/2002,4/30/2002,11.43,1.324296549,44.48333333,-72.16666667
1258,SR,4/30/2002,5/7/2002,37.34,0.388943594,44.48333333,-72.16666667
1259,SR,5/7/2002,5/14/2002,25.4,0.762948174,44.48333333,-72.16666667
1260,SR,5/14/2002,5/21/2002,63.25,0.643984536,44.48333333,-72.16666667
1261,SR,5/21/2002,5/28/2002,29.21,1.414748062,44.48333333,-72.16666667
1262,SR,5/28/2002,6/4/2002,3.05,7.577868309,44.48333333,-72.16666667
1263,SR,6/4/2002,6/11/2002,32.26,2.449517346,44.48333333,-72.16666667
1264,SR,6/11/2002,6/18/2002,23.62,1.843038619,44.48333333,-72.16666667
1265,SR,6/18/2002,6/25/2002,98.81,0.679112262,44.48333333,-72.16666667
1266,SR,6/25/2002,7/2/2002,26.42,1.155843223,44.48333333,-72.16666667
1267,SR,7/2/2002,7/9/2002,55.37,1.280165209,44.48333333,-72.16666667
1268,SR,7/9/2002,7/15/2002,56.13,1.453369943,44.48333333,-72.16666667
1269,SR,7/15/2002,7/23/2002,3.05,6.95690922,44.48333333,-72.16666667
1270,SR,7/23/2002,7/30/2002,56.9,1.241180054,44.48333333,-72.16666667
1271,SR,7/30/2002,8/6/2002,22.86,1.045749049,44.48333333,-72.16666667
1272,SR,8/6/2002,8/13/2002,3.81,6.165261484,44.48333333,-72.16666667
1273,SR,8/13/2002,8/20/2002,3.3,7.196779357,44.48333333,-72.16666667
1274,SR,8/20/2002,8/27/2002,8.64,3.125300092,44.48333333,-72.16666667
1275,SR,8/27/2002,9/3/2002,8.64,1.720123643,44.48333333,-72.16666667
1276,SR,9/3/2002,9/10/2002,3.81,5.382504298,44.48333333,-72.16666667
1277,SR,9/10/2002,9/17/2002,1.52,16.0782426,44.48333333,-72.16666667
1278,SR,9/17/2002,9/24/2002,82.04,0.722494556,44.48333333,-72.16666667
1279,SR,9/24/2002,10/1/2002,9.14,0.722494556,44.48333333,-72.16666667
1280,SR,10/1/2002,10/8/2002,51.05,0.334596584,44.48333333,-72.16666667
1281,SR,10/8/2002,10/15/2002,37.59,1.174636347,44.48333333,-72.16666667
1282,SR,10/15/2002,10/22/2002,8.38,1.192153031,44.48333333,-72.16666667
1283,SR,10/22/2002,10/29/2002,40.13,0.5125118,44.48333333,-72.16666667
1284,SR,10/29/2002,11/5/2002,22.61,0.452238917,44.48333333,-72.16666667
1285,SR,11/5/2002,11/12/2002,11.68,0.653383371,44.48333333,-72.16666667
1286,SR,11/12/2002,11/19/2002,18.29,1.776817433,44.48333333,-72.16666667
1287,SR,11/19/2002,11/26/2002,50.55,0.332931884,44.48333333,-72.16666667
1288,SR,11/26/2002,12/3/2002,38.1,0.346340117,44.48333333,-72.16666667
1289,SR,12/3/2002,12/10/2002,15.24,0.310059016,44.48333333,-72.16666667
1290,SR,12/10/2002,12/17/2002,5.33,1.451188229,44.48333333,-72.16666667
1291,SR,12/17/2002,12/23/2002,24.13,0.197272115,44.48333333,-72.16666667
1292,SR,12/23/2002,12/30/2002,13.72,0.542534115,44.48333333,-72.16666667
1293,SR,12/30/2002,1/7/2003,13.97,0.384001478,44.48333333,-72.16666667
1294,SR,1/7/2003,1/14/2003,38.9,0.20634239,44.48333333,-72.16666667
1295,SR,1/14/2003,1/21/2003,12.2,0.267468159,44.48333333,-72.16666667
1296,SR,1/21/2003,1/28/2003,3.0,3.778198122,44.48333333,-72.16666667
1297,SR,1/28/2003,2/4/2003,7.1,1.238329355,44.48333333,-72.16666667
1298,SR,2/4/2003,2/11/2003,13.0,0.606026041,44.48333333,-72.16666667
1299,SR,2/11/2003,2/18/2003,12.2,0.523999204,44.48333333,-72.16666667
1300,SR,2/18/2003,2/25/2003,10.4,0.526953376,44.48333333,-72.16666667
1301,SR,2/25/2003,3/5/2003,16.5,0.919032124,44.48333333,-72.16666667
1302,SR,3/5/2003,3/11/2003,14.2,0.836580154,44.48333333,-72.16666667
1303,SR,3/11/2003,3/25/2003,9.4,1.375466941,44.48333333,-72.16666667
1304,SR,3/25/2003,4/1/2003,24.1,0.398395687,44.48333333,-72.16666667
1305,SR,4/1/2003,4/8/2003,29.5,0.476014751,44.48333333,-72.16666667
1306,SR,4/8/2003,4/22/2003,21.1,0.374325983,44.48333333,-72.16666667
1307,SR,4/22/2003,4/29/2003,3.8,2.597738773,44.48333333,-72.16666667
1308,SR,4/29/2003,5/6/2003,46.7,0.453156142,44.48333333,-72.16666667
1309,SR,5/6/2003,5/13/2003,41.9,0.665078953,44.48333333,-72.16666667
1310,SR,5/13/2003,5/20/2003,26.7,0.919514505,44.48333333,-72.16666667
1311,SR,5/20/2003,5/27/2003,17.5,0.74262732,44.48333333,-72.16666667
1312,SR,5/27/2003,6/3/2003,18.8,1.31,44.48333333,-72.16666667
1313,SR,6/3/2003,6/10/2003,12.4,1.14,44.48333333,-72.16666667
1314,SR,6/10/2003,6/17/2003,10.7,1.93,44.48333333,-72.16666667
1315,SR,6/17/2003,6/24/2003,52.8,0.71,44.48333333,-72.16666667
1316,SR,6/24/2003,7/1/2003,2.0,,44.48333333,-72.16666667
1317,SR,7/1/2003,7/8/2003,21.3,1.92,44.48333333,-72.16666667
1318,SR,7/8/2003,7/15/2003,2.0,,44.48333333,-72.16666667
1319,SR,7/15/2003,7/22/2003,19.3,,44.48333333,-72.16666667
1320,SR,7/22/2003,7/29/2003,27.9,1.83,44.48333333,-72.16666667
1321,SR,7/29/2003,8/5/2003,46.0,1.35,44.48333333,-72.16666667
1322,SR,8/5/2003,8/12/2003,19.3,1.88,44.48333333,-72.16666667
1323,SR,8/12/2003,8/19/2003,89.4,0.84,44.48333333,-72.16666667
1324,SR,8/19/2003,8/26/2003,16.3,1.35,44.48333333,-72.16666667
1325,SR,8/26/2003,9/2/2003,2.8,,44.48333333,-72.16666667
1326,SR,9/2/2003,9/9/2003,10.2,2.55,44.48333333,-72.16666667
1327,SR,9/9/2003,9/16/2003,13.7,1.3,44.48333333,-72.16666667
1328,SR,9/16/2003,9/23/2003,13.5,15.77,44.48333333,-72.16666667
1329,SR,9/23/2003,9/30/2003,44.7,0.6,44.48333333,-72.16666667
1330,SR,9/30/2003,10/7/2003,44.5,0.511819042,44.48333333,-72.16666667
1331,SR,10/7/2003,10/21/2003,20.8,0.804710367,44.48333333,-72.16666667
1332,SR,10/21/2003,10/28/2003,99.1,1.65,44.48333333,-72.16666667
1333,SR,10/28/2003,11/4/2003,61.2,0.44787018,44.48333333,-72.16666667
1334,SR,11/4/2003,11/18/2003,49.0,0.426000222,44.48333333,-72.16666667
1335,SR,11/18/2003,11/25/2003,37.8,0.593485338,44.48333333,-72.16666667
1336,SR,11/25/2003,12/2/2003,43.2,0.625044516,44.48333333,-72.16666667
1337,SR,12/2/2003,12/9/2003,42.4,0.55,44.48333333,-72.16666667
1338,SR,12/9/2003,12/17/2003,35.1,0.19,44.48333333,-72.16666667
1339,SR,12/17/2003,12/23/2003,72.1,0.16,44.48333333,-72.16666667
1340,SR,12/23/2003,12/30/2003,38.9,0.15,44.48333333,-72.16666667
1341,SR,12/30/2003,1/6/2004,34.8,0.24,44.48333333,-72.16666667
1342,SR,1/6/2004,1/13/2004,16.0,0.48,44.48333333,-72.16666667
1343,SR,1/13/2004,1/20/2004,9.4,0.34,44.48333333,-72.16666667
1344,SR,1/20/2004,1/27/2004,6.9,0.47,44.48333333,-72.16666667
1345,SR,1/27/2004,2/3/2004,2.8,,44.48333333,-72.16666667
1346,SR,2/3/2004,2/10/2004,1.3,,44.48333333,-72.16666667
1347,SR,2/10/2004,2/17/2004,26.7,0.24,44.48333333,-72.16666667
1348,SR,2/17/2004,2/24/2004,2.8,,44.48333333,-72.16666667
1349,SR,2/24/2004,3/3/2004,8.9,0.94,44.48333333,-72.16666667
1350,SR,3/3/2004,3/9/2004,5.1,1.18,44.48333333,-72.16666667
1351,SR,3/9/2004,3/16/2004,13.0,1.04,44.48333333,-72.16666667
1352,SR,3/16/2004,3/23/2004,3.6,,44.48333333,-72.16666667
1353,SR,3/23/2004,3/30/2004,21.1,0.64,44.48333333,-72.16666667
1354,SR,3/30/2004,4/6/2004,16.3,1.08,44.48333333,-72.16666667
1355,SR,4/6/2004,4/13/2004,30.5,0.29,44.48333333,-72.16666667
1356,SR,4/13/2004,4/20/2004,8.1,0.53,44.48333333,-72.16666667
1357,SR,4/20/2004,4/27/2004,17.0,1.19,44.48333333,-72.16666667
1358,SR,4/27/2004,5/4/2004,15.7,0.78,44.48333333,-72.16666667
1359,SR,5/4/2004,5/10/2004,20.3,0.51,44.48333333,-72.16666667
1360,SR,5/10/2004,5/18/2004,6.4,1.1,44.48333333,-72.16666667
1361,SR,5/18/2004,5/25/2004,12.4,2.65,44.48333333,-72.16666667
1362,SR,5/25/2004,6/1/2004,80.3,0.69,44.48333333,-72.16666667
1363,SR,6/1/2004,6/8/2004,27.2,0.94,44.48333333,-72.16666667
1364,SR,6/8/2004,6/15/2004,21.6,1.09,44.48333333,-72.16666667
1365,SR,6/15/2004,6/22/2004,20.3,2.43,44.48333333,-72.16666667
1366,SR,6/22/2004,6/29/2004,15.0,2.11,44.48333333,-72.16666667
1367,SR,6/29/2004,7/6/2004,22.6,1.58,44.48333333,-72.16666667
1368,SR,7/6/2004,7/13/2004,14.7,1.64,44.48333333,-72.16666667
1369,SR,7/13/2004,7/20/2004,41.7,1.37,44.48333333,-72.16666667
1370,SR,7/20/2004,7/27/2004,32.8,1.14,44.48333333,-72.16666667
1371,SR,7/27/2004,8/3/2004,8.9,2.4,44.48333333,-72.16666667
1372,SR,8/3/2004,8/10/2004,26.4,1.24,44.48333333,-72.16666667
1373,SR,8/10/2004,8/17/2004,14.7,1.21,44.48333333,-72.16666667
1374,SR,8/17/2004,8/24/2004,56.6,0.87,44.48333333,-72.16666667
1375,SR,8/24/2004,8/31/2004,34.5,0.68,44.48333333,-72.16666667
1376,SR,8/31/2004,9/7/2004,77.3,0.73,44.48333333,-72.16666667
1377,SR,9/7/2004,9/14/2004,0.3,,44.48333333,-72.16666667
1378,SR,9/14/2004,9/21/2004,53.8,1.31,44.48333333,-72.16666667
1379,SR,9/21/2004,9/28/2004,8.9,1.02,44.48333333,-72.16666667
1380,SR,9/28/2004,10/5/2004,11.9,1.47,44.48333333,-72.16666667
1381,SR,10/5/2004,10/12/2004,3.8,4.71,44.48333333,-72.16666667
1382,SR,10/12/2004,10/19/2004,2.0,,44.48333333,-72.16666667
1383,SR,10/19/2004,10/26/2004,30.7,0.37,44.48333333,-72.16666667
1384,SR,10/26/2004,11/2/2004,0.5,,44.48333333,-72.16666667
1385,SR,11/2/2004,11/9/2004,6.9,0.95,44.48333333,-72.16666667
1386,SR,11/9/2004,11/16/2004,42.2,0.43,44.48333333,-72.16666667
1387,SR,11/16/2004,11/23/2004,1.0,,44.48333333,-72.16666667
1388,SR,11/23/2004,11/30/2004,10.7,0.86,44.48333333,-72.16666667
1389,SR,11/30/2004,12/7/2004,38.6,0.4,44.48333333,-72.16666667
1390,SR,12/7/2004,12/15/2004,37.1,1.22,44.48333333,-72.16666667
1391,SR,12/15/2004,12/20/2004,37.3,0.38,44.48333333,-72.16666667
1392,SR,12/20/2004,12/28/2004,5.3,0.69,44.48333333,-72.16666667
1393,SR,12/28/2004,1/4/2005,32.5,0.38,44.48333333,-72.16666667
1394,SR,1/4/2005,1/11/2005,17.3,0.7595,44.48333333,-72.16666667
1395,SR,1/11/2005,1/18/2005,21.3,0.3151,44.48333333,-72.16666667
1396,SR,1/18/2005,1/25/2005,26.7,0.2463,44.48333333,-72.16666667
1397,SR,1/25/2005,2/1/2005,8.6,0.4063,44.48333333,-72.16666667
1398,SR,2/1/2005,2/15/2005,2.8,0.5091,44.48333333,-72.16666667
1399,SR,2/15/2005,2/22/2005,54.6,0.3322,44.48333333,-72.16666667
1400,SR,2/22/2005,2/28/2005,16.3,0.5706,44.48333333,-72.16666667
1401,SR,2/28/2005,3/9/2005,3.6,0.5563,44.48333333,-72.16666667
1402,SR,3/9/2005,3/15/2005,36.3,0.3417,44.48333333,-72.16666667
1403,SR,3/15/2005,3/29/2005,19.1,0.3442,44.48333333,-72.16666667
1404,SR,3/29/2005,4/5/2005,10.4,1.909,44.48333333,-72.16666667
1405,SR,4/5/2005,4/12/2005,44.7,0.3842,44.48333333,-72.16666667
1406,SR,4/12/2005,4/26/2005,6.9,,44.48333333,-72.16666667
1407,SR,4/26/2005,5/3/2005,61.5,0.5239,44.48333333,-72.16666667
1408,SR,5/3/2005,5/10/2005,46.7,0.3483,44.48333333,-72.16666667
1409,SR,5/10/2005,5/17/2005,4.1,,44.48333333,-72.16666667
1410,SR,5/17/2005,5/24/2005,21.8,0.8954,44.48333333,-72.16666667
1411,SR,5/24/2005,5/31/2005,16.8,0.4532,44.48333333,-72.16666667
1412,SR,5/31/2005,6/7/2005,14.0,0.7639,44.48333333,-72.16666667
1413,SR,6/7/2005,6/14/2005,4.8,,44.48333333,-72.16666667
1414,SR,6/14/2005,6/21/2005,1.0,,44.48333333,-72.16666667
1415,SR,6/21/2005,6/28/2005,105.9,0.4486,44.48333333,-72.16666667
1416,SR,6/28/2005,7/5/2005,4.1,,44.48333333,-72.16666667
1417,SR,7/5/2005,7/12/2005,6.4,3.412,44.48333333,-72.16666667
1418,SR,7/12/2005,7/19/2005,47.2,0.819,44.48333333,-72.16666667
1419,SR,7/19/2005,7/26/2005,9.7,4.764,44.48333333,-72.16666667
1420,SR,7/26/2005,8/2/2005,8.1,5.923,44.48333333,-72.16666667
1421,SR,8/2/2005,8/9/2005,47.5,1.502,44.48333333,-72.16666667
1422,SR,8/9/2005,8/16/2005,5.6,,44.48333333,-72.16666667
1423,SR,8/16/2005,8/25/2005,11.7,,44.48333333,-72.16666667
1424,SR,8/25/2005,8/30/2005,78.5,0.7446,44.48333333,-72.16666667
1425,SR,8/30/2005,9/6/2005,11.7,1.9,44.48333333,-72.16666667
1426,SR,9/6/2005,9/20/2005,87.1,0.6732,44.48333333,-72.16666667
1427,SR,9/20/2005,9/27/2005,37.3,0.8359,44.48333333,-72.16666667
1428,SR,9/27/2005,10/4/2005,20.6,0.8186,44.48333333,-72.16666667
1429,SR,10/4/2005,10/11/2005,10.7,0.717,44.48333333,-72.16666667
1430,SR,10/11/2005,10/18/2005,88.6,0.2971,44.48333333,-72.16666667
1431,SR,10/18/2005,10/25/2005,89.2,0.5398,44.48333333,-72.16666667
1432,SR,10/25/2005,11/1/2005,65.3,0.5572,44.48333333,-72.16666667
1433,SR,11/1/2005,11/8/2005,25.4,0.3477,44.48333333,-72.16666667
1434,SR,11/8/2005,11/15/2005,13.7,0.9004,44.48333333,-72.16666667
1435,SR,11/15/2005,11/23/2005,23.4,0.3645,44.48333333,-72.16666667
1436,SR,11/23/2005,11/29/2005,70.4,0.3639,44.48333333,-72.16666667
1437,SR,11/29/2005,12/6/2005,15.2,0.476,44.48333333,-72.16666667
1438,SR,12/6/2005,12/13/2005,38.4,0.3282,44.48333333,-72.16666667
1439,SR,12/13/2005,12/20/2005,13.5,0.3143,44.48333333,-72.16666667
1440,SR,12/20/2005,12/27/2005,33.5,0.3191,44.48333333,-72.16666667
1441,SR,12/27/2005,1/3/2006,36.1,0.4503,44.48333333,-72.16666667
1442,SR,1/3/2006,1/10/2006,17.5,,44.48333333,-72.16666667
1443,SR,1/10/2006,1/17/2006,14.0,,44.48333333,-72.16666667
1444,SR,1/17/2006,1/24/2006,33.0,,44.48333333,-72.16666667
1445,SR,1/24/2006,1/31/2006,50.8,,44.48333333,-72.16666667
1446,SR,1/31/2006,2/7/2006,21.3,,44.48333333,-72.16666667
1447,SR,2/7/2006,2/14/2006,44.2,,44.48333333,-72.16666667
1448,SR,2/14/2006,2/21/2006,2.8,,44.48333333,-72.16666667
1449,SR,2/21/2006,2/28/2006,15.0,,44.48333333,-72.16666667
1450,SR,2/28/2006,3/8/2006,10.7,,44.48333333,-72.16666667
1451,SR,3/8/2006,3/14/2006,8.1,,44.48333333,-72.16666667
1452,SR,3/14/2006,3/21/2006,30.2,,44.48333333,-72.16666667
1453,SR,3/21/2006,3/28/2006,8.6,,44.48333333,-72.16666667
1454,SR,3/28/2006,4/4/2006,2.8,,44.48333333,-72.16666667
1455,SR,4/4/2006,4/12/2006,37.1,,44.48333333,-72.16666667
1456,SR,4/12/2006,4/18/2006,8.9,,44.48333333,-72.16666667
1457,SR,4/18/2006,4/25/2006,9.8,,44.48333333,-72.16666667
1458,SR,4/25/2006,5/9/2006,34.3,,44.48333333,-72.16666667
1459,SR,5/9/2006,5/16/2006,18.2,,44.48333333,-72.16666667
1460,SR,5/16/2006,5/23/2006,34.0,,44.48333333,-72.16666667
1461,SR,5/23/2006,5/30/2006,97.8,,44.48333333,-72.16666667
1462,SR,5/30/2006,6/6/2006,3.0,,44.48333333,-72.16666667
1463,SR,6/6/2006,6/13/2006,40.1,,44.48333333,-72.16666667
1464,SR,6/13/2006,6/20/2006,63.0,,44.48333333,-72.16666667
1465,SR,6/20/2006,6/27/2006,5.8,,44.48333333,-72.16666667
1466,SR,6/27/2006,7/5/2006,82.0,,44.48333333,-72.16666667
1467,SR,7/5/2006,7/18/2006,63.0,,44.48333333,-72.16666667
1468,SR,7/18/2006,7/25/2006,33.3,,44.48333333,-72.16666667
1469,SR,7/25/2006,8/8/2006,14.5,,44.48333333,-72.16666667
1470,SR,8/8/2006,8/15/2006,57.2,,44.48333333,-72.16666667
1471,SR,8/15/2006,8/22/2006,5.6,,44.48333333,-72.16666667
1472,SR,8/22/2006,8/29/2006,76.5,,44.48333333,-72.16666667
1473,SR,8/29/2006,9/5/2006,9.9,,44.48333333,-72.16666667
1474,SR,9/5/2006,9/13/2006,4.6,,44.48333333,-72.16666667
1475,SR,9/13/2006,9/19/2006,9.4,,44.48333333,-72.16666667
1476,SR,9/19/2006,9/26/2006,7.4,,44.48333333,-72.16666667
1477,SR,9/26/2006,10/3/2006,13.9,,44.48333333,-72.16666667
1478,SR,10/3/2006,10/10/2006,53.6,,44.48333333,-72.16666667
1479,SR,10/10/2006,10/17/2006,12.4,,44.48333333,-72.16666667
1480,SR,10/17/2006,10/24/2006,17.3,,44.48333333,-72.16666667
1481,SR,10/24/2006,10/31/2006,91.2,,44.48333333,-72.16666667
1482,SR,10/31/2006,11/7/2006,71.9,,44.48333333,-72.16666667
1483,SR,11/7/2006,11/15/2006,6.0,,44.48333333,-72.16666667
1484,SR,11/15/2006,11/21/2006,40.5,,44.48333333,-72.16666667
1485,SR,11/21/2006,12/5/2006,9.9,,44.48333333,-72.16666667
1486,SR,12/5/2006,12/12/2006,67.8,,44.48333333,-72.16666667
1487,SR,12/12/2006,12/19/2006,10.4,,44.48333333,-72.16666667
1488,SR,12/19/2006,12/27/2006,9.7,,44.48333333,-72.16666667
1489,SR,12/27/2006,1/3/2007,36.3,,44.48333333,-72.16666667
1490,SR,1/3/2007,1/9/2007,23.6,,44.48333333,-72.16666667
1491,SR,1/9/2007,1/16/2007,51.6,,44.48333333,-72.16666667
1492,SR,1/16/2007,1/23/2007,25.1,,44.48333333,-72.16666667
1493,SR,1/23/2007,1/30/2007,6.9,,44.48333333,-72.16666667
1494,SR,1/30/2007,2/6/2007,1.5,,44.48333333,-72.16666667
1495,SR,2/6/2007,2/13/2007,9.4,,44.48333333,-72.16666667
1496,SR,2/13/2007,2/20/2007,13.2,,44.48333333,-72.16666667
1497,SR,2/20/2007,3/7/2007,54.1,,44.48333333,-72.16666667
1498,SR,3/7/2007,3/13/2007,37.8,,44.48333333,-72.16666667
1499,SR,3/13/2007,3/20/2007,4.1,,44.48333333,-72.16666667
1500,SR,3/20/2007,3/27/2007,49.3,,44.48333333,-72.16666667
1501,SR,3/27/2007,4/3/2007,8.6,,44.48333333,-72.16666667
1502,SR,4/3/2007,4/10/2007,6.9,,44.48333333,-72.16666667
1503,SR,4/10/2007,4/17/2007,42.2,,44.48333333,-72.16666667
1504,SR,4/17/2007,4/24/2007,68.1,,44.48333333,-72.16666667
1505,SR,4/24/2007,5/1/2007,0.0,,44.48333333,-72.16666667
1506,SR,5/1/2007,5/8/2007,18.0,,44.48333333,-72.16666667
1507,SR,5/8/2007,5/22/2007,0.0,,44.48333333,-72.16666667
1508,SR,5/22/2007,5/29/2007,76.5,,44.48333333,-72.16666667
1509,SR,5/29/2007,6/5/2007,5.1,,44.48333333,-72.16666667
1510,SR,6/5/2007,6/12/2007,53.1,,44.48333333,-72.16666667
1511,SR,6/12/2007,6/19/2007,5.8,,44.48333333,-72.16666667
1512,SR,6/19/2007,6/26/2007,7.4,,44.48333333,-72.16666667
1513,SR,6/26/2007,7/3/2007,51.3,,44.48333333,-72.16666667
1514,SR,7/3/2007,7/10/2007,20.1,,44.48333333,-72.16666667
1515,SR,7/10/2007,7/17/2007,68.6,,44.48333333,-72.16666667
1516,SR,7/17/2007,7/24/2007,38.0,,44.48333333,-72.16666667
1517,SR,7/24/2007,8/7/2007,48.3,,44.48333333,-72.16666667
1518,SR,8/7/2007,8/14/2007,42.7,,44.48333333,-72.16666667
1519,SR,8/14/2007,8/21/2007,21.6,,44.48333333,-72.16666667
1520,SR,8/21/2007,8/28/2007,19.3,,44.48333333,-72.16666667
1521,SR,8/28/2007,9/11/2007,19.1,,44.48333333,-72.16666667
1522,SR,9/11/2007,9/18/2007,16.0,,44.48333333,-72.16666667
1523,SR,9/18/2007,10/2/2007,44.7,,44.48333333,-72.16666667
1524,SR,10/2/2007,10/9/2007,36.1,,44.48333333,-72.16666667
1525,SR,10/9/2007,10/16/2007,24.9,,44.48333333,-72.16666667
1526,SR,10/16/2007,10/24/2007,26.7,,44.48333333,-72.16666667
1527,SR,10/24/2007,10/31/2007,62.5,,44.48333333,-72.16666667
1528,SR,10/31/2007,11/6/2007,49.0,,44.48333333,-72.16666667
1529,SR,11/6/2007,11/13/2007,30.1,,44.48333333,-72.16666667
1530,SR,11/13/2007,11/19/2007,4.6,,44.48333333,-72.16666667
1531,SR,11/19/2007,11/27/2007,55.9,,44.48333333,-72.16666667
1532,SR,11/27/2007,12/4/2007,57.7,,44.48333333,-72.16666667
1533,SR,12/4/2007,12/11/2007,32.0,,44.48333333,-72.16666667
1534,SR,12/11/2007,12/18/2007,6.4,,44.48333333,-72.16666667
1535,SR,12/18/2007,12/26/2007,57.2,,44.48333333,-72.16666667
1536,SR,12/26/2007,1/2/2008,28.4,,44.48333333,-72.16666667
1537,SR,1/2/2008,1/15/2008,39.1,0.09,44.48333333,-72.16666667
1538,SR,1/15/2008,1/22/2008,27.2,0.15,44.48333333,-72.16666667
1539,SR,1/22/2008,2/7/2008,12.2,0.17,44.48333333,-72.16666667
1540,SR,2/7/2008,2/12/2008,82.8,0.37,44.48333333,-72.16666667
1541,SR,2/12/2008,2/19/2008,15.0,0.6,44.48333333,-72.16666667
1542,SR,2/19/2008,2/26/2008,37.6,0.49,44.48333333,-72.16666667
1543,SR,2/26/2008,2/29/2008,4.3,0.68,44.48333333,-72.16666667
1544,SR,2/29/2008,3/3/2008,6.1,0.6,44.48333333,-72.16666667
1545,SR,3/3/2008,3/11/2008,24.9,0.58,44.48333333,-72.16666667
1546,SR,3/11/2008,3/18/2008,54.9,0.56,44.48333333,-72.16666667
1547,SR,3/18/2008,3/25/2008,9.9,0.95,44.48333333,-72.16666667
1548,SR,3/25/2008,4/1/2008,34.0,0.4,44.48333333,-72.16666667
1549,SR,4/1/2008,4/8/2008,11.7,0.72,44.48333333,-72.16666667
1550,SR,4/8/2008,4/15/2008,22.9,0.64,44.48333333,-72.16666667
1551,SR,4/15/2008,4/22/2008,14.5,0.6,44.48333333,-72.16666667
1552,SR,4/22/2008,4/30/2008,0.0,,44.48333333,-72.16666667
1553,SR,4/30/2008,5/6/2008,61.0,0.32,44.48333333,-72.16666667
1554,SR,5/6/2008,5/13/2008,6.9,,44.48333333,-72.16666667
1555,SR,5/13/2008,5/20/2008,0.0,,44.48333333,-72.16666667
1556,SR,5/20/2008,5/27/2008,16.0,1.56,44.48333333,-72.16666667
1557,SR,5/27/2008,6/3/2008,19.7,1.49,44.48333333,-72.16666667
1558,SR,6/3/2008,6/10/2008,20.1,1.56,44.48333333,-72.16666667
1559,SR,6/10/2008,6/17/2008,36.1,1.07,44.48333333,-72.16666667
1560,SR,6/17/2008,6/24/2008,32.0,1.7,44.48333333,-72.16666667
1561,SR,6/24/2008,7/1/2008,39.9,0.83,44.48333333,-72.16666667
1562,SR,7/1/2008,7/8/2008,34.8,0.99,44.48333333,-72.16666667
1563,SR,7/8/2008,7/15/2008,18.5,0.89,44.48333333,-72.16666667
1564,SR,7/15/2008,7/22/2008,42.7,1.33,44.48333333,-72.16666667
1565,SR,7/22/2008,7/29/2008,83.8,0.94,44.48333333,-72.16666667
1566,SR,7/29/2008,8/5/2008,141.2,0.98,44.48333333,-72.16666667
1567,SR,8/5/2008,8/12/2008,61.2,0.91,44.48333333,-72.16666667
1568,SR,8/12/2008,8/19/2008,68.3,1.12,44.48333333,-72.16666667
1569,SR,8/19/2008,8/26/2008,25.7,0.9,44.48333333,-72.16666667
1570,SR,8/26/2008,9/2/2008,3.3,,44.48333333,-72.16666667
1571,SR,9/2/2008,9/9/2008,0.0,,44.48333333,-72.16666667
1572,SR,9/9/2008,9/16/2008,7.6,1.88,44.48333333,-72.16666667
1573,SR,9/16/2008,9/23/2008,32.8,0.77,44.48333333,-72.16666667
1574,SR,9/23/2008,9/30/2008,0.0,,44.48333333,-72.16666667
1575,SR,9/30/2008,10/7/2008,13.7,1.77,44.48333333,-72.16666667
1576,SR,10/7/2008,10/14/2008,35.1,1.04,44.48333333,-72.16666667
1577,SR,10/14/2008,10/22/2008,6.1,4.12,44.48333333,-72.16666667
1578,SR,10/22/2008,10/28/2008,26.7,1.01,44.48333333,-72.16666667
1579,SR,10/28/2008,11/4/2008,49.3,0.15,44.48333333,-72.16666667
1580,SR,11/4/2008,11/10/2008,20.3,0.91,44.48333333,-72.16666667
1581,SR,11/10/2008,11/18/2008,22.1,0.4,44.48333333,-72.16666667
1582,SR,11/18/2008,11/26/2008,18.0,0.38,44.48333333,-72.16666667
1583,SR,11/26/2008,12/2/2008,42.2,0.23,44.48333333,-72.16666667
1584,SR,12/2/2008,12/9/2008,13.0,0.33,44.48333333,-72.16666667
1585,SR,12/9/2008,12/16/2008,7.6,0.53,44.48333333,-72.16666667
1586,SR,12/16/2008,12/23/2008,62.5,0.32,44.48333333,-72.16666667
1587,SR,12/23/2008,12/30/2008,57.2,0.3,44.48333333,-72.16666667
1588,SR,12/30/2008,1/6/2009,22.1,0.5,44.48333333,-72.16666667
1589,SR,1/6/2009,1/13/2009,6.1,0.84,44.48333333,-72.16666667
1590,SR,1/13/2009,1/20/2009,29.7,0.42,44.48333333,-72.16666667
1591,SR,1/20/2009,1/27/2009,10.9,0.51,44.48333333,-72.16666667
1592,SR,1/27/2009,2/2/2009,5.6,1.08,44.48333333,-72.16666667
1593,SR,2/2/2009,2/11/2009,30.7,0.29,44.48333333,-72.16666667
1594,SR,2/11/2009,2/17/2009,0.0,,44.48333333,-72.16666667
1595,SR,2/17/2009,2/24/2009,18.8,0.63,44.48333333,-72.16666667
1596,SR,2/24/2009,3/4/2009,46.7,0.45,44.48333333,-72.16666667
1597,SR,3/4/2009,3/10/2009,17.0,0.48,44.48333333,-72.16666667
1598,SR,3/10/2009,3/17/2009,16.8,0.58,44.48333333,-72.16666667
1599,SR,3/17/2009,3/25/2009,10.7,0.56,44.48333333,-72.16666667
1600,SR,3/25/2009,3/31/2009,0.0,,44.48333333,-72.16666667
1601,SR,3/31/2009,4/7/2009,18.0,0.58,44.48333333,-72.16666667
1602,SR,4/7/2009,4/14/2009,39.6,0.38,44.48333333,-72.16666667
1603,SR,4/14/2009,4/21/2009,0.0,,44.48333333,-72.16666667
1604,SR,4/21/2009,4/28/2009,0.0,,44.48333333,-72.16666667
1605,SR,4/28/2009,5/5/2009,27.7,0.77,44.48333333,-72.16666667
1606,SR,5/5/2009,5/12/2009,24.4,0.62,44.48333333,-72.16666667
1607,SR,5/12/2009,5/19/2009,62.5,0.54,44.48333333,-72.16666667
1608,SR,5/19/2009,5/26/2009,24.4,0.77,44.48333333,-72.16666667
1609,SR,5/26/2009,6/2/2009,0.0,,44.48333333,-72.16666667
1610,SR,6/2/2009,6/10/2009,54.6,0.48,44.48333333,-72.16666667
1611,SR,6/10/2009,6/16/2009,19.1,0.7,44.48333333,-72.16666667
1612,SR,6/16/2009,6/23/2009,52.1,0.69,44.48333333,-72.16666667
1613,SR,6/23/2009,6/30/2009,13.7,0.63,44.48333333,-72.16666667
1614,SR,6/30/2009,7/7/2009,42.9,0.64,44.48333333,-72.16666667
1615,SR,7/7/2009,7/14/2009,57.2,0.79,44.48333333,-72.16666667
1616,SR,7/14/2009,7/21/2009,42.9,0.7,44.48333333,-72.16666667
1617,SR,7/21/2009,7/28/2009,35.1,0.88,44.48333333,-72.16666667
1618,SR,7/28/2009,8/4/2009,23.4,0.69,44.48333333,-72.16666667
1619,SR,8/4/2009,8/11/2009,77.5,0.54,44.48333333,-72.16666667
1620,SR,8/11/2009,8/18/2009,2.3,,44.48333333,-72.16666667
1621,SR,8/18/2009,8/25/2009,0.0,,44.48333333,-72.16666667
1622,SR,8/25/2009,9/1/2009,13.7,1.81,44.48333333,-72.16666667
1623,SR,9/1/2009,9/8/2009,15.0,0.79,44.48333333,-72.16666667
1624,SR,9/8/2009,9/15/2009,0.0,,44.48333333,-72.16666667
1625,SR,9/15/2009,9/23/2009,6.0,1.3,44.48333333,-72.16666667
1626,SR,9/23/2009,9/29/2009,3.6,,44.48333333,-72.16666667
1627,SR,9/29/2009,10/6/2009,58.2,0.27,44.48333333,-72.16666667
1628,SR,10/6/2009,10/13/2009,31.5,0.75,44.48333333,-72.16666667
1629,SR,10/13/2009,10/20/2009,46.7,1.07,44.48333333,-72.16666667
1630,SR,10/20/2009,10/28/2009,0.0,,44.48333333,-72.16666667
1631,SR,10/28/2009,11/4/2009,46.2,5.32,44.48333333,-72.16666667
1632,SR,11/4/2009,11/10/2009,24.0,0.5,44.48333333,-72.16666667
1633,SR,11/10/2009,11/17/2009,0.0,,44.48333333,-72.16666667
1634,SR,11/17/2009,11/24/2009,43.4,0.19,44.48333333,-72.16666667
1635,SR,11/24/2009,12/1/2009,29.7,0.4,44.48333333,-72.16666667
1636,SR,12/1/2009,12/8/2009,61.2,0.22,44.48333333,-72.16666667
1637,SR,12/8/2009,12/16/2009,49.0,0.3,44.48333333,-72.16666667
1638,SR,12/16/2009,12/22/2009,40.9,0.06,44.48333333,-72.16666667
1639,SR,12/22/2009,12/29/2009,0.0,,44.48333333,-72.16666667
1640,SR,12/29/2009,1/5/2010,39.4,0.33,44.48333333,-72.16666667
1641,SR,1/5/2010,1/12/2010,14.0,1.63,44.48333333,-72.16666667
1642,SR,1/12/2010,1/19/2010,3.6,1.57,44.48333333,-72.16666667
1643,SR,1/19/2010,1/26/2010,6.9,1.29,44.48333333,-72.16666667
1644,SR,1/26/2010,2/2/2010,27.2,1.79,44.48333333,-72.16666667
1645,SR,2/2/2010,2/9/2010,9.4,1.88,44.48333333,-72.16666667
1646,SR,2/9/2010,2/16/2010,5.1,1.56,44.48333333,-72.16666667
1647,SR,2/16/2010,2/23/2010,0.0,,44.48333333,-72.16666667
1648,SR,2/23/2010,3/2/2010,5.8,2.17,44.48333333,-72.16666667
1649,SR,3/2/2010,3/9/2010,47.2,1.38,44.48333333,-72.16666667
1650,SR,3/9/2010,3/16/2010,0.0,,44.48333333,-72.16666667
1651,SR,3/16/2010,3/24/2010,0.0,,44.48333333,-72.16666667
1652,SR,3/24/2010,3/30/2010,48.7,0.55,44.48333333,-72.16666667
1653,SR,3/30/2010,4/6/2010,17.5,0.41,44.48333333,-72.16666667
1654,SR,4/6/2010,4/13/2010,12.2,0.59,44.48333333,-72.16666667
1655,SR,4/13/2010,4/20/2010,15.5,1.78,44.48333333,-72.16666667
1656,SR,4/20/2010,4/26/2010,42.7,0.75,44.48333333,-72.16666667
1657,SR,4/26/2010,5/4/2010,8.4,1.6,44.48333333,-72.16666667
1658,SR,5/4/2010,5/11/2010,37.3,0.87,44.48333333,-72.16666667
1659,SR,5/11/2010,5/18/2010,57.9,0.75,44.48333333,-72.16666667
1660,SR,5/18/2010,5/25/2010,7.1,1.45,44.48333333,-72.16666667
1661,SR,5/25/2010,6/1/2010,8.4,1.34,44.48333333,-72.16666667
1662,SR,6/1/2010,6/8/2010,15.2,1.61,44.48333333,-72.16666667
1663,SR,6/8/2010,6/15/2010,54.6,0.66,44.48333333,-72.16666667
1664,SR,6/15/2010,6/22/2010,31.5,0.68,44.48333333,-72.16666667
1665,SR,6/22/2010,6/29/2010,14.5,1.16,44.48333333,-72.16666667
1666,SR,6/29/2010,7/6/2010,58.4,1.08,44.48333333,-72.16666667
1667,SR,7/6/2010,7/13/2010,7.6,1.33,44.48333333,-72.16666667
1668,SR,7/13/2010,7/20/2010,23.1,1.29,44.48333333,-72.16666667
1669,SR,7/20/2010,7/27/2010,20.1,1.38,44.48333333,-72.16666667
1670,SR,7/27/2010,8/3/2010,47.0,1.03,44.48333333,-72.16666667
1671,SR,8/3/2010,8/10/2010,19.6,1.4,44.48333333,-72.16666667
1672,SR,8/10/2010,8/17/2010,54.9,1.08,44.48333333,-72.16666667
1673,SR,8/17/2010,8/24/2010,9.9,1.25,44.48333333,-72.16666667
1674,SR,8/24/2010,8/31/2010,32.3,0.96,44.48333333,-72.16666667
1675,SR,8/31/2010,9/7/2010,0.0,,44.48333333,-72.16666667
1676,SR,9/7/2010,9/14/2010,8.4,2.86,44.48333333,-72.16666667
1677,SR,9/14/2010,9/21/2010,18.0,1.18,44.48333333,-72.16666667
1678,SR,9/21/2010,9/29/2010,25.9,0.62,44.48333333,-72.16666667
1679,SR,9/29/2010,10/5/2010,26.5,1.8,44.48333333,-72.16666667
1680,SR,10/5/2010,10/12/2010,114.6,0.36,44.48333333,-72.16666667
1681,SR,10/12/2010,10/19/2010,27.9,0.84,44.48333333,-72.16666667
1682,SR,10/19/2010,10/26/2010,56.4,0.39,44.48333333,-72.16666667
1683,SR,10/26/2010,11/2/2010,13.0,0.81,44.48333333,-72.16666667
1684,SR,11/2/2010,11/9/2010,27.9,0.68,44.48333333,-72.16666667
1685,SR,11/9/2010,11/16/2010,32.9,0.29,44.48333333,-72.16666667
1686,SR,11/16/2010,11/23/2010,0.0,,44.48333333,-72.16666667
1687,SR,11/23/2010,11/30/2010,32.5,0.46,44.48333333,-72.16666667
1688,SR,11/30/2010,12/7/2010,17.3,0.39,44.48333333,-72.16666667
1689,SR,12/7/2010,12/14/2010,40.9,0.28,44.48333333,-72.16666667
1690,SR,12/14/2010,12/21/2010,44.2,0.74,44.48333333,-72.16666667
1691,SR,12/21/2010,12/28/2010,8.4,0.48,44.48333333,-72.16666667
1692,SR,12/28/2010,1/4/2011,13.0,0.35,44.48333333,-72.16666667
1693,SR,1/4/2011,1/11/2011,5.8,1.0,44.48333333,-72.16666667
1694,SR,1/11/2011,1/20/2011,6.6,0.46,44.48333333,-72.16666667
1695,SR,1/20/2011,1/25/2011,33.0,0.25,44.48333333,-72.16666667
1696,SR,1/25/2011,2/1/2011,5.8,0.38,44.48333333,-72.16666667
1697,SR,2/1/2011,2/9/2011,4.1,0.85,44.48333333,-72.16666667
1698,SR,2/9/2011,2/15/2011,55.1,0.12,44.48333333,-72.16666667
1699,SR,2/15/2011,2/22/2011,7.9,0.61,44.48333333,-72.16666667
1700,SR,2/22/2011,3/1/2011,5.8,0.75,44.48333333,-72.16666667
1701,SR,3/1/2011,3/8/2011,34.3,0.35,44.48333333,-72.16666667
1702,SR,3/8/2011,3/15/2011,83.6,0.12,44.48333333,-72.16666667
1703,SR,3/15/2011,3/23/2011,18.8,0.4,44.48333333,-72.16666667
1704,SR,3/23/2011,3/29/2011,14.2,0.32,44.48333333,-72.16666667
1705,SR,3/29/2011,4/5/2011,,,44.48333333,-72.16666667
1706,SR,4/5/2011,4/12/2011,29.5,0.38,44.48333333,-72.16666667
1707,SR,4/12/2011,4/19/2011,24.9,0.69,44.48333333,-72.16666667
1708,SR,4/19/2011,4/26/2011,30.0,0.26,44.48333333,-72.16666667
1709,SR,4/26/2011,5/2/2011,51.3,0.54,44.48333333,-72.16666667
1710,SR,5/2/2011,5/10/2011,31.8,0.74,44.48333333,-72.16666667
1711,SR,5/10/2011,5/17/2011,29.0,1.08,44.48333333,-72.16666667
1712,SR,5/17/2011,5/24/2011,62.0,0.5,44.48333333,-72.16666667
1713,SR,5/24/2011,5/31/2011,31.2,4.25,44.48333333,-72.16666667
1714,SR,5/31/2011,6/7/2011,107.2,2.21,44.48333333,-72.16666667
1715,SR,6/7/2011,6/14/2011,4.1,,44.48333333,-72.16666667
1716,SR,6/14/2011,6/21/2011,39.4,0.96,44.48333333,-72.16666667
1717,SR,6/21/2011,6/29/2011,10.2,0.71,44.48333333,-72.16666667
1718,SR,6/29/2011,7/5/2011,38.6,5.4,44.48333333,-72.16666667
1719,SR,7/5/2011,7/12/2011,6.7,4.99,44.48333333,-72.16666667
1720,SR,7/12/2011,7/19/2011,39.6,2.43,44.48333333,-72.16666667
1721,SR,7/19/2011,7/26/2011,3.3,,44.48333333,-72.16666667
1722,SR,7/26/2011,7/31/2011,7.6,5.69,44.48333333,-72.16666667
1723,SR,7/31/2011,8/10/2011,15.5,2.15,44.48333333,-72.16666667
1724,SR,8/10/2011,8/14/2011,9.4,5.18,44.48333333,-72.16666667
1725,SR,8/14/2011,8/23/2011,30.7,1.4,44.48333333,-72.16666667
1726,SR,8/23/2011,8/29/2011,75.2,1.0,44.48333333,-72.16666667
1727,SR,8/29/2011,9/7/2011,146.6,0.61,44.48333333,-72.16666667
1728,SR,9/7/2011,9/14/2011,44.7,1.71,44.48333333,-72.16666667
1729,SR,9/14/2011,9/20/2011,18.5,1.49,44.48333333,-72.16666667
1730,SR,9/20/2011,9/27/2011,15.5,1.07,44.48333333,-72.16666667
1731,SR,9/27/2011,10/5/2011,10.7,1.99,44.48333333,-72.16666667
1732,SR,10/5/2011,10/11/2011,80.8,0.78,44.48333333,-72.16666667
1733,SR,10/11/2011,10/17/2011,0.0,,44.48333333,-72.16666667
1734,SR,10/17/2011,10/25/2011,53.3,0.58,44.48333333,-72.16666667
1735,SR,10/25/2011,11/2/2011,17.4,0.92,44.48333333,-72.16666667
1736,SR,11/2/2011,11/8/2011,6.4,0.56,44.48333333,-72.16666667
1737,SR,11/8/2011,11/15/2011,0.0,,44.48333333,-72.16666667
1738,SR,11/15/2011,11/22/2011,3.8,1.28,44.48333333,-72.16666667
1739,SR,11/22/2011,11/29/2011,2.3,1.88,44.48333333,-72.16666667
1740,SR,11/29/2011,12/6/2011,30.0,0.29,44.48333333,-72.16666667
1741,SR,12/6/2011,12/13/2011,21.3,0.35,44.48333333,-72.16666667
1742,SR,12/13/2011,12/20/2011,18.2,0.17,44.48333333,-72.16666667
1743,SR,12/20/2011,12/27/2011,27.7,0.41,44.48333333,-72.16666667
1744,SR,12/27/2011,1/3/2012,18.8,0.19,44.48333333,-72.16666667
1745,SR,1/3/2012,1/10/2012,31.5,0.3,44.48333333,-72.16666667
1746,SR,1/10/2012,1/19/2012,5.8,0.69,44.48333333,-72.16666667
1747,SR,1/19/2012,1/25/2012,25.4,0.52,44.48333333,-72.16666667
1748,SR,1/25/2012,1/31/2012,16.5,0.26,44.48333333,-72.16666667
1749,SR,1/31/2012,2/7/2012,36.3,0.19,44.48333333,-72.16666667
1750,SR,2/7/2012,2/14/2012,11.9,0.73,44.48333333,-72.16666667
1751,SR,2/14/2012,2/21/2012,1.8,,44.48333333,-72.16666667
1752,SR,2/21/2012,2/29/2012,4.3,0.81,44.48333333,-72.16666667
1753,SR,2/29/2012,3/6/2012,28.4,0.36,44.48333333,-72.16666667
1754,SR,3/6/2012,3/13/2012,21.3,0.29,44.48333333,-72.16666667
1755,SR,3/13/2012,3/20/2012,16.3,0.59,44.48333333,-72.16666667
1756,SR,3/20/2012,3/27/2012,6.1,1.42,44.48333333,-72.16666667
1757,SR,3/27/2012,4/3/2012,11.4,,44.48333333,-72.16666667
1758,SR,4/3/2012,4/10/2012,7.1,1.44,44.48333333,-72.16666667
1759,SR,4/10/2012,4/17/2012,24.4,0.61,44.48333333,-72.16666667
1760,SR,4/17/2012,4/24/2012,5.3,,44.48333333,-72.16666667
1761,SR,4/24/2012,5/1/2012,55.6,0.52,44.48333333,-72.16666667
1762,SR,5/1/2012,5/9/2012,22.4,1.15,44.48333333,-72.16666667
1763,SR,5/9/2012,5/16/2012,37.1,1.07,44.48333333,-72.16666667
1764,SR,5/16/2012,5/22/2012,32.3,1.17,44.48333333,-72.16666667
1765,SR,5/22/2012,5/30/2012,15.2,1.81,44.48333333,-72.16666667
1766,SR,5/30/2012,6/5/2012,52.1,2.03,44.48333333,-72.16666667
1767,SR,6/5/2012,6/12/2012,40.9,0.9,44.48333333,-72.16666667
1768,SR,6/12/2012,6/19/2012,3.3,,44.48333333,-72.16666667
1769,SR,6/19/2012,6/26/2012,9.9,3.49,44.48333333,-72.16666667
1770,SR,6/26/2012,7/3/2012,28.2,1.49,44.48333333,-72.16666667
1771,SR,7/3/2012,7/10/2012,31.0,2.16,44.48333333,-72.16666667
1772,SR,7/10/2012,7/18/2012,53.8,1.44,44.48333333,-72.16666667
1773,SR,7/18/2012,7/24/2012,21.1,3.3,44.48333333,-72.16666667
1774,SR,7/24/2012,7/31/2012,26.4,1.21,44.48333333,-72.16666667
1775,SR,7/31/2012,8/5/2012,7.5,2.4,44.48333333,-72.16666667
1776,SR,8/5/2012,8/13/2012,0.0,,44.48333333,-72.16666667
1777,SR,8/13/2012,8/20/2012,69.9,,44.48333333,-72.16666667
1778,SR,8/20/2012,8/28/2012,2.8,,44.48333333,-72.16666667
1779,SR,8/28/2012,9/5/2012,12.2,,44.48333333,-72.16666667
1780,SR,9/5/2012,9/10/2012,48.0,,44.48333333,-72.16666667
1781,SR,9/10/2012,9/19/2012,20.6,,44.48333333,-72.16666667
1782,SR,9/19/2012,9/25/2012,45.5,,44.48333333,-72.16666667
1783,SR,9/25/2012,10/2/2012,11.7,,44.48333333,-72.16666667
1784,SR,10/2/2012,,42.4,,44.48333333,-72.16666667
0,AK02,2/21/2017 18:05,2/28/2017 18:28,8.128,0.39,58.5139,-134.7843
1,AK02,3/21/2017 18:55,3/28/2017 17:50,12.192,0.49,58.5139,-134.7843
2,AK02,4/18/2017 18:07,4/25/2017 18:01,8.128,0.59,58.5139,-134.7843
3,AK02,5/16/2017 16:18,5/23/2017 18:23,39.116,0.48,58.5139,-134.7843
4,AK02,6/13/2017 18:02,6/20/2017 17:17,78.994,0.43,58.5139,-134.7843
5,AK02,7/11/2017 17:25,7/18/2017 18:11,77.47,0.42,58.5139,-134.7843
6,AK02,8/8/2017 17:11,8/15/2017 22:30,47.244,0.24,58.5139,-134.7843
7,AK02,9/12/2017 18:20,9/19/2017 18:50,11.43,0.38,58.5139,-134.7843
8,AK02,10/3/2017 19:12,10/10/2017 18:50,53.848,0.21,58.5139,-134.7843
9,AK02,11/21/2017 19:35,11/28/2017 19:41,30.734,0.44,58.5139,-134.7843
10,AK02,12/12/2017 20:31,12/19/2017 19:53,59.182,0.41,58.5139,-134.7843
11,AK02,1/9/2018 19:13,1/16/2018 19:18,22.098,0.35,58.5139,-134.7843
12,AK02,2/6/2018 19:13,2/13/2018 19:17,26.416,0.24,58.5139,-134.7843
13,AK02,3/13/2018 18:41,3/20/2018 18:01,25.908,0.25,58.5139,-134.7843
14,AK02,4/3/2018 18:02,4/10/2018 18:57,7.62,0.05,58.5139,-134.7843
15,AK02,5/29/2018 18:41,6/5/2018 17:35,14.224,0.46,58.5139,-134.7843
16,AK02,6/5/2018 17:36,6/12/2018 17:55,30.988,0.4,58.5139,-134.7843
17,AK02,7/10/2018 16:53,7/17/2018 18:33,73.152,0.43,58.5139,-134.7843
18,AK02,8/21/2018 18:08,8/28/2018 22:06,81.28,0.4,58.5139,-134.7843
19,AK02,9/18/2018 18:32,9/25/2018 21:37,36.83,0.37,58.5139,-134.7843
20,AK02,10/2/2018 22:10,10/9/2018 17:24,49.022,0.34,58.5139,-134.7843
21,AK02,11/20/2018 23:08,11/27/2018 19:45,6.858,0.4,58.5139,-134.7843
22,AK02,12/11/2018 18:56,12/18/2018 18:53,32.512,0.4,58.5139,-134.7843
23,AZ03,1/3/2017 20:15,1/10/2017 16:15,19.558,0.14,36.0586,-112.184
24,AZ03,2/21/2017 19:30,2/28/2017 22:00,24.892,0.19,36.0586,-112.184
25,AZ03,3/21/2017 17:00,3/28/2017 18:15,23.622,0.33,36.0586,-112.184
26,AZ03,5/16/2017 17:00,5/23/2017 17:00,4.572,0.71,36.0586,-112.184
27,AZ03,7/11/2017 18:30,7/18/2017 12:45,21.844,1.09,36.0586,-112.184
28,AZ03,1/9/2018 14:30,1/16/2018 18:30,12.192,0.43,36.0586,-112.184
29,AZ03,2/6/2018 17:45,2/13/2018 18:51,20.369,0.61,36.0586,-112.184
30,AZ03,3/13/2018 17:00,3/20/2018 17:45,10.414,0.22,36.0586,-112.184
31,AZ03,5/1/2018 18:15,5/8/2018 19:15,21.336,0.23,36.0586,-112.184
32,AZ03,6/12/2018 21:30,6/19/2018 16:45,4.064,1.1,36.0586,-112.184
33,AZ03,7/12/2018 17:15,7/17/2018 17:15,2.794,1.41,36.0586,-112.184
34,AZ03,8/21/2018 17:00,8/28/2018 17:00,37.607,1.75,36.0586,-112.184
35,AZ03,9/18/2018 17:15,9/25/2018 17:15,13.462,0.56,36.0586,-112.184
36,AZ03,10/2/2018 17:30,10/9/2018 17:40,45.466,0.7,36.0586,-112.184
37,AZ03,11/20/2018 15:00,11/27/2018 17:45,4.826,0.92,36.0586,-112.184
38,AZ03,12/4/2018 22:45,12/11/2018 21:15,2.286,0.63,36.0586,-112.184
39,CA96,1/3/2017 17:38,1/10/2017 18:48,187.198,0.11,40.539,-121.5772
40,CA96,2/21/2017 18:25,2/28/2017 19:00,58.674,0.37,40.539,-121.5772
41,CA96,3/22/2017 17:41,3/28/2017 18:35,39.37,0.42,40.539,-121.5772
42,CA96,4/18/2017 17:06,4/25/2017 17:23,72.644,0.44,40.539,-121.5772
43,CA96,5/16/2017 17:08,5/23/2017 17:06,5.08,0.97,40.539,-121.5772
44,CA96,6/6/2017 17:14,6/13/2017 17:24,41.148,0.6,40.539,-121.5772
45,CA96,10/17/2017 20:53,10/24/2017 16:22,34.036,0.28,40.539,-121.5772
46,CA96,11/14/2017 18:38,11/21/2017 18:13,137.414,0.2,40.539,-121.5772
47,CA96,12/19/2017 19:02,12/26/2017 17:56,17.272,0.34,40.539,-121.5772
48,CA96,1/10/2018 18:49,1/16/2018 23:40,9.906,0.53,40.539,-121.5772
49,CA96,3/12/2018 19:37,3/20/2018 16:55,123.952,0.23,40.539,-121.5772
50,CA96,4/3/2018 19:20,4/10/2018 16:21,74.676,0.24,40.539,-121.5772
51,CA96,5/22/2018 17:37,5/29/2018 18:08,31.496,0.52,40.539,-121.5772
52,CA96,9/25/2018 20:00,10/2/2018 18:20,2.286,0.74,40.539,-121.5772
53,CA96,10/2/2018 18:22,10/9/2018 21:02,46.482,0.59,40.539,-121.5772
54,CA96,11/20/2018 17:44,11/27/2018 17:57,65.024,0.33,40.539,-121.5772
55,CA96,12/11/2018 21:05,12/18/2018 20:20,84.836,0.25,40.539,-121.5772
56,GA09,1/3/2017 15:45,1/10/2017 16:12,32.766,0.21,30.7404,-82.1283
57,GA09,2/21/2017 15:50,2/28/2017 16:45,35.56,0.32,30.7404,-82.1283
58,GA09,3/7/2017 15:55,3/14/2017 14:32,20.828,0.38,30.7404,-82.1283
59,GA09,5/9/2017 14:28,5/16/2017 15:28,20.32,0.96,30.7404,-82.1283
60,GA09,6/13/2017 14:57,6/20/2017 14:20,51.562,0.89,30.7404,-82.1283
61,GA09,7/11/2017 14:23,7/18/2017 14:20,46.99,1.16,30.7404,-82.1283
62,GA09,8/8/2017 14:50,8/15/2017 14:50,6.096,1.06,30.7404,-82.1283
63,GA09,10/10/2017 14:55,10/17/2017 14:07,18.288,1.27,30.7404,-82.1283
64,GA09,3/13/2018 15:45,3/20/2018 15:05,11.684,0.13,30.7404,-82.1283
65,GA09,4/3/2018 15:20,4/10/2018 15:02,29.21,0.13,30.7404,-82.1283
66,GA09,5/22/2018 14:30,5/29/2018 15:30,62.992,0.53,30.7404,-82.1283
67,GA09,6/5/2018 13:15,6/12/2018 15:00,30.988,1.77,30.7404,-82.1283
68,GA09,7/10/2018 15:08,7/17/2018 14:39,27.686,1.59,30.7404,-82.1283
69,GA09,8/21/2018 16:02,8/28/2018 15:55,32.512,1.38,30.7404,-82.1283
70,GA09,9/18/2018 15:18,9/25/2018 14:11,24.892,1.53,30.7404,-82.1283
71,GA09,10/9/2018 13:53,10/16/2018 13:50,35.052,0.49,30.7404,-82.1283
72,GA09,11/20/2018 16:05,11/27/2018 16:12,14.732,0.68,30.7404,-82.1283
73,GA09,12/11/2018 16:42,12/18/2018 16:13,57.404,0.39,30.7404,-82.1283
74,IA23,2/21/2017 15:30,2/28/2017 19:00,30.48,0.99,40.9631,-93.3925
75,IA23,4/18/2017 13:10,4/25/2017 13:00,7.62,0.84,40.9631,-93.3925
76,IA23,5/16/2017 13:30,5/23/2017 13:30,40.132,0.98,40.9631,-93.3925
77,IA23,6/20/2017 13:25,6/27/2017 13:15,12.446,0.9,40.9631,-93.3925
78,IA23,7/11/2017 12:00,7/18/2017 13:00,6.35,0.91,40.9631,-93.3925
79,IA23,9/12/2017 13:00,9/19/2017 13:10,35.814,0.41,40.9631,-93.3925
80,IA23,10/3/2017 12:40,10/10/2017 12:55,61.468,0.46,40.9631,-93.3925
81,IA23,12/19/2017 14:30,12/26/2017 14:30,8.382,0.55,40.9631,-93.3925
82,IA23,5/22/2018 14:00,5/29/2018 13:00,10.414,0.96,40.9631,-93.3925
83,IA23,6/5/2018 16:00,6/12/2018 13:30,45.212,0.82,40.9631,-93.3925
84,IA23,7/10/2018 12:50,7/17/2018 13:10,5.588,1.38,40.9631,-93.3925
85,IA23,8/21/2018 12:55,8/28/2018 13:30,36.068,1.02,40.9631,-93.3925
86,IA23,10/2/2018 14:00,10/9/2018 13:05,184.404,0.69,40.9631,-93.3925
87,LA30,1/3/2017 15:00,1/10/2017 15:00,26.67,0.46,30.7819,-90.2021
88,LA30,2/21/2017 15:00,2/28/2017 15:00,33.528,0.4,30.7819,-90.2021
89,LA30,3/21/2017 14:00,3/27/2017 20:45,14.732,0.66,30.7819,-90.2021
90,LA30,4/18/2017 14:00,4/25/2017 14:00,14.986,0.67,30.7819,-90.2021
91,LA30,5/16/2017 14:00,5/23/2017 14:00,130.81,0.58,30.7819,-90.2021
92,LA30,6/13/2017 14:00,6/20/2017 14:00,27.94,0.97,30.7819,-90.2021
93,LA30,7/11/2017 14:00,7/18/2017 14:00,37.592,0.63,30.7819,-90.2021
94,LA30,8/8/2017 14:00,8/15/2017 14:00,47.244,0.61,30.7819,-90.2021
95,LA30,9/19/2017 14:00,9/26/2017 14:00,11.684,1.75,30.7819,-90.2021
96,LA30,10/3/2017 14:00,10/10/2017 14:00,21.336,0.41,30.7819,-90.2021
97,LA30,1/9/2018 15:00,1/16/2018 15:00,20.574,0.67,30.7819,-90.2021
98,LA30,2/6/2018 15:00,2/13/2018 15:00,84.328,0.69,30.7819,-90.2021
99,LA30,3/13/2018 14:00,3/20/2018 14:00,60.198,0.13,30.7819,-90.2021
100,LA30,4/3/2018 14:00,4/10/2018 14:00,50.292,0.12,30.7819,-90.2021
101,LA30,5/22/2018 14:00,5/29/2018 14:00,44.45,1.08,30.7819,-90.2021
102,LA30,6/5/2018 14:00,6/12/2018 14:00,89.154,0.76,30.7819,-90.2021
103,LA30,7/10/2018 14:00,7/17/2018 14:00,71.374,0.99,30.7819,-90.2021
104,LA30,8/21/2018 14:00,8/28/2018 14:00,35.56,0.98,30.7819,-90.2021
105,LA30,9/18/2018 14:00,9/25/2018 14:00,15.24,1.2,30.7819,-90.2021
106,LA30,10/9/2018 14:00,10/16/2018 14:00,46.228,0.57,30.7819,-90.2021
107,LA30,11/20/2018 15:00,11/27/2018 15:00,10.414,0.5,30.7819,-90.2021
108,ME09,1/10/2017 17:30,1/17/2017 16:40,20.574,0.35,45.4891,-69.6647
109,ME09,2/23/2017 17:00,2/28/2017 15:15,18.796,0.3,45.4891,-69.6647
110,ME09,3/21/2017 15:30,3/28/2017 15:20,14.224,0.57,45.4891,-69.6647
111,ME09,4/18/2017 14:16,4/25/2017 14:55,21.082,0.57,45.4891,-69.6647
112,ME09,5/9/2017 15:40,5/16/2017 15:30,50.038,0.55,45.4891,-69.6647
113,ME09,6/13/2017 16:15,6/20/2017 15:30,44.196,0.81,45.4891,-69.6647
114,ME09,7/11/2017 14:55,7/18/2017 15:23,52.578,0.89,45.4891,-69.6647
115,ME09,8/8/2017 14:55,8/15/2017 15:35,7.112,2.2,45.4891,-69.6647
116,ME09,9/5/2017 13:55,9/12/2017 13:50,33.528,1.88,45.4891,-69.6647
117,ME09,11/14/2017 16:15,11/21/2017 16:00,18.288,0.55,45.4891,-69.6647
118,ME09,12/19/2017 17:00,12/27/2017 15:35,38.1,0.92,45.4891,-69.6647
119,ME09,1/2/2018 16:30,1/9/2018 16:25,43.688,0.45,45.4891,-69.6647
120,ME09,2/6/2018 16:22,2/13/2018 15:50,24.13,0.49,45.4891,-69.6647
121,ME09,3/13/2018 13:15,3/20/2018 16:00,57.658,0.2,45.4891,-69.6647
122,ME09,4/3/2018 15:20,4/10/2018 15:05,21.844,0.05,45.4891,-69.6647
123,ME09,7/10/2018 14:41,7/17/2018 15:15,7.874,2.27,45.4891,-69.6647
124,ME09,8/21/2018 15:55,8/28/2018 14:05,5.08,1.14,45.4891,-69.6647
125,ME09,9/18/2018 14:45,9/25/2018 14:35,15.748,0.83,45.4891,-69.6647
126,ME09,10/2/2018 15:40,10/9/2018 16:35,17.018,0.99,45.4891,-69.6647
127,ME09,12/11/2018 17:05,12/18/2018 16:50,18.034,0.44,45.4891,-69.6647
128,MN32,1/3/2017 20:00,1/10/2017 17:15,6.604,0.32,48.4132,-92.8305
129,MN32,3/14/2017 15:45,3/21/2017 15:00,9.906,0.65,48.4132,-92.8305
130,MN32,4/11/2017 14:30,4/18/2017 14:00,7.62,0.95,48.4132,-92.8305
131,MN32,5/15/2017 14:45,5/23/2017 14:45,15.367,0.91,48.4132,-92.8305
132,MN32,6/13/2017 16:00,6/20/2017 14:50,42.164,0.9,48.4132,-92.8305
133,MN32,7/11/2017 17:30,7/18/2017 16:20,9.652,2.25,48.4132,-92.8305
134,MN32,8/8/2017 16:35,8/16/2017 16:30,22.606,0.94,48.4132,-92.8305
135,MN32,9/12/2017 15:30,9/19/2017 21:00,19.558,0.82,48.4132,-92.8305
136,MN32,1/9/2018 19:00,1/16/2018 20:15,10.668,0.62,48.4132,-92.8305
137,MN32,3/20/2018 16:45,3/27/2018 17:15,20.066,0.25,48.4132,-92.8305
138,MN32,5/8/2018 17:45,5/16/2018 17:45,19.923,1.32,48.4132,-92.8305
139,MN32,7/10/2018 11:30,7/17/2018 10:00,11.43,1.53,48.4132,-92.8305
140,MN32,8/22/2018 11:00,8/28/2018 10:45,39.37,1.88,48.4132,-92.8305
141,MN32,10/2/2018 10:45,10/9/2018 11:00,25.4,0.5,48.4132,-92.8305
142,MT05,1/3/2017 16:46,1/10/2017 18:16,27.178,0.31,48.5102,-113.997
143,MT05,2/21/2017 14:05,3/1/2017 1:50,22.606,0.19,48.5102,-113.997
144,MT05,3/21/2017 14:33,3/28/2017 17:45,25.654,0.71,48.5102,-113.997
145,MT05,4/18/2017 23:30,4/25/2017 16:35,32.766,0.85,48.5102,-113.997
146,MT05,6/13/2017 17:15,6/20/2017 12:27,58.674,0.62,48.5102,-113.997
147,MT05,9/12/2017 17:12,9/19/2017 15:32,12.192,1.74,48.5102,-113.997
148,MT05,10/3/2017 20:09,10/9/2017 14:55,5.588,0.7,48.5102,-113.997
149,MT05,11/15/2017 1:40,11/22/2017 23:30,47.752,0.46,48.5102,-113.997
150,MT05,12/12/2017 14:37,12/19/2017 15:45,33.782,0.25,48.5102,-113.997
151,MT05,1/9/2018 18:30,1/16/2018 20:36,42.926,0.88,48.5102,-113.997
152,MT05,5/22/2018 16:58,5/29/2018 13:46,17.78,0.43,48.5102,-113.997
153,MT05,6/5/2018 15:39,6/13/2018 3:05,20.066,0.78,48.5102,-113.997
154,MT05,7/24/2018 18:08,8/1/2018 14:33,9.906,3.35,48.5102,-113.997
155,MT05,9/18/2018 19:04,9/25/2018 18:23,4.826,1.93,48.5102,-113.997
156,MT05,10/2/2018 17:14,10/9/2018 18:58,12.7,1.01,48.5102,-113.997
157,MT05,11/20/2018 12:42,11/27/2018 13:59,2.794,1.22,48.5102,-113.997
158,MT05,12/11/2018 14:03,12/18/2018 13:21,15.046,0.65,48.5102,-113.997
159,ND00,9/12/2017 14:00,9/19/2017 14:15,51.054,1.19,46.8951,-103.378
160,ND00,3/13/2018 15:11,3/20/2018 16:07,19.558,0.21,46.8951,-103.378
161,ND00,4/17/2018 16:10,4/24/2018 17:59,7.62,0.43,46.8951,-103.378
162,ND00,5/22/2018 23:00,5/30/2018 1:00,13.211,0.52,46.8951,-103.378
163,ND00,6/5/2018 20:30,6/12/2018 20:00,24.13,0.54,46.8951,-103.378
164,ND00,7/17/2018 18:30,7/24/2018 15:00,20.574,1.49,46.8951,-103.378
165,ND00,8/21/2018 14:30,8/28/2018 19:15,8.382,2.57,46.8951,-103.378
166,ND00,9/18/2018 17:30,9/25/2018 18:15,21.59,0.95,46.8951,-103.378
167,ND00,10/2/2018 16:30,10/9/2018 18:30,6.0,0.92,46.8951,-103.378
168,NV05,1/3/2017 22:00,1/10/2017 20:30,34.036,0.22,39.0054,-114.217
169,NV05,2/21/2017 23:00,2/28/2017 17:15,12.7,0.4,39.0054,-114.217
170,NV05,3/21/2017 16:08,3/28/2017 18:30,33.528,0.46,39.0054,-114.217
171,NV05,11/14/2017 18:05,11/21/2017 17:09,5.842,0.83,39.0054,-114.217
172,NV05,3/13/2018 21:45,3/20/2018 17:30,17.526,0.05,39.0054,-114.217
173,NV05,4/3/2018 16:56,4/10/2018 16:51,5.334,0.65,39.0054,-114.217
174,NV05,7/10/2018 17:45,7/17/2018 17:11,13.97,3.48,39.0054,-114.217
175,NV05,8/14/2018 17:30,8/21/2018 17:30,17.018,2.39,39.0054,-114.217
176,NV05,10/2/2018 18:00,10/9/2018 22:44,51.618,0.72,39.0054,-114.217
177,OK00,2/14/2017 12:44,2/21/2017 21:55,27.432,0.39,36.7863,-98.18
178,OK00,4/25/2017 12:35,5/2/2017 13:35,47.752,0.46,36.7863,-98.18
179,OK00,5/16/2017 12:16,5/23/2017 12:03,76.2,0.76,36.7863,-98.18
180,OK00,6/20/2017 12:20,6/27/2017 12:12,5.842,0.79,36.7863,-98.18
181,OK00,7/18/2017 12:15,7/25/2017 12:30,14.732,0.93,36.7863,-98.18
182,OK00,8/8/2017 12:15,8/15/2017 11:48,118.11,0.61,36.7863,-98.18
183,OK00,10/3/2017 12:28,10/10/2017 12:43,24.892,0.66,36.7863,-98.18
184,OK00,2/13/2018 14:10,2/20/2018 21:13,29.718,0.23,36.7863,-98.18
185,OK00,5/22/2018 12:10,5/29/2018 12:55,51.562,0.98,36.7863,-98.18
186,OK00,6/6/2018 14:25,6/12/2018 12:45,49.53,1.09,36.7863,-98.18
187,OK00,7/10/2018 12:00,7/17/2018 12:08,23.622,0.65,36.7863,-98.18
188,OK00,8/21/2018 12:55,8/28/2018 13:10,15.541,1.55,36.7863,-98.18
189,OK00,9/18/2018 12:12,9/25/2018 11:57,6.363,0.84,36.7863,-98.18
190,OK00,10/2/2018 12:28,10/8/2018 13:10,132.093,0.4,36.7863,-98.18
191,TN11,2/21/2017 14:44,2/28/2017 14:05,21.336,0.77,35.6645,-83.5903
192,TN11,3/21/2017 13:41,3/28/2017 13:59,44.45,0.74,35.6645,-83.5903
193,TN11,4/18/2017 13:45,4/25/2017 14:25,83.566,0.74,35.6645,-83.5903
194,TN11,5/16/2017 14:40,5/23/2017 14:32,25.146,0.8,35.6645,-83.5903
195,TN11,6/13/2017 14:57,6/20/2017 15:58,89.916,1.37,35.6645,-83.5903
196,TN11,7/11/2017 14:44,7/18/2017 14:16,17.018,1.03,35.6645,-83.5903
197,TN11,9/11/2017 15:30,9/19/2017 15:03,16.51,0.47,35.6645,-83.5903
198,TN11,12/19/2017 19:24,12/26/2017 19:29,70.104,0.29,35.6645,-83.5903
199,TN11,3/13/2018 19:10,3/20/2018 14:53,13.462,0.42,35.6645,-83.5903
200,TN11,5/22/2018 16:03,5/29/2018 19:58,138.176,0.78,35.6645,-83.5903
201,TN11,6/5/2018 14:52,6/12/2018 15:22,8.636,2.62,35.6645,-83.5903
202,TN11,7/17/2018 14:44,7/24/2018 15:49,47.244,1.39,35.6645,-83.5903
203,TN11,8/21/2018 14:40,8/28/2018 15:44,13.208,1.36,35.6645,-83.5903
204,TN11,9/18/2018 14:52,9/25/2018 15:59,3.302,1.95,35.6645,-83.5903
205,TN11,11/20/2018 13:26,11/27/2018 19:44,17.272,2.2,35.6645,-83.5903
206,TN11,12/11/2018 19:30,12/18/2018 15:40,8.382,0.72,35.6645,-83.5903
207,TX03,1/10/2017 15:24,1/17/2017 16:49,44.45,0.26,28.4667,-97.7069
208,TX03,2/14/2017 16:00,2/21/2017 16:30,28.702,0.38,28.4667,-97.7069
209,TX03,3/7/2017 15:00,3/14/2017 14:30,19.05,0.52,28.4667,-97.7069
210,TX03,4/11/2017 14:00,4/18/2017 14:00,17.018,0.77,28.4667,-97.7069
211,TX03,6/20/2017 15:42,6/27/2017 14:25,12.192,0.63,28.4667,-97.7069
212,TX03,7/11/2017 15:27,7/18/2017 14:30,51.054,0.53,28.4667,-97.7069
213,TX03,8/1/2017 14:30,8/8/2017 14:30,47.752,0.49,28.4667,-97.7069
214,TX03,9/12/2017 14:00,9/19/2017 14:48,15.494,0.3,28.4667,-97.7069
215,TX03,12/11/2017 16:15,12/19/2017 15:35,38.1,0.55,28.4667,-97.7069
216,TX03,6/12/2018 14:30,6/19/2018 14:30,135.382,0.28,28.4667,-97.7069
217,TX03,7/31/2018 14:30,8/7/2018 14:30,10.16,0.57,28.4667,-97.7069
218,TX03,9/18/2018 14:30,9/25/2018 14:30,7.62,0.61,28.4667,-97.7069
219,TX03,10/2/2018 14:30,10/9/2018 14:30,11.176,0.38,28.4667,-97.7069
220,WA14,1/3/2017 19:03,1/10/2017 18:45,31.546,0.12,47.8597,-123.9325
221,WA14,2/21/2017 21:57,2/28/2017 19:55,22.797,0.32,47.8597,-123.9325
222,WA14,3/21/2017 18:00,3/28/2017 19:00,179.07,0.46,47.8597,-123.9325
223,WA14,4/18/2017 19:36,4/25/2017 17:27,66.294,0.37,47.8597,-123.9325
224,WA14,5/9/2017 17:30,5/16/2017 18:15,113.18,0.45,47.8597,-123.9325
225,WA14,6/13/2017 19:10,6/20/2017 20:25,38.84,0.57,47.8597,-123.9325
226,WA14,7/18/2017 17:27,7/25/2017 20:45,14.772,0.52,47.8597,-123.9325
227,WA14,9/13/2017 0:45,9/19/2017 18:00,37.251,0.2,47.8597,-123.9325
228,WA14,10/3/2017 22:40,10/10/2017 21:15,41.701,0.35,47.8597,-123.9325
229,WA14,11/21/2017 17:30,11/28/2017 17:45,210.381,0.22,47.8597,-123.9325
230,WA14,12/19/2017 20:30,12/26/2017 23:00,13.136,1.33,47.8597,-123.9325
231,WA14,1/9/2018 20:40,1/16/2018 19:00,76.819,0.41,47.8597,-123.9325
232,WA14,3/13/2018 16:30,3/20/2018 15:30,28.445,0.05,47.8597,-123.9325
233,WA14,6/5/2018 18:30,6/12/2018 17:00,56.672,0.29,47.8597,-123.9325
234,WA14,7/3/2018 16:50,7/10/2018 18:15,7.099,0.88,47.8597,-123.9325
235,WA14,8/21/2018 17:20,8/28/2018 16:30,5.41,1.94,47.8597,-123.9325
236,WA14,9/11/2018 15:50,9/18/2018 17:20,5.896,0.45,47.8597,-123.9325
237,WA14,10/2/2018 15:30,10/9/2018 23:27,29.696,0.62,47.8597,-123.9325
238,WA14,11/20/2018 17:45,11/27/2018 20:45,211.864,0.26,47.8597,-123.9325
239,WA14,12/11/2018 18:45,12/18/2018 17:15,211.573,0.49,47.8597,-123.9325
240,WV05,1/3/2017 21:04,1/10/2017 21:25,19.05,0.38,38.8794,-80.8476
241,WV05,2/21/2017 21:30,2/28/2017 16:05,11.43,0.36,38.8794,-80.8476
242,WV05,3/21/2017 18:40,3/28/2017 19:16,27.94,0.68,38.8794,-80.8476
243,WV05,4/18/2017 19:40,4/25/2017 18:30,21.844,0.69,38.8794,-80.8476
244,WV05,6/13/2017 19:00,6/20/2017 15:20,59.944,0.7,38.8794,-80.8476
245,WV05,7/11/2017 21:00,7/18/2017 18:25,29.21,1.57,38.8794,-80.8476
246,WV05,8/8/2017 20:15,8/15/2017 19:02,18.288,1.02,38.8794,-80.8476
247,WV05,10/3/2017 19:25,10/10/2017 20:30,50.038,0.3,38.8794,-80.8476
248,WV05,11/14/2017 17:15,11/21/2017 20:40,9.906,0.59,38.8794,-80.8476
249,WV05,12/19/2017 20:45,12/26/2017 22:20,30.48,0.63,38.8794,-80.8476
250,WV05,1/9/2018 20:35,1/16/2018 19:40,53.34,0.36,38.8794,-80.8476
251,WV05,2/6/2018 21:10,2/13/2018 20:50,41.34,0.56,38.8794,-80.8476
252,WV05,3/14/2018 13:45,3/20/2018 18:25,9.906,0.42,38.8794,-80.8476
253,WV05,4/3/2018 20:30,4/10/2018 21:05,24.384,0.36,38.8794,-80.8476
254,WV05,5/15/2018 17:35,5/22/2018 18:50,53.848,0.53,38.8794,-80.8476
255,WV05,6/6/2018 10:35,6/12/2018 12:45,12.446,1.24,38.8794,-80.8476
256,WV05,7/10/2018 20:00,7/17/2018 12:35,10.16,2.13,38.8794,-80.8476
257,WV05,8/21/2018 20:15,8/28/2018 19:35,26.416,1.55,38.8794,-80.8476
258,WV05,9/18/2018 21:10,9/25/2018 21:20,63.246,0.8,38.8794,-80.8476
259,WV05,10/2/2018 19:50,10/9/2018 19:35,28.448,0.56,38.8794,-80.8476
260,WV05,11/20/2018 21:00,11/27/2018 21:40,21.844,0.44,38.8794,-80.8476
261,WV05,12/11/2018 14:15,12/18/2018 15:05,38.016,0.31,38.8794,-80.8476
262,WY08,1/4/2017 19:30,1/10/2017 17:45,15.494,0.28,44.9166,-110.4203
263,WY08,3/20/2017 19:30,3/27/2017 19:45,14.224,0.7,44.9166,-110.4203
264,WY08,5/15/2017 21:30,5/22/2017 21:00,25.4,0.93,44.9166,-110.4203
265,WY08,9/12/2017 15:15,9/19/2017 17:45,57.15,0.61,44.9166,-110.4203
266,WY08,11/13/2017 21:00,11/21/2017 17:45,12.446,0.54,44.9166,-110.4203
267,WY08,1/9/2018 22:00,1/17/2018 18:15,15.748,0.4,44.9166,-110.4203
268,WY08,5/22/2018 20:30,5/29/2018 20:30,24.638,0.47,44.9166,-110.4203
269,WY08,6/12/2018 21:15,6/18/2018 20:00,41.402,0.59,44.9166,-110.4203
270,WY08,8/21/2018 14:45,8/28/2018 20:15,15.24,1.43,44.9166,-110.4203
271,WY08,10/2/2018 18:45,10/9/2018 15:30,13.462,0.75,44.9166,-110.4203
272,WY08,11/21/2018 16:45,11/26/2018 20:15,9.144,0.41,44.9166,-110.4203
273,WY08,12/10/2018 19:15,12/18/2018 19:00,4.318,0.65,44.9166,-110.4203
