,siteId,SamplingInt,lat,lon,PREC_tot_mm,Mod_BC_mgm2,Mod_SOA_POM_mgm2,Mod_SOA_POM_BC_mgm2,latitude,longitude,dateOn,dateOff,dateOnround,dateOffround,Variable,Value_mgm2,Precip_mm,IntTime
0,AB32,0.0,57.01570680628271,248.75,13.305402913843523,0.06952965299458812,1.7669148363180787,1.836444490081095,57.1894,-111.6406,2020-10-28,2020-11-04,2020-10-28,2020-11-04,rBC_mgL,0.005255999999999999,5.84,7 days 00:00:00
1,AB32,1.0,57.01570680628271,248.75,19.567822975163907,0.09205651863013191,2.1774916433679605,2.2695481816147405,57.1894,-111.6406,2020-11-04,2020-11-10,2020-11-04,2020-11-10,rBC_mgL,0.037476,10.41,6 days 00:00:00
2,AB32,2.0,57.01570680628271,248.75,10.014785327615295,0.08304214814581942,1.194062256122932,1.2771044071869537,57.1894,-111.6406,2020-11-17,2020-11-24,2020-11-17,2020-11-24,rBC_mgL,0.054303,7.87,7 days 00:00:00
3,AB34,0.0,56.07329842931938,248.75,14.909351286362948,0.09943821309435891,2.5564296990021735,2.655867848866148,55.6214,-111.1727,2020-10-28,2020-11-03,2020-10-28,2020-11-03,rBC_mgL,0.01029,6.86,6 days 00:00:00
4,AB34,1.0,56.07329842931938,248.75,15.578649077951923,0.08570752225914703,2.0243073625561894,2.110014921965185,55.6214,-111.1727,2020-11-03,2020-11-10,2020-11-03,2020-11-10,rBC_mgL,0.039024,16.26,7 days 00:00:00
5,AB34,2.0,56.07329842931938,248.75,6.908702988894788,0.0533408055761633,0.8160039627179151,0.8693447720933343,55.6214,-111.1727,2020-11-18,2020-11-25,2020-11-18,2020-11-25,rBC_mgL,0.0012179999999999997,2.03,7 days 00:00:00
6,AB36,0.0,57.01570680628271,248.75,13.305402913843523,0.06952965299458812,1.7669148363180787,1.836444490081095,57.2592,-111.0386,2020-10-28,2020-11-04,2020-10-28,2020-11-04,rBC_mgL,0.007266999999999999,5.59,7 days 00:00:00
7,AB36,1.0,57.01570680628271,248.75,19.567822975163907,0.09205651863013191,2.1774916433679605,2.2695481816147405,57.2592,-111.0386,2020-11-04,2020-11-10,2020-11-04,2020-11-10,rBC_mgL,0.014688,4.32,6 days 00:00:00
8,AB36,2.0,57.01570680628271,248.75,10.206603856675878,0.08328706741013225,1.202079833740371,1.2853669041235933,57.2592,-111.0386,2020-11-16,2020-11-24,2020-11-16,2020-11-24,rBC_mgL,0.016764,3.81,8 days 00:00:00
9,AK01,0.0,65.49738219895289,212.5,28.306843243797175,0.046936842888929686,0.48558955430873935,0.5325264053942375,65.155,-147.491,2020-11-03,2020-11-10,2020-11-03,2020-11-10,rBC_mgL,0.128016,35.56,7 days 00:00:00
10,AK02,0.0,58.90052356020942,225.0,7.06272882680381,0.022284339652574328,0.25794955181855694,0.2802338876575772,58.5139,-134.7843,2017-02-21,2017-02-28,2017-02-21,2017-02-28,DOC_mgL,3.1699200000000003,8.128,7 days 00:00:00
11,AK02,1.0,58.90052356020942,225.0,20.92919352065792,0.030966430591625183,0.3557428141127972,0.3867092482172374,58.5139,-134.7843,2017-03-21,2017-03-28,2017-03-21,2017-03-28,DOC_mgL,5.97408,12.192,7 days 00:00:00
12,AK02,2.0,58.90052356020942,225.0,12.0114655091208,0.04940191745999516,0.8906718514793913,0.9400737520705582,58.5139,-134.7843,2017-04-18,2017-04-25,2017-04-18,2017-04-25,DOC_mgL,4.79552,8.128,7 days 00:00:00
13,AK02,3.0,58.90052356020942,225.0,63.91265434960714,0.07600637190248069,0.7555502516356669,0.8315566024338136,58.5139,-134.7843,2017-05-16,2017-05-23,2017-05-16,2017-05-23,DOC_mgL,18.775679999999998,39.116,7 days 00:00:00
14,AK02,4.0,58.90052356020942,225.0,53.02825417174972,0.08931335632005044,2.15069958873354,2.2400129204638852,58.5139,-134.7843,2017-06-13,2017-06-20,2017-06-13,2017-06-20,DOC_mgL,33.96742,78.994,7 days 00:00:00
15,AK02,5.0,58.90052356020942,225.0,39.79043052309006,1.0233833301295272,9.914045746850508,10.93742885011073,58.5139,-134.7843,2017-07-11,2017-07-18,2017-07-11,2017-07-18,DOC_mgL,32.5374,77.47,7 days 00:00:00
16,AK02,6.0,58.90052356020942,225.0,38.798296771986884,0.0847684781246672,2.0418654602225175,2.1266339184454495,58.5139,-134.7843,2017-08-08,2017-08-15,2017-08-08,2017-08-15,DOC_mgL,11.33856,47.244,7 days 00:00:00
17,AK02,7.0,58.90052356020942,225.0,11.399437094272713,0.015228059843991792,0.3835352774142573,0.3987633377796826,58.5139,-134.7843,2017-09-12,2017-09-19,2017-09-12,2017-09-19,DOC_mgL,4.3434,11.43,7 days 00:00:00
18,AK02,8.0,58.90052356020942,225.0,110.78364366028381,0.11875047790802298,2.3179845082439696,2.436734994641296,58.5139,-134.7843,2017-10-03,2017-10-10,2017-10-03,2017-10-10,DOC_mgL,11.308079999999999,53.848,7 days 00:00:00
19,AK02,9.0,58.90052356020942,225.0,32.70864094133685,0.031174936179908467,0.31726526484102124,0.3484401927145858,58.5139,-134.7843,2017-11-21,2017-11-28,2017-11-21,2017-11-28,DOC_mgL,13.522960000000001,30.734,7 days 00:00:00
20,AK02,10.0,58.90052356020942,225.0,82.30539295865924,0.081697026560793,1.0307937800199674,1.1124907901144399,58.5139,-134.7843,2017-12-12,2017-12-19,2017-12-12,2017-12-19,DOC_mgL,24.26462,59.182,7 days 00:00:00
21,AK02,11.0,58.90052356020942,225.0,55.89500789575652,0.1472186169971575,1.356106463174382,1.5033250992736147,58.5139,-134.7843,2018-01-09,2018-01-16,2018-01-09,2018-01-16,DOC_mgL,7.734299999999999,22.098,7 days 00:00:00
22,AK02,12.0,58.90052356020942,225.0,12.678035906750464,0.01704973112663432,0.19530117506118397,0.21235090289455533,58.5139,-134.7843,2018-02-06,2018-02-13,2018-02-06,2018-02-13,DOC_mgL,6.33984,26.416,7 days 00:00:00
23,AK02,13.0,58.90052356020942,225.0,11.11463384049216,0.0685086766205414,0.8877758098072734,0.9562844718734171,58.5139,-134.7843,2018-03-13,2018-03-20,2018-03-13,2018-03-20,DOC_mgL,6.477,25.908,7 days 00:00:00
24,AK02,14.0,58.90052356020942,225.0,4.237163266651578,0.02086874084191225,0.2881024868689504,0.3089712323120667,58.5139,-134.7843,2018-04-03,2018-04-10,2018-04-03,2018-04-10,DOC_mgL,0.381,7.62,7 days 00:00:00
25,AK02,15.0,58.90052356020942,225.0,19.299667695182876,0.016853707296947407,1.361313636035616,1.3781673240120806,58.5139,-134.7843,2018-05-29,2018-06-05,2018-05-29,2018-06-05,DOC_mgL,6.54304,14.224,7 days 00:00:00
26,AK02,16.0,58.90052356020942,225.0,33.91052720551832,0.0356812813182613,1.1379157678625962,1.1735970273721308,58.5139,-134.7843,2018-06-05,2018-06-12,2018-06-05,2018-06-12,DOC_mgL,12.3952,30.988,7 days 00:00:00
27,AK02,17.0,58.90052356020942,225.0,49.08432828097942,0.10393172109068351,2.638827415954448,2.742759097965064,58.5139,-134.7843,2018-07-10,2018-07-17,2018-07-10,2018-07-17,DOC_mgL,31.45536,73.152,7 days 00:00:00
28,AK02,18.0,58.90052356020942,225.0,22.80497311950569,0.0402880888318493,1.1688044422933364,1.2090925292224108,58.5139,-134.7843,2018-08-21,2018-08-28,2018-08-21,2018-08-28,DOC_mgL,32.512,81.28,7 days 00:00:00
29,AK02,19.0,58.90052356020942,225.0,14.954287527065938,0.027567935801519963,0.28618626133453895,0.31375418696238855,58.5139,-134.7843,2018-09-18,2018-09-25,2018-09-18,2018-09-25,DOC_mgL,13.627099999999999,36.83,7 days 00:00:00
30,AK02,20.0,58.90052356020942,225.0,20.966378732405893,0.02426345262291501,0.40326345861813023,0.4275269097041362,58.5139,-134.7843,2018-10-02,2018-10-09,2018-10-02,2018-10-09,DOC_mgL,16.66748,49.022,7 days 00:00:00
31,AK02,21.0,58.90052356020942,225.0,51.412372464909595,0.08065243619443871,1.6916460072579493,1.772298417984479,58.5139,-134.7843,2018-11-20,2018-11-27,2018-11-20,2018-11-27,DOC_mgL,2.7432,6.858,7 days 00:00:00
32,AK02,22.0,58.90052356020942,225.0,72.4863755706906,0.03774919934745793,0.44671903607880825,0.48446823652402093,58.5139,-134.7843,2018-12-11,2018-12-18,2018-12-11,2018-12-18,DOC_mgL,13.004800000000001,32.512,7 days 00:00:00
33,AK02,23.0,58.90052356020942,225.0,31.74055821375532,0.04471630863441163,0.4499221311921736,0.49463843792381046,58.5139,-134.7843,2020-11-03,2020-11-10,2020-11-03,2020-11-10,rBC_mgL,0.011685000000000001,23.37,7 days 00:00:00
34,AK02,24.0,58.90052356020942,225.0,29.134297806265863,0.03369824285407166,0.336048409292198,0.36974665988543576,58.5139,-134.7843,2020-11-10,2020-11-17,2020-11-10,2020-11-17,rBC_mgL,0.012802999999999998,18.29,7 days 00:00:00
35,AK02,25.0,58.90052356020942,225.0,28.310547356663605,0.0634412309889403,0.6956104565719607,0.7590516834626171,58.5139,-134.7843,2020-11-17,2020-11-24,2020-11-17,2020-11-24,rBC_mgL,0.036225,15.75,7 days 00:00:00
36,AK96,0.0,68.32460732984293,210.0,10.725521539711735,0.010363959167067477,0.0932538567763449,0.10361781715091575,68.6257,-149.6069,2020-10-27,2020-11-03,2020-10-27,2020-11-03,rBC_mgL,0.032004,15.24,7 days 00:00:00
37,AK97,0.0,58.90052356020942,203.75,43.65357015867488,0.036951936472232674,0.3333671503885811,0.37031908240575934,58.6794,-156.6664,2020-11-03,2020-11-10,2020-11-03,2020-11-10,rBC_mgL,0.016864,42.16,7 days 00:00:00
38,AK97,1.0,58.90052356020942,203.75,39.294774304046456,0.058473527899888175,0.5144961939883113,0.5729697060809605,58.6794,-156.6664,2020-11-17,2020-11-24,2020-11-17,2020-11-24,rBC_mgL,0.008944,11.18,7 days 00:00:00
39,AL10,0.0,32.5130890052356,272.5,27.32458305526525,0.11633298975731178,2.951624281001548,3.0679572777936914,32.4583,-87.2422,2020-10-27,2020-11-03,2020-10-27,2020-11-03,rBC_mgL,0.096288,56.64,7 days 00:00:00
40,AL10,1.0,32.5130890052356,272.5,68.05568262375795,0.42198092990999664,6.072018919643927,6.493999807400144,32.4583,-87.2422,2020-11-24,2020-12-01,2020-11-24,2020-12-01,rBC_mgL,0.287736,119.89,7 days 00:00:00
41,AL99,0.0,34.3979057591623,273.75,23.135637142172083,0.19389813841889958,4.185626905571655,4.379524931690227,34.2886,-85.9699,2020-10-27,2020-11-03,2020-10-27,2020-11-03,rBC_mgL,0.07239,48.26,7 days 00:00:00
42,AL99,1.0,34.3979057591623,273.75,14.327374847857392,0.16765139622141756,1.9481636629722299,2.115815060657316,34.2886,-85.9699,2020-11-10,2020-11-17,2020-11-10,2020-11-17,rBC_mgL,0.018335,9.65,7 days 00:00:00
43,AL99,2.0,34.3979057591623,273.75,35.25371359640018,0.3462695099663526,5.285518956134983,5.631788495379368,34.2886,-85.9699,2020-11-24,2020-12-01,2020-11-24,2020-12-01,rBC_mgL,0.170688,35.56,7 days 00:00:00
44,AR02,0.0,33.455497382198956,267.5,15.421186207526981,0.41044380336636016,7.581989655031424,7.992433310713153,33.605,-92.0972,2020-10-27,2020-11-03,2020-10-27,2020-11-03,rBC_mgL,0.094446,42.93,7 days 00:00:00
45,AR03,0.0,34.3979057591623,267.5,24.69249775331977,0.38445604743915773,6.893540593118179,7.277996723693962,34.1795,-93.0992,2020-10-27,2020-11-03,2020-10-27,2020-11-03,rBC_mgL,0.08046,22.35,7 days 00:00:00
46,AR16,0.0,36.282722513089,267.5,14.380083545029176,0.36524331595602505,6.948455289618121,7.31369853136582,36.0842,-92.5868,2020-11-17,2020-11-24,2020-11-17,2020-11-24,rBC_mgL,0.218004,14.73,7 days 00:00:00
47,AR27,0.0,36.282722513089,266.25,61.4605305483724,0.42823000347798357,7.546311054838361,7.974540950590052,36.1011,-94.1737,2020-10-27,2020-11-03,2020-10-27,2020-11-03,rBC_mgL,0.067464,84.33,7 days 00:00:00
48,AR27,1.0,36.282722513089,266.25,10.254592287156031,0.45680352140281233,9.3119700454546,9.768773885206295,36.1011,-94.1737,2020-11-10,2020-11-17,2020-11-10,2020-11-17,rBC_mgL,0.45913499999999996,25.65,7 days 00:00:00
49,AR27,2.0,36.282722513089,266.25,17.736193710211207,0.4567526838804238,8.680781968247524,9.137534614914065,36.1011,-94.1737,2020-11-17,2020-11-24,2020-11-17,2020-11-24,rBC_mgL,0.570704,26.92,7 days 00:00:00
50,AZ03,0.0,36.282722513089,247.5,11.14143028395631,0.25875500735938806,1.8026356871878937,2.061390684960296,36.0586,-112.184,2017-01-03,2017-01-10,2017-01-03,2017-01-10,DOC_mgL,2.7381200000000003,19.558,7 days 00:00:00
51,AZ03,1.0,36.282722513089,247.5,8.706716817800247,0.06299279816647649,0.6258246510650933,0.6888174553835812,36.0586,-112.184,2017-02-21,2017-02-28,2017-02-21,2017-02-28,DOC_mgL,4.72948,24.892,7 days 00:00:00
52,AZ03,2.0,36.282722513089,247.5,14.341549397656195,0.3178510119290615,3.399514970697445,3.717365955877884,36.0586,-112.184,2017-03-21,2017-03-28,2017-03-21,2017-03-28,DOC_mgL,7.795260000000001,23.622,7 days 00:00:00
53,AZ03,3.0,36.282722513089,247.5,1.9539286254938006,0.047500375546637066,1.003323577296665,1.0508239629975444,36.0586,-112.184,2017-05-16,2017-05-23,2017-05-16,2017-05-23,DOC_mgL,3.24612,4.572,7 days 00:00:00
54,AZ03,4.0,36.282722513089,247.5,0.001653416400668184,0.1468499695868146,3.2942848761374766,3.4411348114743445,36.0586,-112.184,2017-07-11,2017-07-18,2017-07-11,2017-07-18,DOC_mgL,23.809960000000004,21.844,7 days 00:00:00
55,AZ03,5.0,36.282722513089,247.5,12.721234745939997,0.12234117115926957,0.9155347466882966,1.0378758990760502,36.0586,-112.184,2018-01-09,2018-01-16,2018-01-09,2018-01-16,DOC_mgL,5.24256,12.192,7 days 00:00:00
56,AZ03,6.0,36.282722513089,247.5,1.32695242239983,0.021246493406791682,0.24057287501783733,0.2618193684245934,36.0586,-112.184,2018-02-06,2018-02-13,2018-02-06,2018-02-13,DOC_mgL,12.425089999999999,20.369,7 days 00:00:00
57,AZ03,7.0,36.282722513089,247.5,5.505587129994716,0.11856504181771178,1.60696792044987,1.725532955973788,36.0586,-112.184,2018-03-13,2018-03-20,2018-03-13,2018-03-20,DOC_mgL,2.29108,10.414,7 days 00:00:00
58,AZ03,8.0,36.282722513089,247.5,4.179793362902295,0.11844022549832231,1.708427582996358,1.8268677836122404,36.0586,-112.184,2018-05-01,2018-05-08,2018-05-01,2018-05-08,DOC_mgL,4.90728,21.336,7 days 00:00:00
59,AZ03,9.0,36.282722513089,247.5,7.583297829696944,0.061694195325380424,2.6831740056871163,2.7448682992686892,36.0586,-112.184,2018-06-12,2018-06-19,2018-06-12,2018-06-19,DOC_mgL,4.470400000000001,4.064,7 days 00:00:00
60,AZ03,10.0,36.282722513089,247.5,4.791367660528234,0.22458528396371302,8.73878751861401,8.963372744030806,36.0586,-112.184,2018-07-12,2018-07-17,2018-07-12,2018-07-17,DOC_mgL,3.93954,2.794,5 days 00:00:00
61,AZ03,11.0,36.282722513089,247.5,0.20343860444190645,0.08023481416686724,3.72543497989231,3.8056698000968345,36.0586,-112.184,2018-08-21,2018-08-28,2018-08-21,2018-08-28,DOC_mgL,65.81225,37.607,7 days 00:00:00
62,AZ03,12.0,36.282722513089,247.5,0.03810563664004529,0.014414580222802884,0.7829425857641681,0.7973571834046789,36.0586,-112.184,2018-09-18,2018-09-25,2018-09-18,2018-09-25,DOC_mgL,7.5387200000000005,13.462,7 days 00:00:00
63,AZ03,13.0,36.282722513089,247.5,43.5955647833719,0.35142231712527794,5.674398775856737,6.025821279453947,36.0586,-112.184,2018-10-02,2018-10-09,2018-10-02,2018-10-09,DOC_mgL,31.8262,45.466,7 days 00:00:00
64,AZ03,14.0,36.282722513089,247.5,0.37470500282577035,0.01805559834663313,0.2625096112473273,0.28056520959376385,36.0586,-112.184,2018-11-20,2018-11-27,2018-11-20,2018-11-27,DOC_mgL,4.43992,4.826,7 days 00:00:00
65,AZ03,15.0,36.282722513089,247.5,3.541544029248339,0.02926059408600685,0.2797762850408989,0.30903687846818145,36.0586,-112.184,2018-12-04,2018-12-11,2018-12-04,2018-12-11,DOC_mgL,1.44018,2.286,7 days 00:00:00
66,BC22,0.0,54.188481675392666,231.25,185.73224533398047,0.1896558204269134,2.65825435955012,2.847910182316623,54.0294,-128.7019,2020-10-27,2020-11-03,2020-10-27,2020-11-03,rBC_mgL,0.141632,177.04,7 days 00:00:00
67,BC22,1.0,54.188481675392666,231.25,75.3585195397477,0.11800569115621995,1.4247379213905287,1.5427435984954885,54.0294,-128.7019,2020-11-10,2020-11-18,2020-11-10,2020-11-18,rBC_mgL,0.192659,52.07,8 days 00:00:00
68,BC22,2.0,54.188481675392666,231.25,68.38879981558854,0.1181271596165101,1.3770025494852511,1.4951297044180079,54.0294,-128.7019,2020-11-18,2020-11-24,2020-11-18,2020-11-24,rBC_mgL,0.16484600000000002,74.93,6 days 00:00:00
69,BC23,0.0,54.188481675392666,231.25,185.73224533398047,0.1896558204269134,2.65825435955012,2.847910182316623,54.3772,-128.5775,2020-10-27,2020-11-03,2020-10-27,2020-11-03,rBC_mgL,0.104472,116.08,7 days 00:00:00
70,BC23,1.0,54.188481675392666,231.25,87.78228979731128,0.0889702451015338,1.2543702390022218,1.3433404797127322,54.3772,-128.5775,2020-11-03,2020-11-10,2020-11-03,2020-11-10,rBC_mgL,0.021029999999999997,70.1,7 days 00:00:00
71,BC23,2.0,54.188481675392666,231.25,75.3585195397477,0.11800569115621995,1.4247379213905287,1.5427435984954885,54.3772,-128.5775,2020-11-10,2020-11-18,2020-11-10,2020-11-18,rBC_mgL,0.06985000000000001,31.75,8 days 00:00:00
72,BC24,0.0,54.188481675392666,230.0,206.09196513845518,0.17474260322416796,2.088992947862304,2.263735568723731,54.2226,-130.2696,2020-10-27,2020-11-03,2020-10-27,2020-11-03,rBC_mgL,0.17297,172.97,7 days 00:00:00
73,BC24,1.0,54.188481675392666,230.0,90.0768433786503,0.08342259149099474,1.1111198332507817,1.194542413032393,54.2226,-130.2696,2020-11-03,2020-11-10,2020-11-03,2020-11-10,rBC_mgL,0.058165,116.33,7 days 00:00:00
74,BC24,2.0,54.188481675392666,230.0,45.68449048498735,0.06720591625018117,0.7053187388631442,0.7725246771873427,54.2226,-130.2696,2020-11-10,2020-11-17,2020-11-10,2020-11-17,rBC_mgL,0.112932,62.74,7 days 00:00:00
75,BC24,3.0,54.188481675392666,230.0,102.24899191575432,0.1170757412891077,1.3236030865088066,1.4406788137466542,54.2226,-130.2696,2020-11-17,2020-11-24,2020-11-17,2020-11-24,rBC_mgL,0.09891200000000001,89.92,7 days 00:00:00
76,CA28,0.0,37.225130890052355,241.25,0.7312581036700294,0.0074220368075159785,0.08421969056564763,0.0916417251775068,37.0592,-119.1822,2020-11-17,2020-11-24,2020-11-17,2020-11-24,rBC_mgL,0.056935,9.65,7 days 00:00:00
77,CA45,0.0,39.10994764397907,237.5,4.728202005871429,0.034779225368729155,0.45869552982773937,0.493474757533664,39.0045,-123.086,2020-11-10,2020-11-17,2020-11-10,2020-11-17,rBC_mgL,0.028798,20.57,7 days 00:00:00
78,CA45,1.0,39.10994764397907,237.5,14.414019144640841,0.2067532178759407,1.12162129069528,1.3283745040257744,39.0045,-123.086,2020-11-17,2020-11-25,2020-11-17,2020-11-25,rBC_mgL,0.002973,9.91,8 days 00:00:00
79,CA75,0.0,36.282722513089,241.25,4.580206458757292,0.07289992081926815,0.8567041723747204,0.929604055687316,36.5661,-118.778,2020-11-03,2020-11-10,2020-11-03,2020-11-10,rBC_mgL,0.291338,46.99,7 days 00:00:00
80,CA76,0.0,41.93717277486911,237.5,28.588798259933686,0.12832272822463353,1.9793558573427683,2.107678555123005,41.7662,-122.4798,2020-11-17,2020-11-24,2020-11-17,2020-11-24,rBC_mgL,0.006704000000000001,8.38,7 days 00:00:00
81,CA88,0.0,38.16753926701571,238.75,9.615402855482156,0.10239632329024767,0.7085357205951864,0.8109320269059704,38.5357,-121.7762,2020-11-17,2020-11-24,2020-11-17,2020-11-24,rBC_mgL,0.016256,10.16,7 days 00:00:00
82,CA96,0.0,40.994764397905755,238.75,133.093549992345,0.13865595308772108,1.2255100436682964,1.364165988925369,40.539,-121.5772,2017-01-03,2017-01-10,2017-01-03,2017-01-10,DOC_mgL,20.59178,187.198,7 days 00:00:00
83,CA96,1.0,40.994764397905755,238.75,39.080066101604416,0.13851321554580326,1.408301553498803,1.5468147637753837,40.539,-121.5772,2017-02-21,2017-02-28,2017-02-21,2017-02-28,DOC_mgL,21.70938,58.674,7 days 00:00:00
84,CA96,2.0,40.994764397905755,238.75,31.48449081606941,0.12619165322066972,1.265987273606911,1.3921789490754093,40.539,-121.5772,2017-03-22,2017-03-28,2017-03-22,2017-03-28,DOC_mgL,16.5354,39.37,6 days 00:00:00
85,CA96,3.0,40.994764397905755,238.75,11.158643691555614,0.1504922810581767,1.6881766261351279,1.8386689240255656,40.539,-121.5772,2017-04-18,2017-04-25,2017-04-18,2017-04-25,DOC_mgL,31.96336,72.644,7 days 00:00:00
86,CA96,4.0,40.994764397905755,238.75,5.018255075411923,0.014684384630261088,0.325765539315729,0.34044991516395806,40.539,-121.5772,2017-05-16,2017-05-23,2017-05-16,2017-05-23,DOC_mgL,4.9276,5.08,7 days 00:00:00
87,CA96,5.0,40.994764397905755,238.75,27.00357223237582,0.14781458910500145,2.5395117685305966,2.6873263731505466,40.539,-121.5772,2017-06-06,2017-06-13,2017-06-06,2017-06-13,DOC_mgL,24.6888,41.148,7 days 00:00:00
88,CA96,6.0,40.994764397905755,238.75,10.498203235062732,0.05004781095462261,0.9750605710472999,1.0251083402140604,40.539,-121.5772,2017-10-17,2017-10-24,2017-10-17,2017-10-24,DOC_mgL,9.530080000000002,34.036,7 days 00:00:00
89,CA96,7.0,40.994764397905755,238.75,39.317491660047686,0.11627636761736822,1.269994937146265,1.3862713293601996,40.539,-121.5772,2017-11-14,2017-11-21,2017-11-14,2017-11-21,DOC_mgL,27.482799999999997,137.414,7 days 00:00:00
90,CA96,8.0,40.994764397905755,238.75,18.82405293880396,0.134046055822617,1.130110609877822,1.264156659918931,40.539,-121.5772,2017-12-19,2017-12-26,2017-12-19,2017-12-26,DOC_mgL,5.8724799999999995,17.272,7 days 00:00:00
91,CA96,9.0,40.994764397905755,238.75,3.830689664780162,0.027431109360547698,0.2893856353177236,0.31681674204365223,40.539,-121.5772,2018-01-10,2018-01-16,2018-01-10,2018-01-16,DOC_mgL,5.25018,9.906,6 days 00:00:00
92,CA96,10.0,40.994764397905755,238.75,46.15640268350596,0.20271329849094744,1.6380188354141179,1.8407321549819555,40.539,-121.5772,2018-03-12,2018-03-20,2018-03-12,2018-03-20,DOC_mgL,28.508960000000002,123.952,8 days 00:00:00
93,CA96,11.0,40.994764397905755,238.75,35.42575807333886,0.09912801150243675,1.15075092599915,1.2498789366599752,40.539,-121.5772,2018-04-03,2018-04-10,2018-04-03,2018-04-10,DOC_mgL,17.92224,74.676,7 days 00:00:00
94,CA96,12.0,40.994764397905755,238.75,26.154594410818245,0.49832009458522575,15.655306880921636,16.153626865731365,40.539,-121.5772,2018-05-22,2018-05-29,2018-05-22,2018-05-29,DOC_mgL,16.37792,31.496,7 days 00:00:00
95,CA96,13.0,40.994764397905755,238.75,2.231919410156349,0.01376522048976776,0.08594245093247997,0.09970767171495273,40.539,-121.5772,2018-09-25,2018-10-02,2018-09-25,2018-10-02,DOC_mgL,1.69164,2.286,7 days 00:00:00
96,CA96,14.0,40.994764397905755,238.75,20.398326776494002,0.16418242268233588,2.1383257090660535,2.302508168002882,40.539,-121.5772,2018-10-02,2018-10-09,2018-10-02,2018-10-09,DOC_mgL,27.42438,46.482,7 days 00:00:00
97,CA96,15.0,40.994764397905755,238.75,38.508475166045905,0.14209205927263008,1.645046209090061,1.7871382918545793,40.539,-121.5772,2018-11-20,2018-11-27,2018-11-20,2018-11-27,DOC_mgL,21.45792,65.024,7 days 00:00:00
98,CA96,16.0,40.994764397905755,238.75,32.53649059675734,0.1938217107928905,2.0049320734877307,2.198753766167669,40.539,-121.5772,2018-12-11,2018-12-18,2018-12-11,2018-12-18,DOC_mgL,21.209,84.836,7 days 00:00:00
99,CA96,17.0,40.994764397905755,238.75,13.114820289252329,0.06833355972743288,0.9281083945811546,0.9964419774163239,40.539,-121.5772,2020-11-10,2020-11-17,2020-11-10,2020-11-17,rBC_mgL,0.04572,22.86,7 days 00:00:00
100,CA96,18.0,40.994764397905755,238.75,21.6271644963081,0.1468656417575286,1.6401484658210312,1.7870140636683718,40.539,-121.5772,2020-11-17,2020-11-24,2020-11-17,2020-11-24,rBC_mgL,0.053494999999999994,41.15,7 days 00:00:00
101,CA99,0.0,38.16753926701571,240.0,1.7438499120030038,0.029593144953518932,0.3422515760308259,0.3718447291442544,37.7961,-119.8581,2020-11-10,2020-11-17,2020-11-10,2020-11-17,rBC_mgL,0.0019320000000000001,4.83,7 days 00:00:00
102,CA99,1.0,38.16753926701571,240.0,7.191752753793658,0.3067241981930446,2.316006587730477,2.6227308402177827,37.7961,-119.8581,2020-11-17,2020-11-24,2020-11-17,2020-11-24,rBC_mgL,0.017526,29.21,7 days 00:00:00
103,CAN5,0.0,44.764397905759154,287.5,14.741169330282494,0.1655098048123749,2.1331332019753746,2.298643001811262,45.041,-72.8581,2020-10-27,2020-11-03,2020-10-27,2020-11-03,rBC_mgL,0.05333999999999999,25.4,7 days 00:00:00
104,CAN5,1.0,44.764397905759154,287.5,22.53178201896411,0.22913775056595267,3.186741430919013,3.4158791361522707,45.041,-72.8581,2020-11-10,2020-11-17,2020-11-10,2020-11-17,rBC_mgL,0.109002,14.73,7 days 00:00:00
105,CAN5,2.0,44.764397905759154,287.5,26.973593212656134,0.2721878980279479,4.358143667069246,4.630331588881879,45.041,-72.8581,2020-11-17,2020-11-24,2020-11-17,2020-11-24,rBC_mgL,0.067045,12.19,7 days 00:00:00
106,CO00,0.0,37.225130890052355,253.75,14.536970367914023,0.11881187328037532,3.1787214655753266,3.297533393303192,37.4421,-105.868,2020-11-03,2020-11-10,2020-11-03,2020-11-10,rBC_mgL,0.019936,3.56,7 days 00:00:00
107,CO01,0.0,38.16753926701571,256.25,2.787671472756804,0.0639810618149125,0.8658385761620965,0.9298196291941305,38.1177,-103.316,2020-11-24,2020-12-01,2020-11-24,2020-12-01,rBC_mgL,0.02286,6.35,7 days 00:00:00
108,CO02,0.0,40.0523560209424,255.0,3.2837235011581116,0.028968562091913223,0.3442353082825608,0.37320387417999673,40.0547,-105.5891,2020-11-17,2020-11-24,2020-11-17,2020-11-24,rBC_mgL,0.028575,11.43,7 days 00:00:00
109,CO08,0.0,39.10994764397907,252.5,27.65314068616636,0.1629412794864512,3.3386545092454676,3.501595862263545,39.4025,-107.3454,2020-11-03,2020-11-10,2020-11-03,2020-11-10,rBC_mgL,0.049232,14.48,7 days 00:00:00
110,CO09,0.0,40.0523560209424,253.75,13.267340933476035,0.13162865212474412,2.2759093270874113,2.407538014358602,40.2603,-105.8292,2020-11-06,2020-11-12,2020-11-06,2020-11-12,rBC_mgL,0.016656,10.41,6 days 00:00:00
111,CO10,0.0,39.10994764397907,252.5,27.65314068616636,0.1629412794864512,3.3386545092454676,3.501595862263545,38.9561,-106.986,2020-11-03,2020-11-10,2020-11-03,2020-11-10,rBC_mgL,0.01737,19.3,7 days 00:00:00
112,CO10,1.0,39.10994764397907,252.5,4.045369901365184,0.06837926779213332,1.0075551654667176,1.0759344364972367,38.9561,-106.986,2020-11-17,2020-11-24,2020-11-17,2020-11-24,rBC_mgL,0.086868,22.86,7 days 00:00:00
113,CO13,0.0,40.994764397905755,255.0,5.775596048018823,0.029014175691320098,0.5428274749265866,0.5718416353954581,40.5923,-105.1414,2020-11-03,2020-11-10,2020-11-03,2020-11-10,rBC_mgL,0.05714999999999999,12.7,7 days 00:00:00
114,CO13,1.0,40.994764397905755,255.0,1.3097324916768858,0.01665868240697967,0.16410399604268266,0.1807626766702889,40.5923,-105.1414,2020-11-17,2020-11-24,2020-11-17,2020-11-24,rBC_mgL,0.022962,1.78,7 days 00:00:00
115,CO15,0.0,40.0523560209424,252.5,22.56488264883967,0.13866650904058847,2.249022487355175,2.3876890444274093,40.5077,-107.7025,2020-11-03,2020-11-10,2020-11-03,2020-11-10,rBC_mgL,0.012199999999999999,6.1,7 days 00:00:00
116,CO19,0.0,40.0523560209424,255.0,5.068958040511053,0.01600732544493289,0.31037551815902953,0.3263828453602985,40.3639,-105.581,2020-11-03,2020-11-10,2020-11-03,2020-11-10,rBC_mgL,0.022860000000000002,7.62,7 days 00:00:00
117,CO19,1.0,40.0523560209424,255.0,3.2837235011581116,0.028968562091913223,0.3442353082825608,0.37320387417999673,40.3639,-105.581,2020-11-17,2020-11-24,2020-11-17,2020-11-24,rBC_mgL,0.16626,19.56,7 days 00:00:00
118,CO83,0.0,40.0523560209424,255.0,3.2837232981350764,0.028968534978502235,0.3442349986675658,0.3732035374516042,40.5194,-104.96,2020-11-18,2020-11-24,2020-11-18,2020-11-24,rBC_mgL,0.050544000000000006,4.32,6 days 00:00:00
119,CO90,91.0,40.0523560209424,255.0,0.12381874405775761,0.0023719371681617946,0.03800967977862779,0.04038161680042229,40.05,-105.583,2001-12-25,2002-01-01,2001-12-25,2002-01-01,DOC_mgL,,20.32,7 days 00:00:00
120,CO90,92.0,40.0523560209424,255.0,13.004397973376964,0.06003538725125491,0.7314873808038647,0.7915227747514276,40.05,-105.583,2002-01-01,2002-01-08,2002-01-01,2002-01-08,DOC_mgL,,11.43,7 days 00:00:00
121,CO90,93.0,40.0523560209424,255.0,19.78948583583051,0.22725960569602857,3.0638956323000475,3.291155371483137,40.05,-105.583,2002-01-08,2002-01-15,2002-01-08,2002-01-15,DOC_mgL,,25.65,7 days 00:00:00
122,CO90,94.0,40.0523560209424,255.0,4.619687045786559,0.07168281786703853,0.8363441864562129,0.9080270246677347,40.05,-105.583,2002-01-15,2002-01-22,2002-01-15,2002-01-22,DOC_mgL,8.382,6.6,7 days 00:00:00
123,CO90,95.0,40.0523560209424,255.0,8.358341906907597,0.18760612032991497,2.1794134724944634,2.3670196400095347,40.05,-105.583,2002-01-22,2002-01-29,2002-01-22,2002-01-29,DOC_mgL,,5.33,7 days 00:00:00
124,CO90,96.0,40.0523560209424,255.0,6.772145443415722,0.6836143037491843,10.365612581459438,11.049226915698489,40.05,-105.583,2002-01-29,2002-02-05,2002-01-29,2002-02-05,DOC_mgL,11.7633,10.41,7 days 00:00:00
125,CO90,97.0,40.0523560209424,255.0,11.435466210488531,0.07527537669032505,1.348063648011449,1.4233390201597969,40.05,-105.583,2002-02-05,2002-02-12,2002-02-05,2002-02-12,DOC_mgL,0.8772,1.02,7 days 00:00:00
126,CO90,98.0,40.0523560209424,255.0,4.4677692080128955,0.11446192051539966,1.3996602830535232,1.5141222357422819,40.05,-105.583,2002-02-12,2002-02-19,2002-02-12,2002-02-19,DOC_mgL,,17.78,7 days 00:00:00
127,CO90,99.0,40.0523560209424,255.0,19.218186807745674,0.26412667028597825,3.8760163663479923,4.140143093278131,40.05,-105.583,2002-02-19,2002-02-26,2002-02-19,2002-02-26,DOC_mgL,2.2769999999999997,3.3,7 days 00:00:00
128,CO90,100.0,40.0523560209424,255.0,21.9991797512753,0.359683994381456,5.460217125087036,5.819901222950176,40.05,-105.583,2002-02-26,2002-03-05,2002-02-26,2002-03-05,DOC_mgL,10.0448,11.68,7 days 00:00:00
129,CO90,101.0,40.0523560209424,255.0,5.448024672594087,0.08422530205311177,0.8540259929879574,0.9382512925528264,40.05,-105.583,2002-03-05,2002-03-12,2002-03-05,2002-03-12,DOC_mgL,5.6896,10.16,7 days 00:00:00
130,CO90,102.0,40.0523560209424,255.0,17.99264570934156,0.45856908011310665,6.396180978493717,6.854750042213687,40.05,-105.583,2002-03-12,2002-03-19,2002-03-12,2002-03-19,DOC_mgL,,2.79,7 days 00:00:00
131,CO90,103.0,40.0523560209424,255.0,6.010260232977571,0.17139344525271885,2.4615260680683013,2.6329195437653947,40.05,-105.583,2002-03-19,2002-03-26,2002-03-19,2002-03-26,DOC_mgL,3.1712000000000002,9.91,7 days 00:00:00
132,CO90,104.0,40.0523560209424,255.0,0.5973002178216823,0.002532755968569809,0.02827927897724743,0.030812034649578466,40.05,-105.583,2002-03-26,2002-04-02,2002-03-26,2002-04-02,DOC_mgL,,3.3,7 days 00:00:00
133,CO90,105.0,40.0523560209424,255.0,17.297927109893863,0.6427224358686399,11.072734808735552,11.715457260558226,40.05,-105.583,2002-04-02,2002-04-09,2002-04-02,2002-04-09,DOC_mgL,,5.08,7 days 00:00:00
134,CO90,106.0,40.0523560209424,255.0,16.304574912595626,0.39180681240318593,6.2997522998990005,6.69155909823263,40.05,-105.583,2002-04-09,2002-04-16,2002-04-09,2002-04-16,DOC_mgL,,0.0,7 days 00:00:00
135,CO90,107.0,40.0523560209424,255.0,5.229369206323497,0.36361416121718626,6.449546058545988,6.813160284384335,40.05,-105.583,2002-04-16,2002-04-23,2002-04-16,2002-04-23,DOC_mgL,,2.54,7 days 00:00:00
136,CO90,108.0,40.0523560209424,255.0,4.899061445630403,0.1446474304454476,2.830946237953008,2.975593669363565,40.05,-105.583,2002-04-23,2002-04-30,2002-04-23,2002-04-30,DOC_mgL,9.3154,9.91,7 days 00:00:00
137,CO90,109.0,40.0523560209424,255.0,3.2910996756341238,0.30541853528664664,5.802082886016691,6.107501413984973,40.05,-105.583,2002-04-30,2002-05-07,2002-04-30,2002-05-07,DOC_mgL,3.3287999999999998,5.84,7 days 00:00:00
138,CO90,110.0,40.0523560209424,255.0,10.130087899631175,0.7373222147131457,16.46453017865507,17.20185197095221,40.05,-105.583,2002-05-07,2002-05-14,2002-05-07,2002-05-14,DOC_mgL,3.7209999999999996,3.05,7 days 00:00:00
139,CO90,111.0,40.0523560209424,255.0,34.941030344270985,1.0278956455531811,22.597363736470697,23.625259598647474,40.05,-105.583,2002-05-14,2002-05-21,2002-05-14,2002-05-21,DOC_mgL,15.1478,17.02,7 days 00:00:00
140,CO90,112.0,40.0523560209424,255.0,23.070264782193426,0.6703927582173148,11.814015390279,12.484408141470684,40.05,-105.583,2002-05-21,2002-05-28,2002-05-21,2002-05-28,DOC_mgL,8.296,6.1,7 days 00:00:00
141,CO90,113.0,40.0523560209424,255.0,32.302653224292044,1.0979613795540155,25.52147376558289,26.619434859501133,40.05,-105.583,2002-05-28,2002-06-04,2002-05-28,2002-06-04,DOC_mgL,11.1825,15.75,7 days 00:00:00
142,CO90,114.0,40.0523560209424,255.0,42.317593975626544,1.1376222672536478,25.658285041657763,26.795907692394863,40.05,-105.583,2002-06-04,2002-06-11,2002-06-04,2002-06-11,DOC_mgL,11.7369,4.83,7 days 00:00:00
143,CO90,115.0,40.0523560209424,255.0,33.97927929283043,1.7168313217364068,21.962971691324995,23.67980338688347,40.05,-105.583,2002-06-11,2002-06-18,2002-06-11,2002-06-18,DOC_mgL,0.4375,0.25,7 days 00:00:00
144,CO90,116.0,40.0523560209424,255.0,15.564099726377838,4.713177878448022,70.42327519884984,75.13645330914365,40.05,-105.583,2002-06-18,2002-06-25,2002-06-18,2002-06-25,DOC_mgL,0.0,0.0,7 days 00:00:00
145,CO90,117.0,40.0523560209424,255.0,13.099746807378464,2.692897277982106,49.396545247909486,52.08944207862974,40.05,-105.583,2002-06-25,2002-07-02,2002-06-25,2002-07-02,DOC_mgL,22.045799999999996,2.03,7 days 00:00:00
146,CO90,118.0,40.0523560209424,255.0,32.53376379737105,2.9190024522507407,48.81885037472111,51.73785338902226,40.05,-105.583,2002-07-02,2002-07-09,2002-07-02,2002-07-09,DOC_mgL,,,7 days 00:00:00
147,CO90,119.0,40.0523560209424,255.0,7.066373731438638,0.2306449588197213,3.6019685811167794,3.83261345562897,40.05,-105.583,2002-07-09,2002-07-16,2002-07-09,2002-07-16,DOC_mgL,,,7 days 00:00:00
148,CO90,120.0,40.0523560209424,255.0,30.522269561900767,2.6246347269857555,49.52923918529037,52.15387404371373,40.05,-105.583,2002-07-16,2002-07-23,2002-07-16,2002-07-23,DOC_mgL,,,7 days 00:00:00
149,CO90,121.0,40.0523560209424,255.0,19.085714227671385,1.8634019853596695,50.3337390671888,52.197141052548474,40.05,-105.583,2002-07-23,2002-07-30,2002-07-23,2002-07-30,DOC_mgL,,,7 days 00:00:00
150,CO90,122.0,40.0523560209424,255.0,7.345809971703865,2.652680969317516,67.13564553112796,69.78832666876787,40.05,-105.583,2002-07-30,2002-08-06,2002-07-30,2002-08-06,DOC_mgL,,,7 days 00:00:00
151,CO90,123.0,40.0523560209424,255.0,12.008349143755037,1.0908600478273804,25.81920030763577,26.910060252393134,40.05,-105.583,2002-08-06,2002-08-13,2002-08-06,2002-08-13,DOC_mgL,80.2672,36.32,7 days 00:00:00
152,CO90,124.0,40.0523560209424,255.0,0.6014014447787662,0.06641577939299907,3.073185395498418,3.139601291692504,40.05,-105.583,2002-08-13,2002-08-20,2002-08-13,2002-08-20,DOC_mgL,,,7 days 00:00:00
153,CO90,125.0,40.0523560209424,255.0,9.900394422415221,1.2132391538676248,55.96960265252804,57.18284237371529,40.05,-105.583,2002-08-20,2002-08-27,2002-08-20,2002-08-27,DOC_mgL,,1.27,7 days 00:00:00
154,CO90,126.0,40.0523560209424,255.0,14.013717173641387,0.41487081309417306,32.73679832840881,33.15166902558009,40.05,-105.583,2002-08-27,2002-09-03,2002-08-27,2002-09-03,DOC_mgL,,0.25,7 days 00:00:00
155,CO90,127.0,40.0523560209424,255.0,18.149739887807215,1.0313910405422566,29.76160490553159,30.792995878159424,40.05,-105.583,2002-09-03,2002-09-10,2002-09-03,2002-09-10,DOC_mgL,16.6582,11.18,7 days 00:00:00
156,CO90,128.0,40.0523560209424,255.0,56.805549486706454,0.638803134815505,6.691660371519262,7.330463520568986,40.05,-105.583,2002-09-10,2002-09-17,2002-09-10,2002-09-17,DOC_mgL,,,7 days 00:00:00
157,CO90,129.0,40.0523560209424,255.0,6.1623929801649915,0.08619566059020588,1.0093352966616733,1.0955309654484469,40.05,-105.583,2002-09-17,2002-09-24,2002-09-17,2002-09-24,DOC_mgL,14.725200000000001,17.53,7 days 00:00:00
158,CO90,130.0,40.0523560209424,255.0,18.26138115626208,0.7954171502119918,23.41589458582094,24.21131188503484,40.05,-105.583,2002-09-24,2002-10-01,2002-09-24,2002-10-01,DOC_mgL,10.7001,13.21,7 days 00:00:00
159,CO90,131.0,40.0523560209424,255.0,17.53381945839322,0.4479243686898726,9.702252826149227,10.150177061352128,40.05,-105.583,2002-10-01,2002-10-08,2002-10-01,2002-10-08,DOC_mgL,8.919,9.91,7 days 00:00:00
160,CO90,132.0,40.0523560209424,255.0,0.4224755198001742,0.00018192586339342882,0.00287308909583088,0.0030550150900472235,40.05,-105.583,2002-10-08,2002-10-15,2002-10-08,2002-10-15,DOC_mgL,9.348,23.37,7 days 00:00:00
161,CO90,133.0,40.0523560209424,255.0,0.0004486805690348488,0.0026317178250523155,0.055860770226247226,0.0584924860021619,40.05,-105.583,2002-10-15,2002-10-22,2002-10-15,2002-10-22,DOC_mgL,,3.81,7 days 00:00:00
162,CO90,134.0,40.0523560209424,255.0,21.819311443227463,0.5891495032063141,6.96496705934746,7.5541167165321665,40.05,-105.583,2002-10-22,2002-10-29,2002-10-22,2002-10-29,DOC_mgL,,2.29,7 days 00:00:00
163,CO90,135.0,40.0523560209424,255.0,31.87140695359858,0.8300714098496629,12.070530534466496,12.900602044431386,40.05,-105.583,2002-10-29,2002-11-05,2002-10-29,2002-11-05,DOC_mgL,8.1915,19.05,7 days 00:00:00
164,CO90,136.0,40.0523560209424,255.0,12.219145049273406,0.10457893816648062,0.581506638774393,0.6860855805247953,40.05,-105.583,2002-11-05,2002-11-12,2002-11-05,2002-11-12,DOC_mgL,14.956500000000002,38.35,7 days 00:00:00
165,CO90,137.0,40.0523560209424,255.0,21.69389024819779,0.16487952863371463,3.3295955266347823,3.4944750975686443,40.05,-105.583,2002-11-12,2002-11-19,2002-11-12,2002-11-19,DOC_mgL,18.4236,47.24,7 days 00:00:00
166,CO90,138.0,40.0523560209424,255.0,7.4412831949058305,0.2465903500832009,3.2539860487032373,3.5005763413464233,40.05,-105.583,2002-11-19,2002-11-26,2002-11-19,2002-11-26,DOC_mgL,3.0162000000000004,9.14,7 days 00:00:00
167,CO90,139.0,40.0523560209424,255.0,0.24467563423388938,0.00017799412570056923,0.00210430779722228,0.002282301868467275,40.05,-105.583,2002-11-26,2002-12-03,2002-11-26,2002-12-03,DOC_mgL,7.962899999999999,13.97,7 days 00:00:00
168,CO90,140.0,40.0523560209424,255.0,2.0577912718858116,0.05332164585659243,0.8047734610024534,0.8580950824162706,40.05,-105.583,2002-12-03,2002-12-10,2002-12-03,2002-12-10,DOC_mgL,,6.35,7 days 00:00:00
169,CO90,141.0,40.0523560209424,255.0,1.086230890154208,0.0063479743276549,0.07077706368674846,0.07712503828867733,40.05,-105.583,2002-12-10,2002-12-17,2002-12-10,2002-12-17,DOC_mgL,,7.62,7 days 00:00:00
170,CO90,142.0,40.0523560209424,255.0,9.394825578290522,0.12468989747286947,0.7358131872898188,0.8605030824202755,40.05,-105.583,2002-12-17,2002-12-23,2002-12-17,2002-12-23,DOC_mgL,,9.91,6 days 00:00:00
171,CO90,143.0,40.0523560209424,255.0,1.4257758299506027,0.2734299217351261,3.8009865669440726,4.074416446889594,40.05,-105.583,2002-12-23,2002-12-31,2002-12-23,2002-12-31,DOC_mgL,,9.91,8 days 00:00:00
172,CO90,144.0,40.0523560209424,255.0,14.16949205870488,0.05743157023665031,0.6219990504283849,0.6794306118830019,40.05,-105.583,2002-12-31,2003-01-07,2002-12-31,2003-01-07,DOC_mgL,,8.13,7 days 00:00:00
173,CO90,145.0,40.0523560209424,255.0,4.551870089453125,0.060396013731125096,0.5246741270208176,0.5850701362259916,40.05,-105.583,2003-01-07,2003-01-13,2003-01-07,2003-01-13,DOC_mgL,9.6038,15.49,6 days 00:00:00
174,CO90,146.0,40.0523560209424,255.0,4.491527726509236,0.03042938365157603,0.3452787531102121,0.37570813039481427,40.05,-105.583,2003-01-13,2003-01-20,2003-01-13,2003-01-20,DOC_mgL,,6.1,7 days 00:00:00
175,CO90,147.0,40.0523560209424,255.0,2.979040057130753,0.01137587406794995,0.120084025675632,0.13145989906664216,40.05,-105.583,2003-01-20,2003-01-28,2003-01-20,2003-01-28,DOC_mgL,,16.26,8 days 00:00:00
176,CO90,148.0,40.0523560209424,255.0,28.356540293472676,0.25643455887486233,3.1734449777765636,3.429879613787061,40.05,-105.583,2003-01-28,2003-02-04,2003-01-28,2003-02-04,DOC_mgL,,7.87,7 days 00:00:00
177,CO90,149.0,40.0523560209424,255.0,15.813065303582619,0.3844102589471613,5.11131743516612,5.495727710360068,40.05,-105.583,2003-02-04,2003-02-11,2003-02-04,2003-02-11,DOC_mgL,10.951600000000001,24.89,7 days 00:00:00
178,CO90,150.0,40.0523560209424,255.0,4.53902268084741,0.060832100031216446,1.040368573043685,1.1012006689400433,40.05,-105.583,2003-02-11,2003-02-17,2003-02-11,2003-02-17,DOC_mgL,7.192099999999999,12.19,6 days 00:00:00
179,CO90,151.0,40.0523560209424,255.0,15.334072702499757,0.479435361675861,4.915621134741114,5.395056355904426,40.05,-105.583,2003-02-17,2003-02-25,2003-02-17,2003-02-25,DOC_mgL,10.0965,19.05,8 days 00:00:00
180,CO90,152.0,40.0523560209424,255.0,24.09967184473505,0.18131288756521116,1.8190974958176143,2.000410421586404,40.05,-105.583,2003-02-25,2003-03-04,2003-02-25,2003-03-04,DOC_mgL,20.3445,45.21,7 days 00:00:00
181,CO90,153.0,40.0523560209424,255.0,5.805774873221381,0.0795354829441426,1.1604142899921879,1.2399497762842355,40.05,-105.583,2003-03-04,2003-03-11,2003-03-04,2003-03-11,DOC_mgL,0.8512000000000001,1.52,7 days 00:00:00
182,CO90,154.0,40.0523560209424,255.0,110.90281299371749,1.1276665688221559,11.940789128164075,13.068455687774236,40.05,-105.583,2003-03-11,2003-03-25,2003-03-11,2003-03-25,DOC_mgL,0.0,0.0,14 days 00:00:00
183,CO90,155.0,40.0523560209424,255.0,17.999249638769864,0.2983853146285546,3.106384115463944,3.4047694435308458,40.05,-105.583,2003-03-25,2003-04-01,2003-03-25,2003-04-01,DOC_mgL,,,7 days 00:00:00
184,CO90,156.0,40.0523560209424,255.0,12.535416320465611,0.28845287590829893,3.9619791827762754,4.2504320463622784,40.05,-105.583,2003-04-01,2003-04-08,2003-04-01,2003-04-08,DOC_mgL,14.49,31.5,7 days 00:00:00
185,CO90,157.0,40.0523560209424,255.0,1.4406830862652515,0.22038787272189111,4.9992694340695625,5.219657302180884,40.05,-105.583,2003-04-08,2003-04-15,2003-04-08,2003-04-15,DOC_mgL,7.594499999999999,12.45,7 days 00:00:00
186,CO90,158.0,40.0523560209424,255.0,53.760215383391596,0.6285424469960887,9.263862577046922,9.892404895239792,40.05,-105.583,2003-04-15,2003-04-22,2003-04-15,2003-04-22,DOC_mgL,,0.0,7 days 00:00:00
187,CO90,159.0,40.0523560209424,255.0,53.771343866026996,1.0796770980920798,12.716801260853963,13.796478302960553,40.05,-105.583,2003-04-22,2003-04-29,2003-04-22,2003-04-29,DOC_mgL,18.107999999999997,25.15,7 days 00:00:00
188,CO90,160.0,40.0523560209424,255.0,10.323128492029099,0.4999227137727352,6.064783545679797,6.564706277016608,40.05,-105.583,2003-04-29,2003-05-06,2003-04-29,2003-05-06,DOC_mgL,2.5454,1.78,7 days 00:00:00
189,CO90,161.0,40.0523560209424,255.0,25.094465217812,0.8836173531149433,12.235270759053396,13.118888150809305,40.05,-105.583,2003-05-06,2003-05-13,2003-05-06,2003-05-13,DOC_mgL,,,7 days 00:00:00
190,CO90,162.0,40.0523560209424,255.0,12.810653380446999,0.4961866190780095,8.271401293091003,8.767588020050857,40.05,-105.583,2003-05-13,2003-05-20,2003-05-13,2003-05-20,DOC_mgL,38.4048,53.34,7 days 00:00:00
191,CO90,163.0,40.0523560209424,255.0,11.884166944631236,0.4504520149340384,5.049336640261049,5.499788535137315,40.05,-105.583,2003-05-20,2003-05-27,2003-05-20,2003-05-27,DOC_mgL,11.6815,3.05,7 days 00:00:00
192,CO90,164.0,40.0523560209424,255.0,18.39119792037547,1.0569592820116116,25.406401120420252,26.463360196932186,40.05,-105.583,2003-05-27,2003-06-03,2003-05-27,2003-06-03,DOC_mgL,78.23200000000001,17.78,7 days 00:00:00
193,CO90,165.0,40.0523560209424,255.0,60.55524162547066,1.3992646542467426,22.12907682813567,23.528341271612366,40.05,-105.583,2003-06-03,2003-06-10,2003-06-03,2003-06-10,DOC_mgL,2.448,1.02,7 days 00:00:00
194,CO90,166.0,40.0523560209424,255.0,66.55436452531748,2.0939974192113464,36.78138568719014,38.8753827129662,40.05,-105.583,2003-06-10,2003-06-17,2003-06-10,2003-06-17,DOC_mgL,,,7 days 00:00:00
195,CO90,167.0,40.0523560209424,255.0,36.008371790140956,1.408179121356254,22.617521430734477,24.025700653962367,40.05,-105.583,2003-06-17,2003-06-24,2003-06-17,2003-06-24,DOC_mgL,75.096,44.7,7 days 00:00:00
196,CO90,168.0,40.0523560209424,255.0,28.126540398046473,0.6451167725018969,11.979559294550413,12.62467617946239,40.05,-105.583,2003-06-24,2003-07-01,2003-06-24,2003-07-01,DOC_mgL,0.0,0.0,7 days 00:00:00
197,CO90,169.0,40.0523560209424,255.0,6.3478099635812235,0.48016144650419146,24.704823165704397,25.18498420124582,40.05,-105.583,2003-07-01,2003-07-08,2003-07-01,2003-07-08,DOC_mgL,,0.0,7 days 00:00:00
198,CO90,170.0,40.0523560209424,255.0,2.05046880212352,0.4850576573213472,24.24607304929438,24.73113071832511,40.05,-105.583,2003-07-08,2003-07-15,2003-07-08,2003-07-15,DOC_mgL,,,7 days 00:00:00
199,CO90,171.0,40.0523560209424,255.0,5.6815342646066025,1.3707947238254803,29.0888736598216,30.459668587390354,40.05,-105.583,2003-07-15,2003-07-22,2003-07-15,2003-07-22,DOC_mgL,,0.0,7 days 00:00:00
200,CO90,172.0,40.0523560209424,255.0,29.045463659302385,2.111084945917441,51.37721089815139,53.488296654358166,40.05,-105.583,2003-07-22,2003-07-29,2003-07-22,2003-07-29,DOC_mgL,90.01159999999999,21.08,7 days 00:00:00
201,CO90,173.0,40.0523560209424,255.0,40.87254315638944,1.891199581313674,33.76824919687493,35.659448693881046,40.05,-105.583,2003-07-29,2003-08-05,2003-07-29,2003-08-05,DOC_mgL,,,7 days 00:00:00
202,CO90,174.0,40.0523560209424,255.0,15.899252130857633,0.9851464956300848,30.985516052961515,31.970662117686288,40.05,-105.583,2003-08-05,2003-08-12,2003-08-05,2003-08-12,DOC_mgL,,,7 days 00:00:00
203,CO90,175.0,40.0523560209424,255.0,21.541477637688196,1.3774745370388124,29.571478934857762,30.948954111228876,40.05,-105.583,2003-08-12,2003-08-21,2003-08-12,2003-08-21,DOC_mgL,,,9 days 00:00:00
204,CO90,176.0,40.0523560209424,255.0,29.197054847429627,0.700248431138806,13.064726844827188,13.764974992599772,40.05,-105.583,2003-08-21,2003-08-26,2003-08-21,2003-08-26,DOC_mgL,,,5 days 00:00:00
205,CO90,177.0,40.0523560209424,255.0,15.849469022272134,1.1765474126207431,26.09268608053106,27.269233633664403,40.05,-105.583,2003-08-26,2003-09-02,2003-08-26,2003-09-02,DOC_mgL,,,7 days 00:00:00
206,CO90,178.0,40.0523560209424,255.0,45.22291894889507,1.7041165744149933,22.835382360031353,24.539499107745222,40.05,-105.583,2003-09-02,2003-09-09,2003-09-02,2003-09-09,DOC_mgL,,,7 days 00:00:00
207,CO90,179.0,40.0523560209424,255.0,24.821410587099606,0.4115613162769538,5.053835432956843,5.465396622772456,40.05,-105.583,2003-09-09,2003-09-16,2003-09-09,2003-09-16,DOC_mgL,,,7 days 00:00:00
208,CO90,180.0,40.0523560209424,255.0,0.6018067640619794,0.01599801000797879,0.3277496459778678,0.34374765347929775,40.05,-105.583,2003-09-16,2003-09-23,2003-09-16,2003-09-23,DOC_mgL,,,7 days 00:00:00
209,CO90,181.0,40.0523560209424,255.0,0.0014226240937062263,8.371449824130742e-08,8.690008089453227e-07,9.527153071866301e-07,40.05,-105.583,2003-09-23,2003-09-30,2003-09-23,2003-09-30,DOC_mgL,,0.25,7 days 00:00:00
210,CO90,182.0,40.0523560209424,255.0,4.398462010394159,0.28067133575725745,7.5824156608037665,7.863087056277879,40.05,-105.583,2003-09-30,2003-10-07,2003-09-30,2003-10-07,DOC_mgL,,0.0,7 days 00:00:00
211,CO90,183.0,40.0523560209424,255.0,1.6060207160055813,0.12101874542101126,1.7893681748262342,1.9103869506916382,40.05,-105.583,2003-10-07,2003-10-14,2003-10-07,2003-10-14,DOC_mgL,8.0784,4.32,7 days 00:00:00
212,CO90,184.0,40.0523560209424,255.0,0.30578542006661813,5.779031068207318e-07,4.906934957165932e-06,5.484837943645456e-06,40.05,-105.583,2003-10-14,2003-10-21,2003-10-14,2003-10-21,DOC_mgL,8.918000000000001,6.86,7 days 00:00:00
213,CO90,185.0,40.0523560209424,255.0,1.4004031403887638,0.056891026843238886,1.5845084545027857,1.6413994216276742,40.05,-105.583,2003-10-21,2003-10-28,2003-10-21,2003-10-28,DOC_mgL,,0.0,7 days 00:00:00
214,CO90,186.0,40.0523560209424,255.0,9.167282955147016,0.18712125309465147,2.1490593645092453,2.3361806588425957,40.05,-105.583,2003-10-28,2003-11-04,2003-10-28,2003-11-04,DOC_mgL,,0.0,7 days 00:00:00
215,CO90,187.0,40.0523560209424,255.0,7.775833051049119,0.07324730770649682,0.8990818196386897,0.9723291345903675,40.05,-105.583,2003-11-04,2003-11-11,2003-11-04,2003-11-11,DOC_mgL,10.163699999999999,14.73,7 days 00:00:00
216,CO90,188.0,40.0523560209424,255.0,8.185398737730123,0.02804282816880798,0.24764676667385452,0.27568959755014477,40.05,-105.583,2003-11-11,2003-11-18,2003-11-11,2003-11-18,DOC_mgL,14.385599999999998,29.97,7 days 00:00:00
217,CO90,189.0,40.0523560209424,255.0,15.624090672075424,0.33629764446748284,5.63218272570771,5.968480246421432,40.05,-105.583,2003-11-18,2003-11-25,2003-11-18,2003-11-25,DOC_mgL,,30.23,7 days 00:00:00
218,CO90,190.0,40.0523560209424,255.0,6.102166017148136,0.07486645453966233,0.5369764923272099,0.6118429237500593,40.05,-105.583,2003-11-25,2003-12-02,2003-11-25,2003-12-02,DOC_mgL,,12.19,7 days 00:00:00
219,CO90,191.0,40.0523560209424,255.0,29.169166636489052,0.20005330340049898,2.362926817287974,2.5629801044051543,40.05,-105.583,2003-12-02,2003-12-09,2003-12-02,2003-12-09,DOC_mgL,,,7 days 00:00:00
220,CO90,192.0,40.0523560209424,255.0,17.82526094249448,0.09650446521630947,1.3871575769836006,1.4836620186712068,40.05,-105.583,2003-12-09,2003-12-16,2003-12-09,2003-12-16,DOC_mgL,,,7 days 00:00:00
221,CO90,193.0,40.0523560209424,255.0,2.2702555550106904,0.007971036296845806,0.11787126681918808,0.12584230340876792,40.05,-105.583,2003-12-16,2003-12-22,2003-12-16,2003-12-22,DOC_mgL,,,6 days 00:00:00
222,CO90,194.0,40.0523560209424,255.0,7.0558368668063665,0.10928232602841473,1.2581894958246955,1.3674718356127438,40.05,-105.583,2003-12-22,2003-12-30,2003-12-22,2003-12-30,DOC_mgL,,,8 days 00:00:00
223,CO90,195.0,40.0523560209424,255.0,31.58787823949183,0.2073469600060992,2.068944942137181,2.276291893653566,40.05,-105.583,2003-12-30,2004-01-06,2003-12-30,2004-01-06,DOC_mgL,,,7 days 00:00:00
224,CO90,196.0,40.0523560209424,255.0,3.298842840993081,0.000532407105589013,0.01256358490782341,0.013095992303789668,40.05,-105.583,2004-01-06,2004-01-13,2004-01-06,2004-01-13,DOC_mgL,,,7 days 00:00:00
225,CO90,197.0,40.0523560209424,255.0,0.4683119895910427,0.024126887775038422,0.3793149873833636,0.4034418791103927,40.05,-105.583,2004-01-13,2004-01-20,2004-01-13,2004-01-20,DOC_mgL,,,7 days 00:00:00
226,CO90,198.0,40.0523560209424,255.0,5.562911078091533,0.1591611461538347,1.4122421451824432,1.5714032644048033,40.05,-105.583,2004-01-20,2004-01-27,2004-01-20,2004-01-27,DOC_mgL,,,7 days 00:00:00
227,CO90,199.0,40.0523560209424,255.0,13.273209232522731,0.10591056581891124,1.4360369779900046,1.5419475338555022,40.05,-105.583,2004-01-27,2004-02-03,2004-01-27,2004-02-03,DOC_mgL,,,7 days 00:00:00
228,CO90,200.0,40.0523560209424,255.0,23.157574576737616,0.7042228926836605,10.922836170159455,11.627058962727887,40.05,-105.583,2004-02-03,2004-02-10,2004-02-03,2004-02-10,DOC_mgL,,,7 days 00:00:00
229,CO90,201.0,40.0523560209424,255.0,3.9295677448345874,0.054814805603520346,0.6621555452531857,0.7169703455874388,40.05,-105.583,2004-02-10,2004-02-17,2004-02-10,2004-02-17,DOC_mgL,,,7 days 00:00:00
230,CO90,202.0,40.0523560209424,255.0,21.35037783368432,0.5460808076521503,6.776920417103078,7.32300114394676,40.05,-105.583,2004-02-17,2004-02-24,2004-02-17,2004-02-24,DOC_mgL,,5.59,7 days 00:00:00
231,CO90,203.0,40.0523560209424,255.0,13.1900804102969,0.4202353670090157,3.9700087121279677,4.390244108994768,40.05,-105.583,2004-02-24,2004-03-02,2004-02-24,2004-03-02,DOC_mgL,12.8016,22.86,7 days 00:00:00
232,CO90,204.0,40.0523560209424,255.0,7.373174189943435,0.27217947027062195,3.584041759468332,3.856221247010294,40.05,-105.583,2004-03-02,2004-03-09,2004-03-02,2004-03-09,DOC_mgL,10.3615,12.19,7 days 00:00:00
233,CO90,205.0,40.0523560209424,255.0,2.9513578302798886,0.03417474147972577,0.4605411317622495,0.4947158890678137,40.05,-105.583,2004-03-09,2004-03-16,2004-03-09,2004-03-16,DOC_mgL,22.979599999999998,39.62,7 days 00:00:00
234,CO90,206.0,40.0523560209424,255.0,0.4873626985498668,0.006289729336204558,0.12274260727048142,0.12903233543553472,40.05,-105.583,2004-03-16,2004-03-23,2004-03-16,2004-03-23,DOC_mgL,,14.48,7 days 00:00:00
235,CO90,207.0,40.0523560209424,255.0,22.253367337654595,0.7136139665636838,9.094807897221633,9.80842153610554,40.05,-105.583,2004-03-23,2004-03-30,2004-03-23,2004-03-30,DOC_mgL,,4.32,7 days 00:00:00
236,CO90,208.0,40.0523560209424,255.0,7.518642205354851,2.1163671237375836,27.93192392380739,30.048291979611896,40.05,-105.583,2004-03-30,2004-04-06,2004-03-30,2004-04-06,DOC_mgL,8.7376,10.16,7 days 00:00:00
237,CO90,209.0,40.0523560209424,255.0,68.04480407129887,1.623050838259893,18.351927402737722,19.974978121561904,40.05,-105.583,2004-04-06,2004-04-13,2004-04-06,2004-04-13,DOC_mgL,54.8132,66.04,7 days 00:00:00
238,CO90,210.0,40.0523560209424,255.0,3.1719876025322744,0.1309959563581545,2.57339462675898,2.70439059285056,40.05,-105.583,2004-04-13,2004-04-20,2004-04-13,2004-04-20,DOC_mgL,24.2528,55.12,7 days 00:00:00
239,CO90,211.0,40.0523560209424,255.0,87.4425005356838,0.6993228644606997,10.080762543468458,10.780085368117254,40.05,-105.583,2004-04-20,2004-04-27,2004-04-20,2004-04-27,DOC_mgL,14.0784,8.38,7 days 00:00:00
240,CO90,212.0,40.0523560209424,255.0,9.42824676319759,0.31754646092187855,8.572526849031885,8.890073130818482,40.05,-105.583,2004-04-27,2004-05-04,2004-04-27,2004-05-04,DOC_mgL,22.8,47.5,7 days 00:00:00
241,CO90,213.0,40.0523560209424,255.0,0.1309572896873723,0.10736694173745755,2.4931605758937705,2.6005274678663484,40.05,-105.583,2004-05-04,2004-05-11,2004-05-04,2004-05-11,DOC_mgL,5.2822000000000005,6.86,7 days 00:00:00
242,CO90,214.0,40.0523560209424,255.0,18.970702950937834,0.822012221181681,17.05948713542904,17.8814993437304,40.05,-105.583,2004-05-11,2004-05-18,2004-05-11,2004-05-18,DOC_mgL,,0.0,7 days 00:00:00
243,CO90,215.0,40.0523560209424,255.0,4.865956137922733,0.2495245908591317,6.349476758780346,6.5990013531522935,40.05,-105.583,2004-05-18,2004-05-25,2004-05-18,2004-05-25,DOC_mgL,26.3331,32.51,7 days 00:00:00
244,CO90,216.0,40.0523560209424,255.0,10.396004579593665,0.4343365776413033,9.28095280627872,9.715289257458682,40.05,-105.583,2004-05-25,2004-06-01,2004-05-25,2004-06-01,DOC_mgL,6.0048,4.32,7 days 00:00:00
245,CO90,217.0,40.0523560209424,255.0,16.867627269996632,0.5937846737739949,15.754924855351792,16.348709798441607,40.05,-105.583,2004-06-01,2004-06-08,2004-06-01,2004-06-08,DOC_mgL,9.3653,7.87,7 days 00:00:00
246,CO90,218.0,40.0523560209424,255.0,3.808979926067657,0.17492693343639476,7.916111421056582,8.09103842518838,40.05,-105.583,2004-06-08,2004-06-15,2004-06-08,2004-06-15,DOC_mgL,7.654,1.78,7 days 00:00:00
247,CO90,219.0,40.0523560209424,255.0,67.05497390186999,1.5528859104857462,42.25193267759497,43.80481829768801,40.05,-105.583,2004-06-15,2004-06-22,2004-06-15,2004-06-22,DOC_mgL,32.3468,16.76,7 days 00:00:00
248,CO90,220.0,40.0523560209424,255.0,41.16086575016442,0.924579603442464,11.705841565794357,12.63042113670669,40.05,-105.583,2004-06-22,2004-06-29,2004-06-22,2004-06-29,DOC_mgL,49.745400000000004,48.77,7 days 00:00:00
249,CO90,221.0,40.0523560209424,255.0,37.04605874416123,1.0660329216188102,21.253633357205356,22.3196660212177,40.05,-105.583,2004-06-29,2004-07-06,2004-06-29,2004-07-06,DOC_mgL,21.069399999999998,17.27,7 days 00:00:00
250,CO90,222.0,40.0523560209424,255.0,23.76895300082449,1.0152161197644893,29.513834051697607,30.529050525085477,40.05,-105.583,2004-07-06,2004-07-13,2004-07-06,2004-07-13,DOC_mgL,37.0513,25.91,7 days 00:00:00
251,CO90,223.0,40.0523560209424,255.0,12.836370047997203,0.6242579578263907,16.042273547067776,16.666531804654383,40.05,-105.583,2004-07-13,2004-07-20,2004-07-13,2004-07-20,DOC_mgL,,0.76,7 days 00:00:00
252,CO90,224.0,40.0523560209424,255.0,117.13356791139829,1.4831113249623094,31.467112119112905,32.950223930600096,40.05,-105.583,2004-07-20,2004-07-27,2004-07-20,2004-07-27,DOC_mgL,69.09,69.09,7 days 00:00:00
253,CO90,225.0,40.0523560209424,255.0,26.368708950641473,2.402489796167473,52.15818563303331,54.560675696174734,40.05,-105.583,2004-07-27,2004-08-05,2004-07-27,2004-08-05,DOC_mgL,36.047000000000004,32.77,9 days 00:00:00
254,CO90,226.0,40.0523560209424,255.0,8.038989696208072,0.33130645258477864,7.651399314134721,7.982705621523145,40.05,-105.583,2004-08-05,2004-08-10,2004-08-05,2004-08-10,DOC_mgL,12.395199999999999,5.08,5 days 00:00:00
255,CO90,227.0,40.0523560209424,255.0,19.629768784986194,0.6460787817827267,10.12452671544234,10.770605604658659,40.05,-105.583,2004-08-10,2004-08-17,2004-08-10,2004-08-17,DOC_mgL,18.9786,13.46,7 days 00:00:00
256,CO90,228.0,40.0523560209424,255.0,51.01090104350226,1.7577326609855004,37.50937480617722,39.267107790341704,40.05,-105.583,2004-08-17,2004-08-24,2004-08-17,2004-08-24,DOC_mgL,2.6795999999999998,2.03,7 days 00:00:00
257,CO90,229.0,40.0523560209424,255.0,5.530535647107681,0.3710730767580647,8.507123744902826,8.878197147181751,40.05,-105.583,2004-08-24,2004-08-31,2004-08-24,2004-08-31,DOC_mgL,40.9455,50.55,7 days 00:00:00
258,CO90,230.0,40.0523560209424,255.0,19.65611252718305,0.604736884591943,14.556479752819707,15.161216847595082,40.05,-105.583,2004-08-31,2004-09-07,2004-08-31,2004-09-07,DOC_mgL,3.6549,2.79,7 days 00:00:00
259,CO90,231.0,40.0523560209424,255.0,15.051586891956514,0.34436987275154907,9.622716080209814,9.967085785032339,40.05,-105.583,2004-09-07,2004-09-14,2004-09-07,2004-09-14,DOC_mgL,15.887699999999999,11.43,7 days 00:00:00
260,CO90,232.0,40.0523560209424,255.0,7.98805991528268,0.10594241195985765,4.472324208236802,4.578266686464453,40.05,-105.583,2004-09-14,2004-09-21,2004-09-14,2004-09-21,DOC_mgL,1.8676,2.03,7 days 00:00:00
261,CO90,233.0,40.0523560209424,255.0,40.51973877707837,0.80681477982944,9.356299794302526,10.163114637362636,40.05,-105.583,2004-09-21,2004-09-28,2004-09-21,2004-09-28,DOC_mgL,4.481999999999999,12.45,7 days 00:00:00
262,CO90,234.0,40.0523560209424,255.0,36.79049788338773,1.167602330055459,10.477642053974279,11.645244499952634,40.05,-105.583,2004-09-28,2004-10-05,2004-09-28,2004-10-05,DOC_mgL,,15.24,7 days 00:00:00
263,CO90,235.0,40.0523560209424,255.0,30.590086255400053,0.5799719202362191,4.317769851737647,4.897741791587047,40.05,-105.583,2004-10-05,2004-10-12,2004-10-05,2004-10-12,DOC_mgL,22.7402,30.73,7 days 00:00:00
264,CO90,236.0,40.0523560209424,255.0,35.27482008891525,0.4618014986038088,8.913650692554675,9.375452252047278,40.05,-105.583,2004-10-12,2004-10-19,2004-10-12,2004-10-19,DOC_mgL,,27.43,7 days 00:00:00
265,CO90,237.0,40.0523560209424,255.0,6.009615063184981,0.05767587636732732,0.657253769256196,0.7149296407934027,40.05,-105.583,2004-10-19,2004-10-26,2004-10-19,2004-10-26,DOC_mgL,,27.43,7 days 00:00:00
266,CO90,238.0,40.0523560209424,255.0,38.88423452185208,0.37612743620064143,6.834174571057421,7.21030201899489,40.05,-105.583,2004-10-26,2004-11-02,2004-10-26,2004-11-02,DOC_mgL,,13.46,7 days 00:00:00
267,CO90,239.0,40.0523560209424,255.0,1.090934127215041,0.0018148829685923702,0.03618118032345208,0.03799606417024849,40.05,-105.583,2004-11-02,2004-11-09,2004-11-02,2004-11-09,DOC_mgL,,,7 days 00:00:00
268,CO90,240.0,40.0523560209424,255.0,17.53414691861705,0.781110755531064,11.53446927027067,12.315579767001491,40.05,-105.583,2004-11-09,2004-11-16,2004-11-09,2004-11-16,DOC_mgL,,3.05,7 days 00:00:00
269,CO90,241.0,40.0523560209424,255.0,54.36685355768578,0.549239830757059,10.831364383303246,11.380604221378672,40.05,-105.583,2004-11-16,2004-11-23,2004-11-16,2004-11-23,DOC_mgL,,,7 days 00:00:00
270,CO90,242.0,40.0523560209424,255.0,37.731478767000226,0.3536607454178978,4.413064155558226,4.766724985869011,40.05,-105.583,2004-11-23,2004-11-30,2004-11-23,2004-11-30,DOC_mgL,,,7 days 00:00:00
271,CO90,243.0,40.0523560209424,255.0,1.3071500605598134,0.008229504679780113,0.10439100826204775,0.11262051118545607,40.05,-105.583,2004-11-30,2004-12-07,2004-11-30,2004-12-07,DOC_mgL,,,7 days 00:00:00
272,CO90,244.0,40.0523560209424,255.0,7.256114585985074,0.033252406532339684,0.21788271238893056,0.2511351186288662,40.05,-105.583,2004-12-07,2004-12-14,2004-12-07,2004-12-14,DOC_mgL,,2.03,7 days 00:00:00
273,CO90,245.0,40.0523560209424,255.0,5.2612367915146,0.0821073257211079,0.749995460854515,0.8321027764781382,40.05,-105.583,2004-12-14,2004-12-21,2004-12-14,2004-12-21,DOC_mgL,,32.26,7 days 00:00:00
274,CO90,246.0,40.0523560209424,255.0,12.10817615141524,0.4638267723727109,3.6268174448207366,4.090644180967569,40.05,-105.583,2004-12-21,2004-12-28,2004-12-21,2004-12-28,DOC_mgL,,1.78,7 days 00:00:00
275,CO90,247.0,40.0523560209424,255.0,6.1793130676335295,0.027435833108278695,0.2660295846791831,0.29346541866607645,40.05,-105.583,2004-12-28,2005-01-04,2004-12-28,2005-01-04,DOC_mgL,,3.81,7 days 00:00:00
276,CO90,248.0,40.0523560209424,255.0,54.21910224630011,0.24382997200568232,3.4023708463785254,3.6462008944859985,40.05,-105.583,2005-01-04,2005-01-11,2005-01-04,2005-01-11,DOC_mgL,2.2859999999999996,12.7,7 days 00:00:00
277,CO90,249.0,40.0523560209424,255.0,10.02278953695691,0.07424049335051154,0.44294297481238915,0.5171834851415782,40.05,-105.583,2005-01-11,2005-01-17,2005-01-11,2005-01-17,DOC_mgL,3.963,26.42,6 days 00:00:00
278,CO90,250.0,40.0523560209424,255.0,0.30211051048637877,0.001015174793340148,0.009702977261978277,0.010718151968409495,40.05,-105.583,2005-01-17,2005-01-25,2005-01-17,2005-01-25,DOC_mgL,,13.97,8 days 00:00:00
279,CO90,251.0,40.0523560209424,255.0,33.43457500387823,0.4988400515766481,4.352836383889324,4.851676416734406,40.05,-105.583,2005-01-25,2005-02-01,2005-01-25,2005-02-01,DOC_mgL,,0.0,7 days 00:00:00
280,CO90,252.0,40.0523560209424,255.0,5.906040885499336,0.0976066333987355,0.9792768981015996,1.0768835481862054,40.05,-105.583,2005-02-01,2005-02-08,2005-02-01,2005-02-08,DOC_mgL,,45.21,7 days 00:00:00
281,CO90,253.0,40.0523560209424,255.0,11.937323075678075,0.07385634615368318,0.842209236865858,0.9160656133906653,40.05,-105.583,2005-02-08,2005-02-15,2005-02-08,2005-02-15,DOC_mgL,0.6096,2.54,7 days 00:00:00
282,CO90,254.0,40.0523560209424,255.0,9.40932093201097,0.21594163415413792,1.504068100925335,1.720009748691631,40.05,-105.583,2005-02-15,2005-02-22,2005-02-15,2005-02-22,DOC_mgL,,12.95,7 days 00:00:00
283,CO90,255.0,40.0523560209424,255.0,7.566880263533039,0.195521776189613,2.920394162553211,3.1159159198979993,40.05,-105.583,2005-02-22,2005-03-01,2005-02-22,2005-03-01,DOC_mgL,10.0116,18.54,7 days 00:00:00
284,CO90,256.0,40.0523560209424,255.0,2.6651246035085467,0.06072879619774705,0.4258353259655249,0.4865641240660116,40.05,-105.583,2005-03-01,2005-03-08,2005-03-01,2005-03-08,DOC_mgL,,2.03,7 days 00:00:00
285,CO90,257.0,40.0523560209424,255.0,23.037454531277255,0.544876137653367,6.885289607624822,7.430165565831883,40.05,-105.583,2005-03-08,2005-03-15,2005-03-08,2005-03-15,DOC_mgL,25.412599999999998,41.66,7 days 00:00:00
286,CO90,258.0,40.0523560209424,255.0,15.106092966910012,0.21971387903746495,1.9852247332312738,2.2049386491532967,40.05,-105.583,2005-03-15,2005-03-22,2005-03-15,2005-03-22,DOC_mgL,85.07560000000001,80.26,7 days 00:00:00
287,CO90,259.0,40.0523560209424,255.0,31.87945077264799,0.35994502511551907,3.411647199880214,3.771592241391157,40.05,-105.583,2005-03-22,2005-03-29,2005-03-22,2005-03-29,DOC_mgL,15.190500000000002,23.37,7 days 00:00:00
288,CO90,260.0,40.0523560209424,255.0,44.53790636763655,0.35806179356404527,4.70785429926049,5.065916196159487,40.05,-105.583,2005-03-29,2005-04-05,2005-03-29,2005-04-05,DOC_mgL,6.4542,10.41,7 days 00:00:00
289,CO90,261.0,40.0523560209424,255.0,62.39356380220053,1.0573933070489392,18.13888320827295,19.196276772928325,40.05,-105.583,2005-04-05,2005-04-12,2005-04-05,2005-04-12,DOC_mgL,8.1902,13.21,7 days 00:00:00
290,CO90,262.0,40.0523560209424,255.0,1.1199441960652852,0.03512739466853572,0.9255178040168178,0.960645233008486,40.05,-105.583,2005-04-12,2005-04-19,2005-04-12,2005-04-19,DOC_mgL,31.953200000000002,46.99,7 days 00:00:00
291,CO90,263.0,40.0523560209424,255.0,18.41337996972281,0.545934149070227,11.267823996069644,11.813758457720947,40.05,-105.583,2005-04-19,2005-04-26,2005-04-19,2005-04-26,DOC_mgL,,0.0,7 days 00:00:00
292,CO90,264.0,40.0523560209424,255.0,33.80507752126505,0.8897801854687581,15.050988280695954,15.940768292865837,40.05,-105.583,2005-04-26,2005-05-03,2005-04-26,2005-05-03,DOC_mgL,23.646,33.78,7 days 00:00:00
293,CO90,265.0,40.0523560209424,255.0,14.962461091716506,0.504318140568706,7.116963549741451,7.621281608929942,40.05,-105.583,2005-05-03,2005-05-10,2005-05-03,2005-05-10,DOC_mgL,49.7637,78.99,7 days 00:00:00
294,CO90,266.0,40.0523560209424,255.0,7.844274983570543,0.41790472049682215,6.819351723932887,7.237256425401961,40.05,-105.583,2005-05-10,2005-05-17,2005-05-10,2005-05-17,DOC_mgL,27.842499999999998,12.95,7 days 00:00:00
295,CO90,267.0,40.0523560209424,255.0,0.47891538700181,0.05768167111700669,1.7986339835264245,1.8563156973827522,40.05,-105.583,2005-05-17,2005-05-24,2005-05-17,2005-05-24,DOC_mgL,25.668,41.4,7 days 00:00:00
296,CO90,268.0,40.0523560209424,255.0,20.13138318091309,0.4784921348243386,9.867553309021206,10.346045424287215,40.05,-105.583,2005-05-24,2005-05-31,2005-05-24,2005-05-31,DOC_mgL,,0.51,7 days 00:00:00
297,CO90,269.0,40.0523560209424,255.0,47.86763760646594,1.1862921663429566,20.34756940243708,21.533861609872655,40.05,-105.583,2005-05-31,2005-06-07,2005-05-31,2005-06-07,DOC_mgL,7.523999999999999,6.6,7 days 00:00:00
298,CO90,270.0,40.0523560209424,255.0,45.13334267736721,0.8049205944349671,12.903969119799907,13.708889333094444,40.05,-105.583,2005-06-07,2005-06-14,2005-06-07,2005-06-14,DOC_mgL,29.928499999999996,25.15,7 days 00:00:00
299,CO90,271.0,40.0523560209424,255.0,0.8578703074672992,0.09372463399440611,5.4930608512817285,5.586785400968561,40.05,-105.583,2005-06-14,2005-06-21,2005-06-14,2005-06-21,DOC_mgL,20.747999999999998,21.84,7 days 00:00:00
300,CO90,272.0,40.0523560209424,255.0,5.989996997413094,3.410572448287255,53.47464201443941,56.88521438895755,40.05,-105.583,2005-06-21,2005-06-28,2005-06-21,2005-06-28,DOC_mgL,,4.32,7 days 00:00:00
301,CO90,273.0,40.0523560209424,255.0,14.985262467984844,2.7977021548075167,51.38667604361567,54.18437799497265,40.05,-105.583,2005-06-28,2005-07-05,2005-06-28,2005-07-05,DOC_mgL,54.134800000000006,8.38,7 days 00:00:00
302,CO90,274.0,40.0523560209424,255.0,1.1622181902308515,0.656613469065398,25.289179175769227,25.945792764270337,40.05,-105.583,2005-07-05,2005-07-12,2005-07-05,2005-07-12,DOC_mgL,72.9792,14.48,7 days 00:00:00
303,CO90,275.0,40.0523560209424,255.0,1.2079159541367341,0.2977258327569766,11.425056658555254,11.722782636801321,40.05,-105.583,2005-07-12,2005-07-19,2005-07-12,2005-07-19,DOC_mgL,,0.0,7 days 00:00:00
304,CO90,276.0,40.0523560209424,255.0,17.223367302494104,4.9566102587562595,76.65096656769843,81.60757877899438,40.05,-105.583,2005-07-19,2005-07-26,2005-07-19,2005-07-26,DOC_mgL,,1.78,7 days 00:00:00
305,CO90,277.0,40.0523560209424,255.0,28.41165655954802,1.8781036850712418,55.66642621857021,57.544529191710936,40.05,-105.583,2005-07-26,2005-08-02,2005-07-26,2005-08-02,DOC_mgL,74.8764,23.11,7 days 00:00:00
306,CO90,278.0,40.0523560209424,255.0,137.09013113685845,1.469619698597881,29.932321985971008,31.401941537030684,40.05,-105.583,2005-08-02,2005-08-09,2005-08-02,2005-08-09,DOC_mgL,,1.27,7 days 00:00:00
307,CO90,279.0,40.0523560209424,255.0,52.44962033490452,1.376444121962278,22.8255840228897,24.20202819403139,40.05,-105.583,2005-08-09,2005-08-16,2005-08-09,2005-08-16,DOC_mgL,40.894,35.56,7 days 00:00:00
308,CO90,280.0,40.0523560209424,255.0,17.258152492993784,0.5247842254502144,7.485870804485595,8.01065485195318,40.05,-105.583,2005-08-16,2005-08-23,2005-08-16,2005-08-23,DOC_mgL,15.51,9.4,7 days 00:00:00
309,CO90,281.0,40.0523560209424,255.0,7.938889736452959,0.5691010242074794,10.899903409368806,11.469004745045886,40.05,-105.583,2005-08-23,2005-08-30,2005-08-23,2005-08-30,DOC_mgL,14.0716,5.08,7 days 00:00:00
310,CO90,282.0,40.0523560209424,255.0,5.731762745427482,0.38910712298707506,12.250459740376085,12.639567077352144,40.05,-105.583,2005-08-30,2005-09-06,2005-08-30,2005-09-06,DOC_mgL,9.9822,3.81,7 days 00:00:00
311,CO90,283.0,40.0523560209424,255.0,33.703351247490154,0.7495514428158793,15.837956685825858,16.587507695559214,40.05,-105.583,2005-09-06,2005-09-13,2005-09-06,2005-09-13,DOC_mgL,,1.02,7 days 00:00:00
312,CO90,284.0,40.0523560209424,255.0,0.5377814226105516,0.0701299114028583,1.6557545831584017,1.7258844837301386,40.05,-105.583,2005-09-13,2005-09-20,2005-09-13,2005-09-20,DOC_mgL,12.0458,5.33,7 days 00:00:00
313,CO90,285.0,40.0523560209424,255.0,4.10929602078782,0.2092174474437698,6.902703787465408,7.111921362761009,40.05,-105.583,2005-09-20,2005-09-27,2005-09-20,2005-09-27,DOC_mgL,,10.16,7 days 00:00:00
314,CO90,286.0,40.0523560209424,255.0,18.903805229125716,0.20070595524961427,5.7686429493136995,5.969348894317233,40.05,-105.583,2005-09-27,2005-10-04,2005-09-27,2005-10-04,DOC_mgL,13.944,12.45,7 days 00:00:00
315,CO90,287.0,40.0523560209424,255.0,63.70797193549065,0.5255418845594233,8.728282839198682,9.253824643548828,40.05,-105.583,2005-10-04,2005-10-12,2005-10-04,2005-10-12,DOC_mgL,19.2157,19.81,8 days 00:00:00
316,CO90,288.0,40.0523560209424,255.0,0.9512910783803998,0.010529286696324908,0.18506521634901332,0.19559449923064065,40.05,-105.583,2005-10-12,2005-10-18,2005-10-12,2005-10-18,DOC_mgL,22.3702,30.23,6 days 00:00:00
317,CO90,289.0,40.0523560209424,255.0,19.357146786335758,0.4215977633543996,7.231888737264805,7.6534865088153445,40.05,-105.583,2005-10-18,2005-10-25,2005-10-18,2005-10-25,DOC_mgL,,0.0,7 days 00:00:00
318,CO90,290.0,40.0523560209424,255.0,14.454119430679437,0.3104429703439455,2.213327086049828,2.5237700938635506,40.05,-105.583,2005-10-25,2005-11-01,2005-10-25,2005-11-01,DOC_mgL,,1.78,7 days 00:00:00
319,CO90,291.0,40.0523560209424,255.0,3.998114803227537,0.0516446072628894,0.3066361831949919,0.358280793371474,40.05,-105.583,2005-11-01,2005-11-08,2005-11-01,2005-11-08,DOC_mgL,,10.41,7 days 00:00:00
320,CO90,292.0,40.0523560209424,255.0,19.79420420852307,0.32236102288601676,3.352480295022332,3.6748414549270025,40.05,-105.583,2005-11-08,2005-11-15,2005-11-08,2005-11-15,DOC_mgL,,13.21,7 days 00:00:00
321,CO90,293.0,40.0523560209424,255.0,6.906234166148551,0.08618116837599576,1.2011372378845748,1.2873183925020464,40.05,-105.583,2005-11-15,2005-11-22,2005-11-15,2005-11-22,DOC_mgL,,68.07,7 days 00:00:00
322,CO90,294.0,40.0523560209424,255.0,2.109613040141845,0.06675877773040408,1.044690117425632,1.1114488650043826,40.05,-105.583,2005-11-22,2005-11-29,2005-11-22,2005-11-29,DOC_mgL,,16.0,7 days 00:00:00
323,CO90,295.0,40.0523560209424,255.0,16.45420978348966,0.2351228546822407,1.3458340970545415,1.5809569212924925,40.05,-105.583,2005-11-29,2005-12-06,2005-11-29,2005-12-06,DOC_mgL,,1.52,7 days 00:00:00
324,CO90,296.0,40.0523560209424,255.0,10.897515206706,0.11010029518038958,1.6295153160887568,1.739615611269128,40.05,-105.583,2005-12-06,2005-12-13,2005-12-06,2005-12-13,DOC_mgL,30.2976,126.24,7 days 00:00:00
325,CO90,297.0,40.0523560209424,255.0,7.232382375388369,0.11478255199939418,1.465841269937145,1.5806238408545477,40.05,-105.583,2005-12-13,2005-12-20,2005-12-13,2005-12-20,DOC_mgL,,77.72,7 days 00:00:00
326,CO90,298.0,40.0523560209424,255.0,0.8582501033860268,0.0021789130321519558,0.023302151235163104,0.02548106404765022,40.05,-105.583,2005-12-20,2005-12-27,2005-12-20,2005-12-27,DOC_mgL,20.535899999999998,41.91,7 days 00:00:00
327,CO90,299.0,40.0523560209424,255.0,8.388877116161098,0.008792363773948613,0.13151082927361385,0.1403031910760976,40.05,-105.583,2005-12-27,2006-01-03,2005-12-27,2006-01-03,DOC_mgL,,11.68,7 days 00:00:00
328,CO90,300.0,40.0523560209424,255.0,5.212760983070654,0.037855461526785567,0.37468295848896094,0.41253842089398823,40.05,-105.583,2006-01-03,2006-01-10,2006-01-03,2006-01-10,DOC_mgL,,26.42,7 days 00:00:00
329,CO90,301.0,40.0523560209424,255.0,7.872433098409957,0.07190282702791248,0.4579824562473872,0.5298852903009297,40.05,-105.583,2006-01-10,2006-01-17,2006-01-10,2006-01-17,DOC_mgL,16.928800000000003,30.23,7 days 00:00:00
330,CO90,302.0,40.0523560209424,255.0,20.53989830079761,0.11782303761160826,1.8225778726138877,1.9404009573556222,40.05,-105.583,2006-01-17,2006-01-24,2006-01-17,2006-01-24,DOC_mgL,50.1073,45.97,7 days 00:00:00
331,CO90,303.0,40.0523560209424,255.0,3.10215296568106,0.025936897744250283,0.2563767567376395,0.2823136492864181,40.05,-105.583,2006-01-24,2006-01-31,2006-01-24,2006-01-31,DOC_mgL,7.1328,29.72,7 days 00:00:00
332,CO90,304.0,40.0523560209424,255.0,6.608607690833379,0.09641896964242476,0.8485651182668418,0.944984081469177,40.05,-105.583,2006-01-31,2006-02-07,2006-01-31,2006-02-07,DOC_mgL,,40.89,7 days 00:00:00
333,CO90,305.0,40.0523560209424,255.0,0.8286681210561349,0.06837264527741925,1.1535361192294145,1.221908783534635,40.05,-105.583,2006-02-07,2006-02-14,2006-02-07,2006-02-14,DOC_mgL,13.227200000000002,47.24,7 days 00:00:00
334,CO90,306.0,40.0523560209424,255.0,5.194931976593153,0.37545528133995576,5.276612402527555,5.652067828333173,40.05,-105.583,2006-02-14,2006-02-21,2006-02-14,2006-02-21,DOC_mgL,4.636,6.1,7 days 00:00:00
335,CO90,307.0,40.0523560209424,255.0,1.0680121337275599,0.00032267221126573134,0.0032584603364298878,0.0035811324036688114,40.05,-105.583,2006-02-21,2006-03-07,2006-02-21,2006-03-07,DOC_mgL,134.874,19.05,14 days 00:00:00
336,CO90,308.0,40.0523560209424,255.0,29.475092370134792,0.47267089788092903,5.419652162209215,5.8923228889867785,40.05,-105.583,2006-03-07,2006-03-14,2006-03-07,2006-03-14,DOC_mgL,6.4437,4.57,7 days 00:00:00
337,CO90,309.0,40.0523560209424,255.0,43.18397352989223,0.6778995255335878,7.827511676656217,8.505411342628937,40.05,-105.583,2006-03-14,2006-03-21,2006-03-14,2006-03-21,DOC_mgL,15.544,38.86,7 days 00:00:00
338,CO90,310.0,40.0523560209424,255.0,6.046658327640841,0.10929354378792948,1.4566048117228474,1.565898403519258,40.05,-105.583,2006-03-21,2006-03-28,2006-03-21,2006-03-28,DOC_mgL,14.565299999999999,30.99,7 days 00:00:00
339,CO90,311.0,40.0523560209424,255.0,32.73572114432575,0.40945298342687414,4.753617760992379,5.163070747639339,40.05,-105.583,2006-03-28,2006-04-11,2006-03-28,2006-04-11,DOC_mgL,11.931300000000002,14.73,14 days 00:00:00
340,CO90,312.0,40.0523560209424,255.0,17.23165676132396,0.6618435450889905,12.484591453010474,13.146434999087656,40.05,-105.583,2006-04-11,2006-04-25,2006-04-11,2006-04-25,DOC_mgL,11.3064,13.46,14 days 00:00:00
341,CO90,313.0,40.0523560209424,255.0,14.356309801755174,0.6450390432725939,12.055400315513776,12.700439412649533,40.05,-105.583,2006-04-25,2006-05-02,2006-04-25,2006-05-02,DOC_mgL,,,7 days 00:00:00
342,CO90,314.0,40.0523560209424,255.0,24.586735719201933,0.9205987353292853,16.525969742664515,17.44656827132318,40.05,-105.583,2006-05-02,2006-05-09,2006-05-02,2006-05-09,DOC_mgL,37.101,22.35,7 days 00:00:00
343,CO90,315.0,40.0523560209424,255.0,1.1458281661637564,0.024524195818227217,0.18864308555433446,0.21316728120941716,40.05,-105.583,2006-05-09,2006-05-16,2006-05-09,2006-05-16,DOC_mgL,46.228,33.02,7 days 00:00:00
344,CO90,316.0,40.0523560209424,255.0,8.078338175046204,0.44705674377264887,15.606545805679772,16.05360232873054,40.05,-105.583,2006-05-16,2006-05-23,2006-05-16,2006-05-23,DOC_mgL,13.100999999999999,3.3,7 days 00:00:00
345,CO90,317.0,40.0523560209424,255.0,61.856017594204154,1.684483414433801,44.00914593638344,45.69362913154988,40.05,-105.583,2006-05-23,2006-06-13,2006-05-23,2006-06-13,DOC_mgL,24.8369,7.37,21 days 00:00:00
346,CO90,318.0,40.0523560209424,255.0,10.830039146905722,0.4616978409939694,16.140305311024285,16.60200328462702,40.05,-105.583,2006-06-13,2006-06-20,2006-06-13,2006-06-20,DOC_mgL,24.5588,6.86,7 days 00:00:00
347,CO90,319.0,40.0523560209424,255.0,65.70300632343096,1.6586940943799298,41.54642336412495,43.20511790521786,40.05,-105.583,2006-06-20,2006-06-27,2006-06-20,2006-06-27,DOC_mgL,20.381,2.29,7 days 00:00:00
348,CO90,320.0,40.0523560209424,255.0,39.904861715411855,1.8213246012928341,29.937254612810715,31.758580153196103,40.05,-105.583,2006-06-27,2006-07-04,2006-06-27,2006-07-04,DOC_mgL,25.637700000000002,4.57,7 days 00:00:00
349,CO90,321.0,40.0523560209424,255.0,176.11056099831046,4.76766745458046,71.04030353977109,75.80797090067648,40.05,-105.583,2006-07-04,2006-07-11,2006-07-04,2006-07-11,DOC_mgL,96.552,22.35,7 days 00:00:00
350,CO90,322.0,40.0523560209424,255.0,2.3886774707438265,0.2721133292022173,5.300166366678514,5.572279598399685,40.05,-105.583,2006-07-11,2006-07-18,2006-07-11,2006-07-18,DOC_mgL,76.19999999999999,101.6,7 days 00:00:00
351,CO90,323.0,40.0523560209424,255.0,2.4123303094170447,1.0429752621125312,27.127434920268257,28.170410285716095,40.05,-105.583,2006-07-18,2006-07-25,2006-07-18,2006-07-25,DOC_mgL,,3.3,7 days 00:00:00
352,CO90,324.0,40.0523560209424,255.0,1.2434147950549783,2.0534400335876,38.41264240634669,40.46608218510883,40.05,-105.583,2006-07-25,2006-08-01,2006-07-25,2006-08-01,DOC_mgL,10.1638,1.78,7 days 00:00:00
353,CO90,325.0,40.0523560209424,255.0,54.24350887182072,4.417100794504303,57.59891154033525,62.016013524512914,40.05,-105.583,2006-08-01,2006-08-08,2006-08-01,2006-08-08,DOC_mgL,27.614600000000003,5.59,7 days 00:00:00
354,CO90,326.0,40.0523560209424,255.0,23.299275764721017,0.9527348753674003,27.810294117580625,28.763029133460627,40.05,-105.583,2006-08-08,2006-08-15,2006-08-08,2006-08-15,DOC_mgL,26.758200000000002,4.83,7 days 00:00:00
355,CO90,327.0,40.0523560209424,255.0,103.42765299709012,2.4710757018722718,33.420107681259026,35.89118439950578,40.05,-105.583,2006-08-15,2006-08-22,2006-08-15,2006-08-22,DOC_mgL,34.2224,5.84,7 days 00:00:00
356,CO90,328.0,40.0523560209424,255.0,52.58528580895927,2.2974948787196636,27.92242669580336,30.219921602625543,40.05,-105.583,2006-08-22,2006-08-29,2006-08-22,2006-08-29,DOC_mgL,36.0824,12.19,7 days 00:00:00
357,CO90,329.0,40.0523560209424,255.0,10.539506062093166,0.43695770497991643,8.599131762904166,9.036089308050999,40.05,-105.583,2006-08-29,2006-09-05,2006-08-29,2006-09-05,DOC_mgL,28.8903,12.19,7 days 00:00:00
358,CO90,330.0,40.0523560209424,255.0,78.34735177862294,2.588318884417552,33.94368435546274,36.53200350041408,40.05,-105.583,2006-09-05,2006-09-12,2006-09-05,2006-09-12,DOC_mgL,1.8923,1.27,7 days 00:00:00
359,CO90,331.0,40.0523560209424,255.0,4.011263541096353,0.28859166319434537,5.360348255076993,5.6489398197295575,40.05,-105.583,2006-09-12,2006-09-19,2006-09-12,2006-09-19,DOC_mgL,181.1986,35.81,7 days 00:00:00
360,CO90,332.0,40.0523560209424,255.0,33.598409622348825,1.3949848255612423,29.216261853726333,30.61124725765794,40.05,-105.583,2006-09-19,2006-09-26,2006-09-19,2006-09-26,DOC_mgL,33.417,7.11,7 days 00:00:00
361,CO90,333.0,40.0523560209424,255.0,47.631097667822765,0.32690293719725866,5.786379839059291,6.113282960679372,40.05,-105.583,2006-09-26,2006-10-10,2006-09-26,2006-10-10,DOC_mgL,64.7235,37.85,14 days 00:00:00
362,CO90,334.0,40.0523560209424,255.0,17.240710199316965,0.05937882870335888,0.8145538174140435,0.8739326337310702,40.05,-105.583,2006-10-10,2006-10-17,2006-10-10,2006-10-17,DOC_mgL,7.892100000000001,7.11,7 days 00:00:00
363,CO90,335.0,40.0523560209424,255.0,42.865271863234966,0.46530078901202765,7.574762382958622,8.040063319801616,40.05,-105.583,2006-10-17,2006-10-24,2006-10-17,2006-10-24,DOC_mgL,,,7 days 00:00:00
364,CO90,336.0,40.0523560209424,255.0,47.815434615030426,0.7508599101401656,18.64334336195524,19.39420335676974,40.05,-105.583,2006-10-24,2006-10-31,2006-10-24,2006-10-31,DOC_mgL,44.0055,41.91,7 days 00:00:00
365,CO90,337.0,40.0523560209424,255.0,11.286727499965066,0.12170061751169522,1.7600495807621872,1.8817501667692706,40.05,-105.583,2006-10-31,2006-11-14,2006-10-31,2006-11-14,DOC_mgL,36.6321,53.09,14 days 00:00:00
366,CO90,338.0,40.0523560209424,255.0,9.913558943354941,0.05622093382715038,0.7000892464707953,0.7563101939116673,40.05,-105.583,2006-11-14,2006-11-28,2006-11-14,2006-11-28,DOC_mgL,22.451,34.54,14 days 00:00:00
367,CO90,339.0,40.0523560209424,255.0,19.855811674038097,0.21657885864574153,3.3480933085357787,3.56467220699321,40.05,-105.583,2006-11-28,2006-12-05,2006-11-28,2006-12-05,DOC_mgL,2.0574000000000003,3.81,7 days 00:00:00
368,CO90,340.0,40.0523560209424,255.0,9.23132850066539,0.07616726014797982,0.7980369898711173,0.87420427459973,40.05,-105.583,2006-12-05,2006-12-19,2006-12-05,2006-12-19,DOC_mgL,53.583,50.55,14 days 00:00:00
369,CO90,341.0,40.0523560209424,255.0,93.81466439040697,0.8065043337697355,12.277038013774423,13.083542266739334,40.05,-105.583,2006-12-19,2007-01-02,2006-12-19,2007-01-02,DOC_mgL,44.8774,9.14,14 days 00:00:00
370,CO90,342.0,40.0523560209424,255.0,37.7203450042783,0.2990316902568909,4.42897425133486,4.728005914660164,40.05,-105.583,2007-01-02,2007-01-09,2007-01-02,2007-01-09,DOC_mgL,8.4132,46.74,7 days 00:00:00
371,CO90,343.0,40.0523560209424,255.0,9.915075267799104,0.6082316026087872,10.256494395029007,10.864725772671036,40.05,-105.583,2007-01-09,2007-01-16,2007-01-09,2007-01-16,DOC_mgL,30.48,40.64,7 days 00:00:00
372,CO90,344.0,40.0523560209424,255.0,13.128108313134149,0.19365504356355645,3.5355973961037623,3.7292523506760045,40.05,-105.583,2007-01-16,2007-01-23,2007-01-16,2007-01-23,DOC_mgL,,3.56,7 days 00:00:00
373,CO90,345.0,40.0523560209424,255.0,0.2889578738785043,0.03418108156300524,0.7578227471870037,0.7920037909140681,40.05,-105.583,2007-01-23,2007-01-30,2007-01-23,2007-01-30,DOC_mgL,3.1536,11.68,7 days 00:00:00
374,CO90,346.0,40.0523560209424,255.0,9.40277378278509,0.1692351069967803,3.0876098340517166,3.2568450151103336,40.05,-105.583,2007-01-30,2007-02-06,2007-01-30,2007-02-06,DOC_mgL,,0.51,7 days 00:00:00
375,CO90,347.0,40.0523560209424,255.0,7.258151029798654,0.0036280633745562237,0.040700893745199467,0.04432895682180391,40.05,-105.583,2007-02-06,2007-02-13,2007-02-06,2007-02-13,DOC_mgL,13.871799999999999,32.26,7 days 00:00:00
376,CO90,348.0,40.0523560209424,255.0,16.772853591209,0.3456165634506386,4.3708665914976335,4.716483010849698,40.05,-105.583,2007-02-13,2007-02-20,2007-02-13,2007-02-20,DOC_mgL,4.3434,7.62,7 days 00:00:00
377,CO90,349.0,40.0523560209424,255.0,19.714116715289677,0.15057559413105978,1.552728496383289,1.7033041152144013,40.05,-105.583,2007-02-20,2007-02-27,2007-02-20,2007-02-27,DOC_mgL,2.2192,5.84,7 days 00:00:00
378,CO90,350.0,40.0523560209424,255.0,19.637923148638386,0.09647864316902095,1.2329811441894343,1.3294597978967575,40.05,-105.583,2007-02-27,2007-03-06,2007-02-27,2007-03-06,DOC_mgL,9.776000000000002,18.8,7 days 00:00:00
379,CO90,351.0,40.0523560209424,255.0,6.693530135875107,0.17497836613482698,1.6788889717908941,1.8538672823427416,40.05,-105.583,2007-03-06,2007-03-13,2007-03-06,2007-03-13,DOC_mgL,11.5206,54.86,7 days 00:00:00
380,CO90,352.0,40.0523560209424,255.0,1.379557984380253,0.1703869012539589,2.4744982943924514,2.6448851764723003,40.05,-105.583,2007-03-13,2007-03-20,2007-03-13,2007-03-20,DOC_mgL,4.8609,14.73,7 days 00:00:00
381,CO90,353.0,40.0523560209424,255.0,47.028276473345954,1.0682983585643193,12.437618638130864,13.505917334510897,40.05,-105.583,2007-03-20,2007-03-27,2007-03-20,2007-03-27,DOC_mgL,0.4318,1.27,7 days 00:00:00
382,CO90,354.0,40.0523560209424,255.0,8.344604545051926,0.3201744789175419,5.119246945627185,5.43942152524543,40.05,-105.583,2007-03-27,2007-04-03,2007-03-27,2007-04-03,DOC_mgL,18.046699999999998,36.83,7 days 00:00:00
383,CO90,355.0,40.0523560209424,255.0,10.941007777799314,0.19292959632221524,2.9247749956315405,3.1177046885561692,40.05,-105.583,2007-04-03,2007-04-10,2007-04-03,2007-04-10,DOC_mgL,12.8265,25.15,7 days 00:00:00
384,CO90,356.0,40.0523560209424,255.0,22.929809468200922,0.6930734326362812,10.33529641927353,11.028369760576734,40.05,-105.583,2007-04-10,2007-04-17,2007-04-10,2007-04-17,DOC_mgL,16.901500000000002,30.73,7 days 00:00:00
385,CO90,357.0,40.0523560209424,255.0,18.388296668966536,0.8429592274206144,14.746539289678395,15.589498816859226,40.05,-105.583,2007-04-17,2007-04-24,2007-04-17,2007-04-24,DOC_mgL,11.9375,47.75,7 days 00:00:00
386,CO90,358.0,40.0523560209424,255.0,96.18619285386782,0.68503437312462,9.145948571015651,9.83098273454232,40.05,-105.583,2007-04-24,2007-05-01,2007-04-24,2007-05-01,DOC_mgL,11.734800000000002,35.56,7 days 00:00:00
387,CO90,359.0,40.0523560209424,255.0,21.003967675525814,0.8540801312278273,11.505583741994174,12.359663773692242,40.05,-105.583,2007-05-01,2007-05-08,2007-05-01,2007-05-08,DOC_mgL,11.1983,9.91,7 days 00:00:00
388,CO90,360.0,40.0523560209424,255.0,13.014861893401175,0.4763947183516592,12.986716499061025,13.463111046309317,40.05,-105.583,2007-05-08,2007-05-15,2007-05-08,2007-05-15,DOC_mgL,31.818799999999996,54.86,7 days 00:00:00
389,CO90,361.0,40.0523560209424,255.0,19.501567886948123,0.8896534173415127,16.72886255771333,17.618516333361978,40.05,-105.583,2007-05-15,2007-05-22,2007-05-15,2007-05-22,DOC_mgL,,5.08,7 days 00:00:00
390,CO90,362.0,40.0523560209424,255.0,36.16927278822235,0.45996535193940785,9.391463250824073,9.85142861037458,40.05,-105.583,2007-05-22,2007-05-29,2007-05-22,2007-05-29,DOC_mgL,8.932,4.06,7 days 00:00:00
391,CO90,363.0,40.0523560209424,255.0,35.58116744279971,0.8091456918553341,13.281892295366472,14.091038027033708,40.05,-105.583,2007-05-29,2007-06-05,2007-05-29,2007-06-05,DOC_mgL,9.9102,11.94,7 days 00:00:00
392,CO90,364.0,40.0523560209424,255.0,7.674944002533657,0.21805646238854703,7.90947259055562,8.127529082949462,40.05,-105.583,2007-06-05,2007-06-12,2007-06-05,2007-06-12,DOC_mgL,14.796600000000002,8.13,7 days 00:00:00
393,CO90,365.0,40.0523560209424,255.0,22.408058154811652,0.5168353494820574,14.992681566093543,15.509516883678966,40.05,-105.583,2007-06-12,2007-06-19,2007-06-12,2007-06-19,DOC_mgL,16.1616,10.92,7 days 00:00:00
394,CO90,366.0,40.0523560209424,255.0,7.7420235855983295,0.535419420841039,16.246204129498388,16.781623990875246,40.05,-105.583,2007-06-19,2007-06-26,2007-06-19,2007-06-26,DOC_mgL,,1.52,7 days 00:00:00
395,CO90,367.0,40.0523560209424,255.0,18.316267255937426,0.3963999469107987,7.016920093350682,7.413320033238208,40.05,-105.583,2007-06-26,2007-07-03,2007-06-26,2007-07-03,DOC_mgL,,0.0,7 days 00:00:00
396,CO90,368.0,40.0523560209424,255.0,30.810856758129745,2.6222157416045295,32.12918558293931,34.751400631357484,40.05,-105.583,2007-07-03,2007-07-10,2007-07-03,2007-07-10,DOC_mgL,,1.78,7 days 00:00:00
397,CO90,369.0,40.0523560209424,255.0,50.909536904120145,6.222114896752007,68.36708852167584,74.58920330133401,40.05,-105.583,2007-07-10,2007-07-17,2007-07-10,2007-07-17,DOC_mgL,40.805099999999996,21.59,7 days 00:00:00
398,CO90,370.0,40.0523560209424,255.0,39.45319388663632,1.262593020686189,23.542779963806744,24.80537320118971,40.05,-105.583,2007-07-17,2007-07-24,2007-07-17,2007-07-24,DOC_mgL,48.25,9.65,7 days 00:00:00
399,CO90,371.0,40.0523560209424,255.0,75.39368873158148,2.4222209172424067,28.843375589188295,31.265596206670512,40.05,-105.583,2007-07-24,2007-07-31,2007-07-24,2007-07-31,DOC_mgL,33.0891,8.13,7 days 00:00:00
400,CO90,372.0,40.0523560209424,255.0,40.520167934937625,1.0044251664773074,18.607415995519627,19.611840951228032,40.05,-105.583,2007-07-31,2007-08-07,2007-07-31,2007-08-07,DOC_mgL,60.883,56.9,7 days 00:00:00
401,CO90,373.0,40.0523560209424,255.0,13.57519231659915,1.0878074444638144,29.765951840843297,30.853759306823104,40.05,-105.583,2007-08-07,2007-08-14,2007-08-07,2007-08-14,DOC_mgL,18.1797,7.87,7 days 00:00:00
402,CO90,374.0,40.0523560209424,255.0,11.101890135076232,0.5815384888484959,29.690033294393903,30.27157150573001,40.05,-105.583,2007-08-14,2007-08-21,2007-08-14,2007-08-21,DOC_mgL,21.602700000000002,8.89,7 days 00:00:00
403,CO90,375.0,40.0523560209424,255.0,32.96497042282768,1.964336886900453,42.833629443350674,44.79796683609649,40.05,-105.583,2007-08-21,2007-08-28,2007-08-21,2007-08-28,DOC_mgL,32.385,19.05,7 days 00:00:00
404,CO90,376.0,40.0523560209424,255.0,34.493200294027915,1.7400053405926263,30.944923011533287,32.684928701065544,40.05,-105.583,2007-08-28,2007-09-04,2007-08-28,2007-09-04,DOC_mgL,28.1666,18.29,7 days 00:00:00
405,CO90,377.0,40.0523560209424,255.0,4.37146151380588,0.6808427267281092,22.03883410767382,22.719676640026165,40.05,-105.583,2007-09-04,2007-09-10,2007-09-04,2007-09-10,DOC_mgL,38.295,17.02,6 days 00:00:00
406,CO90,378.0,40.0523560209424,255.0,8.781091106817309,0.6336886671926804,19.786002171800654,20.419691040394728,40.05,-105.583,2007-09-10,2007-09-18,2007-09-10,2007-09-18,DOC_mgL,,,8 days 00:00:00
407,CO90,379.0,40.0523560209424,255.0,17.660065137697302,0.4048457727748051,4.947212803481371,5.3520585541547145,40.05,-105.583,2007-09-18,2007-09-25,2007-09-18,2007-09-25,DOC_mgL,9.652,10.16,7 days 00:00:00
408,CO90,380.0,40.0523560209424,255.0,2.731178531598341,0.058620084274988576,1.4269164990213246,1.4855365999821846,40.05,-105.583,2007-09-25,2007-10-02,2007-09-25,2007-10-02,DOC_mgL,7.3260000000000005,6.6,7 days 00:00:00
409,CO90,381.0,40.0523560209424,255.0,3.6588025179584753,0.06745602316473015,0.6617359467027752,0.7291919607195496,40.05,-105.583,2007-10-02,2007-10-09,2007-10-02,2007-10-09,DOC_mgL,2.8956,5.08,7 days 00:00:00
410,CO90,382.0,40.0523560209424,255.0,38.96906895802925,0.8191223698542116,8.865798010875878,9.684920286598054,40.05,-105.583,2007-10-09,2007-10-16,2007-10-09,2007-10-16,DOC_mgL,,0.25,7 days 00:00:00
411,CO90,383.0,40.0523560209424,255.0,35.47904236345656,0.39106060680886523,7.468925276644864,7.8599857493804315,40.05,-105.583,2007-10-16,2007-10-23,2007-10-16,2007-10-23,DOC_mgL,6.6293999999999995,22.86,7 days 00:00:00
412,CO90,384.0,40.0523560209424,255.0,0.03098715768281954,7.976679716842741e-05,0.0024322141581389206,0.002511981083404972,40.05,-105.583,2007-10-23,2007-10-30,2007-10-23,2007-10-30,DOC_mgL,3.1862999999999997,5.59,7 days 00:00:00
413,CO90,385.0,40.0523560209424,255.0,5.061886337866832,0.3909295412838711,9.071869153486409,9.462798568308958,40.05,-105.583,2007-10-30,2007-11-06,2007-10-30,2007-11-06,DOC_mgL,,0.0,7 days 00:00:00
414,CO90,386.0,40.0523560209424,255.0,4.227657678469936,0.009329082625587033,0.1756859840940873,0.18501506701248038,40.05,-105.583,2007-11-06,2007-11-13,2007-11-06,2007-11-13,DOC_mgL,,1.27,7 days 00:00:00
415,CO90,387.0,40.0523560209424,255.0,2.0505885215852455,0.023147264209954072,0.27901797204500883,0.30216523916401955,40.05,-105.583,2007-11-13,2007-11-20,2007-11-13,2007-11-20,DOC_mgL,,2.29,7 days 00:00:00
416,CO90,388.0,40.0523560209424,255.0,19.347113771731344,0.3582431353362434,5.041954626545599,5.4001978754072635,40.05,-105.583,2007-11-20,2007-11-27,2007-11-20,2007-11-27,DOC_mgL,,26.42,7 days 00:00:00
417,CO90,389.0,40.0523560209424,255.0,57.61572876894494,0.430758885074375,3.2402572521191586,3.671016118005236,40.05,-105.583,2007-11-27,2007-12-11,2007-11-27,2007-12-11,DOC_mgL,2.667,12.7,14 days 00:00:00
418,CO90,390.0,40.0523560209424,255.0,18.31992893306378,0.4214337938067363,7.890657031436882,8.312090704307654,40.05,-105.583,2007-12-11,2007-12-18,2007-12-11,2007-12-18,DOC_mgL,19.278000000000002,64.26,7 days 00:00:00
419,CO90,391.0,40.0523560209424,255.0,6.973080428274159,0.11512557121435063,1.9768579783722058,2.091983549367059,40.05,-105.583,2007-12-18,2007-12-23,2007-12-18,2007-12-23,DOC_mgL,,2.03,5 days 00:00:00
420,CO90,392.0,40.0523560209424,255.0,27.855531663290023,0.3257867063918933,5.240932394458741,5.566719217217206,40.05,-105.583,2007-12-23,2008-01-02,2007-12-23,2008-01-02,DOC_mgL,1.7366000000000001,4.57,10 days 00:00:00
421,CO90,393.0,40.0523560209424,255.0,8.253207066697549,0.013078271685170546,0.15599801532591528,0.1690762836720462,40.05,-105.583,2008-01-02,2008-01-08,2008-01-02,2008-01-08,DOC_mgL,23.31,31.5,6 days 00:00:00
422,CO90,394.0,40.0523560209424,255.0,10.62178600175212,0.03917737758340728,0.44031353227815384,0.47949090405246736,40.05,-105.583,2008-01-08,2008-01-15,2008-01-08,2008-01-15,DOC_mgL,2.7201999999999997,4.06,7 days 00:00:00
423,CO90,395.0,40.0523560209424,255.0,6.527465134809063,0.11630249395128014,2.053368800345745,2.169671308166327,40.05,-105.583,2008-01-15,2008-01-22,2008-01-15,2008-01-22,DOC_mgL,,16.51,7 days 00:00:00
424,CO90,396.0,40.0523560209424,255.0,6.861315911682597,0.01869312389808966,0.31378525461240486,0.332478371777595,40.05,-105.583,2008-01-22,2008-01-29,2008-01-22,2008-01-29,DOC_mgL,,13.72,7 days 00:00:00
425,CO90,397.0,40.0523560209424,255.0,15.948232729334766,0.11314788413458875,2.0513808414641432,2.1645287379850644,40.05,-105.583,2008-01-29,2008-02-05,2008-01-29,2008-02-05,DOC_mgL,,3.05,7 days 00:00:00
426,CO90,398.0,40.0523560209424,255.0,10.147695940343482,0.0604632238990081,0.8753069520460465,0.935770155746368,40.05,-105.583,2008-02-05,2008-02-12,2008-02-05,2008-02-12,DOC_mgL,9.044,22.61,7 days 00:00:00
427,CO90,399.0,40.0523560209424,255.0,12.858108579472116,0.16839743445970926,2.74325921344892,2.9116567164067715,40.05,-105.583,2008-02-12,2008-02-19,2008-02-12,2008-02-19,DOC_mgL,,11.18,7 days 00:00:00
428,CO90,400.0,40.0523560209424,255.0,9.125929932615081,0.08261621021766338,1.009745142368798,1.092361378493651,40.05,-105.583,2008-02-19,2008-02-26,2008-02-19,2008-02-26,DOC_mgL,,1.52,7 days 00:00:00
429,CO90,401.0,40.0523560209424,255.0,16.164695580653245,0.1881427905537628,4.0571173820006186,4.245260204755347,40.05,-105.583,2008-02-26,2008-03-04,2008-02-26,2008-03-04,DOC_mgL,,,7 days 00:00:00
430,CO90,402.0,40.0523560209424,255.0,7.038319870024575,0.12275411682457792,1.6629053739543973,1.7856594950236178,40.05,-105.583,2008-03-04,2008-03-11,2008-03-04,2008-03-11,DOC_mgL,3.2682,8.38,7 days 00:00:00
431,CO90,403.0,40.0523560209424,255.0,14.76843256308985,0.7417256098381231,10.205620533040861,10.947345943819464,40.05,-105.583,2008-03-11,2008-03-18,2008-03-11,2008-03-18,DOC_mgL,0.0,0.0,7 days 00:00:00
432,CO90,404.0,40.0523560209424,255.0,2.9346662426963386,0.12006665164572711,2.201537639021317,2.3216042903743004,40.05,-105.583,2008-03-18,2008-03-25,2008-03-18,2008-03-25,DOC_mgL,2.501,6.1,7 days 00:00:00
433,CO90,405.0,40.0523560209424,255.0,12.456634350209729,0.23896950281496376,3.1789654202415845,3.417934932424093,40.05,-105.583,2008-03-25,2008-04-01,2008-03-25,2008-04-01,DOC_mgL,3.4776,4.83,7 days 00:00:00
434,CO90,406.0,40.0523560209424,255.0,20.845049648418527,0.5888133231475204,8.397179927720693,8.985993382013309,40.05,-105.583,2008-04-01,2008-04-08,2008-04-01,2008-04-08,DOC_mgL,20.0232,37.08,7 days 00:00:00
435,CO90,407.0,40.0523560209424,255.0,44.647805219416995,0.7933763302575558,10.108945305842276,10.902321570527285,40.05,-105.583,2008-04-08,2008-04-15,2008-04-08,2008-04-15,DOC_mgL,14.1669,42.93,7 days 00:00:00
436,CO90,408.0,40.0523560209424,255.0,32.0639953345692,0.5162306429036753,8.106371903915768,8.622602830186487,40.05,-105.583,2008-04-15,2008-04-22,2008-04-15,2008-04-22,DOC_mgL,13.5255,19.05,7 days 00:00:00
437,CO90,409.0,40.0523560209424,255.0,5.602039395666,0.2927771396415285,3.862720102370404,4.155497184635953,40.05,-105.583,2008-04-22,2008-04-29,2008-04-22,2008-04-29,DOC_mgL,11.555,23.11,7 days 00:00:00
438,CO90,410.0,40.0523560209424,255.0,23.50216249973336,0.4848295942451106,7.219378566833412,7.704208174544314,40.05,-105.583,2008-04-29,2008-05-06,2008-04-29,2008-05-06,DOC_mgL,17.7762,11.18,7 days 00:00:00
439,CO90,411.0,40.0523560209424,255.0,54.88934766846153,1.505464343237329,26.928598962785387,28.434062519152288,40.05,-105.583,2008-05-06,2008-05-13,2008-05-06,2008-05-13,DOC_mgL,,21.34,7 days 00:00:00
440,CO90,412.0,40.0523560209424,255.0,33.10698279683777,0.4892518912951501,11.042179861101008,11.531431751664323,40.05,-105.583,2008-05-13,2008-05-20,2008-05-13,2008-05-20,DOC_mgL,32.4231,46.99,7 days 00:00:00
441,CO90,413.0,40.0523560209424,255.0,5.580015989870013,0.2954995531836871,7.699916574851508,7.995416120972973,40.05,-105.583,2008-05-20,2008-05-27,2008-05-20,2008-05-27,DOC_mgL,21.4032,10.92,7 days 00:00:00
442,CO90,414.0,40.0523560209424,255.0,5.0248722429428705,0.1953378742143533,4.422961510716947,4.618299448289434,40.05,-105.583,2008-05-27,2008-06-03,2008-05-27,2008-06-03,DOC_mgL,32.8608,19.56,7 days 00:00:00
443,CO90,415.0,40.0523560209424,255.0,33.40636263451709,0.5900868802621732,13.470919969739079,14.06100737055653,40.05,-105.583,2008-06-03,2008-06-10,2008-06-03,2008-06-10,DOC_mgL,,0.0,7 days 00:00:00
444,CO90,416.0,40.0523560209424,255.0,1.1564349710120427,0.07509278945959957,2.138139496241109,2.2132322594254923,40.05,-105.583,2008-06-10,2008-06-17,2008-06-10,2008-06-17,DOC_mgL,33.5038,34.54,7 days 00:00:00
445,CO90,417.0,40.0523560209424,255.0,18.904786166107357,0.7930021610072848,25.808758355450045,26.601760556854703,40.05,-105.583,2008-06-17,2008-06-24,2008-06-17,2008-06-24,DOC_mgL,,0.0,7 days 00:00:00
446,CO90,418.0,40.0523560209424,255.0,12.315641013586204,1.3121327794925912,40.41104700322831,41.723180738096815,40.05,-105.583,2008-06-24,2008-07-01,2008-06-24,2008-07-01,DOC_mgL,,0.0,7 days 00:00:00
447,CO90,419.0,40.0523560209424,255.0,22.613659419211395,1.2218288349824524,43.32750478397429,44.54933327235899,40.05,-105.583,2008-07-01,2008-07-08,2008-07-01,2008-07-08,DOC_mgL,,0.0,7 days 00:00:00
448,CO90,420.0,40.0523560209424,255.0,11.954811328295998,0.7832609547202347,26.948542007427008,27.731803692812772,40.05,-105.583,2008-07-08,2008-07-15,2008-07-08,2008-07-15,DOC_mgL,41.2929,10.67,7 days 00:00:00
449,CO90,421.0,40.0523560209424,255.0,2.4497154252248188,0.4074163826130791,16.67204758467461,17.07946387756454,40.05,-105.583,2008-07-15,2008-07-22,2008-07-15,2008-07-22,DOC_mgL,20.031,3.3,7 days 00:00:00
450,CO90,422.0,40.0523560209424,255.0,48.11262753481316,1.498007496172904,33.57304879103573,35.071056259106115,40.05,-105.583,2008-07-22,2008-07-29,2008-07-22,2008-07-29,DOC_mgL,28.644,6.6,7 days 00:00:00
451,CO90,423.0,40.0523560209424,255.0,0.16965115207656645,0.6632144662556578,25.53502120375417,26.198236018071253,40.05,-105.583,2008-07-29,2008-08-05,2008-07-29,2008-08-05,DOC_mgL,40.8126,16.26,7 days 00:00:00
452,CO90,424.0,40.0523560209424,255.0,34.94284038728645,0.9947793815252848,26.016887869073635,27.01166706559066,40.05,-105.583,2008-08-05,2008-08-12,2008-08-05,2008-08-12,DOC_mgL,22.5044,5.08,7 days 00:00:00
453,CO90,425.0,40.0523560209424,255.0,132.16616572761876,2.043397264237098,52.82453459497932,54.86793272849177,40.05,-105.583,2008-08-12,2008-08-19,2008-08-12,2008-08-19,DOC_mgL,65.8357,40.39,7 days 00:00:00
454,CO90,426.0,40.0523560209424,255.0,24.949735198533844,1.0314894579102618,18.462059231394434,19.493548675253436,40.05,-105.583,2008-08-19,2008-08-26,2008-08-19,2008-08-26,DOC_mgL,49.5396,50.04,7 days 00:00:00
455,CO90,427.0,40.0523560209424,255.0,10.463550286588518,0.3473409310172926,8.648486589379889,8.995827632807263,40.05,-105.583,2008-08-26,2008-09-02,2008-08-26,2008-09-02,DOC_mgL,35.0065,13.21,7 days 00:00:00
456,CO90,428.0,40.0523560209424,255.0,4.674986136810689,0.11286131412675283,2.519465498046231,2.6323267503236547,40.05,-105.583,2008-09-02,2008-09-09,2008-09-02,2008-09-09,DOC_mgL,10.857,3.3,7 days 00:00:00
457,CO90,429.0,40.0523560209424,255.0,52.81941692561552,0.876113764849073,22.85657119665413,23.73268471783825,40.05,-105.583,2008-09-09,2008-09-16,2008-09-09,2008-09-16,DOC_mgL,15.25,6.1,7 days 00:00:00
458,CO90,430.0,40.0523560209424,255.0,4.439827997672829,0.4345033426805811,7.931313830700226,8.365817014133192,40.05,-105.583,2008-09-16,2008-09-23,2008-09-16,2008-09-23,DOC_mgL,42.2606,32.26,7 days 00:00:00
459,CO90,431.0,40.0523560209424,255.0,5.397314645541607,0.3727954638242724,8.90485207768435,9.277647359999673,40.05,-105.583,2008-09-23,2008-09-30,2008-09-23,2008-09-30,DOC_mgL,,11.43,7 days 00:00:00
460,CO90,432.0,40.0523560209424,255.0,22.27066737423289,0.5568201805888906,7.552838454660815,8.10965868208724,40.05,-105.583,2008-09-30,2008-10-07,2008-09-30,2008-10-07,DOC_mgL,,0.0,7 days 00:00:00
461,CO90,433.0,40.0523560209424,255.0,16.222182535133058,0.13081000660086883,1.9891435467029368,2.1199535767288618,40.05,-105.583,2008-10-07,2008-10-14,2008-10-07,2008-10-14,DOC_mgL,5.411999999999999,3.3,7 days 00:00:00
462,CO90,434.0,40.0523560209424,255.0,30.86626326918862,0.4271708996935293,7.982336948448641,8.40950784933137,40.05,-105.583,2008-10-14,2008-10-21,2008-10-14,2008-10-21,DOC_mgL,3.1304000000000003,11.18,7 days 00:00:00
463,CO90,435.0,40.0523560209424,255.0,11.470632100107208,0.28630426795164626,6.384946091276139,6.671250440607982,40.05,-105.583,2008-10-21,2008-10-28,2008-10-21,2008-10-28,DOC_mgL,3.4544,2.54,7 days 00:00:00
464,CO90,436.0,40.0523560209424,255.0,1.3329933911102825,1.4590376173282972e-05,0.0002665958361393822,0.00028118621731538373,40.05,-105.583,2008-10-28,2008-11-04,2008-10-28,2008-11-04,DOC_mgL,8.8617,8.13,7 days 00:00:00
465,CO90,437.0,40.0523560209424,255.0,15.435765977400706,0.17756581263943944,2.7718597167547543,2.949425510073711,40.05,-105.583,2008-11-04,2008-11-11,2008-11-04,2008-11-11,DOC_mgL,,0.0,7 days 00:00:00
466,CO90,438.0,40.0523560209424,255.0,6.550081122134973,0.06186542251368978,1.2000142880832612,1.2618797030132944,40.05,-105.583,2008-11-11,2008-11-18,2008-11-11,2008-11-18,DOC_mgL,5.4432,8.64,7 days 00:00:00
467,CO90,439.0,40.0523560209424,255.0,1.4131357651820615,0.045325326932850074,0.8790558691119249,0.9243811879030943,40.05,-105.583,2008-11-18,2008-11-24,2008-11-18,2008-11-24,DOC_mgL,,10.92,6 days 00:00:00
468,CO90,440.0,40.0523560209424,255.0,16.34825920007964,0.14370469569721459,2.227846895151214,2.371551598312587,40.05,-105.583,2008-11-24,2008-12-02,2008-11-24,2008-12-02,DOC_mgL,,0.0,8 days 00:00:00
469,CO90,441.0,40.0523560209424,255.0,15.42068766350324,0.2551941157667129,5.013991626878552,5.269185705760697,40.05,-105.583,2008-12-02,2008-12-09,2008-12-02,2008-12-09,DOC_mgL,7.8867,34.29,7 days 00:00:00
470,CO90,442.0,40.0523560209424,255.0,20.721134442891476,0.11341575444771221,1.8269876282094573,1.9404034156996575,40.05,-105.583,2008-12-09,2008-12-16,2008-12-09,2008-12-16,DOC_mgL,12.127199999999998,19.56,7 days 00:00:00
471,CO90,443.0,40.0523560209424,255.0,6.811021767383352,0.05057099762322438,0.5251015155072621,0.5756724979082255,40.05,-105.583,2008-12-16,2008-12-22,2008-12-16,2008-12-22,DOC_mgL,8.0301,27.69,6 days 00:00:00
472,CO90,444.0,40.0523560209424,255.0,10.981328503698041,0.006188799800580472,0.08507247282818829,0.09126127197008914,40.05,-105.583,2008-12-22,2008-12-30,2008-12-22,2008-12-30,DOC_mgL,15.388399999999999,21.08,8 days 00:00:00
473,CO90,445.0,40.0523560209424,255.0,1.8803676639755906,0.0535963441891241,0.6829384450335446,0.7365347704878344,40.05,-105.583,2008-12-30,2009-01-06,2008-12-30,2009-01-06,DOC_mgL,15.4686,26.67,7 days 00:00:00
474,CO90,446.0,40.0523560209424,255.0,14.951803914575734,0.0700040076519738,0.5868746623148007,0.6568786670354264,40.05,-105.583,2009-01-06,2009-01-13,2009-01-06,2009-01-13,DOC_mgL,1.9565,5.59,7 days 00:00:00
475,CO90,447.0,40.0523560209424,255.0,0.9691045360234892,0.02785028615210389,0.3181882018508567,0.3460384845015632,40.05,-105.583,2009-01-13,2009-01-20,2009-01-13,2009-01-20,DOC_mgL,27.639300000000002,70.87,7 days 00:00:00
476,CO90,448.0,40.0523560209424,255.0,16.077884227172728,0.20361042361835296,2.941203591990025,3.1448141572964916,40.05,-105.583,2009-01-20,2009-01-27,2009-01-20,2009-01-27,DOC_mgL,,5.08,7 days 00:00:00
477,CO90,449.0,40.0523560209424,255.0,8.497059643698483,0.09430433916202674,1.5174710920843095,1.6117754057778186,40.05,-105.583,2009-01-27,2009-02-03,2009-01-27,2009-02-03,DOC_mgL,,,7 days 00:00:00
478,CO90,450.0,40.0523560209424,255.0,15.298861991581731,0.09577871052056643,1.931210981950695,2.0269897486620034,40.05,-105.583,2009-02-03,2009-02-10,2009-02-03,2009-02-10,DOC_mgL,,32.51,7 days 00:00:00
479,CO90,451.0,40.0523560209424,255.0,18.47430816166451,0.1959741115419316,2.2119702623405946,2.4079443721265474,40.05,-105.583,2009-02-10,2009-02-17,2009-02-10,2009-02-17,DOC_mgL,,4.32,7 days 00:00:00
480,CO90,452.0,40.0523560209424,255.0,6.034511616803684,0.031382957265292985,0.3944271077912475,0.42581006335359134,40.05,-105.583,2009-02-17,2009-02-24,2009-02-17,2009-02-24,DOC_mgL,7.821000000000001,14.22,7 days 00:00:00
481,CO90,453.0,40.0523560209424,255.0,3.0377754204113927,0.03605371890168282,0.39621001709658826,0.4322637190205975,40.05,-105.583,2009-02-24,2009-03-03,2009-02-24,2009-03-03,DOC_mgL,9.724,22.1,7 days 00:00:00
482,CO90,454.0,40.0523560209424,255.0,3.905136251255199,0.11035959918658315,1.0703380651933148,1.1806976550102113,40.05,-105.583,2009-03-03,2009-03-10,2009-03-03,2009-03-10,DOC_mgL,,,7 days 00:00:00
483,CO90,455.0,40.0523560209424,255.0,3.360585680105941,0.01490387578964004,0.10335267429512797,0.11825655125314159,40.05,-105.583,2009-03-10,2009-03-17,2009-03-10,2009-03-17,DOC_mgL,6.585300000000001,8.13,7 days 00:00:00
484,CO90,456.0,40.0523560209424,255.0,14.9771148938882,0.38132535098295284,4.896692963607396,5.278018366111636,40.05,-105.583,2009-03-17,2009-03-24,2009-03-17,2009-03-24,DOC_mgL,3.4875,2.79,7 days 00:00:00
485,CO90,457.0,40.0523560209424,255.0,56.37715429296364,0.47865047822627527,6.738273297405097,7.216923830080015,40.05,-105.583,2009-03-24,2009-03-31,2009-03-24,2009-03-31,DOC_mgL,,12.19,7 days 00:00:00
486,CO90,458.0,40.0523560209424,255.0,33.285296939064565,0.7539281322199487,10.555456622434942,11.309384502912295,40.05,-105.583,2009-03-31,2009-04-07,2009-03-31,2009-04-07,DOC_mgL,16.4084,48.26,7 days 00:00:00
487,CO90,459.0,40.0523560209424,255.0,11.181399506537959,0.6002232111725416,10.99943211513299,11.599655223848426,40.05,-105.583,2009-04-07,2009-04-14,2009-04-07,2009-04-14,DOC_mgL,23.184,41.4,7 days 00:00:00
488,CO90,460.0,40.0523560209424,255.0,96.68896224933054,0.9666782262850615,11.951205689677176,12.917883941722863,40.05,-105.583,2009-04-14,2009-04-21,2009-04-14,2009-04-21,DOC_mgL,15.084000000000001,16.76,7 days 00:00:00
489,CO90,461.0,40.0523560209424,255.0,13.68118803816154,0.45012193820880875,8.97618888202542,9.426310912299257,40.05,-105.583,2009-04-21,2009-04-28,2009-04-21,2009-04-28,DOC_mgL,65.5842,115.06,7 days 00:00:00
490,CO90,462.0,40.0523560209424,255.0,28.020410282447727,0.5343931174945324,7.8639094523201365,8.398302741656732,40.05,-105.583,2009-04-28,2009-05-05,2009-04-28,2009-05-05,DOC_mgL,11.8243,12.19,7 days 00:00:00
491,CO90,463.0,40.0523560209424,255.0,8.799463682475832,0.1332667241170641,1.905674361991225,2.038941157528685,40.05,-105.583,2009-05-05,2009-05-12,2009-05-05,2009-05-12,DOC_mgL,20.8512,28.96,7 days 00:00:00
492,CO90,464.0,40.0523560209424,255.0,4.708923867875234,0.07554513285316115,2.196064835458975,2.2716099181080365,40.05,-105.583,2009-05-12,2009-05-19,2009-05-12,2009-05-19,DOC_mgL,19.3,19.3,7 days 00:00:00
493,CO90,465.0,40.0523560209424,255.0,57.21530318965051,1.4060740587476528,30.52574443218603,31.93181813965218,40.05,-105.583,2009-05-19,2009-05-26,2009-05-19,2009-05-26,DOC_mgL,,0.0,7 days 00:00:00
494,CO90,466.0,40.0523560209424,255.0,65.18861268389742,0.9035943511004687,11.770449302728192,12.674043670807267,40.05,-105.583,2009-05-26,2009-06-02,2009-05-26,2009-06-02,DOC_mgL,38.7376,31.24,7 days 00:00:00
495,CO90,467.0,40.0523560209424,255.0,80.58790464988697,0.5784125202239199,11.659335871772036,12.237748164833917,40.05,-105.583,2009-06-02,2009-06-09,2009-06-02,2009-06-09,DOC_mgL,28.524599999999996,24.38,7 days 00:00:00
496,CO90,468.0,40.0523560209424,255.0,14.017711337288574,0.5993355585258431,11.47158870395959,12.07092433508361,40.05,-105.583,2009-06-09,2009-06-16,2009-06-09,2009-06-16,DOC_mgL,11.0331,5.33,7 days 00:00:00
497,CO90,469.0,40.0523560209424,255.0,17.04771020564766,0.35417445336390857,8.68758375472886,9.041758285447884,40.05,-105.583,2009-06-16,2009-06-23,2009-06-16,2009-06-23,DOC_mgL,17.767200000000003,13.46,7 days 00:00:00
498,CO90,470.0,40.0523560209424,255.0,35.36709595746146,1.0939793438323464,20.040185748360084,21.134164911867927,40.05,-105.583,2009-06-23,2009-06-30,2009-06-23,2009-06-30,DOC_mgL,,,7 days 00:00:00
499,CO90,471.0,40.0523560209424,255.0,39.02138419746848,0.9582700407110515,23.52018031274994,24.478450199628966,40.05,-105.583,2009-06-30,2009-07-07,2009-06-30,2009-07-07,DOC_mgL,,,7 days 00:00:00
500,CO90,472.0,40.0523560209424,255.0,4.958110307984548,0.4265821878840417,22.10924358592159,22.53582547448452,40.05,-105.583,2009-07-07,2009-07-14,2009-07-07,2009-07-14,DOC_mgL,,,7 days 00:00:00
501,CO90,473.0,40.0523560209424,255.0,5.557214762619331,0.20763381003798198,10.326248446797074,10.533881928899145,40.05,-105.583,2009-07-14,2009-07-21,2009-07-14,2009-07-21,DOC_mgL,,,7 days 00:00:00
502,CO90,474.0,40.0523560209424,255.0,55.12372856395498,1.0601174930090218,26.095490393562848,27.15560794980254,40.05,-105.583,2009-07-21,2009-07-28,2009-07-21,2009-07-28,DOC_mgL,18.3057,4.83,7 days 00:00:00
503,CO90,475.0,40.0523560209424,255.0,52.387199769188264,0.8405159325541531,23.846169502397277,24.68668547007959,40.05,-105.583,2009-07-28,2009-08-04,2009-07-28,2009-08-04,DOC_mgL,38.6208,8.64,7 days 00:00:00
504,CO90,476.0,40.0523560209424,255.0,0.3922152856743676,0.18651276711433343,10.785777435832859,10.972290424675347,40.05,-105.583,2009-08-04,2009-08-11,2009-08-04,2009-08-11,DOC_mgL,48.717200000000005,35.56,7 days 00:00:00
505,CO90,477.0,40.0523560209424,255.0,9.324968883848983,1.1456601696621314,35.907427525100346,37.053087242194806,40.05,-105.583,2009-08-11,2009-08-18,2009-08-11,2009-08-18,DOC_mgL,,7.11,7 days 00:00:00
506,CO90,478.0,40.0523560209424,255.0,31.98800968688315,1.0776071079037455,29.31140164980678,30.389009024666173,40.05,-105.583,2009-08-18,2009-08-25,2009-08-18,2009-08-25,DOC_mgL,25.211999999999996,6.6,7 days 00:00:00
507,CO90,479.0,40.0523560209424,255.0,42.3555953945054,1.1206565581761696,18.530146692063987,19.650802884907392,40.05,-105.583,2009-08-25,2009-09-01,2009-08-25,2009-09-01,DOC_mgL,32.0229,4.83,7 days 00:00:00
508,CO90,480.0,40.0523560209424,255.0,8.268013984458202,0.9122282303077479,19.56142879084438,20.473657173520483,40.05,-105.583,2009-09-01,2009-09-08,2009-09-01,2009-09-08,DOC_mgL,34.7328,8.64,7 days 00:00:00
509,CO90,481.0,40.0523560209424,255.0,28.071731427365897,1.1899915201667166,23.19271954487334,24.382711025228154,40.05,-105.583,2009-09-08,2009-09-15,2009-09-08,2009-09-15,DOC_mgL,38.091899999999995,10.67,7 days 00:00:00
510,CO90,482.0,40.0523560209424,255.0,17.330699835027552,0.36188617091121733,6.014851088839528,6.376737441246224,40.05,-105.583,2009-09-15,2009-09-22,2009-09-15,2009-09-22,DOC_mgL,19.552500000000002,7.11,7 days 00:00:00
511,CO90,483.0,40.0523560209424,255.0,31.712392922633338,0.5504508991485227,8.890986800045322,9.441437685142585,40.05,-105.583,2009-09-22,2009-09-29,2009-09-22,2009-09-29,DOC_mgL,18.048600000000004,16.26,7 days 00:00:00
512,CO90,484.0,40.0523560209424,255.0,8.187046652669006,0.10090465369580068,1.8832856986059725,1.9841903338594944,40.05,-105.583,2009-09-29,2009-10-06,2009-09-29,2009-10-06,DOC_mgL,17.313,11.94,7 days 00:00:00
513,CO90,485.0,40.0523560209424,255.0,2.762761689538044,0.22861497168003703,4.857938754390667,5.0865539046388015,40.05,-105.583,2009-10-06,2009-10-13,2009-10-06,2009-10-13,DOC_mgL,19.9361,18.29,7 days 00:00:00
514,CO90,486.0,40.0523560209424,255.0,52.12612516657725,0.40024084663035814,5.545280528617762,5.945521506985536,40.05,-105.583,2009-10-13,2009-10-22,2009-10-13,2009-10-22,DOC_mgL,13.0433,12.19,9 days 00:00:00
515,CO90,487.0,40.0523560209424,255.0,9.3071665377642,0.1347855895113148,2.6383768140238733,2.773162438516953,40.05,-105.583,2009-10-22,2009-10-27,2009-10-22,2009-10-27,DOC_mgL,17.2656,26.16,5 days 00:00:00
516,CO90,488.0,40.0523560209424,255.0,42.40416257088597,0.3988724794089218,8.446512705864706,8.84538536289034,40.05,-105.583,2009-10-27,2009-11-03,2009-10-27,2009-11-03,DOC_mgL,4.1949,7.11,7 days 00:00:00
517,CO90,489.0,40.0523560209424,255.0,0.008841260705351297,0.0015729949017213394,0.02715292099587239,0.02872591676667277,40.05,-105.583,2009-11-03,2009-11-09,2009-11-03,2009-11-09,DOC_mgL,17.0986,50.29,6 days 00:00:00
518,CO90,490.0,40.0523560209424,255.0,45.18065939773663,0.8739257993495151,16.34042530389928,17.214350899506453,40.05,-105.583,2009-11-09,2009-11-17,2009-11-09,2009-11-17,DOC_mgL,,0.51,8 days 00:00:00
519,CO90,491.0,40.0523560209424,255.0,2.6961488756582925,0.02743987733566525,0.33583911569681074,0.3632789882389471,40.05,-105.583,2009-11-17,2009-11-24,2009-11-17,2009-11-24,DOC_mgL,13.690600000000002,17.78,7 days 00:00:00
520,CO90,492.0,40.0523560209424,255.0,2.684942469469982,0.12906325953491737,2.152145040841156,2.281208245373989,40.05,-105.583,2009-11-24,2009-12-01,2009-11-24,2009-12-01,DOC_mgL,4.888000000000001,9.4,7 days 00:00:00
521,CO90,493.0,40.0523560209424,255.0,9.102415377818668,0.45913780130784576,9.222856457434093,9.681993961323599,40.05,-105.583,2009-12-01,2009-12-08,2009-12-01,2009-12-08,DOC_mgL,,1.27,7 days 00:00:00
522,CO90,494.0,40.0523560209424,255.0,17.442180477345026,0.1457949812768543,2.207154559892218,2.3529494770603003,40.05,-105.583,2009-12-08,2009-12-15,2009-12-08,2009-12-15,DOC_mgL,18.0245,38.35,7 days 00:00:00
523,CO90,495.0,40.0523560209424,255.0,1.7588538460958785,0.005631191687973127,0.05240726646165753,0.0580384563560149,40.05,-105.583,2009-12-15,2009-12-22,2009-12-15,2009-12-22,DOC_mgL,44.0612,74.68,7 days 00:00:00
524,CO90,496.0,40.0523560209424,255.0,27.832419218707997,0.37246981127482165,4.688859202654817,5.061329081973279,40.05,-105.583,2009-12-22,2009-12-29,2009-12-22,2009-12-29,DOC_mgL,,1.27,7 days 00:00:00
525,CO90,497.0,40.0523560209424,255.0,6.576722026474524,0.04135723474507995,0.4073638699435733,0.448721101238659,40.05,-105.583,2009-12-29,2010-01-05,2009-12-29,2010-01-05,DOC_mgL,6.8288,21.34,7 days 00:00:00
526,CO90,498.0,40.0523560209424,255.0,3.1830374692162806,0.02898151727475186,0.3329889723782385,0.36197048731104275,40.05,-105.583,2010-01-05,2010-01-12,2010-01-05,2010-01-12,DOC_mgL,5.647200000000001,14.48,7 days 00:00:00
527,CO90,499.0,40.0523560209424,255.0,2.559292590240586,9.870812699009459e-05,0.001432088267792051,0.001530796376616329,40.05,-105.583,2010-01-12,2010-01-19,2010-01-12,2010-01-19,DOC_mgL,9.3863,12.19,7 days 00:00:00
528,CO90,500.0,40.0523560209424,255.0,12.689109443186908,0.044060736919333994,0.4981116496322827,0.5421723918940229,40.05,-105.583,2010-01-19,2010-01-26,2010-01-19,2010-01-26,DOC_mgL,,0.0,7 days 00:00:00
529,CO90,501.0,40.0523560209424,255.0,9.619228939783397,0.17088805730057158,2.9876204155513597,3.1585084264535173,40.05,-105.583,2010-01-26,2010-02-02,2010-01-26,2010-02-02,DOC_mgL,,12.19,7 days 00:00:00
530,CO90,502.0,40.0523560209424,255.0,14.761432134435815,0.2571707007858931,4.207227823267022,4.464398532515918,40.05,-105.583,2010-02-02,2010-02-09,2010-02-02,2010-02-09,DOC_mgL,3.8279999999999994,6.6,7 days 00:00:00
531,CO90,503.0,40.0523560209424,255.0,7.355150318020566,0.05896499850888137,0.6042212449125506,0.6631862340539252,40.05,-105.583,2010-02-09,2010-02-16,2010-02-09,2010-02-16,DOC_mgL,5.334,7.62,7 days 00:00:00
532,CO90,504.0,40.0523560209424,255.0,34.40307801139131,1.5501395271183651,18.323402439297098,19.873541778479854,40.05,-105.583,2010-02-16,2010-02-23,2010-02-16,2010-02-23,DOC_mgL,12.754800000000001,23.62,7 days 00:00:00
533,CO90,505.0,40.0523560209424,255.0,11.398111341165418,0.26479086927412593,3.730105197819573,3.9948960600672114,40.05,-105.583,2010-02-23,2010-03-02,2010-02-23,2010-03-02,DOC_mgL,6.851,22.1,7 days 00:00:00
534,CO90,506.0,40.0523560209424,255.0,9.29599447137037,0.09908634888103393,1.4563683733875699,1.5554547275376844,40.05,-105.583,2010-03-02,2010-03-09,2010-03-02,2010-03-09,DOC_mgL,,3.05,7 days 00:00:00
535,CO90,507.0,40.0523560209424,255.0,15.448194110473379,0.28976606231655155,4.644564626649084,4.934330687794697,40.05,-105.583,2010-03-09,2010-03-16,2010-03-09,2010-03-16,DOC_mgL,,17.27,7 days 00:00:00
536,CO90,508.0,40.0523560209424,255.0,28.33220549540918,0.3378937782956329,6.452440629387416,6.790334340939559,40.05,-105.583,2010-03-16,2010-03-23,2010-03-16,2010-03-23,DOC_mgL,32.717499999999994,28.45,7 days 00:00:00
537,CO90,509.0,40.0523560209424,255.0,47.21181312434663,0.9354075652458573,18.128251728901745,19.063659134021712,40.05,-105.583,2010-03-23,2010-03-30,2010-03-23,2010-03-30,DOC_mgL,20.9083,42.67,7 days 00:00:00
538,CO90,510.0,40.0523560209424,255.0,25.773011353091846,0.3669314996003946,4.664225511363167,5.031156982861041,40.05,-105.583,2010-03-30,2010-04-09,2010-03-30,2010-04-09,DOC_mgL,24.904700000000002,46.99,10 days 00:00:00
539,CO90,511.0,40.0523560209424,255.0,0.05071648729505112,0.02943796888993746,0.50391447874794,0.5333524628783719,40.05,-105.583,2010-04-09,2010-04-13,2010-04-09,2010-04-13,DOC_mgL,19.278000000000002,64.26,4 days 00:00:00
540,CO90,512.0,40.0523560209424,255.0,11.883827222930465,0.38301198620164933,6.098387163907659,6.481399252017535,40.05,-105.583,2010-04-13,2010-04-20,2010-04-13,2010-04-20,DOC_mgL,,0.76,7 days 00:00:00
541,CO90,513.0,40.0523560209424,255.0,58.77491697816595,1.1367654825268636,13.855718809796524,14.992484229092717,40.05,-105.583,2010-04-20,2010-04-27,2010-04-20,2010-04-27,DOC_mgL,,4.06,7 days 00:00:00
542,CO90,514.0,40.0523560209424,255.0,16.21485473850548,0.33484841887717676,4.548751497240849,4.883600059265095,40.05,-105.583,2010-04-27,2010-05-04,2010-04-27,2010-05-04,DOC_mgL,33.997600000000006,60.71,7 days 00:00:00
543,CO90,515.0,40.0523560209424,255.0,3.0880411439948574,0.35517522955922154,6.223322423701532,6.578497623401826,40.05,-105.583,2010-05-04,2010-05-11,2010-05-04,2010-05-11,DOC_mgL,36.3693,35.31,7 days 00:00:00
544,CO90,516.0,40.0523560209424,255.0,48.8021017819436,0.8191826712101633,11.494535490813064,12.313717890363815,40.05,-105.583,2010-05-11,2010-05-18,2010-05-11,2010-05-18,DOC_mgL,33.39,15.75,7 days 00:00:00
545,CO90,517.0,40.0523560209424,255.0,17.80208534621178,0.23886098939838182,4.344552686358361,4.583413568798843,40.05,-105.583,2010-05-18,2010-05-25,2010-05-18,2010-05-25,DOC_mgL,48.15219999999999,67.82,7 days 00:00:00
546,CO90,518.0,40.0523560209424,255.0,1.3919632246142253,0.09069577479746797,2.309697489293215,2.400393252381192,40.05,-105.583,2010-05-25,2010-06-01,2010-05-25,2010-06-01,DOC_mgL,25.690800000000003,8.13,7 days 00:00:00
547,CO90,519.0,40.0523560209424,255.0,11.525676838530785,0.3096527469983665,5.745534947809716,6.055187626308189,40.05,-105.583,2010-06-01,2010-06-08,2010-06-01,2010-06-08,DOC_mgL,,1.78,7 days 00:00:00
548,CO90,520.0,40.0523560209424,255.0,56.33202704147799,0.9025494885641326,27.576231841769385,28.478781175476918,40.05,-105.583,2010-06-08,2010-06-15,2010-06-08,2010-06-15,DOC_mgL,,1.78,7 days 00:00:00
549,CO90,521.0,40.0523560209424,255.0,0.12276933864866574,0.03695661564249195,1.15482573347786,1.191782339807733,40.05,-105.583,2010-06-15,2010-06-22,2010-06-15,2010-06-22,DOC_mgL,90.52560000000001,55.88,7 days 00:00:00
550,CO90,522.0,40.0523560209424,255.0,22.267005487935542,0.4633175461452206,25.484168241288184,25.94748629708432,40.05,-105.583,2010-06-22,2010-06-29,2010-06-22,2010-06-29,DOC_mgL,,0.0,7 days 00:00:00
551,CO90,523.0,40.0523560209424,255.0,43.761127216809804,0.6902560317582911,15.33311944727971,16.023375477867045,40.05,-105.583,2010-06-29,2010-07-06,2010-06-29,2010-07-06,DOC_mgL,,0.0,7 days 00:00:00
552,CO90,524.0,40.0523560209424,255.0,40.12700568702954,0.7613136382054152,21.99036276823163,22.751675893273315,40.05,-105.583,2010-07-06,2010-07-13,2010-07-06,2010-07-13,DOC_mgL,40.0263,13.21,7 days 00:00:00
553,CO90,525.0,40.0523560209424,255.0,18.770690064935234,0.7162497457440485,34.70062847066302,35.416878604865865,40.05,-105.583,2010-07-13,2010-07-20,2010-07-13,2010-07-20,DOC_mgL,,,7 days 00:00:00
554,CO90,526.0,40.0523560209424,255.0,12.126191351365806,0.3973384291980961,17.540346985374637,17.937685306399942,40.05,-105.583,2010-07-20,2010-07-27,2010-07-20,2010-07-27,DOC_mgL,12.3318,2.79,7 days 00:00:00
555,CO90,527.0,40.0523560209424,255.0,40.65256000269635,1.0560039140003474,25.55390364311627,26.609907927133136,40.05,-105.583,2010-07-27,2010-08-03,2010-07-27,2010-08-03,DOC_mgL,23.078500000000002,4.57,7 days 00:00:00
556,CO90,528.0,40.0523560209424,255.0,56.38162937726676,1.9802074667507608,33.43458355176132,35.41479070001685,40.05,-105.583,2010-08-03,2010-08-10,2010-08-03,2010-08-10,DOC_mgL,78.0825,53.85,7 days 00:00:00
557,CO90,529.0,40.0523560209424,255.0,6.755206380474224,0.307182471061436,13.26255617828398,13.569738663982145,40.05,-105.583,2010-08-10,2010-08-17,2010-08-10,2010-08-17,DOC_mgL,26.829,16.26,7 days 00:00:00
558,CO90,530.0,40.0523560209424,255.0,8.699169327161528,0.5196984470514558,19.527592218238077,20.047290906228394,40.05,-105.583,2010-08-17,2010-08-24,2010-08-17,2010-08-24,DOC_mgL,,1.52,7 days 00:00:00
559,CO90,531.0,40.0523560209424,255.0,6.271421698238312,0.4271038689808903,17.904980052660825,18.33208409494065,40.05,-105.583,2010-08-24,2010-08-31,2010-08-24,2010-08-31,DOC_mgL,11.973400000000002,9.14,7 days 00:00:00
560,CO90,532.0,40.0523560209424,255.0,0.029779646245058723,0.06967464388643943,3.1575559698154843,3.227230539054604,40.05,-105.583,2010-08-31,2010-09-07,2010-08-31,2010-09-07,DOC_mgL,2.1113999999999997,0.51,7 days 00:00:00
561,CO90,533.0,40.0523560209424,255.0,3.791758093329863,0.1637340265253098,5.943146349735171,6.106880130838907,40.05,-105.583,2010-09-07,2010-09-14,2010-09-07,2010-09-14,DOC_mgL,,0.0,7 days 00:00:00
562,CO90,534.0,40.0523560209424,255.0,0.02922262015824783,0.06216225791846172,3.278949202597684,3.3411113584981087,40.05,-105.583,2010-09-14,2010-09-21,2010-09-14,2010-09-21,DOC_mgL,12.4392,5.84,7 days 00:00:00
563,CO90,535.0,40.0523560209424,255.0,8.664781139992309,0.10064439935155599,6.095446208519308,6.196090565717084,40.05,-105.583,2010-09-21,2010-09-28,2010-09-21,2010-09-28,DOC_mgL,,0.51,7 days 00:00:00
564,CO90,536.0,40.0523560209424,255.0,2.761181944641909,0.44388072739926776,11.007941300932814,11.451821992028991,40.05,-105.583,2010-09-28,2010-10-05,2010-09-28,2010-10-05,DOC_mgL,14.0264,3.56,7 days 00:00:00
565,CO90,537.0,40.0523560209424,255.0,21.817903973087027,0.9455632433291727,17.37655093564383,18.322114263280564,40.05,-105.583,2010-10-05,2010-10-12,2010-10-05,2010-10-12,DOC_mgL,,1.02,7 days 00:00:00
566,CO90,538.0,40.0523560209424,255.0,18.009736478987282,0.16510124679756283,3.850519379126199,4.015620624496681,40.05,-105.583,2010-10-12,2010-10-19,2010-10-12,2010-10-19,DOC_mgL,0.0,0.0,7 days 00:00:00
567,CO90,539.0,40.0523560209424,255.0,24.037181586095944,0.26298822811209466,2.7462007383282048,3.009188863392988,40.05,-105.583,2010-10-19,2010-10-26,2010-10-19,2010-10-26,DOC_mgL,7.8075,10.41,7 days 00:00:00
568,CO90,540.0,40.0523560209424,255.0,6.806306546828742,0.17049771026329325,3.2252379277041427,3.39573561789682,40.05,-105.583,2010-10-26,2010-11-02,2010-10-26,2010-11-02,DOC_mgL,35.3251,57.91,7 days 00:00:00
569,CO90,541.0,40.0523560209424,255.0,0.07763658725282047,0.0009261200443486264,0.02083347795076973,0.021759597921919074,40.05,-105.583,2010-11-02,2010-11-09,2010-11-02,2010-11-09,DOC_mgL,40.7232,42.42,7 days 00:00:00
570,CO90,542.0,40.0523560209424,255.0,16.671129029854903,0.30606238071283903,3.7970308335022462,4.103093199578356,40.05,-105.583,2010-11-09,2010-11-16,2010-11-09,2010-11-16,DOC_mgL,,5.33,7 days 00:00:00
571,CO90,543.0,40.0523560209424,255.0,10.242753632860868,0.04852444685906512,0.3784408476453105,0.4269652936266749,40.05,-105.583,2010-11-16,2010-11-23,2010-11-16,2010-11-23,DOC_mgL,30.450999999999997,41.15,7 days 00:00:00
572,CO90,544.0,40.0523560209424,255.0,5.185277829404708,0.06960760636444503,1.0386663610045719,1.108273934582743,40.05,-105.583,2010-11-23,2010-11-30,2010-11-23,2010-11-30,DOC_mgL,15.229500000000002,27.69,7 days 00:00:00
573,CO90,545.0,40.0523560209424,255.0,6.759488947771786,0.0041180391899497786,0.036480663651783846,0.04059870327490363,40.05,-105.583,2010-11-30,2010-12-07,2010-11-30,2010-12-07,DOC_mgL,7.2404,7.87,7 days 00:00:00
574,CO90,546.0,40.0523560209424,255.0,5.552313984580337,0.0414221555541488,0.366774640269358,0.40819680109294376,40.05,-105.583,2010-12-07,2010-12-14,2010-12-07,2010-12-14,DOC_mgL,13.170600000000002,16.26,7 days 00:00:00
575,CO90,547.0,40.0523560209424,255.0,20.75269672427993,0.14662929860662274,1.656706020822984,1.8033352955705944,40.05,-105.583,2010-12-14,2010-12-21,2010-12-14,2010-12-21,DOC_mgL,37.4715,37.85,7 days 00:00:00
576,CO90,548.0,40.0523560209424,255.0,9.271765543303335,0.047281311130930544,0.5040743294031083,0.5513556335089916,40.05,-105.583,2010-12-21,2010-12-28,2010-12-21,2010-12-28,DOC_mgL,20.7886,67.06,7 days 00:00:00
577,CO90,549.0,40.0523560209424,255.0,19.72164525767539,0.13618628073470912,2.8050355687080724,2.9412217790764235,40.05,-105.583,2010-12-28,2011-01-04,2010-12-28,2011-01-04,DOC_mgL,2.8194,3.81,7 days 00:00:00
578,CO90,550.0,40.0523560209424,255.0,13.454961831852131,0.15704226048495026,1.9242474736489807,2.0812897555035783,40.05,-105.583,2011-01-04,2011-01-11,2011-01-04,2011-01-11,DOC_mgL,,133.6,7 days 00:00:00
579,CO90,551.0,40.0523560209424,255.0,12.185618178656155,0.04249640269544631,0.3685040222196369,0.4110004307697571,40.05,-105.583,2011-01-11,2011-01-18,2011-01-11,2011-01-18,DOC_mgL,11.772400000000001,15.49,7 days 00:00:00
580,CO90,552.0,40.0523560209424,255.0,23.1375267441436,0.16884690493912477,1.9135551561268866,2.0824020429896506,40.05,-105.583,2011-01-18,2011-01-25,2011-01-18,2011-01-25,DOC_mgL,18.345599999999997,21.84,7 days 00:00:00
581,CO90,553.0,40.0523560209424,255.0,12.787124116177196,0.25917133998440123,3.691020756144815,3.9501921511816147,40.05,-105.583,2011-01-25,2011-02-01,2011-01-25,2011-02-01,DOC_mgL,0.0,0.0,7 days 00:00:00
582,CO90,554.0,40.0523560209424,255.0,22.308128224379775,0.2201757497025461,3.439487586930079,3.6596632646199168,40.05,-105.583,2011-02-01,2011-02-08,2011-02-01,2011-02-08,DOC_mgL,0.0,0.0,7 days 00:00:00
583,CO90,555.0,40.0523560209424,255.0,14.83409841488199,0.1029556526594964,1.4215660571552526,1.5245216341430292,40.05,-105.583,2011-02-08,2011-02-16,2011-02-08,2011-02-16,DOC_mgL,2.9946,4.83,8 days 00:00:00
584,CO90,556.0,40.0523560209424,255.0,7.287618195306322,0.03390008081926623,0.2908061499538447,0.3247062418980257,40.05,-105.583,2011-02-16,2011-02-22,2011-02-16,2011-02-22,DOC_mgL,,3.3,6 days 00:00:00
585,CO90,557.0,40.0523560209424,255.0,8.79469908585915,0.20000050371309958,2.609750012583917,2.809750547107403,40.05,-105.583,2011-02-22,2011-03-01,2011-02-22,2011-03-01,DOC_mgL,5.2326999999999995,7.37,7 days 00:00:00
586,CO90,558.0,40.0523560209424,255.0,10.284777385981135,0.1664856826270934,1.9552201717909474,2.1217058309981374,40.05,-105.583,2011-03-01,2011-03-08,2011-03-01,2011-03-08,DOC_mgL,10.4834,12.19,7 days 00:00:00
587,CO90,559.0,40.0523560209424,255.0,16.231845224913656,0.7684861170748006,10.013225372438805,10.78171159123885,40.05,-105.583,2011-03-08,2011-03-15,2011-03-08,2011-03-15,DOC_mgL,0.0,0.0,7 days 00:00:00
588,CO90,560.0,40.0523560209424,255.0,29.47482051129935,0.28301278535617486,3.6503468031148496,3.933359543984551,40.05,-105.583,2011-03-15,2011-03-22,2011-03-15,2011-03-22,DOC_mgL,18.491200000000003,16.51,7 days 00:00:00
589,CO90,561.0,40.0523560209424,255.0,24.076946499329566,0.3558057995342334,3.3763570559209657,3.732162847845815,40.05,-105.583,2011-03-22,2011-03-30,2011-03-22,2011-03-30,DOC_mgL,3.267,3.3,8 days 00:00:00
590,CO90,562.0,40.0523560209424,255.0,24.654677171471675,0.774420969870598,7.784997849692105,8.559418508678554,40.05,-105.583,2011-03-30,2011-04-05,2011-03-30,2011-04-05,DOC_mgL,8.250499999999999,28.45,6 days 00:00:00
591,CO90,563.0,40.0523560209424,255.0,13.917407001651227,0.2747495668826308,3.5691566879956946,3.8439063301110425,40.05,-105.583,2011-04-05,2011-04-12,2011-04-05,2011-04-12,DOC_mgL,,13.46,7 days 00:00:00
592,CO90,564.0,40.0523560209424,255.0,25.786585548459584,0.8121599430086988,11.649600034635554,12.46176019251144,40.05,-105.583,2011-04-12,2011-04-19,2011-04-12,2011-04-19,DOC_mgL,,1.52,7 days 00:00:00
593,CO90,565.0,40.0523560209424,255.0,52.516621956755216,0.8071277997519222,10.572947592435433,11.380075469469286,40.05,-105.583,2011-04-19,2011-04-26,2011-04-19,2011-04-26,DOC_mgL,21.1312,44.96,7 days 00:00:00
594,CO90,566.0,40.0523560209424,255.0,29.97898259557985,0.5232421643425016,4.84080878819515,5.364050929997088,40.05,-105.583,2011-04-26,2011-05-03,2011-04-26,2011-05-03,DOC_mgL,11.3606,26.42,7 days 00:00:00
595,CO90,567.0,40.0523560209424,255.0,8.51514897305672,0.15543237376864158,2.539392815166866,2.6948251665956278,40.05,-105.583,2011-05-03,2011-05-10,2011-05-03,2011-05-10,DOC_mgL,13.208,12.7,7 days 00:00:00
596,CO90,568.0,40.0523560209424,255.0,49.55485163256057,0.7222376639131646,17.360959486418388,18.083196806368413,40.05,-105.583,2011-05-10,2011-05-17,2011-05-10,2011-05-17,DOC_mgL,,47.75,7 days 00:00:00
597,CO90,569.0,40.0523560209424,255.0,55.80989129398972,1.2646577351744375,16.13075365780592,17.39541177353532,40.05,-105.583,2011-05-17,2011-05-24,2011-05-17,2011-05-24,DOC_mgL,67.7764,24.38,7 days 00:00:00
598,CO90,570.0,40.0523560209424,255.0,65.03493088661695,0.6787838018736172,10.920717644802997,11.599501478216478,40.05,-105.583,2011-05-24,2011-05-31,2011-05-24,2011-05-31,DOC_mgL,,51.31,7 days 00:00:00
599,CO90,571.0,40.0523560209424,255.0,0.4506632294343227,0.42310886207568915,9.632576032884241,10.05568502025005,40.05,-105.583,2011-05-31,2011-06-07,2011-05-31,2011-06-07,DOC_mgL,,0.0,7 days 00:00:00
600,CO90,572.0,40.0523560209424,255.0,5.880610848104973,0.9284688151124654,15.30149609518805,16.229964640984697,40.05,-105.583,2011-06-07,2011-06-14,2011-06-07,2011-06-14,DOC_mgL,,0.0,7 days 00:00:00
601,CO90,573.0,40.0523560209424,255.0,40.368912514074374,0.7538346386248198,23.334167797593384,24.088002234848826,40.05,-105.583,2011-06-14,2011-06-21,2011-06-14,2011-06-21,DOC_mgL,,0.0,7 days 00:00:00
602,CO90,574.0,40.0523560209424,255.0,2.55907986306943,0.06801358647943276,1.8476057713568759,1.9156193405649746,40.05,-105.583,2011-06-21,2011-06-28,2011-06-21,2011-06-28,DOC_mgL,0.0,0.0,7 days 00:00:00
603,CO90,575.0,40.0523560209424,255.0,3.8543096732984727,1.0708707756727471,40.08140314024078,41.15227281442646,40.05,-105.583,2011-06-28,2011-07-05,2011-06-28,2011-07-05,DOC_mgL,,0.0,7 days 00:00:00
604,CO90,576.0,40.0523560209424,255.0,23.305691981079235,1.5838662693890004,75.60602214295997,77.1898867824028,40.05,-105.583,2011-07-05,2011-07-12,2011-07-05,2011-07-12,DOC_mgL,0.0,0.0,7 days 00:00:00
605,CO90,577.0,40.0523560209424,255.0,20.56890084816132,0.9955014078702473,58.97981217167781,59.97531347182172,40.05,-105.583,2011-07-12,2011-07-19,2011-07-12,2011-07-19,DOC_mgL,0.0,0.0,7 days 00:00:00
606,CO90,578.0,40.0523560209424,255.0,20.660552043993974,0.7063378512943073,36.858738211575925,37.56507557517441,40.05,-105.583,2011-07-19,2011-07-26,2011-07-19,2011-07-26,DOC_mgL,0.0,0.0,7 days 00:00:00
607,CO90,579.0,40.0523560209424,255.0,36.719269141283206,1.0866198628389778,28.371295812679165,29.45791565678313,40.05,-105.583,2011-07-26,2011-08-02,2011-07-26,2011-08-02,DOC_mgL,,0.0,7 days 00:00:00
608,CO90,580.0,40.0523560209424,255.0,36.069639124702846,0.776480258996709,19.80151420957754,20.577994995496507,40.05,-105.583,2011-08-02,2011-08-09,2011-08-02,2011-08-09,DOC_mgL,0.0,0.0,7 days 00:00:00
609,CO90,581.0,40.0523560209424,255.0,0.2751012947625022,0.23287048912725306,16.72923778256452,16.96210875506976,40.05,-105.583,2011-08-09,2011-08-19,2011-08-09,2011-08-19,DOC_mgL,0.0,0.0,10 days 00:00:00
610,CO90,582.0,40.0523560209424,255.0,2.0052722519481314,0.2796318994717148,21.9932893646968,22.27292102002787,40.05,-105.583,2011-08-19,2011-08-23,2011-08-19,2011-08-23,DOC_mgL,0.0,0.0,4 days 00:00:00
611,CO90,583.0,40.0523560209424,255.0,0.041522426134921187,0.2472831817242581,12.984999313292445,13.232282682074104,40.05,-105.583,2011-08-23,2011-08-30,2011-08-23,2011-08-30,DOC_mgL,0.0,0.0,7 days 00:00:00
612,CO90,584.0,40.0523560209424,255.0,0.07290396635134533,0.21416325470847986,11.362373972950701,11.576537303770174,40.05,-105.583,2011-08-30,2011-09-06,2011-08-30,2011-09-06,DOC_mgL,,,7 days 00:00:00
613,CO90,585.0,40.0523560209424,255.0,25.017488379308617,0.738629767185002,24.277617947518497,25.016248136241376,40.05,-105.583,2011-09-06,2011-09-13,2011-09-06,2011-09-13,DOC_mgL,226.72000000000003,52.0,7 days 00:00:00
614,CO90,586.0,40.0523560209424,255.0,35.48484998698864,0.6458304389294809,14.176565830583744,14.822396164750746,40.05,-105.583,2011-09-13,2011-09-20,2011-09-13,2011-09-20,DOC_mgL,,,7 days 00:00:00
615,CO90,587.0,40.0523560209424,255.0,9.663995668907077,0.21153498993375872,3.520149929243488,3.7316849721624927,40.05,-105.583,2011-09-20,2011-09-27,2011-09-20,2011-09-27,DOC_mgL,,,7 days 00:00:00
616,CO90,588.0,40.0523560209424,255.0,0.44272774108971136,0.3375424334050569,10.010933902506498,10.348476375659423,40.05,-105.583,2011-09-27,2011-10-04,2011-09-27,2011-10-04,DOC_mgL,0.0,0.0,7 days 00:00:00
617,CO90,589.0,40.0523560209424,255.0,16.934227014453462,0.3472417917357802,5.231268705583458,5.57851048678108,40.05,-105.583,2011-10-04,2011-10-11,2011-10-04,2011-10-11,DOC_mgL,,2.5,7 days 00:00:00
618,CO90,590.0,40.0523560209424,255.0,6.864675764759604,0.06321822778719646,0.7308162687327433,0.7940345003254894,40.05,-105.583,2011-10-11,2011-10-18,2011-10-11,2011-10-18,DOC_mgL,8.0,20.0,7 days 00:00:00
619,CO90,591.0,40.0523560209424,255.0,0.28931102798928193,0.0021535569823035072,0.01800090249318707,0.02015445962175011,40.05,-105.583,2011-10-18,2011-10-25,2011-10-18,2011-10-25,DOC_mgL,2.85,7.5,7 days 00:00:00
620,CO90,592.0,40.0523560209424,255.0,58.944560533904344,0.6353256039313602,12.885924864561128,13.521250788011994,40.05,-105.583,2011-10-25,2011-11-01,2011-10-25,2011-11-01,DOC_mgL,,0.0,7 days 00:00:00
621,CO90,593.0,40.0523560209424,255.0,47.00355347182496,0.6985505782391135,15.505616882508956,16.204167997037548,40.05,-105.583,2011-11-01,2011-11-08,2011-11-01,2011-11-08,DOC_mgL,16.1,35.0,7 days 00:00:00
622,CO90,594.0,40.0523560209424,255.0,16.302048037614494,0.16337683520504034,4.189218260567534,4.352595213159144,40.05,-105.583,2011-11-08,2011-11-15,2011-11-08,2011-11-15,DOC_mgL,29.25,65.0,7 days 00:00:00
623,CO90,595.0,40.0523560209424,255.0,1.7980107695965983,0.00789979857452474,0.050009900326936814,0.05790969948630985,40.05,-105.583,2011-11-15,2011-11-22,2011-11-15,2011-11-22,DOC_mgL,,,7 days 00:00:00
624,CO90,596.0,40.0523560209424,255.0,0.753843575707455,0.014653039319065725,0.16420530727305088,0.17885835123934948,40.05,-105.583,2011-11-22,2011-11-29,2011-11-22,2011-11-29,DOC_mgL,,,7 days 00:00:00
625,CO90,597.0,40.0523560209424,255.0,21.851147281817806,0.6787974348137615,14.338909062839786,15.017706429592756,40.05,-105.583,2011-11-29,2011-12-06,2011-11-29,2011-12-06,DOC_mgL,13.4,10.0,7 days 00:00:00
626,CO90,598.0,40.0523560209424,255.0,1.0420595349016537,0.010923487956456413,0.10067183824850195,0.11159532521697914,40.05,-105.583,2011-12-06,2011-12-13,2011-12-06,2011-12-13,DOC_mgL,8.7,30.0,7 days 00:00:00
627,CO90,599.0,40.0523560209424,255.0,6.467655247066607,0.0563431644025866,0.7155979337493388,0.7719410662439715,40.05,-105.583,2011-12-13,2011-12-20,2011-12-13,2011-12-20,DOC_mgL,,0.0,7 days 00:00:00
628,CO90,600.0,40.0523560209424,255.0,25.679327642836018,0.07933988987336021,1.22954668330777,1.3088866047965102,40.05,-105.583,2011-12-20,2011-12-27,2011-12-20,2011-12-27,DOC_mgL,,0.0,7 days 00:00:00
629,CO90,601.0,40.0523560209424,255.0,13.895544705490284,0.27581909385881975,4.070843884662683,4.346663144932009,40.05,-105.583,2011-12-27,2012-01-10,2011-12-27,2012-01-10,DOC_mgL,,35.0,14 days 00:00:00
630,CO90,602.0,40.0523560209424,255.0,10.494541952260548,0.1626653254489141,1.2471818788885785,1.4098471995073718,40.05,-105.583,2012-01-10,2012-01-17,2012-01-10,2012-01-17,DOC_mgL,1.952,6.1,7 days 00:00:00
631,CO90,603.0,40.0523560209424,255.0,9.678760082598714,0.039466083473628746,0.4852170297392875,0.5246830985757581,40.05,-105.583,2012-01-17,2012-01-24,2012-01-17,2012-01-24,DOC_mgL,8.4626,24.89,7 days 00:00:00
632,CO90,604.0,40.0523560209424,255.0,7.961908705234055,0.0985787537961262,2.0445766103364047,2.1431554302895512,40.05,-105.583,2012-01-24,2012-01-31,2012-01-24,2012-01-31,DOC_mgL,14.3872,44.96,7 days 00:00:00
633,CO90,605.0,40.0523560209424,255.0,70.82173959602756,0.9673316744359284,13.033035961633162,14.00036784224572,40.05,-105.583,2012-01-31,2012-02-07,2012-01-31,2012-02-07,DOC_mgL,4.7568,9.91,7 days 00:00:00
634,CO90,606.0,40.0523560209424,255.0,12.598378020811651,0.0740401292700352,1.346017976405763,1.4200581325156147,40.05,-105.583,2012-02-07,2012-02-14,2012-02-07,2012-02-14,DOC_mgL,2.973,9.91,7 days 00:00:00
635,CO90,607.0,40.0523560209424,255.0,15.483355675868891,0.20509064300456215,2.168534337577248,2.3736249480857876,40.05,-105.583,2012-02-14,2012-02-28,2012-02-14,2012-02-28,DOC_mgL,15.5844,29.97,14 days 00:00:00
636,CO90,608.0,40.0523560209424,255.0,22.629131863154193,0.22085292842619936,3.9942180776463436,4.215071021523606,40.05,-105.583,2012-02-28,2012-04-03,2012-02-28,2012-04-03,DOC_mgL,,74.93,35 days 00:00:00
637,CO90,609.0,40.0523560209424,255.0,10.352582527202756,0.21530989204068232,4.425887878552973,4.641197779906275,40.05,-105.583,2012-04-03,2012-04-10,2012-04-03,2012-04-10,DOC_mgL,,,7 days 00:00:00
638,CO90,610.0,40.0523560209424,255.0,43.52802383174037,0.6243637251743955,10.505502190047423,11.129865654102566,40.05,-105.583,2012-04-10,2012-04-17,2012-04-10,2012-04-17,DOC_mgL,,,7 days 00:00:00
639,CO90,611.0,40.0523560209424,255.0,4.658381189992511,0.16621509695956965,2.369661111084609,2.5358762308774763,40.05,-105.583,2012-04-17,2012-04-24,2012-04-17,2012-04-24,DOC_mgL,,,7 days 00:00:00
640,CO90,612.0,40.0523560209424,255.0,13.420668993374685,0.45394500283877814,9.109392920081417,9.563338042319302,40.05,-105.583,2012-04-24,2012-05-02,2012-04-24,2012-05-02,DOC_mgL,,,8 days 00:00:00
641,CO90,613.0,40.0523560209424,255.0,13.893420818680323,0.43860829394108136,10.041705586971359,10.48031388762704,40.05,-105.583,2012-05-02,2012-05-08,2012-05-02,2012-05-08,DOC_mgL,147.37320000000003,109.98,6 days 00:00:00
642,CO90,614.0,40.0523560209424,255.0,20.265822475924733,0.5346340147937417,8.763340166029199,9.29797408129318,40.05,-105.583,2012-05-08,2012-05-15,2012-05-08,2012-05-15,DOC_mgL,15.772499999999999,35.05,7 days 00:00:00
643,CO90,615.0,40.0523560209424,255.0,16.953861719599132,0.6344064476873634,13.29671782679398,13.931124429045205,40.05,-105.583,2012-05-15,2012-05-22,2012-05-15,2012-05-22,DOC_mgL,17.2385,14.99,7 days 00:00:00
644,CO90,616.0,40.0523560209424,255.0,5.878364904653406,0.8478316403775537,9.514768198238098,10.362599618956938,40.05,-105.583,2012-05-22,2012-05-29,2012-05-22,2012-05-29,DOC_mgL,23.2587,18.03,7 days 00:00:00
645,CO90,617.0,40.0523560209424,255.0,14.56748614559189,0.5095790263386947,10.06182669995026,10.571405625880992,40.05,-105.583,2012-05-29,2012-06-05,2012-05-29,2012-06-05,DOC_mgL,12.0184,14.48,7 days 00:00:00
646,CO90,618.0,40.0523560209424,255.0,16.05902815413372,4.252200744613406,105.07057058730376,109.32277059221434,40.05,-105.583,2012-06-05,2012-07-03,2012-06-05,2012-07-03,DOC_mgL,11.3538,7.62,28 days 00:00:00
647,CO90,619.0,40.0523560209424,255.0,25.896888473053714,2.4387731709096805,70.65004691275689,73.08881989631644,40.05,-105.583,2012-07-03,2012-07-10,2012-07-03,2012-07-10,DOC_mgL,16.154400000000003,5.08,7 days 00:00:00
648,CO90,620.0,40.0523560209424,255.0,10.553695219139847,1.4530836690146431,25.455901311866036,26.908985252538375,40.05,-105.583,2012-07-10,2012-07-17,2012-07-10,2012-07-17,DOC_mgL,164.5358,115.06,7 days 00:00:00
649,CO90,621.0,40.0523560209424,255.0,64.63163195435939,2.2669209612984424,59.76035821197989,62.02727875700975,40.05,-105.583,2012-07-17,2012-07-31,2012-07-17,2012-07-31,DOC_mgL,36.5274,20.07,14 days 00:00:00
650,CO90,622.0,40.0523560209424,255.0,11.801809441563949,0.5208207317568097,41.413534170725576,41.93435444201088,40.05,-105.583,2012-07-31,2012-08-07,2012-07-31,2012-08-07,DOC_mgL,26.091,20.07,7 days 00:00:00
651,CO90,623.0,40.0523560209424,255.0,23.21895619075913,5.39766672655827,97.24450548457418,102.64217033419145,40.05,-105.583,2012-08-07,2012-08-21,2012-08-07,2012-08-21,DOC_mgL,,,14 days 00:00:00
652,CO90,624.0,40.0523560209424,255.0,2.422006818803002,1.3011527476552294,28.431088589658813,29.732241111322942,40.05,-105.583,2012-08-21,2012-08-28,2012-08-21,2012-08-28,DOC_mgL,,,7 days 00:00:00
653,CO90,625.0,40.0523560209424,255.0,23.641652080819142,1.5206733977504023,40.21344434945728,41.734118186309566,40.05,-105.583,2012-08-28,2012-09-04,2012-08-28,2012-09-04,DOC_mgL,,,7 days 00:00:00
654,CO90,626.0,40.0523560209424,255.0,5.800015509058784,0.2225885701390545,10.025809684494314,10.24839801707926,40.05,-105.583,2012-09-04,2012-09-11,2012-09-04,2012-09-11,DOC_mgL,,,7 days 00:00:00
655,CO90,627.0,40.0523560209424,255.0,32.002074444027684,1.3139638811793204,46.37043989402125,47.68440357380142,40.05,-105.583,2012-09-11,2012-09-18,2012-09-11,2012-09-18,DOC_mgL,,,7 days 00:00:00
656,CO90,628.0,40.0523560209424,255.0,8.244896696555509,0.39674960727020403,12.698379121475078,13.09512868324356,40.05,-105.583,2012-09-18,2012-09-26,2012-09-18,2012-09-26,DOC_mgL,,,8 days 00:00:00
657,CO90,629.0,40.0523560209424,255.0,27.54274680984714,1.1144947802523355,19.646705649856155,20.761200383856426,40.05,-105.583,2012-09-26,2012-10-02,2012-09-26,2012-10-02,DOC_mgL,,,6 days 00:00:00
658,CO90,630.0,40.0523560209424,255.0,0.14782052691852582,0.06978436971959526,1.965624792912759,2.0354091531367757,40.05,-105.583,2012-10-02,2012-10-09,2012-10-02,2012-10-09,DOC_mgL,,,7 days 00:00:00
659,CO90,631.0,40.0523560209424,255.0,15.936259171105272,0.3154816624010438,7.886009494974067,8.20149133301589,40.05,-105.583,2012-10-09,2012-10-16,2012-10-09,2012-10-16,DOC_mgL,,,7 days 00:00:00
660,CO90,632.0,40.0523560209424,255.0,1.4351479501042579,0.00745983972057463,0.05534386498862636,0.06280370470934281,40.05,-105.583,2012-10-16,2012-10-23,2012-10-16,2012-10-23,DOC_mgL,,,7 days 00:00:00
661,CO90,633.0,40.0523560209424,255.0,22.55089869260818,0.2970959239090833,4.5577884878724655,4.854884554050549,40.05,-105.583,2012-10-23,2012-10-30,2012-10-23,2012-10-30,DOC_mgL,,,7 days 00:00:00
662,CO90,634.0,40.0523560209424,255.0,10.814504684757836,0.27786318710529223,2.1876279255885445,2.465491051512544,40.05,-105.583,2012-10-30,2012-11-13,2012-10-30,2012-11-13,DOC_mgL,,,14 days 00:00:00
663,CO90,635.0,40.0523560209424,255.0,2.120575731314737,0.048017934889149856,0.5352990033573664,0.583316944096288,40.05,-105.583,2012-11-13,2012-12-05,2012-11-13,2012-12-05,DOC_mgL,,,22 days 00:00:00
664,CO90,636.0,40.0523560209424,255.0,53.4228828700292,0.5237358232059933,6.54914735651617,7.072883280025354,40.05,-105.583,2012-12-05,2012-12-27,2012-12-05,2012-12-27,DOC_mgL,,,22 days 00:00:00
665,CO90,638.0,40.0523560209424,255.0,10.137916081022107,0.03201465088986578,0.6207510363180591,0.652765690720597,40.0367,-105.544,2020-11-03,2020-11-10,2020-11-03,2020-11-10,rBC_mgL,0.03123,10.41,7 days 00:00:00
666,CO90,639.0,40.0523560209424,255.0,7.2655753417139035,0.022357586104458718,0.23636783193960642,0.2587254168914182,40.0367,-105.544,2020-11-10,2020-11-17,2020-11-10,2020-11-17,rBC_mgL,0.09245600000000001,16.51,7 days 00:00:00
667,CO90,640.0,40.0523560209424,255.0,6.567447002316223,0.05793712418382645,0.6884706165651217,0.7464077483599935,40.0367,-105.544,2020-11-17,2020-11-24,2020-11-17,2020-11-24,rBC_mgL,0.072898,17.78,7 days 00:00:00
668,CO91,0.0,37.225130890052355,253.75,7.877041762027972,0.2263594774267261,4.457473475569923,4.6838330606132015,37.4686,-106.787,2020-11-23,2020-12-01,2020-11-23,2020-12-01,rBC_mgL,0.26741000000000004,22.1,8 days 00:00:00
669,CO92,0.0,39.10994764397907,252.5,27.65314068616636,0.1629412794864512,3.3386545092454676,3.501595862263545,39.4264,-107.3799,2020-11-03,2020-11-10,2020-11-03,2020-11-10,rBC_mgL,0.082695,22.35,7 days 00:00:00
670,CO92,1.0,39.10994764397907,252.5,7.361128449927257,0.15188500832712667,2.3477699140263955,2.4996549711944587,39.4264,-107.3799,2020-11-10,2020-11-17,2020-11-10,2020-11-17,rBC_mgL,0.19812,19.05,7 days 00:00:00
671,CO93,0.0,40.994764397905755,253.75,0.9304313835639677,0.040800152444065034,0.5123692367025652,0.5531693845337643,40.5347,-106.7811,2020-11-17,2020-11-24,2020-11-17,2020-11-24,rBC_mgL,0.076146,6.86,7 days 00:00:00
672,CO94,0.0,40.0523560209424,255.0,5.068958040511053,0.01600732544493289,0.31037551815902953,0.3263828453602985,39.9939,-105.48,2020-11-03,2020-11-10,2020-11-03,2020-11-10,rBC_mgL,0.07823200000000001,10.16,7 days 00:00:00
673,CO94,1.0,40.0523560209424,255.0,3.2837235011581116,0.028968562091913223,0.3442353082825608,0.37320387417999673,39.9939,-105.48,2020-11-17,2020-11-24,2020-11-17,2020-11-24,rBC_mgL,0.040894,17.78,7 days 00:00:00
674,CO96,0.0,38.16753926701571,252.5,29.16630211772389,0.17366939925161373,4.108586245658065,4.282255598351188,37.75,-107.689,2020-11-03,2020-11-10,2020-11-03,2020-11-10,rBC_mgL,0.33191400000000004,35.31,7 days 00:00:00
675,CO96,1.0,38.16753926701571,252.5,3.337214586889654,0.11053400590148663,1.692341546392272,1.802875593395524,37.75,-107.689,2020-11-10,2020-11-17,2020-11-10,2020-11-17,rBC_mgL,0.028037,12.19,7 days 00:00:00
676,CO96,2.0,38.16753926701571,252.5,6.501619065958187,0.12690673564800392,2.2909506470270435,2.4178574308298915,37.75,-107.689,2020-11-17,2020-11-24,2020-11-17,2020-11-24,rBC_mgL,0.363384,18.54,7 days 00:00:00
677,CO97,0.0,40.994764397905755,253.75,0.9304313835639677,0.040800152444065034,0.5123692367025652,0.5531693845337643,40.5383,-106.6766,2020-11-17,2020-11-24,2020-11-17,2020-11-24,rBC_mgL,0.089856,8.64,7 days 00:00:00
678,CO98,0.0,40.0523560209424,253.75,11.675346481614483,0.06865258641269015,1.0141578933819906,1.0828104987355234,40.2878,-105.6628,2020-11-03,2020-11-10,2020-11-03,2020-11-10,rBC_mgL,0.06669,25.65,7 days 00:00:00
679,CT15,0.0,41.93717277486911,287.5,25.636257582783983,0.2587708198172327,3.48984579925677,3.748616665856649,41.84,-72.0101,2020-11-17,2020-11-24,2020-11-17,2020-11-24,rBC_mgL,0.11583,38.61,7 days 00:00:00
680,FL03,0.0,29.685863874345543,277.5,2.595761875236218,0.08481336646786797,1.1004828050784412,1.185296144047554,29.9748,-82.1978,2020-10-27,2020-11-03,2020-10-27,2020-11-03,rBC_mgL,0.027018,14.22,7 days 00:00:00
681,FL03,1.0,29.685863874345543,277.5,22.636391429908198,0.15242142929885538,2.62470708800068,2.7771285060658455,29.9748,-82.1978,2020-11-10,2020-11-17,2020-11-10,2020-11-17,rBC_mgL,0.026289,29.21,7 days 00:00:00
682,FL03,2.0,29.685863874345543,277.5,0.2536175166238317,0.0064024873606282956,0.13196196178311112,0.13836444771894532,29.9748,-82.1978,2020-11-17,2020-11-24,2020-11-17,2020-11-24,rBC_mgL,0.00254,5.08,7 days 00:00:00
683,FL05,0.0,28.7434554973822,277.5,5.484476185887424,0.10072738434356923,0.8726876775909387,0.9734150833041327,28.7486,-82.5551,2020-10-27,2020-11-03,2020-10-27,2020-11-03,rBC_mgL,0.032893000000000006,8.89,7 days 00:00:00
684,FL05,1.0,28.7434554973822,277.5,30.876433970607188,0.2262086253176313,3.5583907999868494,3.784599431891009,28.7486,-82.5551,2020-11-10,2020-11-17,2020-11-10,2020-11-17,rBC_mgL,0.050292,45.72,7 days 00:00:00
685,FL11,0.0,24.9738219895288,278.75,6.4834387702550345,0.04388776466269888,0.39549621312293115,0.43938396505167554,25.39,-80.68,2020-10-27,2020-11-03,2020-10-27,2020-11-03,rBC_mgL,0.01803,18.03,7 days 00:00:00
686,FL11,1.0,24.9738219895288,278.75,59.2241317875164,0.09942804353284262,0.4697077726767418,0.5691358314317829,25.39,-80.68,2020-11-06,2020-11-10,2020-11-06,2020-11-10,rBC_mgL,0.07417,148.34,4 days 00:00:00
687,FL11,2.0,24.9738219895288,278.75,42.615224468745,0.10363750764557289,1.324519495754658,1.4281569673938768,25.39,-80.68,2020-11-10,2020-11-17,2020-11-10,2020-11-17,rBC_mgL,0.299508,68.07,7 days 00:00:00
688,FL11,3.0,24.9738219895288,278.75,4.602895832883647,0.04503800396591772,0.33536123116798683,0.38039923359704797,25.39,-80.68,2020-11-17,2020-11-24,2020-11-17,2020-11-24,rBC_mgL,0.0060209999999999994,20.07,7 days 00:00:00
689,FL23,0.0,29.685863874345543,275.0,7.106850458676799,0.0749620180382285,1.2935138169562974,1.3684758364581988,30.1106,-84.9902,2020-11-24,2020-12-01,2020-11-24,2020-12-01,rBC_mgL,0.16697199999999998,43.94,7 days 00:00:00
690,FL41,0.0,27.801047120418843,277.5,5.635198064954383,0.1295289266714213,0.8111670522781278,0.9406959769735906,27.3801,-82.2831,2020-10-27,2020-11-03,2020-10-27,2020-11-03,rBC_mgL,0.043216,11.68,7 days 00:00:00
691,FL41,1.0,27.801047120418843,277.5,44.36488432304486,0.3262276421656801,4.455258209232205,4.781485838517563,27.3801,-82.2831,2020-11-10,2020-11-17,2020-11-10,2020-11-17,rBC_mgL,0.09693,107.7,7 days 00:00:00
692,FL41,2.0,27.801047120418843,277.5,1.35214702274105,0.03711663152121316,0.25558760323018265,0.2927042422893114,27.3801,-82.2831,2020-11-17,2020-11-24,2020-11-17,2020-11-24,rBC_mgL,0.003248,4.06,7 days 00:00:00
693,FL41,3.0,27.801047120418843,277.5,1.313878129227935,0.025233806855249626,0.1426636794016361,0.16789748949533131,27.3801,-82.2831,2020-11-24,2020-12-01,2020-11-24,2020-12-01,rBC_mgL,0.08128,25.4,7 days 00:00:00
694,GA09,0.0,30.6282722513089,277.5,8.275697303251894,0.141537488857168,4.0153766949401355,4.156914215998108,30.7404,-82.1283,2017-01-03,2017-01-10,2017-01-03,2017-01-10,DOC_mgL,6.880859999999999,32.766,7 days 00:00:00
695,GA09,1.0,30.6282722513089,277.5,3.89813434291675,0.1361539909625325,2.1469269448175234,2.283080964907147,30.7404,-82.1283,2017-02-21,2017-02-28,2017-02-21,2017-02-28,DOC_mgL,11.3792,35.56,7 days 00:00:00
696,GA09,2.0,30.6282722513089,277.5,13.270628742501067,0.2283264536424509,3.6769698692068475,3.90529639252013,30.7404,-82.1283,2017-03-07,2017-03-14,2017-03-07,2017-03-14,DOC_mgL,7.9146399999999995,20.828,7 days 00:00:00
697,GA09,3.0,30.6282722513089,277.5,12.08978448487708,0.14173911826946117,4.372275826743273,4.514015037150945,30.7404,-82.1283,2017-05-09,2017-05-16,2017-05-09,2017-05-16,DOC_mgL,19.5072,20.32,7 days 00:00:00
698,GA09,4.0,30.6282722513089,277.5,9.430695768458675,0.12711698715734138,7.441131856782829,7.568248622724303,30.7404,-82.1283,2017-06-13,2017-06-20,2017-06-13,2017-06-20,DOC_mgL,45.89018,51.562,7 days 00:00:00
699,GA09,5.0,30.6282722513089,277.5,27.170476516980013,0.28653684503235355,23.976950762338856,24.263487993780863,30.7404,-82.1283,2017-07-11,2017-07-18,2017-07-11,2017-07-18,DOC_mgL,54.5084,46.99,7 days 00:00:00
700,GA09,6.0,30.6282722513089,277.5,39.27107218695269,0.2392463500748565,15.543188223998694,15.782435058842026,30.7404,-82.1283,2017-08-08,2017-08-15,2017-08-08,2017-08-15,DOC_mgL,6.461760000000001,6.096,7 days 00:00:00
701,GA09,7.0,30.6282722513089,277.5,4.933603378232121,0.047935489074207166,2.0281171047263626,2.07605257594376,30.7404,-82.1283,2017-10-10,2017-10-17,2017-10-10,2017-10-17,DOC_mgL,23.22576,18.288,7 days 00:00:00
702,GA09,8.0,30.6282722513089,277.5,9.663174094498572,0.13488821988444583,2.8869212640939317,3.0218094371408526,30.7404,-82.1283,2018-03-13,2018-03-20,2018-03-13,2018-03-20,DOC_mgL,1.51892,11.684,7 days 00:00:00
703,GA09,9.0,30.6282722513089,277.5,19.853739980768403,0.6352217879753244,15.555980803591986,16.191202235492277,30.7404,-82.1283,2018-04-03,2018-04-10,2018-04-03,2018-04-10,DOC_mgL,3.7973000000000003,29.21,7 days 00:00:00
704,GA09,10.0,30.6282722513089,277.5,26.276796325230833,0.256599942075747,7.55970125873584,7.816301118845903,30.7404,-82.1283,2018-05-22,2018-05-29,2018-05-22,2018-05-29,DOC_mgL,33.38576,62.992,7 days 00:00:00
705,GA09,11.0,30.6282722513089,277.5,26.63519712826634,0.35757166388357237,16.460329458886022,16.81790121907849,30.7404,-82.1283,2018-06-05,2018-06-12,2018-06-05,2018-06-12,DOC_mgL,54.84876,30.988,7 days 00:00:00
706,GA09,12.0,30.6282722513089,277.5,15.22534477294002,0.44086772982288025,32.370369359990825,32.81123705234368,30.7404,-82.1283,2018-07-10,2018-07-17,2018-07-10,2018-07-17,DOC_mgL,44.02074,27.686,7 days 00:00:00
707,GA09,13.0,30.6282722513089,277.5,25.247896719715612,0.44651148330501245,20.50523305527352,20.95174400536248,30.7404,-82.1283,2018-08-21,2018-08-28,2018-08-21,2018-08-28,DOC_mgL,44.86656,32.512,7 days 00:00:00
708,GA09,14.0,30.6282722513089,277.5,5.089856633966328,0.11627721915202262,6.50095634199821,6.617233526753918,30.7404,-82.1283,2018-09-18,2018-09-25,2018-09-18,2018-09-25,DOC_mgL,38.08476,24.892,7 days 00:00:00
709,GA09,15.0,30.6282722513089,277.5,36.53297341122229,0.17850453875065375,3.8563494900391118,4.034853984294107,30.7404,-82.1283,2018-10-09,2018-10-16,2018-10-09,2018-10-16,DOC_mgL,17.17548,35.052,7 days 00:00:00
710,GA09,16.0,30.6282722513089,277.5,27.95116255214189,0.23079245858176334,4.21982206209176,4.450614583318725,30.7404,-82.1283,2018-11-20,2018-11-27,2018-11-20,2018-11-27,DOC_mgL,10.01776,14.732,7 days 00:00:00
711,GA09,17.0,30.6282722513089,277.5,33.69802534937573,0.1756141711855437,2.5188801266499428,2.6944943591016695,30.7404,-82.1283,2018-12-11,2018-12-18,2018-12-11,2018-12-18,DOC_mgL,22.38756,57.404,7 days 00:00:00
712,GA09,18.0,30.6282722513089,277.5,1.6947571726912498,0.08132098724879938,1.320340113413962,1.401661082513217,30.7404,-82.1283,2020-10-27,2020-11-03,2020-10-27,2020-11-03,rBC_mgL,0.008107000000000001,7.37,7 days 00:00:00
713,GA09,19.0,30.6282722513089,277.5,0.1980020793365027,0.008677037726030103,0.17244005052000078,0.18111708773374535,30.7404,-82.1283,2020-11-17,2020-11-24,2020-11-17,2020-11-24,rBC_mgL,0.0071200000000000005,3.56,7 days 00:00:00
714,GA09,20.0,30.6282722513089,277.5,10.537279570442596,0.0950364360032852,1.795983252693206,1.8910197135749287,30.7404,-82.1283,2020-11-24,2020-12-01,2020-11-24,2020-12-01,rBC_mgL,0.023328,8.64,7 days 00:00:00
715,GA41,0.0,33.455497382198956,275.0,23.280217127573746,0.2271121049250436,5.2926333398814105,5.519745467575716,33.1805,-84.4103,2020-10-27,2020-11-03,2020-10-27,2020-11-03,rBC_mgL,0.019104,11.94,7 days 00:00:00
716,GA99,0.0,31.570680628272257,276.25,4.87073017777484,0.08566969040296897,1.6007382026340424,1.6864079208285012,31.5217,-83.5482,2020-10-27,2020-11-03,2020-10-27,2020-11-03,rBC_mgL,0.03658,36.58,7 days 00:00:00
717,GA99,1.0,31.570680628272257,276.25,6.406866577901831,0.03400003237936586,0.531774666488738,0.5657747020881843,31.5217,-83.5482,2020-11-03,2020-11-11,2020-11-03,2020-11-11,rBC_mgL,0.01016,12.7,8 days 00:00:00
718,GA99,2.0,31.570680628272257,276.25,32.11753893519908,0.2842037814621359,4.039729648160854,4.323933443619362,31.5217,-83.5482,2020-11-24,2020-12-01,2020-11-24,2020-12-01,rBC_mgL,0.184912,35.56,7 days 00:00:00
719,IA08,0.0,42.87958115183247,268.75,1.2811588836855856,0.03332920369786593,0.6032812585607542,0.6366104780845904,42.9097,-91.47,2020-11-03,2020-11-10,2020-11-03,2020-11-10,rBC_mgL,0.264075,25.15,7 days 00:00:00
720,IA08,1.0,42.87958115183247,268.75,28.150022436005273,0.24794414056074876,4.478186097726239,4.726130305469575,42.9097,-91.47,2020-11-10,2020-11-17,2020-11-10,2020-11-17,rBC_mgL,0.11951999999999999,12.45,7 days 00:00:00
721,IA08,2.0,42.87958115183247,268.75,0.7975629292999997,0.027035225559273263,0.37435044936316486,0.40138567605686504,42.9097,-91.47,2020-11-17,2020-11-24,2020-11-17,2020-11-24,rBC_mgL,0.061595,6.35,7 days 00:00:00
722,IA08,3.0,42.87958115183247,268.75,30.897832971510706,0.21356025682417695,3.1177435518801104,3.3313038274210123,42.9097,-91.47,2020-11-24,2020-12-01,2020-11-24,2020-12-01,rBC_mgL,0.032422,5.59,7 days 00:00:00
723,IA23,0.0,40.994764397905755,266.25,7.728259251677623,0.14372314977165315,2.0458912849656667,2.1896143597985502,40.9631,-93.3925,2017-02-21,2017-02-28,2017-02-21,2017-02-28,DOC_mgL,30.1752,30.48,7 days 00:00:00
724,IA23,1.0,40.994764397905755,266.25,8.035205823899261,0.407315001431856,6.66961967378113,7.076934540847445,40.9631,-93.3925,2017-04-18,2017-04-25,2017-04-18,2017-04-25,DOC_mgL,6.4008,7.62,7 days 00:00:00
725,IA23,2.0,40.994764397905755,266.25,71.65752176223721,1.1138894584313017,35.479917226454226,36.593807106305555,40.9631,-93.3925,2017-05-16,2017-05-23,2017-05-16,2017-05-23,DOC_mgL,39.329359999999994,40.132,7 days 00:00:00
726,IA23,3.0,40.994764397905755,266.25,3.9637091012205943,0.08522403313240455,2.191645526441514,2.2768695976202764,40.9631,-93.3925,2017-06-20,2017-06-27,2017-06-20,2017-06-27,DOC_mgL,11.2014,12.446,7 days 00:00:00
727,IA23,4.0,40.994764397905755,266.25,2.844653377870256,0.47485451720541494,13.678477679869726,14.153332338228957,40.9631,-93.3925,2017-07-11,2017-07-18,2017-07-11,2017-07-18,DOC_mgL,5.7785,6.35,7 days 00:00:00
728,IA23,5.0,40.994764397905755,266.25,12.558398456060017,0.5690346501157153,15.589338379104227,16.158373160291976,40.9631,-93.3925,2017-09-12,2017-09-19,2017-09-12,2017-09-19,DOC_mgL,14.683739999999998,35.814,7 days 00:00:00
729,IA23,6.0,40.994764397905755,266.25,33.40442417900841,1.0047972860000032,26.799698860102694,27.80449660511053,40.9631,-93.3925,2017-10-03,2017-10-10,2017-10-03,2017-10-10,DOC_mgL,28.275280000000002,61.468,7 days 00:00:00
730,IA23,7.0,40.994764397905755,266.25,6.133185126167007,0.11205445221803992,1.9790545595085445,2.0911090569543593,40.9631,-93.3925,2017-12-19,2017-12-26,2017-12-19,2017-12-26,DOC_mgL,4.6101,8.382,7 days 00:00:00
731,IA23,8.0,40.994764397905755,266.25,7.644243789114883,0.16784886830044018,3.093997518344854,3.261846488224196,40.9631,-93.3925,2018-05-22,2018-05-29,2018-05-22,2018-05-29,DOC_mgL,9.99744,10.414,7 days 00:00:00
732,IA23,9.0,40.994764397905755,266.25,4.472061271964822,0.24920902299782088,9.246896523484871,9.496105512086377,40.9631,-93.3925,2018-06-05,2018-06-12,2018-06-05,2018-06-12,DOC_mgL,37.07384,45.212,7 days 00:00:00
733,IA23,10.0,40.994764397905755,266.25,4.048945815223566,0.2991161889752209,9.304765706209691,9.603881724813382,40.9631,-93.3925,2018-07-10,2018-07-17,2018-07-10,2018-07-17,DOC_mgL,7.71144,5.588,7 days 00:00:00
734,IA23,11.0,40.994764397905755,266.25,0.6814518468241975,0.03937672017455362,1.2689920822971736,1.3083688174424195,40.9631,-93.3925,2018-08-21,2018-08-28,2018-08-21,2018-08-28,DOC_mgL,36.789359999999995,36.068,7 days 00:00:00
735,IA23,12.0,40.994764397905755,266.25,59.939292347888085,0.7143308763184446,15.826314006270367,16.540645018784865,40.9631,-93.3925,2018-10-02,2018-10-09,2018-10-02,2018-10-09,DOC_mgL,127.23875999999998,184.404,7 days 00:00:00
736,IA23,13.0,40.994764397905755,266.25,5.049951047247334,0.08054458959154429,1.3846589214572183,1.46520345464018,40.9631,-93.3925,2020-11-03,2020-11-10,2020-11-03,2020-11-10,rBC_mgL,0.17526,19.05,7 days 00:00:00
737,IA23,14.0,40.994764397905755,266.25,10.951681401986612,0.158423657156399,2.706789680394108,2.865213297043412,40.9631,-93.3925,2020-11-10,2020-11-17,2020-11-10,2020-11-17,rBC_mgL,0.012192,5.08,7 days 00:00:00
738,IA23,15.0,40.994764397905755,266.25,7.000231870620162,0.14300394143521544,1.95751524741027,2.100519221540283,40.9631,-93.3925,2020-11-17,2020-11-24,2020-11-17,2020-11-24,rBC_mgL,0.39818099999999995,19.81,7 days 00:00:00
739,ID02,0.0,48.53403141361255,243.75,41.106938182977615,0.230545153516848,5.053598374585864,5.284143387914862,48.3518,-116.8397,2020-11-03,2020-11-10,2020-11-03,2020-11-10,rBC_mgL,0.067673,18.29,7 days 00:00:00
740,ID02,1.0,48.53403141361255,243.75,46.62365828931314,0.26612922627341357,6.450782008560196,6.716911386470126,48.3518,-116.8397,2020-11-10,2020-11-17,2020-11-10,2020-11-17,rBC_mgL,0.126959,25.91,7 days 00:00:00
741,ID03,0.0,43.8219895287958,246.25,13.782867046443357,0.4268933870204333,3.9822796189634464,4.409173014034082,43.4605,-113.5551,2020-11-17,2020-11-24,2020-11-17,2020-11-24,rBC_mgL,0.0019820000000000003,9.91,7 days 00:00:00
742,ID11,0.0,42.87958115183247,243.75,21.424264158742545,0.08863042409365529,1.4054760830015849,1.4941065284648651,43.2049,-116.75,2020-11-10,2020-11-17,2020-11-10,2020-11-17,rBC_mgL,0.04175999999999999,34.8,7 days 00:00:00
743,IL11,0.0,40.0523560209424,271.25,9.882681546809001,0.37284073635694365,7.242127279127832,7.614968238548535,40.0528,-88.3719,2020-11-10,2020-11-17,2020-11-10,2020-11-17,rBC_mgL,0.229026,23.37,7 days 00:00:00
744,IL11,1.0,40.0523560209424,271.25,19.88723730524578,0.095260487185067,1.4164075840482022,1.511668049059875,40.0528,-88.3719,2020-11-17,2020-11-24,2020-11-17,2020-11-24,rBC_mgL,0.15934800000000002,16.26,7 days 00:00:00
745,IL11,2.0,40.0523560209424,271.25,40.20813182672104,0.37464760476678116,7.899395797264133,8.274043660588742,40.0528,-88.3719,2020-11-24,2020-12-01,2020-11-24,2020-12-01,rBC_mgL,0.070453,14.99,7 days 00:00:00
746,IL46,0.0,39.10994764397907,270.0,56.71327815513263,0.3154891057449751,4.122131843748555,4.437621010382323,38.8689,-89.6219,2020-10-27,2020-11-03,2020-10-27,2020-11-03,rBC_mgL,0.025608,21.34,7 days 00:00:00
747,IL46,1.0,39.10994764397907,270.0,10.808836989467006,0.35390216466246793,7.194516161139923,7.548418561746468,38.8689,-89.6219,2020-11-10,2020-11-17,2020-11-10,2020-11-17,rBC_mgL,0.782414,53.59,7 days 00:00:00
748,IL46,2.0,39.10994764397907,270.0,31.364730640752164,0.23902688189937962,3.8004899804157493,4.0395168037677776,38.8689,-89.6219,2020-11-17,2020-11-24,2020-11-17,2020-11-24,rBC_mgL,0.2304,32.0,7 days 00:00:00
749,IL78,0.0,40.994764397905755,268.75,16.636812922986483,0.25393177266906103,5.123348630523115,5.377280625734515,40.9333,-90.7231,2020-11-10,2020-11-17,2020-11-10,2020-11-17,rBC_mgL,0.11707200000000001,16.26,7 days 00:00:00
750,IL78,1.0,40.994764397905755,268.75,6.001133960546051,0.14848648890915206,1.9579796358692376,2.1064661628526107,40.9333,-90.7231,2020-11-17,2020-11-24,2020-11-17,2020-11-24,rBC_mgL,0.52611,27.69,7 days 00:00:00
751,IN20,0.0,40.994764397905755,275.0,31.16386640846175,0.07484889522145055,0.9581895897819298,1.033038480539178,40.8401,-85.4639,2020-10-27,2020-11-03,2020-10-27,2020-11-03,rBC_mgL,0.03656,9.14,7 days 00:00:00
752,IN20,1.0,40.994764397905755,275.0,14.886247567785832,0.34252419990109817,6.3759699614951835,6.718493972875209,40.8401,-85.4639,2020-11-10,2020-11-17,2020-11-10,2020-11-17,rBC_mgL,0.23774399999999998,22.86,7 days 00:00:00
753,IN20,2.0,40.994764397905755,275.0,23.550814578958516,0.17270607470388338,2.4555697973041233,2.6282758527424117,40.8401,-85.4639,2020-11-17,2020-11-24,2020-11-17,2020-11-24,rBC_mgL,0.08371200000000001,26.16,7 days 00:00:00
754,IN20,3.0,40.994764397905755,275.0,40.65702486875699,0.40297569897912766,8.70462082509785,9.107596279202209,40.8401,-85.4639,2020-11-24,2020-12-01,2020-11-24,2020-12-01,rBC_mgL,0.10668,15.24,7 days 00:00:00
755,IN22,0.0,39.10994764397907,272.5,61.766593362257844,0.4216578609169663,5.193692618279208,5.615350324650612,38.7408,-87.4855,2020-10-27,2020-11-03,2020-10-27,2020-11-03,rBC_mgL,0.05131,51.31,7 days 00:00:00
756,IN22,1.0,39.10994764397907,272.5,17.2746618443301,0.3863260272769536,7.134046145579679,7.520372247796685,38.7408,-87.4855,2020-11-10,2020-11-17,2020-11-10,2020-11-17,rBC_mgL,0.342012,25.91,7 days 00:00:00
757,IN22,2.0,39.10994764397907,272.5,34.44490505377799,0.3723100558730874,5.998324142062281,6.370634095476277,38.7408,-87.4855,2020-11-17,2020-11-24,2020-11-17,2020-11-24,rBC_mgL,0.6667500000000001,38.1,7 days 00:00:00
758,IN34,0.0,41.93717277486911,272.5,9.76086479992231,0.017469937160866252,0.24580317133374865,0.2632731145962992,41.6318,-87.0881,2020-10-27,2020-11-03,2020-10-27,2020-11-03,rBC_mgL,0.022386,5.33,7 days 00:00:00
759,IN34,1.0,41.93717277486911,272.5,13.762691515877007,0.3532853907976656,6.55989805991089,6.91318322402221,41.6318,-87.0881,2020-11-10,2020-11-17,2020-11-10,2020-11-17,rBC_mgL,0.21536000000000002,26.92,7 days 00:00:00
760,IN41,0.0,40.0523560209424,272.5,44.28701747125543,0.14652883091857544,1.8835282473935624,2.030057080654014,40.4749,-86.9924,2020-10-27,2020-11-03,2020-10-27,2020-11-03,rBC_mgL,0.005588,5.08,7 days 00:00:00
761,IN41,1.0,40.0523560209424,272.5,14.172374544372492,0.37762640855008667,6.855777435437548,7.233403703475034,40.4749,-86.9924,2020-11-10,2020-11-17,2020-11-10,2020-11-17,rBC_mgL,0.5362649999999999,35.05,7 days 00:00:00
762,IN41,2.0,40.0523560209424,272.5,25.70675762641462,0.14480788991952098,2.124656546557085,2.2694644787539193,40.4749,-86.9924,2020-11-17,2020-11-24,2020-11-17,2020-11-24,rBC_mgL,0.063767,20.57,7 days 00:00:00
763,KS07,0.0,37.225130890052355,265.0,95.81280869510287,0.4996047606870002,8.286044450578345,8.785649258102879,37.6511,-94.8036,2020-10-27,2020-11-03,2020-10-27,2020-11-03,rBC_mgL,0.174944,62.48,7 days 00:00:00
764,KS07,1.0,37.225130890052355,265.0,8.149656621429777,0.28392070559770266,6.173294885796984,6.457215544557438,37.6511,-94.8036,2020-11-10,2020-11-17,2020-11-10,2020-11-17,rBC_mgL,0.270525,36.07,7 days 00:00:00
765,KS07,2.0,37.225130890052355,265.0,22.382133154195266,0.6054416818415578,11.67082998114726,12.276272039939487,37.6511,-94.8036,2020-11-17,2020-11-24,2020-11-17,2020-11-24,rBC_mgL,0.6207760000000001,33.02,7 days 00:00:00
766,KS31,0.0,39.10994764397907,263.75,1.3182769520876316,0.0762995616873635,1.6142119846347875,1.6905116144744259,39.1022,-96.6092,2020-11-03,2020-11-10,2020-11-03,2020-11-10,rBC_mgL,0.13819499999999998,12.45,7 days 00:00:00
767,KS31,1.0,39.10994764397907,263.75,4.476739856651789,0.08356010356385839,1.2350033501520679,1.3185634825503187,39.1022,-96.6092,2020-11-17,2020-11-22,2020-11-17,2020-11-22,rBC_mgL,0.020215999999999998,1.52,5 days 00:00:00
768,KS97,0.0,40.0523560209424,263.75,2.8464403771375606,0.10595316330627699,2.200594671109354,2.3065478624672657,39.7603,-95.6358,2020-11-03,2020-11-10,2020-11-03,2020-11-10,rBC_mgL,0.24993600000000002,30.48,7 days 00:00:00
769,KS97,1.0,40.0523560209424,263.75,14.506046645453813,0.15240464843171528,2.478976462564063,2.631381121973227,39.7603,-95.6358,2020-11-17,2020-11-24,2020-11-17,2020-11-24,rBC_mgL,0.17957800000000002,8.89,7 days 00:00:00
770,KY03,0.0,38.16753926701571,275.0,35.296180830940436,0.42214714999455966,7.09378961889314,7.515936792891883,37.7047,-85.0489,2020-10-27,2020-11-03,2020-10-27,2020-11-03,rBC_mgL,0.087164,39.62,7 days 00:00:00
771,KY03,1.0,38.16753926701571,275.0,15.655835493383856,0.2212537539496169,4.445150862686672,4.666404558967575,37.7047,-85.0489,2020-11-10,2020-11-17,2020-11-10,2020-11-17,rBC_mgL,0.136335,22.35,7 days 00:00:00
772,KY03,2.0,38.16753926701571,275.0,13.165435679322362,0.5380870374131043,10.029987467100609,10.56807478583165,37.7047,-85.0489,2020-11-17,2020-11-24,2020-11-17,2020-11-24,rBC_mgL,0.075057,3.81,7 days 00:00:00
773,KY10,0.0,37.225130890052355,273.75,20.35019013301026,0.351523281876445,6.546956551097546,6.898479793189602,37.1317,-86.148,2020-10-27,2020-11-03,2020-10-27,2020-11-03,rBC_mgL,0.09144,45.72,7 days 00:00:00
774,KY10,1.0,37.225130890052355,273.75,11.053444581360571,0.20236938668442025,3.9834730695930674,4.185842600275462,37.1317,-86.148,2020-11-10,2020-11-17,2020-11-10,2020-11-17,rBC_mgL,0.12547599999999998,24.13,7 days 00:00:00
775,KY19,0.0,38.16753926701571,273.75,43.85189699245562,0.4551080396212313,6.865751372310664,7.320859488628272,38.2288,-85.6545,2020-10-27,2020-11-03,2020-10-27,2020-11-03,rBC_mgL,0.127,63.5,7 days 00:00:00
776,KY19,1.0,38.16753926701571,273.75,15.04627810099061,0.2561524025164093,5.112454299096502,5.368606642480527,38.2288,-85.6545,2020-11-10,2020-11-17,2020-11-10,2020-11-17,rBC_mgL,0.22669500000000004,26.67,7 days 00:00:00
777,KY22,0.0,37.225130890052355,277.5,29.570945862211826,0.25084197181110723,4.729764928810703,4.980606876910308,37.0778,-82.9936,2020-10-27,2020-11-03,2020-10-27,2020-11-03,rBC_mgL,0.128524,55.88,7 days 00:00:00
778,KY22,1.0,37.225130890052355,277.5,38.937922202927915,0.2289017215641284,2.965754383483371,3.1946560851781394,37.0778,-82.9936,2020-11-10,2020-11-17,2020-11-10,2020-11-17,rBC_mgL,0.036274,25.91,7 days 00:00:00
779,KY22,2.0,37.225130890052355,277.5,8.252820316872437,0.15034701612226664,2.4454058428402408,2.5957528735935194,37.0778,-82.9936,2020-11-17,2020-11-24,2020-11-17,2020-11-24,rBC_mgL,0.10621,11.18,7 days 00:00:00
780,KY22,3.0,37.225130890052355,277.5,28.706084397254507,0.20691894336077288,2.873880285116476,3.08079928878056,37.0778,-82.9936,2020-11-24,2020-12-01,2020-11-24,2020-12-01,rBC_mgL,0.12127500000000001,15.75,7 days 00:00:00
781,KY35,0.0,38.16753926701571,276.25,30.337761775033055,0.37935444212091546,6.5377468192173165,6.9171012648508325,38.1183,-83.5469,2020-10-27,2020-11-03,2020-10-27,2020-11-03,rBC_mgL,0.069342,53.34,7 days 00:00:00
782,KY35,1.0,38.16753926701571,276.25,18.691023839312585,0.18930265955226616,3.433313047504239,3.6226158001278077,38.1183,-83.5469,2020-11-10,2020-11-17,2020-11-10,2020-11-17,rBC_mgL,0.0882,15.75,7 days 00:00:00
783,KY35,2.0,38.16753926701571,276.25,11.801406318440172,0.4348148533044761,8.091886296119236,8.526701130894528,38.1183,-83.5469,2020-11-17,2020-11-24,2020-11-17,2020-11-24,rBC_mgL,0.072404,7.87,7 days 00:00:00
784,LA12,0.0,29.685863874345543,268.75,5.743595527425408,0.08502475115126688,0.9376252859987474,1.0226500690216354,29.931,-91.7165,2020-11-03,2020-11-10,2020-11-03,2020-11-10,rBC_mgL,0.036985,28.45,7 days 00:00:00
785,LA12,1.0,29.685863874345543,268.75,23.151043491145824,0.24459749923730867,3.122837875010193,3.3674353811267643,29.931,-91.7165,2020-11-24,2020-12-01,2020-11-24,2020-12-01,rBC_mgL,0.268112,103.12,7 days 00:00:00
786,LA30,0.0,30.6282722513089,270.0,29.13235801178438,0.38093203158947975,6.0923354558715985,6.473267573154556,30.7819,-90.2021,2017-01-03,2017-01-10,2017-01-03,2017-01-10,DOC_mgL,12.268200000000002,26.67,7 days 00:00:00
787,LA30,1.0,30.6282722513089,270.0,20.621406996656063,0.2688745364011701,6.4127325360519105,6.68160707931176,30.7819,-90.2021,2017-02-21,2017-02-28,2017-02-21,2017-02-28,DOC_mgL,13.411200000000001,33.528,7 days 00:00:00
788,LA30,2.0,30.6282722513089,270.0,12.878938129456952,0.38248020706279817,5.809631108659322,6.192111260262638,30.7819,-90.2021,2017-03-21,2017-03-27,2017-03-21,2017-03-27,DOC_mgL,9.72312,14.732,6 days 00:00:00
789,LA30,3.0,30.6282722513089,270.0,0.8582233875907986,0.04913227368897634,1.3379498423234104,1.3870820781032578,30.7819,-90.2021,2017-04-18,2017-04-25,2017-04-18,2017-04-25,DOC_mgL,10.04062,14.986,7 days 00:00:00
790,LA30,4.0,30.6282722513089,270.0,36.64627840529039,0.46485353050372225,7.290299738698346,7.755153288101745,30.7819,-90.2021,2017-05-16,2017-05-23,2017-05-16,2017-05-23,DOC_mgL,75.8698,130.81,7 days 00:00:00
791,LA30,5.0,30.6282722513089,270.0,0.6953831072226773,0.05144941343077601,1.8345953385363183,1.8860447541626038,30.7819,-90.2021,2017-06-13,2017-06-20,2017-06-13,2017-06-20,DOC_mgL,27.1018,27.94,7 days 00:00:00
792,LA30,6.0,30.6282722513089,270.0,3.0153072213101595,0.17430342808748106,4.17264791156835,4.34695132077445,30.7819,-90.2021,2017-07-11,2017-07-18,2017-07-11,2017-07-18,DOC_mgL,23.682959999999998,37.592,7 days 00:00:00
793,LA30,7.0,30.6282722513089,270.0,37.36876266984268,0.6015626247135586,14.708501366866855,15.310063991580414,30.7819,-90.2021,2017-08-08,2017-08-15,2017-08-08,2017-08-15,DOC_mgL,28.818839999999998,47.244,7 days 00:00:00
794,LA30,8.0,30.6282722513089,270.0,5.4067769293730805,0.2575155559983184,11.253317154687192,11.510832843147911,30.7819,-90.2021,2017-09-19,2017-09-26,2017-09-19,2017-09-26,DOC_mgL,20.447,11.684,7 days 00:00:00
795,LA30,9.0,30.6282722513089,270.0,44.374206750674716,0.1477818188622918,3.476437843846769,3.6242196025521034,30.7819,-90.2021,2017-10-03,2017-10-10,2017-10-03,2017-10-10,DOC_mgL,8.74776,21.336,7 days 00:00:00
796,LA30,10.0,30.6282722513089,270.0,6.009360024951541,0.21470092455501233,1.948988786030676,2.1636896824831684,30.7819,-90.2021,2018-01-09,2018-01-16,2018-01-09,2018-01-16,DOC_mgL,13.784580000000002,20.574,7 days 00:00:00
797,LA30,11.0,30.6282722513089,270.0,54.75122065963234,0.574088863280888,9.640066248039357,10.214155097264412,30.7819,-90.2021,2018-02-06,2018-02-13,2018-02-06,2018-02-13,DOC_mgL,58.186319999999995,84.328,7 days 00:00:00
798,LA30,12.0,30.6282722513089,270.0,7.010899759602264,0.19567997012816296,4.762978950612051,4.958658976359785,30.7819,-90.2021,2018-03-13,2018-03-20,2018-03-13,2018-03-20,DOC_mgL,7.825740000000001,60.198,7 days 00:00:00
799,LA30,13.0,30.6282722513089,270.0,29.03070046467967,0.42423480604253083,9.028715171014824,9.452950020089332,30.7819,-90.2021,2018-04-03,2018-04-10,2018-04-03,2018-04-10,DOC_mgL,6.03504,50.292,7 days 00:00:00
800,LA30,14.0,30.6282722513089,270.0,43.135966350860144,0.6289827315236751,15.706232264767195,16.335214780838214,30.7819,-90.2021,2018-05-22,2018-05-29,2018-05-22,2018-05-29,DOC_mgL,48.00600000000001,44.45,7 days 00:00:00
801,LA30,15.0,30.6282722513089,270.0,27.76530245283057,0.7563716476907518,26.92642391327816,27.68279603402811,30.7819,-90.2021,2018-06-05,2018-06-12,2018-06-05,2018-06-12,DOC_mgL,67.75704,89.154,7 days 00:00:00
802,LA30,16.0,30.6282722513089,270.0,23.81415363705841,0.5843389834503387,27.52680383633077,28.11114276357607,30.7819,-90.2021,2018-07-10,2018-07-17,2018-07-10,2018-07-17,DOC_mgL,70.66026,71.374,7 days 00:00:00
803,LA30,17.0,30.6282722513089,270.0,3.5700483794604727,0.13729049326704226,4.280041806277194,4.417332220798556,30.7819,-90.2021,2018-08-21,2018-08-28,2018-08-21,2018-08-28,DOC_mgL,34.848800000000004,35.56,7 days 00:00:00
804,LA30,18.0,30.6282722513089,270.0,1.6287785538304809,0.18509113802181107,8.70341277797726,8.8885037283562,30.7819,-90.2021,2018-09-18,2018-09-25,2018-09-18,2018-09-25,DOC_mgL,18.288,15.24,7 days 00:00:00
805,LA30,19.0,30.6282722513089,270.0,2.679786875024615,0.04571970099636638,0.8571771229498913,0.9028968333287014,30.7819,-90.2021,2018-10-09,2018-10-16,2018-10-09,2018-10-16,DOC_mgL,26.34996,46.228,7 days 00:00:00
806,LA30,20.0,30.6282722513089,270.0,12.230831477211272,0.28820279133477167,3.520516118861103,3.8087188171886077,30.7819,-90.2021,2018-11-20,2018-11-27,2018-11-20,2018-11-27,DOC_mgL,5.207,10.414,7 days 00:00:00
807,LA30,21.0,30.6282722513089,270.0,41.91240254904638,0.12984877784228938,1.9408784847947878,2.0707272198978273,30.7819,-90.2021,2020-10-27,2020-11-03,2020-10-27,2020-11-03,rBC_mgL,0.042315,60.45,7 days 00:00:00
808,LA30,22.0,30.6282722513089,270.0,6.687921420192593,0.041108347612136165,0.8430421024333902,0.884150448215828,30.7819,-90.2021,2020-11-03,2020-11-10,2020-11-03,2020-11-10,rBC_mgL,0.00381,2.54,7 days 00:00:00
809,MA01,0.0,41.93717277486911,290.0,71.52329578896256,0.20038390262540848,2.4182975383110854,2.6186814213964618,41.9759,-70.0241,2020-11-10,2020-11-17,2020-11-10,2020-11-17,rBC_mgL,0.037863,18.03,7 days 00:00:00
810,MA01,1.0,41.93717277486911,290.0,18.77921030439822,0.1519956749817999,2.282502259073893,2.434497894682891,41.9759,-70.0241,2020-11-17,2020-11-24,2020-11-17,2020-11-24,rBC_mgL,0.008993999999999999,14.99,7 days 00:00:00
811,MA14,0.0,40.994764397905755,290.0,76.97627459536533,0.21780449258437776,2.6933071095383254,2.911111484324474,41.2897,-70.1751,2020-11-10,2020-11-17,2020-11-10,2020-11-17,rBC_mgL,0.030050999999999998,42.93,7 days 00:00:00
812,MA22,0.0,41.93717277486911,288.75,67.3809871278852,0.53974031335072,6.370811054513082,6.91055124842466,42.3501,-71.1044,2020-10-27,2020-11-03,2020-10-27,2020-11-03,rBC_mgL,0.07742399999999999,64.52,7 days 00:00:00
813,MA22,1.0,41.93717277486911,288.75,67.57122854466752,0.222213500512423,2.752744270703912,2.9749577899513664,42.3501,-71.1044,2020-11-10,2020-11-17,2020-11-10,2020-11-17,rBC_mgL,0.099076,21.08,7 days 00:00:00
814,MA22,2.0,41.93717277486911,288.75,26.033439802697345,0.21085617464397163,2.8313147437404163,3.0421709289868684,42.3501,-71.1044,2020-11-17,2020-11-24,2020-11-17,2020-11-24,rBC_mgL,0.08431999999999999,42.16,7 days 00:00:00
815,MA98,0.0,41.93717277486911,288.75,67.3809871278852,0.53974031335072,6.370811054513082,6.91055124842466,42.2953,-71.134,2020-10-27,2020-11-03,2020-10-27,2020-11-03,rBC_mgL,0.071016,59.18,7 days 00:00:00
816,MD08,0.0,40.0523560209424,281.25,49.900373107481464,0.5556075588866206,7.631215831124805,8.186823397329789,39.7053,-79.0122,2020-10-27,2020-11-03,2020-10-27,2020-11-03,rBC_mgL,0.140208,58.42,7 days 00:00:00
817,MD08,1.0,40.0523560209424,281.25,44.537646581287646,0.1886890853647024,2.445946807594357,2.63463591685352,39.7053,-79.0122,2020-11-10,2020-11-17,2020-11-10,2020-11-17,rBC_mgL,0.08003999999999999,34.8,7 days 00:00:00
818,MD08,2.0,40.0523560209424,281.25,13.940368437713891,0.4106500539530983,6.266572464321395,6.677222384787598,39.7053,-79.0122,2020-11-17,2020-11-24,2020-11-17,2020-11-24,rBC_mgL,0.631568,112.78,7 days 00:00:00
819,MD08,3.0,40.0523560209424,281.25,29.795428889801272,0.20073360837800083,2.7046191290560793,2.905352783393697,39.7053,-79.0122,2020-11-24,2020-12-01,2020-11-24,2020-12-01,rBC_mgL,0.042754999999999994,25.15,7 days 00:00:00
820,MD13,0.0,39.10994764397907,283.75,42.339908671889994,0.5808698378984576,9.546411026332795,10.127281047556288,38.9131,-76.1525,2020-10-27,2020-11-03,2020-10-27,2020-11-03,rBC_mgL,0.277704,95.76,7 days 00:00:00
821,MD13,1.0,39.10994764397907,283.75,81.58217048223875,0.19595153680814892,2.3414547683543727,2.5374062936726896,38.9131,-76.1525,2020-11-10,2020-11-17,2020-11-10,2020-11-17,rBC_mgL,0.035660000000000004,89.15,7 days 00:00:00
822,MD13,2.0,39.10994764397907,283.75,10.079123053855684,0.18466575802162294,2.387580557222077,2.5722462274233173,38.9131,-76.1525,2020-11-17,2020-11-24,2020-11-17,2020-11-24,rBC_mgL,0.060766,13.21,7 days 00:00:00
823,MD15,0.0,38.16753926701571,283.75,23.658593892980683,0.34283760488732284,5.784762879747652,6.127600590604895,37.9925,-76.0345,2020-10-27,2020-11-03,2020-10-27,2020-11-03,rBC_mgL,0.157734,58.42,7 days 00:00:00
824,MD15,1.0,38.16753926701571,283.75,65.75657072146676,0.12514633420213495,1.465096804831114,1.5902431162731414,37.9925,-76.0345,2020-11-10,2020-11-17,2020-11-10,2020-11-17,rBC_mgL,0.06274,62.74,7 days 00:00:00
825,MD18,0.0,38.16753926701571,285.0,26.055490589418135,0.3814498036869065,6.755565895214101,7.137015695973661,38.251,-75.1593,2020-10-27,2020-11-03,2020-10-27,2020-11-03,rBC_mgL,0.12908699999999998,61.47,7 days 00:00:00
826,MD18,1.0,38.16753926701571,285.0,55.722791493808394,0.11986997298083814,1.296825932577128,1.416695910388087,38.251,-75.1593,2020-11-10,2020-11-17,2020-11-10,2020-11-17,rBC_mgL,0.06926399999999999,76.96,7 days 00:00:00
827,MD18,2.0,38.16753926701571,285.0,9.57055580926033,0.05659861668467963,0.6986781181535041,0.7552767195245035,38.251,-75.1593,2020-11-17,2020-11-24,2020-11-17,2020-11-24,rBC_mgL,0.082938,18.03,7 days 00:00:00
828,ME00,0.0,46.64921465968587,292.5,27.359090766099214,0.17067152527196336,2.0726617431547045,2.243333261986507,46.8675,-68.0134,2020-10-27,2020-11-03,2020-10-27,2020-11-03,rBC_mgL,0.00564,9.4,7 days 00:00:00
829,ME00,1.0,46.64921465968587,292.5,17.625690894806922,0.148021417620606,2.181558062322453,2.3295794067228206,46.8675,-68.0134,2020-11-10,2020-11-17,2020-11-10,2020-11-17,rBC_mgL,0.083944,14.99,7 days 00:00:00
830,ME00,2.0,46.64921465968587,292.5,39.04835643531168,0.26596038597461585,4.491754434512389,4.757714840456992,46.8675,-68.0134,2020-11-17,2020-11-24,2020-11-17,2020-11-24,rBC_mgL,0.30024,50.04,7 days 00:00:00
831,ME02,0.0,43.8219895287958,288.75,39.83486002241965,0.17795002452619826,2.457973221944369,2.6359233026764657,44.1075,-70.7289,2020-10-27,2020-11-03,2020-10-27,2020-11-03,rBC_mgL,0.0544,16.0,7 days 00:00:00
832,ME02,1.0,43.8219895287958,288.75,28.95083446614599,0.2261266965179493,3.078370713806983,3.304497329676553,44.1075,-70.7289,2020-11-11,2020-11-17,2020-11-11,2020-11-17,rBC_mgL,0.18225999999999998,35.05,6 days 00:00:00
833,ME02,2.0,43.8219895287958,288.75,34.45202656864876,0.3120683593435286,5.1951604212899065,5.50722890103883,44.1075,-70.7289,2020-11-17,2020-11-24,2020-11-17,2020-11-24,rBC_mgL,0.127059,30.99,7 days 00:00:00
834,ME08,0.0,44.764397905759154,288.75,20.563082890545648,0.17098944787385975,2.2576386413228624,2.4286281114445236,44.4003,-71.0098,2020-10-27,2020-11-03,2020-10-27,2020-11-03,rBC_mgL,0.012545,9.65,7 days 00:00:00
835,ME08,1.0,44.764397905759154,288.75,24.90868557114556,0.22192557033743332,3.049196640686067,3.271122275937538,44.4003,-71.0098,2020-11-10,2020-11-17,2020-11-10,2020-11-17,rBC_mgL,0.128921,27.43,7 days 00:00:00
836,ME09,0.0,45.70680628272251,290.0,19.180872326840515,0.13245743381523709,1.650047363977933,1.7825048286034852,45.4891,-69.6647,2017-01-10,2017-01-17,2017-01-10,2017-01-17,DOC_mgL,7.2009,20.574,7 days 00:00:00
837,ME09,1.0,45.70680628272251,290.0,24.13588820324719,0.36231963376808296,5.460793195757874,5.823112765417083,45.4891,-69.6647,2017-02-23,2017-02-28,2017-02-23,2017-02-28,DOC_mgL,5.6388,18.796,5 days 00:00:00
838,ME09,2.0,45.70680628272251,290.0,19.813418542621864,0.21794165719276007,3.2496833850414095,3.4676250493284453,45.4891,-69.6647,2017-03-21,2017-03-28,2017-03-21,2017-03-28,DOC_mgL,8.10768,14.224,7 days 00:00:00
839,ME09,3.0,45.70680628272251,290.0,17.33442999660717,0.2435826295548761,3.90900089016627,4.152583512988251,45.4891,-69.6647,2017-04-18,2017-04-25,2017-04-18,2017-04-25,DOC_mgL,12.016739999999999,21.082,7 days 00:00:00
840,ME09,4.0,45.70680628272251,290.0,36.166580637519985,0.15770141925729003,2.991863650575466,3.1495650837376488,45.4891,-69.6647,2017-05-09,2017-05-16,2017-05-09,2017-05-16,DOC_mgL,27.5209,50.038,7 days 00:00:00
841,ME09,5.0,45.70680628272251,290.0,33.2443933252935,0.39380320476354147,17.621879194962492,18.015682100969805,45.4891,-69.6647,2017-06-13,2017-06-20,2017-06-13,2017-06-20,DOC_mgL,35.79876,44.196,7 days 00:00:00
842,ME09,6.0,45.70680628272251,290.0,22.00812100111582,0.4444893730425753,16.048755112352264,16.493244694992804,45.4891,-69.6647,2017-07-11,2017-07-18,2017-07-11,2017-07-18,DOC_mgL,46.79442,52.578,7 days 00:00:00
843,ME09,7.0,45.70680628272251,290.0,18.01958847416074,0.3233577486826643,11.307664304904819,11.631021964303434,45.4891,-69.6647,2017-08-08,2017-08-15,2017-08-08,2017-08-15,DOC_mgL,15.646400000000002,7.112,7 days 00:00:00
844,ME09,8.0,45.70680628272251,290.0,92.97501429230692,3.0327692296539484,94.76773805965,97.80050804104522,45.4891,-69.6647,2017-09-05,2017-09-12,2017-09-05,2017-09-12,DOC_mgL,63.032639999999994,33.528,7 days 00:00:00
845,ME09,9.0,45.70680628272251,290.0,29.12476242658002,0.31088844749293165,4.164653731640946,4.475542135333465,45.4891,-69.6647,2017-11-14,2017-11-21,2017-11-14,2017-11-21,DOC_mgL,10.0584,18.288,7 days 00:00:00
846,ME09,10.0,45.70680628272251,290.0,36.16544036404434,0.43039623061802595,5.511838716693029,5.942235061038442,45.4891,-69.6647,2017-12-19,2017-12-27,2017-12-19,2017-12-27,DOC_mgL,35.052,38.1,8 days 00:00:00
847,ME09,11.0,45.70680628272251,290.0,47.451720880609116,0.2806634388840138,3.6160340089673144,3.896697470652608,45.4891,-69.6647,2018-01-02,2018-01-09,2018-01-02,2018-01-09,DOC_mgL,19.6596,43.688,7 days 00:00:00
848,ME09,12.0,45.70680628272251,290.0,31.111593538213356,0.5366159638795923,6.839990015615827,7.3766059250472145,45.4891,-69.6647,2018-02-06,2018-02-13,2018-02-06,2018-02-13,DOC_mgL,11.823699999999999,24.13,7 days 00:00:00
849,ME09,13.0,45.70680628272251,290.0,43.18165063011969,0.056671381674388205,0.8013307509739506,0.8580021154501818,45.4891,-69.6647,2018-03-13,2018-03-20,2018-03-13,2018-03-20,DOC_mgL,11.531600000000001,57.658,7 days 00:00:00
850,ME09,14.0,45.70680628272251,290.0,34.468317317748465,0.603693296329262,9.745145302438724,10.348838486943373,45.4891,-69.6647,2018-04-03,2018-04-10,2018-04-03,2018-04-10,DOC_mgL,1.0922,21.844,7 days 00:00:00
851,ME09,15.0,45.70680628272251,290.0,8.072094455094597,0.2748698889707009,13.810044003580517,14.084913780726605,45.4891,-69.6647,2018-07-10,2018-07-17,2018-07-10,2018-07-17,DOC_mgL,17.87398,7.874,7 days 00:00:00
852,ME09,16.0,45.70680628272251,290.0,12.484035767369555,0.22974847877266905,6.844061985799341,7.073810509543365,45.4891,-69.6647,2018-08-21,2018-08-28,2018-08-21,2018-08-28,DOC_mgL,5.7912,5.08,7 days 00:00:00
853,ME09,17.0,45.70680628272251,290.0,1.4040012127278234,0.16145783657270776,5.150412489855413,5.311870330409769,45.4891,-69.6647,2018-09-18,2018-09-25,2018-09-18,2018-09-25,DOC_mgL,13.070839999999999,15.748,7 days 00:00:00
854,ME09,18.0,45.70680628272251,290.0,38.188285332374505,0.3605781133026484,7.803572740923935,8.164150813792618,45.4891,-69.6647,2018-10-02,2018-10-09,2018-10-02,2018-10-09,DOC_mgL,16.847820000000002,17.018,7 days 00:00:00
855,ME09,19.0,45.70680628272251,290.0,10.203171483045796,0.07923279687157347,0.9624881273890671,1.0417209428492153,45.4891,-69.6647,2018-12-11,2018-12-18,2018-12-11,2018-12-18,DOC_mgL,7.934959999999999,18.034,7 days 00:00:00
856,ME09,20.0,45.70680628272251,290.0,16.190864232923374,0.18481701039770934,2.342040460111431,2.5268575021244626,45.4891,-69.6647,2020-10-27,2020-11-03,2020-10-27,2020-11-03,rBC_mgL,0.018494,13.21,7 days 00:00:00
857,ME09,21.0,45.70680628272251,290.0,19.18498133377522,0.2108570404522512,2.912567178257365,3.123424210677711,45.4891,-69.6647,2020-11-10,2020-11-17,2020-11-10,2020-11-17,rBC_mgL,0.11988,29.97,7 days 00:00:00
858,ME94,0.0,45.70680628272251,292.5,38.24122264131091,0.2360785942667114,2.8505742322573537,3.0866527732446554,45.2436,-67.6308,2020-10-27,2020-11-04,2020-10-27,2020-11-04,rBC_mgL,0.03226,32.26,8 days 00:00:00
859,ME94,1.0,45.70680628272251,292.5,22.10574949450539,0.17487018233599366,2.431430911199305,2.6063010841312004,45.2436,-67.6308,2020-11-10,2020-11-17,2020-11-10,2020-11-17,rBC_mgL,0.03302,16.51,7 days 00:00:00
860,ME98,0.0,44.764397905759154,291.25,30.989869427422434,0.20431475365592056,2.558001750484837,2.7623165375125716,44.3772,-68.2608,2020-10-27,2020-11-03,2020-10-27,2020-11-03,rBC_mgL,0.096118,43.69,7 days 00:00:00
861,ME98,1.0,44.764397905759154,291.25,33.44862817303354,0.23033463847012195,3.377178039603524,3.607512579916079,44.3772,-68.2608,2020-11-17,2020-11-24,2020-11-17,2020-11-24,rBC_mgL,0.06392,18.8,7 days 00:00:00
862,MI09,0.0,45.70680628272251,275.0,62.29982130339096,0.5898092176280771,9.475205344552235,10.065014549153624,45.5608,-84.6783,2020-11-10,2020-11-17,2020-11-10,2020-11-17,rBC_mgL,0.26719600000000004,39.88,7 days 00:00:00
863,MI26,0.0,42.87958115183247,275.0,4.926575547597516,0.02801127868313337,0.3906299211504294,0.4186411969928366,42.4103,-85.3928,2020-10-27,2020-11-03,2020-10-27,2020-11-03,rBC_mgL,0.062601,8.13,7 days 00:00:00
864,MI26,1.0,42.87958115183247,275.0,15.122983660453837,0.40625028741416225,7.226281662896933,7.632531855757824,42.4103,-85.3928,2020-11-10,2020-11-17,2020-11-10,2020-11-17,rBC_mgL,0.179235,28.45,7 days 00:00:00
865,MI26,2.0,42.87958115183247,275.0,4.627518237199091,0.024202221882965846,0.273070300089286,0.29727252749303423,42.4103,-85.3928,2020-11-17,2020-11-24,2020-11-17,2020-11-24,rBC_mgL,0.037931,4.57,7 days 00:00:00
866,MI26,3.0,42.87958115183247,275.0,26.319267827013125,0.26662204509000353,4.222760838957499,4.4893829853256655,42.4103,-85.3928,2020-11-24,2020-12-01,2020-11-24,2020-12-01,rBC_mgL,0.124333,13.97,7 days 00:00:00
867,MI48,0.0,46.64921465968587,273.75,50.81811179463713,0.6306525957217642,10.15480029303243,10.78545265910391,46.2889,-85.9504,2020-11-10,2020-11-17,2020-11-10,2020-11-17,rBC_mgL,0.599016,68.07,7 days 00:00:00
868,MI51,0.0,43.8219895287958,276.25,2.189704845898568,0.11499250494383746,1.7878493032709961,1.9028418606417685,43.6135,-83.3599,2020-10-27,2020-11-03,2020-10-27,2020-11-03,rBC_mgL,0.05588,6.35,7 days 00:00:00
869,MI51,1.0,43.8219895287958,276.25,18.37541199191106,0.41428255599001207,7.020378121219174,7.434660890246782,43.6135,-83.3599,2020-11-10,2020-11-17,2020-11-10,2020-11-17,rBC_mgL,0.085852,16.51,7 days 00:00:00
870,MI51,2.0,43.8219895287958,276.25,25.77116451391026,0.20028911918711545,2.807802483706604,3.008091557830891,43.6135,-83.3599,2020-11-24,2020-12-01,2020-11-24,2020-12-01,rBC_mgL,0.10608199999999998,18.29,7 days 00:00:00
871,MI52,0.0,42.87958115183247,276.25,6.849129235078094,0.07427726052778216,1.0895537815589795,1.1638310739946887,42.4164,-83.9019,2020-10-27,2020-11-03,2020-10-27,2020-11-03,rBC_mgL,0.030479999999999997,6.35,7 days 00:00:00
872,MI52,1.0,42.87958115183247,276.25,17.92051837963271,0.41314488846634806,7.362076584298272,7.775221447150344,42.4164,-83.9019,2020-11-10,2020-11-17,2020-11-10,2020-11-17,rBC_mgL,0.216918,18.54,7 days 00:00:00
873,MI53,0.0,43.8219895287958,273.75,29.153614917576398,0.6547353954601045,11.621232404881543,12.27596803803527,44.2242,-85.8186,2020-11-10,2020-11-17,2020-11-10,2020-11-17,rBC_mgL,0.6100380000000001,38.61,7 days 00:00:00
874,MI53,1.0,43.8219895287958,273.75,28.59079221438354,0.22831128501609826,2.9115901879829353,3.139901407641459,44.2242,-85.8186,2020-11-24,2020-12-01,2020-11-24,2020-12-01,rBC_mgL,0.16016,24.64,7 days 00:00:00
875,MI99,0.0,46.64921465968587,271.25,1.917118296325404,0.033503144755012294,0.6226739446323417,0.6561770955999595,47.1046,-88.5516,2020-10-27,2020-11-03,2020-10-27,2020-11-03,rBC_mgL,0.0067079999999999996,5.59,7 days 00:00:00
876,MI99,1.0,46.64921465968587,271.25,2.262162652381244,0.03879014940313785,0.6411450466257181,0.6799352101813545,47.1046,-88.5516,2020-11-03,2020-11-10,2020-11-03,2020-11-10,rBC_mgL,0.056007,8.89,7 days 00:00:00
877,MI99,2.0,46.64921465968587,271.25,22.969224989211057,0.5696057338202675,10.54955453287567,11.11916033797681,47.1046,-88.5516,2020-11-10,2020-11-17,2020-11-10,2020-11-17,rBC_mgL,0.303952,34.54,7 days 00:00:00
878,MN01,0.0,45.70680628272251,266.25,10.019504061931084,0.10388687976076297,2.0331614594262684,2.137048306400766,45.4017,-93.2031,2020-11-10,2020-11-17,2020-11-10,2020-11-17,rBC_mgL,0.059699999999999996,23.88,7 days 00:00:00
879,MN08,0.0,47.591623036649224,270.0,2.082259859487179,0.06149566271256001,1.0574727204641323,1.1189683679513491,47.8471,-89.965,2020-10-27,2020-11-03,2020-10-27,2020-11-03,rBC_mgL,0.0009149999999999999,3.05,7 days 00:00:00
880,MN08,1.0,47.591623036649224,270.0,8.898369548136065,0.14451591507127157,2.685858213108756,2.8303740619674094,47.8471,-89.965,2020-11-03,2020-11-10,2020-11-03,2020-11-10,rBC_mgL,0.096714,11.94,7 days 00:00:00
881,MN08,2.0,47.591623036649224,270.0,14.784005609325135,0.4821419079167324,8.785199716136727,9.267341587095718,47.8471,-89.965,2020-11-10,2020-11-17,2020-11-10,2020-11-17,rBC_mgL,0.048348,14.22,7 days 00:00:00
882,MN16,0.0,47.591623036649224,266.25,4.498130233387965,0.06372792811038322,2.44081192445067,2.5045398786144313,47.5311,-93.4686,2008-07-11,2008-07-16,2008-07-11,2008-07-16,DOC_mgL,77.456,18.8,5 days 00:00:00
883,MN16,1.0,47.591623036649224,266.25,70.39925179158635,0.5124433705985202,26.072643690908116,26.585087144204156,47.5311,-93.4686,2008-07-16,2008-07-22,2008-07-16,2008-07-22,DOC_mgL,89.585,43.7,6 days 00:00:00
884,MN16,2.0,47.591623036649224,266.25,4.14481908510324,0.11807307667308402,4.682256091335159,4.800329132020186,47.5311,-93.4686,2008-07-22,2008-07-29,2008-07-22,2008-07-29,DOC_mgL,50.14,4.6,7 days 00:00:00
885,MN16,3.0,47.591623036649224,266.25,20.398528032276356,0.3305907884993285,10.962828270269014,11.293418877112781,47.5311,-93.4686,2008-07-29,2008-08-13,2008-07-29,2008-08-13,DOC_mgL,62.946,23.4,15 days 00:00:00
886,MN16,4.0,47.591623036649224,266.25,0.6277441085195147,0.01627672077488954,0.8585534725398009,0.8748301905336449,47.5311,-93.4686,2008-08-13,2008-08-18,2008-08-13,2008-08-18,DOC_mgL,58.620999999999995,6.1,5 days 00:00:00
887,MN16,6.0,47.591623036649224,266.25,11.693738243763569,0.33607238233743464,10.509546360394115,10.845618371409595,47.5311,-93.4686,2008-08-18,2008-09-03,2008-08-18,2008-09-03,DOC_mgL,107.85600000000001,11.2,16 days 00:00:00
888,MN16,7.0,47.591623036649224,266.25,7.615252128065353,0.11868522612455429,2.7196349537640314,2.838320245241582,47.5311,-93.4686,2008-09-03,2008-09-09,2008-09-03,2008-09-09,DOC_mgL,39.04,16.0,6 days 00:00:00
889,MN16,8.0,47.591623036649224,266.25,50.90066777928559,0.5043895828836606,10.959240142336194,11.46362955616563,47.5311,-93.4686,2008-09-09,2008-09-12,2008-09-09,2008-09-12,DOC_mgL,26.717999999999996,6.1,3 days 00:00:00
890,MN16,9.0,47.591623036649224,266.25,18.566158132646628,0.10520901924958273,1.9444603554565563,2.049669409614736,47.5311,-93.4686,2008-09-12,2008-09-16,2008-09-12,2008-09-16,DOC_mgL,29.160000000000004,21.6,4 days 00:00:00
891,MN16,10.0,47.591623036649224,266.25,3.7839636020752376,0.1701752458747195,5.020705630234403,5.190880982922279,47.5311,-93.4686,2008-09-16,2008-09-25,2008-09-16,2008-09-25,DOC_mgL,16.836,4.6,9 days 00:00:00
892,MN16,11.0,47.591623036649224,266.25,40.76183700321032,1.3198469055142292,28.930635485931187,30.25048231527498,47.5311,-93.4686,2008-09-25,2008-10-09,2008-09-25,2008-10-09,DOC_mgL,63.60300000000001,19.1,14 days 00:00:00
893,MN16,12.0,47.591623036649224,266.25,31.173792846717063,0.3825084962883135,9.408487380586223,9.790995928469007,47.5311,-93.4686,2008-10-09,2008-10-14,2008-10-09,2008-10-14,DOC_mgL,46.127,19.3,5 days 00:00:00
894,MN16,13.0,47.591623036649224,266.25,14.621784540166244,0.2923789040846346,6.137825605343917,6.430204447090306,47.5311,-93.4686,2008-10-14,2008-10-28,2008-10-14,2008-10-28,DOC_mgL,39.928,43.4,14 days 00:00:00
895,MN16,14.0,47.591623036649224,266.25,2.656650791621769,0.07284987163214272,1.1318690217456617,1.2047189074290672,47.5311,-93.4686,2008-10-28,2008-11-06,2008-10-28,2008-11-06,DOC_mgL,34.05,15.0,9 days 00:00:00
896,MN16,15.0,47.591623036649224,266.25,18.81953928375424,0.2508298881098714,4.781202733727952,5.032032790452945,47.5311,-93.4686,2008-11-06,2008-11-07,2008-11-06,2008-11-07,DOC_mgL,40.400999999999996,20.1,1 days 00:00:00
897,MN16,16.0,47.591623036649224,266.25,134.87910881059042,2.755749975037873,44.72059117259408,47.476341222563605,47.5311,-93.4686,2008-11-07,2009-03-23,2008-11-07,2009-03-23,DOC_mgL,7.297999999999999,4.1,136 days 00:00:00
898,MN16,17.0,47.591623036649224,266.25,33.70035847183317,1.282585650186352,22.56749587203899,23.850082009335694,47.5311,-93.4686,2009-03-23,2009-03-25,2009-03-23,2009-03-25,DOC_mgL,43.0,50.0,2 days 00:00:00
899,MN16,18.0,47.591623036649224,266.25,30.064104659277554,0.7745129683769897,12.797859297033991,13.572371945616768,47.5311,-93.4686,2009-03-25,2009-04-08,2009-03-25,2009-04-08,DOC_mgL,17.513,21.1,14 days 00:00:00
900,MN16,19.0,47.591623036649224,266.25,22.253483915475428,0.46355355284706445,9.318549218790782,9.782102711535936,47.5311,-93.4686,2009-04-08,2009-04-27,2009-04-08,2009-04-27,DOC_mgL,32.802,23.1,19 days 00:00:00
901,MN16,20.0,47.591623036649224,266.25,2.9997900755418527,0.04137058247247281,0.8220373648871582,0.8634079426026939,47.5311,-93.4686,2009-04-27,2009-04-30,2009-04-27,2009-04-30,DOC_mgL,30.956,10.9,3 days 00:00:00
902,MN16,21.0,47.591623036649224,266.25,4.7657787480392955,0.18353775587050833,2.595530403848485,2.7790681345529666,47.5311,-93.4686,2009-04-30,2009-05-06,2009-04-30,2009-05-06,DOC_mgL,15.907999999999998,9.7,6 days 00:00:00
903,MN16,22.0,47.591623036649224,266.25,12.243185435217852,0.349362032809079,5.702552395916993,6.051914366519973,47.5311,-93.4686,2009-05-06,2009-05-15,2009-05-06,2009-05-15,DOC_mgL,18.87,10.2,9 days 00:00:00
904,MN16,23.0,47.591623036649224,266.25,4.154236813747048,0.10705225085300835,2.010745679334458,2.117797949507949,47.5311,-93.4686,2009-05-15,2009-05-17,2009-05-15,2009-05-17,DOC_mgL,57.33899999999999,27.7,2 days 00:00:00
905,MN16,24.0,47.591623036649224,266.25,16.865559449906478,0.5939277131315892,12.180085958603467,12.774013744735726,47.5311,-93.4686,2009-05-17,2009-06-01,2009-05-17,2009-06-01,DOC_mgL,58.446999999999996,27.7,15 days 00:00:00
906,MN16,25.0,47.591623036649224,266.25,11.483024980085688,0.1925810837947843,3.536244128771182,3.7288251642647596,47.5311,-93.4686,2009-06-01,2009-06-08,2009-06-01,2009-06-08,DOC_mgL,66.92899999999999,12.7,7 days 00:00:00
907,MN16,26.0,47.591623036649224,266.25,26.848425204661908,0.14450881741234767,4.067529413287474,4.21203811828974,47.5311,-93.4686,2009-06-08,2009-06-09,2009-06-08,2009-06-09,DOC_mgL,29.29,5.8,1 days 00:00:00
908,MN16,27.0,47.591623036649224,266.25,36.74459721488279,0.477095121783201,10.316668756782388,10.793763874101387,47.5311,-93.4686,2009-06-09,2009-06-19,2009-06-09,2009-06-19,DOC_mgL,12.316999999999998,10.9,10 days 00:00:00
909,MN16,28.0,47.591623036649224,266.25,7.2184289233945265,0.07769605369235127,2.53098190530765,2.608677992371744,47.5311,-93.4686,2009-06-19,2009-06-22,2009-06-19,2009-06-22,DOC_mgL,24.411,7.9,3 days 00:00:00
910,MN16,29.0,47.591623036649224,266.25,16.91307893773987,0.38786050922672277,17.267367867958463,17.655228700656902,47.5311,-93.4686,2009-06-22,2009-06-29,2009-06-22,2009-06-29,DOC_mgL,25.194,11.4,7 days 00:00:00
911,MN16,30.0,47.591623036649224,266.25,19.28882689437583,0.3946522680882288,15.390727631523067,15.785380186381426,47.5311,-93.4686,2009-06-29,2009-07-15,2009-06-29,2009-07-15,DOC_mgL,24.166,8.6,16 days 00:00:00
912,MN16,31.0,47.591623036649224,266.25,5.684283938919843,0.08363147688410819,4.129637295796282,4.213268855286431,47.5311,-93.4686,2009-07-15,2009-07-21,2009-07-15,2009-07-21,DOC_mgL,51.054,20.1,6 days 00:00:00
913,MN16,32.0,47.591623036649224,266.25,17.431597514239172,0.09258025205835518,3.270419260403834,3.362999528855326,47.5311,-93.4686,2009-07-21,2009-07-23,2009-07-21,2009-07-23,DOC_mgL,49.324,23.6,2 days 00:00:00
914,MN16,33.0,47.591623036649224,266.25,1.0409716544756975,0.012473603400176003,0.5971747346622536,0.6096483567974431,47.5311,-93.4686,2009-07-23,2009-07-24,2009-07-23,2009-07-24,DOC_mgL,9.158,3.8,1 days 00:00:00
915,MN16,34.0,47.591623036649224,266.25,21.302255088695432,0.10267064493507325,6.070553503628728,6.173224188082971,47.5311,-93.4686,2009-07-24,2009-08-01,2009-07-24,2009-08-01,DOC_mgL,23.876,18.8,8 days 00:00:00
916,MN16,35.0,47.591623036649224,266.25,9.803459573731743,0.09691665360869739,3.284726890484535,3.381643640110177,47.5311,-93.4686,2009-08-01,2009-08-03,2009-08-01,2009-08-03,DOC_mgL,33.572,21.8,2 days 00:00:00
917,MN16,36.0,47.591623036649224,266.25,5.476683059857379,0.2708270358220107,8.549140803094934,8.819967924761363,47.5311,-93.4686,2009-08-03,2009-08-10,2009-08-03,2009-08-10,DOC_mgL,61.471999999999994,27.2,7 days 00:00:00
918,MN16,37.0,47.591623036649224,266.25,3.360709818678056,0.15707906927690177,4.850287691892264,5.0073666925777935,47.5311,-93.4686,2009-08-10,2009-08-19,2009-08-10,2009-08-19,DOC_mgL,21.359,5.3,9 days 00:00:00
919,MN16,38.0,47.591623036649224,266.25,30.269415415773437,0.4698472454850444,9.194514549726307,9.664362010664007,47.5311,-93.4686,2009-08-19,2009-08-21,2009-08-19,2009-08-21,DOC_mgL,100.562,65.3,2 days 00:00:00
920,MN16,39.0,47.591623036649224,266.25,9.549426913275099,0.19575980660936568,7.758423773609444,7.954183477362023,47.5311,-93.4686,2009-08-21,2009-09-01,2009-08-21,2009-09-01,DOC_mgL,25.787,10.7,11 days 00:00:00
921,MN16,40.0,47.591623036649224,266.25,31.478693901281467,0.996049476527208,18.77711133717339,19.773160820980042,47.5311,-93.4686,2009-09-01,2009-09-28,2009-09-01,2009-09-28,DOC_mgL,21.46,7.4,27 days 00:00:00
922,MN16,41.0,47.591623036649224,266.25,15.153704658668136,0.09767247733261791,2.378882784509484,2.4765551968550237,47.5311,-93.4686,2009-09-28,2009-10-05,2009-09-28,2009-10-05,DOC_mgL,24.32,3.8,7 days 00:00:00
923,MN16,42.0,47.591623036649224,266.25,10.803385233204565,0.07494166533677073,1.3430747556589153,1.4180164282042753,47.5311,-93.4686,2009-10-05,2009-10-14,2009-10-05,2009-10-14,DOC_mgL,25.296,10.2,9 days 00:00:00
924,MN16,43.0,47.591623036649224,266.25,7.56679997694909,0.1829234334317642,2.8643227824743516,3.0472462205898694,47.5311,-93.4686,2009-10-14,2009-10-19,2009-10-14,2009-10-19,DOC_mgL,17.088,4.8,5 days 00:00:00
925,MN16,44.0,47.591623036649224,266.25,16.42066254810004,0.07178334692406321,1.1263919877878803,1.1981753277046092,47.5311,-93.4686,2009-10-19,2009-10-22,2009-10-19,2009-10-22,DOC_mgL,16.91,8.9,3 days 00:00:00
926,MN16,45.0,47.591623036649224,266.25,6.838177177304061,0.09238672210956934,2.1259229664918773,2.2183096938889766,47.5311,-93.4686,2009-10-22,2009-10-26,2009-10-22,2009-10-26,DOC_mgL,16.82,14.5,4 days 00:00:00
927,MN16,46.0,47.591623036649224,266.25,30.767250620034048,0.3922539386932985,6.642830348239435,7.035084402563395,47.5311,-93.4686,2009-10-26,2009-11-02,2009-10-26,2009-11-02,DOC_mgL,21.410999999999998,11.7,7 days 00:00:00
928,MN16,47.0,47.591623036649224,266.25,10.57081763947633,0.2283717170154316,4.107303701858889,4.335675407311242,47.5311,-93.4686,2009-11-02,2009-11-12,2009-11-02,2009-11-12,DOC_mgL,36.437,43.9,10 days 00:00:00
929,MN16,48.0,47.591623036649224,266.25,13.105787501793698,0.3501928731372561,6.240781916244664,6.590974691023099,47.5311,-93.4686,2009-11-12,2009-11-16,2009-11-12,2009-11-16,DOC_mgL,9.893999999999998,5.1,4 days 00:00:00
930,MN16,49.0,47.591623036649224,266.25,105.79078728648538,1.783390880538812,24.076040245791134,25.859431429087294,47.5311,-93.4686,2009-11-16,2010-03-12,2009-11-16,2010-03-12,DOC_mgL,26.375,21.1,116 days 00:00:00
931,MN16,50.0,47.591623036649224,266.25,14.861733860510595,0.6960473678676242,10.764123684896457,11.460171197974155,47.5311,-93.4686,2010-03-12,2010-03-29,2010-03-12,2010-03-29,DOC_mgL,18.468000000000004,11.4,17 days 00:00:00
932,MN16,51.0,47.591623036649224,266.25,41.494184685505125,0.650033217031555,9.588977868723166,10.239010886276763,47.5311,-93.4686,2010-03-29,2010-04-27,2010-03-29,2010-04-27,DOC_mgL,3.3600000000000003,3.0,29 days 00:00:00
933,MN16,52.0,47.591623036649224,266.25,6.275486801760044,0.15953189007860658,2.579982349644466,2.7395141636121156,47.5311,-93.4686,2010-04-27,2010-05-01,2010-04-27,2010-05-01,DOC_mgL,10.191,4.3,4 days 00:00:00
934,MN16,53.0,47.591623036649224,266.25,2.745991613295473,0.0779482088250627,0.9285570312655977,1.0065052166718935,47.5311,-93.4686,2010-05-01,2010-05-03,2010-05-01,2010-05-03,DOC_mgL,97.858,22.6,2 days 00:00:00
935,MN16,54.0,47.591623036649224,266.25,1.9684742827763557,0.07532848485605759,0.8970959787524269,0.9724244659503611,47.5311,-93.4686,2010-05-03,2010-05-06,2010-05-03,2010-05-06,DOC_mgL,5.88,5.6,3 days 00:00:00
936,MN16,55.0,47.591623036649224,266.25,10.331946830888228,0.0395227188866934,0.87838622001013,0.9179089347985392,47.5311,-93.4686,2010-05-06,2010-05-09,2010-05-06,2010-05-09,DOC_mgL,16.188,7.6,3 days 00:00:00
937,MN16,56.0,47.591623036649224,266.25,14.379469573455594,0.2282003525475528,4.165372131589851,4.393572627979861,47.5311,-93.4686,2010-05-09,2010-05-14,2010-05-09,2010-05-14,DOC_mgL,7.167999999999999,22.4,5 days 00:00:00
938,MN16,57.0,47.591623036649224,266.25,4.452480405083007,0.21183270652503536,4.047941095758461,4.259773724086665,47.5311,-93.4686,2010-05-14,2010-05-24,2010-05-14,2010-05-24,DOC_mgL,6.231999999999999,15.2,10 days 00:00:00
939,MN16,58.0,47.591623036649224,266.25,36.36642910788986,0.3150864906781822,7.274708207982339,7.589794756713525,47.5311,-93.4686,2010-05-24,2010-06-07,2010-05-24,2010-06-07,DOC_mgL,55.25,13.0,14 days 00:00:00
940,MN16,59.0,47.591623036649224,266.25,10.043019914446338,0.10152105308757625,1.954560432254615,2.0560815362780094,47.5311,-93.4686,2010-06-07,2010-06-09,2010-06-07,2010-06-09,DOC_mgL,24.544,20.8,2 days 00:00:00
941,MN16,60.0,47.591623036649224,266.25,43.4079228050166,0.39871768113715345,13.520174736020296,13.918892713404851,47.5311,-93.4686,2010-06-09,2010-06-14,2010-06-09,2010-06-14,DOC_mgL,35.623999999999995,12.2,5 days 00:00:00
942,MN16,61.0,47.591623036649224,266.25,18.40382085127601,0.1050498941741057,5.466876801252241,5.571926570135943,47.5311,-93.4686,2010-06-14,2010-06-16,2010-06-14,2010-06-16,DOC_mgL,15.239999999999998,12.7,2 days 00:00:00
943,MN16,62.0,47.591623036649224,266.25,1.8035808082704496,0.03198382906178382,0.9948414342320078,1.0268252872980277,47.5311,-93.4686,2010-06-16,2010-06-18,2010-06-16,2010-06-18,DOC_mgL,25.584,20.8,2 days 00:00:00
944,MN16,63.0,47.591623036649224,266.25,8.604464041073179,0.11908638382048323,3.4836390959414043,3.602725333687329,47.5311,-93.4686,2010-06-18,2010-06-22,2010-06-18,2010-06-22,DOC_mgL,16.422,11.9,4 days 00:00:00
945,MN16,64.0,47.591623036649224,266.25,8.942131166733702,0.19900646365186847,6.972008595451662,7.171015056761654,47.5311,-93.4686,2010-06-22,2010-06-25,2010-06-22,2010-06-25,DOC_mgL,16.992,23.6,3 days 00:00:00
946,MN16,65.0,47.591623036649224,266.25,20.698403845623766,0.4804165969280629,14.970192414204035,15.450609258771838,47.5311,-93.4686,2010-06-25,2010-07-04,2010-06-25,2010-07-04,DOC_mgL,21.783,13.7,9 days 00:00:00
947,MN16,66.0,47.591623036649224,266.25,25.562317359639763,0.1451099174414744,5.295048980530348,5.440159004527212,47.5311,-93.4686,2010-07-04,2010-07-06,2010-07-04,2010-07-06,DOC_mgL,301.07,39.1,2 days 00:00:00
948,MN16,67.0,47.591623036649224,266.25,7.748538065577293,0.09201241456380085,3.3654187422201174,3.457431113184761,47.5311,-93.4686,2010-07-06,2010-07-12,2010-07-06,2010-07-12,DOC_mgL,17.526,6.9,6 days 00:00:00
949,MN16,68.0,47.591623036649224,266.25,0.004453578006380354,9.411417294161924e-05,0.009868472593359798,0.0099625866188621,47.5311,-93.4686,2010-07-12,2010-07-14,2010-07-12,2010-07-14,DOC_mgL,16.471999999999998,5.8,2 days 00:00:00
950,MN16,69.0,47.591623036649224,266.25,7.1918409192836545,0.19395717375941812,8.437128789368087,8.631086183263914,47.5311,-93.4686,2010-07-14,2010-07-19,2010-07-14,2010-07-19,DOC_mgL,38.766000000000005,21.3,5 days 00:00:00
951,MN16,70.0,47.591623036649224,266.25,0.1960153579450008,0.005624177295757149,0.314402229251165,0.3200264053759838,47.5311,-93.4686,2010-07-19,2010-07-20,2010-07-19,2010-07-20,DOC_mgL,26.186999999999998,4.3,1 days 00:00:00
952,MN16,71.0,47.591623036649224,266.25,13.181565383213467,0.2162080732710011,9.962487597381386,10.17869553643358,47.5311,-93.4686,2010-07-20,2010-07-26,2010-07-20,2010-07-26,DOC_mgL,34.884,11.4,6 days 00:00:00
953,MN16,72.0,47.591623036649224,266.25,7.634703440601021,0.09702944073208819,3.4416072242082763,3.5386365337952697,47.5311,-93.4686,2010-07-26,2010-07-28,2010-07-26,2010-07-28,DOC_mgL,60.029999999999994,29.0,2 days 00:00:00
954,MN16,73.0,47.591623036649224,266.25,3.3780116396597837,0.24739729486743106,7.577928222395233,7.825325544193531,47.5311,-93.4686,2010-07-28,2010-08-02,2010-07-28,2010-08-02,DOC_mgL,35.144999999999996,9.9,5 days 00:00:00
955,MN16,74.0,47.591623036649224,266.25,6.042616286980932,0.2938160546892693,6.466672559934938,6.760488643897666,47.5311,-93.4686,2010-08-02,2010-08-09,2010-08-02,2010-08-09,DOC_mgL,184.708,75.7,7 days 00:00:00
956,MN16,75.0,47.591623036649224,266.25,0.5402895563569321,0.02833055469907142,1.4560521850726094,1.4843827479682492,47.5311,-93.4686,2010-08-09,2010-08-11,2010-08-09,2010-08-11,DOC_mgL,72.263,12.7,2 days 00:00:00
957,MN16,76.0,47.591623036649224,266.25,16.67895644641981,0.24965044114009377,11.11683119933704,11.366481442003085,47.5311,-93.4686,2010-08-11,2010-08-16,2010-08-11,2010-08-16,DOC_mgL,36.89,17.0,5 days 00:00:00
958,MN16,77.0,47.591623036649224,266.25,0.2313523500774295,0.0011007163549156258,0.02827551005835094,0.02937622664653944,47.5311,-93.4686,2010-08-16,2010-08-18,2010-08-16,2010-08-18,DOC_mgL,32.704,6.4,2 days 00:00:00
959,MN16,78.0,47.591623036649224,266.25,14.24609981092173,0.43188382313769313,16.13792833641761,16.569812540696695,47.5311,-93.4686,2010-08-18,2010-08-22,2010-08-18,2010-08-22,DOC_mgL,18.36,3.6,4 days 00:00:00
960,MN16,79.0,47.591623036649224,266.25,0.03763022775570002,0.0008208892597968887,0.03505728688532408,0.03587817643764115,47.5311,-93.4686,2010-08-22,2010-08-24,2010-08-22,2010-08-24,DOC_mgL,73.622,26.2,2 days 00:00:00
961,MN16,80.0,47.591623036649224,266.25,11.108313131387357,0.1949861652532977,6.81177823368658,7.006764263090451,47.5311,-93.4686,2010-08-24,2010-09-01,2010-08-24,2010-09-01,DOC_mgL,63.5,12.7,8 days 00:00:00
962,MN16,81.0,47.591623036649224,266.25,0.2260342633064738,0.0028508786152105225,0.0817353934534637,0.08458627236140881,47.5311,-93.4686,2010-09-01,2010-09-02,2010-09-01,2010-09-02,DOC_mgL,33.11,8.6,1 days 00:00:00
963,MN16,82.0,47.591623036649224,266.25,28.199636870943067,0.28908382555778095,8.147420013234168,8.436503765238955,47.5311,-93.4686,2010-09-02,2010-09-07,2010-09-02,2010-09-07,DOC_mgL,26.832,8.6,5 days 00:00:00
964,MN16,83.0,47.591623036649224,266.25,49.516681300109774,0.8185597738584075,25.46156445681902,26.28012456780876,47.5311,-93.4686,2010-09-07,2010-09-13,2010-09-07,2010-09-13,DOC_mgL,69.741,28.7,6 days 00:00:00
965,MN16,84.0,47.591623036649224,266.25,29.030241004790458,0.09153744579174947,2.6488726242226215,2.740410114359078,47.5311,-93.4686,2010-09-13,2010-09-20,2010-09-13,2010-09-20,DOC_mgL,37.044000000000004,19.6,7 days 00:00:00
966,MN16,85.0,47.591623036649224,266.25,2.8513292718912453,0.11089970426356177,4.3783082159798425,4.489207805491446,47.5311,-93.4686,2010-09-20,2010-09-23,2010-09-20,2010-09-23,DOC_mgL,17.433999999999997,4.6,3 days 00:00:00
967,MN16,86.0,47.591623036649224,266.25,37.026809701501406,0.27669811432330316,6.836112123251303,7.112810261871577,47.5311,-93.4686,2010-09-23,2010-09-26,2010-09-23,2010-09-26,DOC_mgL,24.64,5.6,3 days 00:00:00
968,MN16,87.0,47.591623036649224,266.25,0.0327542776885556,0.00021224137870809695,0.005150915048022808,0.005363156316813057,47.5311,-93.4686,2010-09-26,2010-09-29,2010-09-26,2010-09-29,DOC_mgL,36.192,31.2,3 days 00:00:00
969,MN16,88.0,47.591623036649224,266.25,13.605571034111712,0.4639072454387704,7.850485417169377,8.314392584347342,47.5311,-93.4686,2010-09-29,2010-10-25,2010-09-29,2010-10-25,DOC_mgL,13.872,4.8,26 days 00:00:00
970,MN16,89.0,47.591623036649224,266.25,6.818661859142594,0.08635934467537965,1.3430597634034314,1.4294191830188652,47.5311,-93.4686,2010-10-25,2010-10-26,2010-10-25,2010-10-26,DOC_mgL,49.29600000000001,7.9,1 days 00:00:00
971,MN16,90.0,47.591623036649224,266.25,20.5424270234289,0.2954658143150546,4.40372518450971,4.699191036294792,47.5311,-93.4686,2010-10-26,2010-10-27,2010-10-26,2010-10-27,DOC_mgL,24.511000000000003,19.3,1 days 00:00:00
972,MN16,91.0,47.591623036649224,266.25,65.74023812779537,1.0057556423048863,17.39632627893047,18.40208167906088,47.5311,-93.4686,2010-10-27,2010-11-29,2010-10-27,2010-11-29,DOC_mgL,42.042,46.2,33 days 00:00:00
973,MN16,92.0,47.591623036649224,266.25,9.0362677980238,0.22567876005463727,3.2187056020482885,3.444384352735419,47.5311,-93.4686,2010-11-29,2010-12-02,2010-11-29,2010-12-02,DOC_mgL,37.901,25.1,3 days 00:00:00
974,MN16,93.0,47.591623036649224,266.25,4.855321591216988,0.02399541412120262,0.4493452878325201,0.4733407051806647,47.5311,-93.4686,2010-12-02,2010-12-13,2010-12-02,2010-12-13,DOC_mgL,12.75,10.2,11 days 00:00:00
975,MN16,94.0,47.591623036649224,266.25,7.572372607655975,0.19668896226256874,2.7602968674137287,2.956985802598357,47.5311,-93.4686,2010-12-13,2010-12-22,2010-12-13,2010-12-22,DOC_mgL,21.508,7.6,9 days 00:00:00
976,MN16,95.0,47.591623036649224,266.25,26.438576598630455,0.36130022774723203,4.9847887791219865,5.346089092160078,47.5311,-93.4686,2010-12-22,2011-01-03,2010-12-22,2011-01-03,DOC_mgL,13.425999999999998,13.7,12 days 00:00:00
977,MN16,96.0,47.591623036649224,266.25,6.412474565117843,0.054354071576775215,0.8177705716285627,0.8721246301420124,47.5311,-93.4686,2011-01-03,2011-01-11,2011-01-03,2011-01-11,DOC_mgL,34.397999999999996,37.8,8 days 00:00:00
978,MN16,97.0,47.591623036649224,266.25,12.52046984170363,0.2653261652819897,4.02014783586614,4.285473857639573,47.5311,-93.4686,2011-01-11,2011-01-19,2011-01-11,2011-01-19,DOC_mgL,2.07,1.5,8 days 00:00:00
979,MN16,98.0,47.591623036649224,266.25,2.846385154051112,0.02675967216979086,0.4246538551464125,0.4514135282858867,47.5311,-93.4686,2011-01-19,2011-01-24,2011-01-19,2011-01-24,DOC_mgL,6.715,7.9,5 days 00:00:00
980,MN16,99.0,47.591623036649224,266.25,6.753396050385163,0.09375237488196045,1.4946704673750832,1.5884228536005087,47.5311,-93.4686,2011-01-24,2011-01-31,2011-01-24,2011-01-31,DOC_mgL,2.08,2.0,7 days 00:00:00
981,MN16,100.0,47.591623036649224,266.25,9.987062117197786,0.18653532880615328,3.192357511283448,3.378892852120308,47.5311,-93.4686,2011-01-31,2011-02-24,2011-01-31,2011-02-24,DOC_mgL,6.348000000000001,6.9,24 days 00:00:00
982,MN16,101.0,47.591623036649224,266.25,16.639488660930013,0.38840612298395777,5.8064651743466165,6.194871222098357,47.5311,-93.4686,2011-02-24,2011-03-17,2011-02-24,2011-03-17,DOC_mgL,4.176,3.6,21 days 00:00:00
983,MN16,102.0,47.591623036649224,266.25,40.782477436916345,1.603041179583809,22.224236321567723,23.827277668888453,47.5311,-93.4686,2011-03-17,2011-04-04,2011-03-17,2011-04-04,DOC_mgL,2.34,1.5,18 days 00:00:00
984,MN16,104.0,47.591623036649224,266.25,4.775224610781281,0.3605161826296561,6.03955487925821,6.400071125118537,47.5311,-93.4686,2011-04-04,2011-04-11,2011-04-04,2011-04-11,DOC_mgL,11.786,7.1,7 days 00:00:00
985,MN16,106.0,47.591623036649224,266.25,21.838528790141254,0.9917637504319423,14.399665001157231,15.391428576541323,47.5311,-93.4686,2011-04-11,2011-04-19,2011-04-11,2011-04-19,DOC_mgL,28.88,15.2,8 days 00:00:00
986,MN16,107.0,47.591623036649224,266.25,15.549062144480935,0.16023192050528684,1.9429859924105508,2.103217884227848,47.5311,-93.4686,2011-04-19,2011-04-25,2011-04-19,2011-04-25,DOC_mgL,25.568,18.8,6 days 00:00:00
987,MN16,108.0,47.591623036649224,266.25,19.432185039480743,0.09980475898854757,1.170715469879513,1.2705202312099373,47.5311,-93.4686,2011-04-25,2011-04-28,2011-04-25,2011-04-28,DOC_mgL,16.254,12.9,3 days 00:00:00
988,MN16,110.0,47.591623036649224,266.25,17.36636164373362,1.1156426761795977,20.627351667525918,21.74299330332674,47.5311,-93.4686,2011-04-28,2011-05-04,2011-04-28,2011-05-04,DOC_mgL,9.792,10.2,6 days 00:00:00
989,MN16,111.0,47.591623036649224,266.25,0.15220784952418853,3.427084684915323e-06,4.958820067215526e-05,5.30152856429442e-05,47.5311,-93.4686,2011-05-04,2011-05-05,2011-05-04,2011-05-05,DOC_mgL,44.608,27.2,1 days 00:00:00
990,MN16,112.0,47.591623036649224,266.25,18.31335411662695,0.40172514348064825,6.648786903690571,7.05051202508784,47.5311,-93.4686,2011-05-05,2011-05-19,2011-05-05,2011-05-19,DOC_mgL,47.6,27.2,14 days 00:00:00
991,MN16,113.0,47.591623036649224,266.25,32.47691771638506,0.6202406002757084,14.153378147363672,14.773618747346427,47.5311,-93.4686,2011-05-19,2011-06-02,2011-05-19,2011-06-02,DOC_mgL,,0.5,14 days 00:00:00
992,MN16,114.0,47.591623036649224,266.25,7.853292752077468,0.30527283307371866,5.573500701054311,5.878773495582591,47.5311,-93.4686,2011-06-02,2011-06-15,2011-06-02,2011-06-15,DOC_mgL,21.727999999999998,11.2,13 days 00:00:00
993,MN16,115.0,47.591623036649224,266.25,40.722658179959126,1.8297474863385177,46.92970517194972,48.75945397442294,47.5311,-93.4686,2011-06-15,2011-06-20,2011-06-15,2011-06-20,DOC_mgL,1107.6449999999998,14.7,5 days 00:00:00
994,MN16,116.0,47.591623036649224,266.25,4.667272328617855,0.6729627548577797,20.64107078383892,21.314033088470907,47.5311,-93.4686,2011-06-20,2011-06-22,2011-06-20,2011-06-22,DOC_mgL,23.1,23.1,2 days 00:00:00
995,MN16,117.0,47.591623036649224,266.25,9.099630642595002,0.4285791346814172,14.869521614002679,15.298100786154123,47.5311,-93.4686,2011-06-22,2011-06-23,2011-06-22,2011-06-23,DOC_mgL,12.448,38.9,1 days 00:00:00
996,MN16,118.0,47.591623036649224,266.25,11.141026744354576,0.18787927666267298,5.7051636680530144,5.893042948155319,47.5311,-93.4686,2011-06-23,2011-06-27,2011-06-23,2011-06-27,DOC_mgL,3.7409999999999997,4.3,4 days 00:00:00
997,MN16,119.0,47.591623036649224,266.25,18.69363723017159,0.27598617766133593,8.948063090485903,9.22404932435228,47.5311,-93.4686,2011-06-27,2011-06-28,2011-06-27,2011-06-28,DOC_mgL,21.628999999999998,50.3,1 days 00:00:00
998,MN16,120.0,47.591623036649224,266.25,19.54750946791345,0.8919355605896085,29.043398997413394,29.935334901472206,47.5311,-93.4686,2011-06-28,2011-07-19,2011-06-28,2011-07-19,DOC_mgL,,,21 days 00:00:00
999,MN16,121.0,47.591623036649224,266.25,1.418466477076663,0.030364850477776484,1.9736842160611445,2.0040490267270172,47.5311,-93.4686,2011-07-19,2011-07-20,2011-07-19,2011-07-20,DOC_mgL,16.296,5.6,1 days 00:00:00
1000,MN16,122.0,47.591623036649224,266.25,0.7613198766356573,0.11738747693416235,8.693313293999935,8.810700936036405,47.5311,-93.4686,2011-07-20,2011-07-25,2011-07-20,2011-07-25,DOC_mgL,61.248,69.6,5 days 00:00:00
1001,MN16,123.0,47.591623036649224,266.25,0.6232860486248339,0.011950204223393343,0.5517545631321397,0.5637047851940469,47.5311,-93.4686,2011-07-25,2011-07-27,2011-07-25,2011-07-27,DOC_mgL,39.647999999999996,11.2,2 days 00:00:00
1002,MN16,124.0,47.591623036649224,266.25,21.943784893864795,0.34851664657705284,11.727673590507813,12.076190375251016,47.5311,-93.4686,2011-07-27,2011-08-02,2011-07-27,2011-08-02,DOC_mgL,30.848000000000003,6.4,6 days 00:00:00
1003,MN16,125.0,47.591623036649224,266.25,21.31427010887421,0.389531577246247,26.43476169248457,26.824292768643105,47.5311,-93.4686,2011-08-02,2011-08-08,2011-08-02,2011-08-08,DOC_mgL,127.83600000000001,47.7,6 days 00:00:00
1004,MN16,127.0,47.591623036649224,266.25,21.315824507772454,0.23445180881090924,10.310047276294453,10.544499219456815,47.5311,-93.4686,2011-08-08,2011-08-19,2011-08-08,2011-08-19,DOC_mgL,135.96499999999997,38.3,11 days 00:00:00
1005,MN16,128.0,47.591623036649224,266.25,3.352724776814857,0.12901074321694228,4.172632176951337,4.3016429792867905,47.5311,-93.4686,2011-08-19,2011-09-01,2011-08-19,2011-09-01,DOC_mgL,19.906,7.4,13 days 00:00:00
1006,MN16,129.0,47.591623036649224,266.25,3.08248933476845,0.35307344947929564,11.671046733258432,12.024119992369227,47.5311,-93.4686,2011-09-01,2011-09-19,2011-09-01,2011-09-19,DOC_mgL,19.032,10.4,18 days 00:00:00
1007,MN16,130.0,47.591623036649224,266.25,15.178345783439795,0.15523500120125933,2.4516584349025887,2.6068934501550727,47.5311,-93.4686,2011-09-19,2011-09-22,2011-09-19,2011-09-22,DOC_mgL,17.201999999999998,6.1,3 days 00:00:00
1008,MN16,131.0,47.591623036649224,266.25,9.85128126992209,0.06864242068399874,1.462270281281071,1.5309126906982353,47.5311,-93.4686,2011-09-22,2011-10-09,2011-09-22,2011-10-09,DOC_mgL,22.862000000000002,14.2,17 days 00:00:00
1009,MN16,132.0,47.591623036649224,266.25,13.216623001615497,0.16571938992579927,2.3508626284410394,2.516582020141542,47.5311,-93.4686,2011-10-09,2011-10-17,2011-10-09,2011-10-17,DOC_mgL,62.048,27.7,8 days 00:00:00
1010,MN16,133.0,47.591623036649224,266.25,12.175805863545719,0.23280003888159354,4.8415679525192665,5.074368057467612,47.5311,-93.4686,2011-10-17,2011-10-31,2011-10-17,2011-10-31,DOC_mgL,113.6,32.0,14 days 00:00:00
1011,MN16,134.0,47.591623036649224,266.25,16.307291843626253,0.20071938037493522,5.3699219870932975,5.570641411517966,47.5311,-93.4686,2011-10-31,2011-11-23,2011-10-31,2011-11-23,DOC_mgL,26.725999999999996,4.6,23 days 00:00:00
1012,MN16,135.0,47.591623036649224,266.25,3.3442299595565217,0.06312416325904976,0.992590107370623,1.0557142703368847,47.5311,-93.4686,2011-11-23,2011-11-28,2011-11-23,2011-11-28,DOC_mgL,5.851999999999999,3.8,5 days 00:00:00
1013,MN16,136.0,47.591623036649224,266.25,20.456400285625893,0.22903818962939837,3.9227765012960547,4.1518147033254,47.5311,-93.4686,2011-11-28,2012-01-03,2011-11-28,2012-01-03,DOC_mgL,15.659999999999998,13.5,36 days 00:00:00
1014,MN16,137.0,47.591623036649224,266.25,5.736754611351813,0.050975511812752644,0.8196520277255439,0.8706275596591897,47.5311,-93.4686,2012-01-03,2012-01-13,2012-01-03,2012-01-13,DOC_mgL,2.9699999999999998,1.5,10 days 00:00:00
1015,MN16,138.0,47.591623036649224,266.25,10.27406448954678,0.3430331288487624,4.532139099751097,4.87517216727082,47.5311,-93.4686,2012-01-13,2012-01-24,2012-01-13,2012-01-24,DOC_mgL,1.7999999999999998,2.5,11 days 00:00:00
1016,MN16,139.0,47.591623036649224,266.25,20.155786826968054,0.4824725897038177,6.512276020371993,6.9947486411256845,47.5311,-93.4686,2012-01-24,2012-02-22,2012-01-24,2012-02-22,DOC_mgL,9.879000000000001,8.9,29 days 00:00:00
1017,MN16,140.0,47.591623036649224,266.25,5.911343316444828,0.36603388679432025,5.844830557044656,6.210864272881977,47.5311,-93.4686,2012-02-22,2012-02-27,2012-02-22,2012-02-27,DOC_mgL,12.936,14.7,5 days 00:00:00
1018,MN16,141.0,47.591623036649224,266.25,31.61243093217081,0.2736984393032077,4.009566953455668,4.283265417348581,47.5311,-93.4686,2012-02-27,2012-03-05,2012-02-27,2012-03-05,DOC_mgL,9.963,8.1,7 days 00:00:00
1019,MN16,142.0,47.591623036649224,266.25,11.003545621093846,0.21266746109250828,2.8500114605088576,3.0626788740502198,47.5311,-93.4686,2012-03-05,2012-03-13,2012-03-05,2012-03-13,DOC_mgL,3.744,3.6,8 days 00:00:00
1020,MN16,143.0,47.591623036649224,266.25,14.27540732832836,0.169739894149915,2.36896035246996,2.5387002045312737,47.5311,-93.4686,2012-03-13,2012-03-23,2012-03-13,2012-03-23,DOC_mgL,19.049999999999997,12.7,10 days 00:00:00
1021,MN16,144.0,47.591623036649224,266.25,35.493902338756826,0.9220620247798322,14.547877777437712,15.469939782311592,47.5311,-93.4686,2012-03-23,2012-03-31,2012-03-23,2012-03-31,DOC_mgL,26.544,11.2,8 days 00:00:00
1022,MN16,145.0,47.591623036649224,266.25,53.807302351270295,0.4615385009729251,8.035583919994606,8.497122573880205,47.5311,-93.4686,2012-03-31,2012-04-18,2012-03-31,2012-04-18,DOC_mgL,56.16,23.4,18 days 00:00:00
1023,MN16,146.0,47.591623036649224,266.25,15.559250841334915,0.16721346634599962,2.157420987366522,2.3246344922254156,47.5311,-93.4686,2012-04-18,2012-04-23,2012-04-18,2012-04-23,DOC_mgL,102.77599999999998,88.6,5 days 00:00:00
1024,MN16,147.0,47.591623036649224,266.25,2.4411982451510994,0.03739466900194721,0.4107677760434303,0.4481624321650557,47.5311,-93.4686,2012-04-23,2012-04-25,2012-04-23,2012-04-25,DOC_mgL,21.252000000000002,23.1,2 days 00:00:00
1025,MN16,148.0,47.591623036649224,266.25,23.731614069548694,0.48410999818268574,6.482899451640267,6.967009527104883,47.5311,-93.4686,2012-04-25,2012-05-03,2012-04-25,2012-05-03,DOC_mgL,6.804,2.8,8 days 00:00:00
1026,MN16,149.0,47.591623036649224,266.25,75.25964310470812,0.5825376027870509,9.63324582583993,10.215783306885985,47.5311,-93.4686,2012-05-03,2012-05-07,2012-05-03,2012-05-07,DOC_mgL,2.805,1.5,4 days 00:00:00
1027,MN16,150.0,47.591623036649224,266.25,5.07465828798459,0.05118059335715297,0.5557203884565265,0.6069009982068163,47.5311,-93.4686,2012-05-07,2012-05-09,2012-05-07,2012-05-09,DOC_mgL,15.792,9.4,2 days 00:00:00
1028,MN16,151.0,47.591623036649224,266.25,14.061804658832555,0.5528270037618346,13.514023870460486,14.066851083675362,47.5311,-93.4686,2012-05-09,2012-05-21,2012-05-09,2012-05-21,DOC_mgL,14.19,6.6,12 days 00:00:00
1029,MN16,152.0,47.591623036649224,266.25,16.55235997626292,0.6476908489765432,20.845524579708506,21.493215578564943,47.5311,-93.4686,2012-05-21,2012-05-24,2012-05-21,2012-05-24,DOC_mgL,61.69,15.5,3 days 00:00:00
1030,MN16,153.0,47.591623036649224,266.25,36.83949580590706,0.46625026339786046,12.161858320425267,12.628108958523399,47.5311,-93.4686,2012-05-24,2012-05-25,2012-05-24,2012-05-25,DOC_mgL,52.852,29.2,1 days 00:00:00
1031,MN16,154.0,47.591623036649224,266.25,5.417903282811665,0.2982563711631525,10.22117185889293,10.519428328414904,47.5311,-93.4686,2012-05-25,2012-05-28,2012-05-25,2012-05-28,DOC_mgL,19.35,15.0,3 days 00:00:00
1032,MN16,155.0,47.591623036649224,266.25,18.35498142318574,0.4896593873218879,14.55868540228737,15.048345037939669,47.5311,-93.4686,2012-05-28,2012-06-11,2012-05-28,2012-06-11,DOC_mgL,37.221999999999994,50.3,14 days 00:00:00
1033,MN16,156.0,47.591623036649224,266.25,18.523379611018463,0.36983786040076594,9.89233011033496,10.262167909490163,47.5311,-93.4686,2012-06-11,2012-06-18,2012-06-11,2012-06-18,DOC_mgL,75.405,16.5,7 days 00:00:00
1034,MN16,157.0,47.591623036649224,266.25,16.78039373373963,0.846235969579473,16.60716466844736,17.453400125155838,47.5311,-93.4686,2012-06-18,2012-06-20,2012-06-18,2012-06-20,DOC_mgL,68.456,8.6,2 days 00:00:00
1035,MN16,158.0,47.591623036649224,266.25,17.461549867848802,0.9841672205047821,29.876037405687068,30.86020441366604,47.5311,-93.4686,2012-06-20,2012-07-05,2012-06-20,2012-07-05,DOC_mgL,145.82,46.0,15 days 00:00:00
1036,MN16,159.0,47.591623036649224,266.25,5.872991224451797,0.3343790479367562,8.852086651189861,9.18646597854178,47.5311,-93.4686,2012-07-05,2012-07-09,2012-07-05,2012-07-09,DOC_mgL,109.55999999999999,33.0,4 days 00:00:00
1037,MN16,160.0,47.591623036649224,266.25,10.928318392491505,0.3480815714764114,6.8708856854060585,7.218967417593758,47.5311,-93.4686,2012-07-09,2012-07-16,2012-07-09,2012-07-16,DOC_mgL,35.306,12.7,7 days 00:00:00
1038,MN16,161.0,47.591623036649224,266.25,1.5337390476904966,0.36528976467123914,7.3949159279938,7.7602055577395515,47.5311,-93.4686,2012-07-16,2012-07-25,2012-07-16,2012-07-25,DOC_mgL,42.18,18.5,9 days 00:00:00
1039,MN16,162.0,47.591623036649224,266.25,3.7987912519632516,0.4931560285137415,14.983845364469062,15.477001280572722,47.5311,-93.4686,2012-07-25,2012-07-26,2012-07-25,2012-07-26,DOC_mgL,37.696,15.2,1 days 00:00:00
1040,MN16,163.0,47.591623036649224,266.25,14.068108046489707,0.24086829746326538,9.789906543636665,10.03077499343169,47.5311,-93.4686,2012-07-26,2012-08-06,2012-07-26,2012-08-06,DOC_mgL,33.565,13.7,11 days 00:00:00
1041,MN16,164.0,47.591623036649224,266.25,6.410199478261436,0.05375132819095147,2.62975322169431,2.6835044421589336,47.5311,-93.4686,2012-08-06,2012-08-09,2012-08-06,2012-08-09,DOC_mgL,73.272,21.3,3 days 00:00:00
1042,MN16,165.0,47.591623036649224,266.25,11.47981731735026,0.14171950340367068,6.8049669835598525,6.946686518091301,47.5311,-93.4686,2012-08-09,2012-08-16,2012-08-09,2012-08-16,DOC_mgL,24.568,7.4,7 days 00:00:00
1043,MN16,166.0,47.591623036649224,266.25,0.7437140098874238,0.09926747436678944,3.887295010326922,3.9865625290978888,47.5311,-93.4686,2012-08-16,2012-08-20,2012-08-16,2012-08-20,DOC_mgL,36.972,11.7,4 days 00:00:00
1044,MN16,167.0,47.591623036649224,266.25,23.266131765503417,0.9491235790061706,30.36879405719059,31.317917920214388,47.5311,-93.4686,2012-08-20,2012-09-21,2012-08-20,2012-09-21,DOC_mgL,3.3659999999999997,6.6,32 days 00:00:00
1045,MN16,168.0,47.591623036649224,266.25,4.768232265979673,0.02548422863332661,0.3256312387233637,0.35111547204044535,47.5311,-93.4686,2012-09-21,2012-09-24,2012-09-21,2012-09-24,DOC_mgL,7.0,5.6,3 days 00:00:00
1046,MN16,169.0,47.591623036649224,266.25,17.942691984254548,0.25042389567620854,6.371167512252127,6.6215913483378195,47.5311,-93.4686,2012-09-24,2012-10-09,2012-09-24,2012-10-09,DOC_mgL,,9.9,15 days 00:00:00
1047,MN16,170.0,47.591623036649224,266.25,4.498420707932382,0.06522864982524967,1.3760363098969108,1.4412649573802838,47.5311,-93.4686,2012-10-09,2012-10-11,2012-10-09,2012-10-11,DOC_mgL,182.0,17.5,2 days 00:00:00
1048,MN16,171.0,47.591623036649224,266.25,13.457266423542308,0.1639182824890822,2.9655552324849443,3.12947349399319,47.5311,-93.4686,2012-10-11,2012-10-19,2012-10-11,2012-10-19,DOC_mgL,834.3720000000001,19.8,8 days 00:00:00
1049,MN16,172.0,47.591623036649224,266.25,10.93351195140535,0.5019250179334735,6.62517689979269,7.127102098050562,47.5311,-93.4686,2012-10-19,2012-10-24,2012-10-19,2012-10-24,DOC_mgL,8.988,10.7,5 days 00:00:00
1050,MN16,173.0,47.591623036649224,266.25,4.672430429764063,0.14409848314578255,1.907150037894212,2.0512485210399944,47.5311,-93.4686,2012-10-24,2012-10-25,2012-10-24,2012-10-25,DOC_mgL,1.3860000000000001,23.1,1 days 00:00:00
1051,MN16,174.0,47.591623036649224,266.25,5.229790502259135,0.08505176602065234,1.1876794134106639,1.2727311524997342,47.5311,-93.4686,2012-10-25,2012-10-29,2012-10-25,2012-10-29,DOC_mgL,,6.9,4 days 00:00:00
1052,MN16,175.0,47.591623036649224,266.25,12.57611705066941,0.07999437627886374,1.1340632509124093,1.2140576086934989,47.5311,-93.4686,2012-10-29,2012-11-07,2012-10-29,2012-11-07,DOC_mgL,5.2459999999999996,6.1,9 days 00:00:00
1053,MN16,176.0,47.591623036649224,266.25,8.267946127737957,0.28869385273468884,5.210273102806279,5.498967038750774,47.5311,-93.4686,2012-11-07,2012-11-12,2012-11-07,2012-11-12,DOC_mgL,0.852,7.1,5 days 00:00:00
1054,MN16,177.0,47.591623036649224,266.25,0.9714728381737814,0.009606347455785175,0.12086606871603012,0.13047241646454988,47.5311,-93.4686,2012-11-12,2012-11-14,2012-11-12,2012-11-14,DOC_mgL,,39.9,2 days 00:00:00
1055,MN16,178.0,47.591623036649224,266.25,1.8575824443076472,0.046596782003902805,0.7390533176100218,0.7856501004280301,47.5311,-93.4686,2012-11-14,2012-11-23,2012-11-14,2012-11-23,DOC_mgL,84.987,39.9,9 days 00:00:00
1056,MN16,179.0,47.591623036649224,266.25,3.734472746641515,0.0672227385084892,1.181417092280257,1.2486398196648318,47.5311,-93.4686,2012-11-23,2012-11-26,2012-11-23,2012-11-26,DOC_mgL,14.304,4.8,3 days 00:00:00
1057,MN16,180.0,47.591623036649224,266.25,7.763365685059531,0.12748712230545842,2.1248345451305335,2.252321656037639,47.5311,-93.4686,2012-11-26,2012-12-07,2012-11-26,2012-12-07,DOC_mgL,5.2749999999999995,2.5,11 days 00:00:00
1058,MN16,181.0,47.591623036649224,266.25,17.363214599708243,0.22980800546810962,4.476588297761736,4.706396291188992,47.5311,-93.4686,2012-12-07,2012-12-17,2012-12-07,2012-12-17,DOC_mgL,3.582,1.8,10 days 00:00:00
1059,MN16,182.0,47.591623036649224,266.25,4.810919133668712,0.07635372856968353,1.223818369918481,1.3001720845729803,47.5311,-93.4686,2012-12-17,2013-01-02,2012-12-17,2013-01-02,DOC_mgL,22.950000000000003,17.0,16 days 00:00:00
1060,MN16,183.0,47.591623036649224,266.25,27.014136806502442,0.4498601137667489,7.016138629121317,7.465998788774721,47.5311,-93.4686,2013-01-02,2013-01-29,2013-01-02,2013-01-29,DOC_mgL,2.08,1.3,27 days 00:00:00
1061,MN16,184.0,47.591623036649224,266.25,12.049413850689916,0.21123462555837716,3.678901527848482,3.8901360391763347,47.5311,-93.4686,2013-01-29,2013-02-05,2013-01-29,2013-02-05,DOC_mgL,18.476,12.4,7 days 00:00:00
1062,MN16,185.0,47.591623036649224,266.25,23.30823081102551,0.3873034269769527,4.935263306342934,5.3225668041614425,47.5311,-93.4686,2013-02-05,2013-02-12,2013-02-05,2013-02-12,DOC_mgL,6.44,3.5,7 days 00:00:00
1063,MN16,186.0,47.591623036649224,266.25,11.008932877912805,0.13838353822830685,1.7957794501787905,1.9341629725149583,47.5311,-93.4686,2013-02-12,2013-03-05,2013-02-12,2013-03-05,DOC_mgL,43.296,24.6,21 days 00:00:00
1064,MN16,187.0,47.591623036649224,266.25,27.296084730910053,0.45696080415505597,7.219342391587398,7.676302953358545,47.5311,-93.4686,2013-03-05,2013-03-11,2013-03-05,2013-03-11,DOC_mgL,29.502000000000002,19.8,6 days 00:00:00
1065,MN16,188.0,47.591623036649224,266.25,14.299023179509263,0.1721777762039187,1.8792243489199838,2.0514021094991985,47.5311,-93.4686,2013-03-11,2013-03-19,2013-03-11,2013-03-19,DOC_mgL,21.330000000000002,13.5,8 days 00:00:00
1066,MN16,189.0,47.591623036649224,266.25,24.573259978784638,0.4773280892323938,6.684789296884189,7.162117370958423,47.5311,-93.4686,2013-03-19,2013-04-09,2013-03-19,2013-04-09,DOC_mgL,20.706,11.9,21 days 00:00:00
1067,MN16,191.0,47.591623036649224,266.25,36.181611511665324,0.3223345783646622,5.185628214722862,5.507962852219911,47.5311,-93.4686,2013-04-09,2013-04-16,2013-04-09,2013-04-16,DOC_mgL,49.852000000000004,20.6,7 days 00:00:00
1068,MN16,192.0,47.591623036649224,266.25,25.59773724214176,0.31434250037876377,4.967353344319316,5.2816959934072525,47.5311,-93.4686,2013-04-16,2013-04-23,2013-04-16,2013-04-23,DOC_mgL,39.44,17.0,7 days 00:00:00
1069,MN16,193.0,47.591623036649224,266.25,5.308897368516696,0.08419179298655352,0.9772947075127704,1.061486513949106,47.5311,-93.4686,2013-04-23,2013-04-30,2013-04-23,2013-04-30,DOC_mgL,85.05000000000001,35.0,7 days 00:00:00
1070,MN16,194.0,47.591623036649224,266.25,22.43609281080694,0.18187400189400085,2.4271635958895974,2.609037550067861,47.5311,-93.4686,2013-04-30,2013-05-06,2013-04-30,2013-05-06,DOC_mgL,19.368,3.6,6 days 00:00:00
1071,MN16,195.0,47.591623036649224,266.25,39.015555364252386,1.1035362402336133,19.537674745921922,20.641211084939737,47.5311,-93.4686,2013-05-06,2013-05-20,2013-05-06,2013-05-20,DOC_mgL,20.439999999999998,5.6,14 days 00:00:00
1072,MN16,196.0,47.591623036649224,266.25,8.747726460001104,0.48494076254623764,11.703215596625682,12.188156883752299,47.5311,-93.4686,2013-05-20,2013-05-21,2013-05-20,2013-05-21,DOC_mgL,83.03699999999999,26.7,1 days 00:00:00
1073,MN16,197.0,47.591623036649224,266.25,7.363879121894047,0.31105634470151894,6.050870428732195,6.361926693755019,47.5311,-93.4686,2013-05-21,2013-05-28,2013-05-21,2013-05-28,DOC_mgL,7.223999999999999,5.6,7 days 00:00:00
1074,MN16,198.0,47.591623036649224,266.25,3.3103983554383376,0.049300642474686684,0.9503052345039009,0.9996058980554778,47.5311,-93.4686,2013-05-28,2013-05-30,2013-05-28,2013-05-30,DOC_mgL,9.638,6.1,2 days 00:00:00
1075,MN16,199.0,47.591623036649224,266.25,12.045467087773432,0.24609538157305266,7.430771598038177,7.676866942141203,47.5311,-93.4686,2013-05-30,2013-05-31,2013-05-30,2013-05-31,DOC_mgL,16.188000000000002,21.3,1 days 00:00:00
1076,MN16,200.0,47.591623036649224,266.25,8.147889423541084,0.12527044471019502,3.050565487753242,3.1758360132490346,47.5311,-93.4686,2013-05-31,2013-06-05,2013-05-31,2013-06-05,DOC_mgL,38.94,3.3,5 days 00:00:00
1077,MN16,201.0,47.591623036649224,266.25,36.25075406354927,0.38378375741060167,7.689921443371217,8.073705319924795,47.5311,-93.4686,2013-06-05,2013-06-10,2013-06-05,2013-06-10,DOC_mgL,14.209999999999999,14.5,5 days 00:00:00
1078,MN16,202.0,47.591623036649224,266.25,17.997352557302946,0.3097115842843772,8.955863879846074,9.265575399094203,47.5311,-93.4686,2013-06-10,2013-06-21,2013-06-10,2013-06-21,DOC_mgL,14.975999999999999,11.7,11 days 00:00:00
1079,MN16,203.0,47.591623036649224,266.25,1.3458377516428754,0.07983542537996768,3.051020842220753,3.1308562430110154,47.5311,-93.4686,2013-06-21,2013-06-24,2013-06-21,2013-06-24,DOC_mgL,31.758000000000003,20.1,3 days 00:00:00
1080,MN16,204.0,47.591623036649224,266.25,4.763168172283727,0.14289086677716548,4.901411816389575,5.044302575440415,47.5311,-93.4686,2013-06-24,2013-06-27,2013-06-24,2013-06-27,DOC_mgL,21.054,5.8,3 days 00:00:00
1081,MN16,205.0,47.591623036649224,266.25,7.8841220480185825,0.11898292527016269,3.500714889845269,3.619697860196558,47.5311,-93.4686,2013-06-27,2013-07-01,2013-06-27,2013-07-01,DOC_mgL,18.995,14.5,4 days 00:00:00
1082,MN16,206.0,47.591623036649224,266.25,18.60640172205441,0.8039334486206577,19.693556991412507,20.497490230142468,47.5311,-93.4686,2013-07-01,2013-07-10,2013-07-01,2013-07-10,DOC_mgL,18.084,13.7,9 days 00:00:00
1083,MN16,207.0,47.591623036649224,266.25,0.7504568609059767,0.07360258211192183,2.3887834266359373,2.4623860122652204,47.5311,-93.4686,2013-07-10,2013-07-15,2013-07-10,2013-07-15,DOC_mgL,28.116000000000003,21.3,5 days 00:00:00
1084,MN16,208.0,47.591623036649224,266.25,2.4300534378295624,0.38577916273968443,11.412742625070953,11.798521415453386,47.5311,-93.4686,2013-07-15,2013-07-18,2013-07-15,2013-07-18,DOC_mgL,114.03,31.5,3 days 00:00:00
1085,MN16,209.0,47.591623036649224,266.25,2.1617948647190133,0.06993936055299521,2.3825486084039227,2.4524879127518773,47.5311,-93.4686,2013-07-18,2013-07-19,2013-07-18,2013-07-19,DOC_mgL,17.696,7.9,1 days 00:00:00
1086,MN16,210.0,47.591623036649224,266.25,22.65496944537371,0.3068081962986425,11.317751279592953,11.624559488698733,47.5311,-93.4686,2013-07-19,2013-08-05,2013-07-19,2013-08-05,DOC_mgL,33.181999999999995,35.3,17 days 00:00:00
1087,MN16,211.0,47.591623036649224,266.25,15.423370626221253,0.5136293787674342,17.36862171923689,17.882250976739,47.5311,-93.4686,2013-08-05,2013-08-21,2013-08-05,2013-08-21,DOC_mgL,40.992,16.8,16 days 00:00:00
1088,MN16,212.0,47.591623036649224,266.25,0.4528205421627677,0.05698050787179491,2.1842110588418717,2.2411915602736876,47.5311,-93.4686,2013-08-21,2013-08-27,2013-08-21,2013-08-27,DOC_mgL,20.736,4.8,6 days 00:00:00
1089,MN16,213.0,47.591623036649224,266.25,1.6672963873531899,0.020740496543648627,0.7657171819460025,0.7864576714720255,47.5311,-93.4686,2013-08-27,2013-08-29,2013-08-27,2013-08-29,DOC_mgL,19.894000000000002,5.8,2 days 00:00:00
1090,MN16,214.0,47.591623036649224,266.25,20.760190236890352,0.462324439541188,15.84577870086801,16.308103464448088,47.5311,-93.4686,2013-08-29,2013-09-03,2013-08-29,2013-09-03,DOC_mgL,25.288,21.8,5 days 00:00:00
1091,MN16,215.0,47.591623036649224,266.25,13.173693167378683,0.25696730819459007,7.724618200825284,7.98158538141758,47.5311,-93.4686,2013-09-03,2013-09-10,2013-09-03,2013-09-10,DOC_mgL,28.032,9.6,7 days 00:00:00
1092,MN16,216.0,47.591623036649224,266.25,38.72795250401742,0.4582464871608559,14.376804739558251,14.835051307735627,47.5311,-93.4686,2013-09-10,2013-09-30,2013-09-10,2013-09-30,DOC_mgL,21.708000000000002,8.1,20 days 00:00:00
1093,MN16,217.0,47.591623036649224,266.25,33.43262195081241,0.4668703599051143,10.510889773560283,10.97775998827133,47.5311,-93.4686,2013-09-30,2013-10-07,2013-09-30,2013-10-07,DOC_mgL,33.660000000000004,16.5,7 days 00:00:00
1094,MN16,218.0,47.591623036649224,266.25,1.4390531297367473,0.1095037057282601,3.669131781788586,3.7786355343319746,47.5311,-93.4686,2013-10-07,2013-10-14,2013-10-07,2013-10-14,DOC_mgL,38.702999999999996,39.9,7 days 00:00:00
1095,MN16,219.0,47.591623036649224,266.25,26.156428293688805,0.1438942949169575,2.3454198583294783,2.489314129827669,47.5311,-93.4686,2013-10-14,2013-10-16,2013-10-14,2013-10-16,DOC_mgL,30.494999999999997,10.7,2 days 00:00:00
1096,MN16,220.0,47.591623036649224,266.25,12.818113487209072,0.14349009268339863,2.2284886252241987,2.3719787214195547,47.5311,-93.4686,2013-10-16,2013-10-29,2013-10-16,2013-10-29,DOC_mgL,16.236,24.6,13 days 00:00:00
1097,MN16,221.0,47.591623036649224,266.25,4.92723147512697,0.16082521081088644,2.090969514701887,2.251794660965226,47.5311,-93.4686,2013-10-29,2013-11-06,2013-10-29,2013-11-06,DOC_mgL,12.376,6.8,8 days 00:00:00
1098,MN16,222.0,47.591623036649224,266.25,10.15269069180591,0.22863458841015233,4.648075261400736,4.87670983400322,47.5311,-93.4686,2013-11-06,2013-11-13,2013-11-06,2013-11-13,DOC_mgL,5.244,3.8,7 days 00:00:00
1099,MN16,223.0,47.591623036649224,266.25,10.901844396926652,0.20569485419416586,3.3687242068785515,3.574419063926808,47.5311,-93.4686,2013-11-13,2013-12-02,2013-11-13,2013-12-02,DOC_mgL,13.376999999999999,9.1,19 days 00:00:00
1100,MN16,224.0,47.591623036649224,266.25,27.652640369524306,0.4265523902841073,5.520684734361403,5.947237002867922,47.5311,-93.4686,2013-12-02,2013-12-05,2013-12-02,2013-12-05,DOC_mgL,5.3549999999999995,5.1,3 days 00:00:00
1101,MN16,225.0,47.591623036649224,266.25,6.661595752621707,0.09641055610675982,1.3118345158340614,1.408245035403841,47.5311,-93.4686,2013-12-05,2013-12-18,2013-12-05,2013-12-18,DOC_mgL,30.264,38.8,13 days 00:00:00
1102,MN16,226.0,47.591623036649224,266.25,5.402157147216258,0.03873261696725645,0.6975076992550566,0.7362403280780638,47.5311,-93.4686,2013-12-18,2013-12-24,2013-12-18,2013-12-24,DOC_mgL,3.053,4.3,6 days 00:00:00
1103,MN16,228.0,47.591623036649224,266.25,12.601713882523535,0.10413681681342375,1.8458935733344397,1.9500303526595406,47.5311,-93.4686,2020-11-03,2020-11-10,2020-11-03,2020-11-10,rBC_mgL,0.085443,14.99,7 days 00:00:00
1104,MN18,0.0,47.591623036649224,268.75,1.995038120555792,0.05688375774675512,1.099171321797747,1.156055095498536,47.9464,-91.4961,2020-10-27,2020-11-03,2020-10-27,2020-11-03,rBC_mgL,0.017472,10.92,7 days 00:00:00
1105,MN18,1.0,47.591623036649224,268.75,15.406355007788045,0.23996545570958333,4.050632603041031,4.290598060785461,47.9464,-91.4961,2020-11-03,2020-11-10,2020-11-03,2020-11-10,rBC_mgL,0.009448000000000002,23.62,7 days 00:00:00
1106,MN18,2.0,47.591623036649224,268.75,12.952780407449183,0.22202521959618568,4.230184932028925,4.452210193486156,47.9464,-91.4961,2020-11-10,2020-11-17,2020-11-10,2020-11-17,rBC_mgL,0.148326,8.38,7 days 00:00:00
1107,MN23,0.0,46.64921465968587,265.0,10.28249711618242,0.09454333236901834,1.6239009258614934,1.7184442294692313,46.2494,-94.4972,2020-11-03,2020-11-10,2020-11-03,2020-11-10,rBC_mgL,0.081169,17.27,7 days 00:00:00
1108,MN23,1.0,46.64921465968587,265.0,9.181392678736522,0.08395899102304172,1.4987563131209696,1.582715316585249,46.2494,-94.4972,2020-11-10,2020-11-17,2020-11-10,2020-11-17,rBC_mgL,0.017603999999999998,19.56,7 days 00:00:00
1109,MN23,2.0,46.64921465968587,265.0,1.5139385563189833,0.05918640749397768,1.0150422539432473,1.0742286473733864,46.2494,-94.4972,2020-11-17,2020-11-24,2020-11-17,2020-11-24,rBC_mgL,0.08812800000000001,8.64,7 days 00:00:00
1110,MN27,0.0,43.8219895287958,265.0,4.753144529185722,0.15283261399140047,2.9684038599127036,3.1212366151577435,44.237,-95.3011,2020-11-03,2020-11-10,2020-11-03,2020-11-10,rBC_mgL,0.533466,29.97,7 days 00:00:00
1111,MN28,0.0,45.70680628272251,267.5,10.42785338963839,0.20587095021399807,3.968395688990205,4.174266639231845,46.1217,-93.0001,2020-11-03,2020-11-10,2020-11-03,2020-11-10,rBC_mgL,0.315664,28.96,7 days 00:00:00
1112,MN28,1.0,45.70680628272251,267.5,11.108327555198194,0.18060164908387838,3.636727971181873,3.817329589821357,46.1217,-93.0001,2020-11-10,2020-11-17,2020-11-10,2020-11-17,rBC_mgL,0.10104799999999999,29.72,7 days 00:00:00
1113,MN28,2.0,45.70680628272251,267.5,1.2907931228902627,0.04374844208212691,0.693695598851646,0.7374440230861111,46.1217,-93.0001,2020-11-17,2020-11-24,2020-11-17,2020-11-24,rBC_mgL,0.058097,5.33,7 days 00:00:00
1114,MN32,0.0,48.53403141361255,267.5,11.74865198287911,0.17963846927316435,2.9869163049173197,3.1665548206986918,48.4132,-92.8305,2017-01-03,2017-01-10,2017-01-03,2017-01-10,DOC_mgL,2.11328,6.604,7 days 00:00:00
1115,MN32,1.0,48.53403141361255,267.5,12.820773118623208,0.33922264950127123,4.212212798713722,4.551435490368774,48.4132,-92.8305,2017-03-14,2017-03-21,2017-03-14,2017-03-21,DOC_mgL,6.4389,9.906,7 days 00:00:00
1116,MN32,2.0,48.53403141361255,267.5,6.420594657291501,0.2170110437304662,2.8346424630432288,3.0516534663761075,48.4132,-92.8305,2017-04-11,2017-04-18,2017-04-11,2017-04-18,DOC_mgL,7.239,7.62,7 days 00:00:00
1117,MN32,3.0,48.53403141361255,267.5,29.83971932424001,0.28928422045521907,6.101977395242542,6.391261519241715,48.4132,-92.8305,2017-05-15,2017-05-23,2017-05-15,2017-05-23,DOC_mgL,13.983970000000001,15.367,8 days 00:00:00
1118,MN32,4.0,48.53403141361255,267.5,12.05999125129531,0.15613865203514182,7.158516511057396,7.314655226881234,48.4132,-92.8305,2017-06-13,2017-06-20,2017-06-13,2017-06-20,DOC_mgL,37.9476,42.164,7 days 00:00:00
1119,MN32,5.0,48.53403141361255,267.5,21.636520864891374,1.453840699556783,52.76198636910928,54.21582774942047,48.4132,-92.8305,2017-07-11,2017-07-18,2017-07-11,2017-07-18,DOC_mgL,21.717,9.652,7 days 00:00:00
1120,MN32,6.0,48.53403141361255,267.5,18.98319863954667,0.32175000817943544,11.84659732967469,12.168347243886323,48.4132,-92.8305,2017-08-08,2017-08-16,2017-08-08,2017-08-16,DOC_mgL,21.24964,22.606,8 days 00:00:00
1121,MN32,7.0,48.53403141361255,267.5,13.472061851728043,0.9710047655847948,29.539873401298333,30.51087802054789,48.4132,-92.8305,2017-09-12,2017-09-19,2017-09-12,2017-09-19,DOC_mgL,16.03756,19.558,7 days 00:00:00
1122,MN32,8.0,48.53403141361255,267.5,13.344109591897652,0.1007632368291004,1.5392344603494101,1.6399976887257992,48.4132,-92.8305,2018-01-09,2018-01-16,2018-01-09,2018-01-16,DOC_mgL,6.614159999999999,10.668,7 days 00:00:00
1123,MN32,9.0,48.53403141361255,267.5,14.632358059724591,0.1602939117938301,2.126169669761002,2.2864636399713922,48.4132,-92.8305,2018-03-20,2018-03-27,2018-03-20,2018-03-27,DOC_mgL,5.0165,20.066,7 days 00:00:00
1124,MN32,10.0,48.53403141361255,267.5,9.42502300654185,0.1454231210557672,2.714628722238369,2.86005181284588,48.4132,-92.8305,2018-05-08,2018-05-16,2018-05-08,2018-05-16,DOC_mgL,26.29836,19.923,8 days 00:00:00
1125,MN32,11.0,48.53403141361255,267.5,1.5062380689485728,0.27952751040604745,3.4002344625875587,3.679762064985649,48.4132,-92.8305,2018-07-10,2018-07-17,2018-07-10,2018-07-17,DOC_mgL,17.4879,11.43,7 days 00:00:00
1126,MN32,12.0,48.53403141361255,267.5,12.613250181214841,0.9920113751921853,30.773527868649044,31.76553984424101,48.4132,-92.8305,2018-08-22,2018-08-28,2018-08-22,2018-08-28,DOC_mgL,74.01559999999999,39.37,6 days 00:00:00
1127,MN32,13.0,48.53403141361255,267.5,34.48097727982713,0.20257544113846082,3.927430337099646,4.130005749696485,48.4132,-92.8305,2018-10-02,2018-10-09,2018-10-02,2018-10-09,DOC_mgL,12.7,25.4,7 days 00:00:00
1128,MN32,14.0,48.53403141361255,267.5,3.40562174536152,0.06382984595942112,1.1317845565549924,1.1956143859017148,48.4132,-92.8305,2020-10-26,2020-11-03,2020-10-26,2020-11-03,rBC_mgL,0.014015999999999999,11.68,8 days 00:00:00
1129,MN32,15.0,48.53403141361255,267.5,13.74468841288861,0.09676762612633402,1.7162072952249499,1.812974893395131,48.4132,-92.8305,2020-11-03,2020-11-10,2020-11-03,2020-11-10,rBC_mgL,0.03582,11.94,7 days 00:00:00
1130,MN32,16.0,48.53403141361255,267.5,5.73751380086307,0.10439112118848821,1.6124848227687616,1.7168759369116087,48.4132,-92.8305,2020-11-17,2020-11-24,2020-11-17,2020-11-24,rBC_mgL,0.028944000000000004,4.32,7 days 00:00:00
1131,MN99,0.0,47.591623036649224,268.75,15.406355007788045,0.23996545570958333,4.050632603041031,4.290598060785461,47.3841,-91.2067,2020-11-03,2020-11-10,2020-11-03,2020-11-10,rBC_mgL,0.09114900000000001,13.21,7 days 00:00:00
1132,MN99,1.0,47.591623036649224,268.75,12.952780407449183,0.22202521959618568,4.230184932028925,4.452210193486156,47.3841,-91.2067,2020-11-10,2020-11-17,2020-11-10,2020-11-17,rBC_mgL,0.048048,21.84,7 days 00:00:00
1133,MO03,0.0,39.10994764397907,267.5,72.1312584598831,0.20745268315691678,2.891452277609119,3.0989050076035696,38.754,-92.1994,2020-10-27,2020-11-03,2020-10-27,2020-11-03,rBC_mgL,0.025713999999999997,11.18,7 days 00:00:00
1134,MO05,0.0,37.225130890052355,270.0,8.201869846252752,0.3774664603320709,7.957180683139125,8.334646925676665,36.9108,-90.3187,2020-11-10,2020-11-17,2020-11-10,2020-11-17,rBC_mgL,0.33088,18.8,7 days 00:00:00
1135,MS19,0.0,32.5130890052356,271.25,25.03769939148636,0.08642661238674569,1.9291758751752468,2.0156024945784567,32.3269,-89.2086,2020-10-28,2020-11-03,2020-10-28,2020-11-03,rBC_mgL,0.05333999999999999,25.4,6 days 00:00:00
1136,MS30,0.0,34.3979057591623,270.0,9.469882808530201,0.3081022348802268,6.562613710024182,6.870715683771481,34.0025,-89.7993,2020-10-27,2020-11-03,2020-10-27,2020-11-03,rBC_mgL,0.076741,40.39,7 days 00:00:00
1137,MT05,0.0,48.53403141361255,246.25,7.454764413272752,0.0242465337802671,0.28230538794966287,0.3065519221724623,48.5102,-113.997,2017-01-03,2017-01-10,2017-01-03,2017-01-10,DOC_mgL,8.425180000000001,27.178,7 days 00:00:00
1138,MT05,1.0,48.53403141361255,246.25,24.304708332323344,0.19617714581716267,2.3464196242245494,2.542596817464715,48.5102,-113.997,2017-02-21,2017-03-01,2017-02-21,2017-03-01,DOC_mgL,4.29514,22.606,8 days 00:00:00
1139,MT05,2.0,48.53403141361255,246.25,8.71595693818783,0.08389966472420787,1.0213954518105417,1.1052951220784109,48.5102,-113.997,2017-03-21,2017-03-28,2017-03-21,2017-03-28,DOC_mgL,18.21434,25.654,7 days 00:00:00
1140,MT05,3.0,48.53403141361255,246.25,12.627403366138878,0.14413518093902428,2.0739602847597016,2.218095479164517,48.5102,-113.997,2017-04-18,2017-04-25,2017-04-18,2017-04-25,DOC_mgL,27.8511,32.766,7 days 00:00:00
1141,MT05,4.0,48.53403141361255,246.25,55.24025302323654,0.3625164073042689,7.528596844769489,7.891113094015377,48.5102,-113.997,2017-06-13,2017-06-20,2017-06-13,2017-06-20,DOC_mgL,36.37788,58.674,7 days 00:00:00
1142,MT05,5.0,48.53403141361255,246.25,6.481705171057538,0.3739150639486032,11.656111023755084,12.03002604320728,48.5102,-113.997,2017-09-12,2017-09-19,2017-09-12,2017-09-19,DOC_mgL,21.21408,12.192,7 days 00:00:00
1143,MT05,6.0,48.53403141361255,246.25,10.120838217651912,0.06097284158931286,0.9909666321217916,1.0519394809562899,48.5102,-113.997,2017-10-03,2017-10-09,2017-10-03,2017-10-09,DOC_mgL,3.9116,5.588,6 days 00:00:00
1144,MT05,7.0,48.53403141361255,246.25,19.036576788522552,0.10379163087540695,1.5371493061077561,1.6409409243155313,48.5102,-113.997,2017-11-15,2017-11-22,2017-11-15,2017-11-22,DOC_mgL,21.96592,47.752,7 days 00:00:00
1145,MT05,8.0,48.53403141361255,246.25,10.264850989005758,0.060988842303820526,0.6487668474568041,0.7097556934198069,48.5102,-113.997,2017-12-12,2017-12-19,2017-12-12,2017-12-19,DOC_mgL,8.4455,33.782,7 days 00:00:00
1146,MT05,9.0,48.53403141361255,246.25,19.69382491964211,0.049030322026532,0.43747774387467575,0.4865080646936776,48.5102,-113.997,2018-01-09,2018-01-16,2018-01-09,2018-01-16,DOC_mgL,37.77488,42.926,7 days 00:00:00
1147,MT05,10.0,48.53403141361255,246.25,10.210479420208474,0.1640051420689746,4.73976015896542,4.903765251479918,48.5102,-113.997,2018-05-22,2018-05-29,2018-05-22,2018-05-29,DOC_mgL,7.6454,17.78,7 days 00:00:00
1148,MT05,11.0,48.53403141361255,246.25,13.787134764029515,0.11014854250123518,3.6673621611370746,3.7775106968688563,48.5102,-113.997,2018-06-05,2018-06-13,2018-06-05,2018-06-13,DOC_mgL,15.65148,20.066,8 days 00:00:00
1149,MT05,12.0,48.53403141361255,246.25,5.2779946531956305,0.08166837413419502,4.350550481892849,4.4322188460740035,48.5102,-113.997,2018-07-24,2018-08-01,2018-07-24,2018-08-01,DOC_mgL,33.185100000000006,9.906,8 days 00:00:00
1150,MT05,13.0,48.53403141361255,246.25,10.078984683084546,0.14777362364762237,2.8061516906432344,2.953925334928788,48.5102,-113.997,2018-09-18,2018-09-25,2018-09-18,2018-09-25,DOC_mgL,9.314179999999999,4.826,7 days 00:00:00
1151,MT05,14.0,48.53403141361255,246.25,18.26364313018275,0.20009571344208685,4.59298254663551,4.793078099457788,48.5102,-113.997,2018-10-02,2018-10-09,2018-10-02,2018-10-09,DOC_mgL,12.827,12.7,7 days 00:00:00
1152,MT05,15.0,48.53403141361255,246.25,4.800049092601455,0.039935368781892945,0.7044249617629317,0.7443603321620117,48.5102,-113.997,2018-11-20,2018-11-27,2018-11-20,2018-11-27,DOC_mgL,3.40868,2.794,7 days 00:00:00
1153,MT05,16.0,48.53403141361255,246.25,10.89006085308597,0.022916433826253562,0.39852580971605833,0.4214422372119265,48.5102,-113.997,2018-12-11,2018-12-18,2018-12-11,2018-12-18,DOC_mgL,9.7799,15.046,7 days 00:00:00
1154,MT05,17.0,48.53403141361255,246.25,63.2563860253732,0.3297696905620449,6.281556638078013,6.611326253700012,48.5102,-113.997,2020-11-03,2020-11-10,2020-11-03,2020-11-10,rBC_mgL,0.089386,52.58,7 days 00:00:00
1155,MT05,18.0,48.53403141361255,246.25,21.53198671651646,0.16752000836311143,4.026938730129076,4.19445879513633,48.5102,-113.997,2020-11-10,2020-11-17,2020-11-10,2020-11-17,rBC_mgL,0.27521999999999996,50.04,7 days 00:00:00
1156,MT05,19.0,48.53403141361255,246.25,9.664907653395005,0.05708705797025369,0.8133893680936133,0.8704764210874505,48.5102,-113.997,2020-11-17,2020-11-24,2020-11-17,2020-11-24,rBC_mgL,0.028512000000000003,8.64,7 days 00:00:00
1157,MT07,0.0,46.64921465968587,247.5,22.730403444656027,0.261211516965985,5.562864703645916,5.8240763339001855,46.485,-112.0647,2020-11-03,2020-11-10,2020-11-03,2020-11-10,rBC_mgL,0.080196,19.56,7 days 00:00:00
1158,MT07,1.0,46.64921465968587,247.5,12.207196038373919,0.09183892616120189,1.9861579681704904,2.0779969483412235,46.485,-112.0647,2020-11-10,2020-11-17,2020-11-10,2020-11-17,rBC_mgL,0.0022329999999999997,2.03,7 days 00:00:00
1159,MT97,0.0,45.70680628272251,246.25,13.447571405495808,0.2505204908163821,5.194626663641141,5.44514725753726,45.692,-113.968,2020-11-03,2020-11-10,2020-11-03,2020-11-10,rBC_mgL,0.129096,39.12,7 days 00:00:00
1160,MT97,1.0,45.70680628272251,246.25,20.89807044853842,0.09047570612629938,1.485839128297084,1.5763147990024984,45.692,-113.968,2020-11-10,2020-11-17,2020-11-10,2020-11-17,rBC_mgL,0.073834,38.86,7 days 00:00:00
1161,MT97,2.0,45.70680628272251,246.25,14.233004127583992,0.22097578699445433,2.2960901271062983,2.517065949302069,45.692,-113.968,2020-11-17,2020-11-24,2020-11-17,2020-11-24,rBC_mgL,0.03474,19.3,7 days 00:00:00
1162,NC03,0.0,36.282722513089,282.5,18.947817662245104,0.14522312274086702,1.7458089431778587,1.8910320289975764,36.1325,-77.1708,2020-10-27,2020-11-03,2020-10-27,2020-11-03,rBC_mgL,0.018588,15.49,7 days 00:00:00
1163,NC03,1.0,36.282722513089,282.5,55.04818749057757,0.1603283354124721,1.663448812232743,1.82377717313142,36.1325,-77.1708,2020-11-10,2020-11-17,2020-11-10,2020-11-17,rBC_mgL,0.09728,194.56,7 days 00:00:00
1164,NC06,0.0,35.340314136125656,283.75,14.41088290095264,0.09380724751366745,1.1481728283711583,1.2419800878412042,34.8846,-76.6207,2020-10-28,2020-11-03,2020-10-28,2020-11-03,rBC_mgL,0.007313999999999999,12.19,6 days 00:00:00
1165,NC06,1.0,35.340314136125656,283.75,1.0950402914644528,0.012265757140735007,0.1887532728400091,0.20101902895617305,34.8846,-76.6207,2020-11-03,2020-11-10,2020-11-03,2020-11-10,rBC_mgL,0.00122,6.1,7 days 00:00:00
1166,NC06,2.0,35.340314136125656,283.75,28.666305755941185,0.06474553278461423,0.7482605170726093,0.8130060599840105,34.8846,-76.6207,2020-11-10,2020-11-17,2020-11-10,2020-11-17,rBC_mgL,,56.64,7 days 00:00:00
1167,NC06,3.0,35.340314136125656,283.75,6.141295007815259,0.017113636893104904,0.11502459658580336,0.13213823170420483,34.8846,-76.6207,2020-11-17,2020-11-24,2020-11-17,2020-11-24,rBC_mgL,0.00043200000000000004,4.32,7 days 00:00:00
1168,NC25,0.0,35.340314136125656,276.25,29.079879123759657,0.3018786826663252,7.1933544492797825,7.495233101611482,35.0605,-83.4305,2020-10-27,2020-11-03,2020-10-27,2020-11-03,rBC_mgL,0.177396,147.83,7 days 00:00:00
1169,NC25,1.0,35.340314136125656,276.25,26.625299282052374,0.19467154903775769,2.905436973389443,3.1001085854383095,35.0605,-83.4305,2020-11-10,2020-11-17,2020-11-10,2020-11-17,rBC_mgL,0.07711,70.1,7 days 00:00:00
1170,NC29,0.0,34.3979057591623,282.5,8.376107633576503,0.06731118560748398,0.9375998359725399,1.0049110087031328,34.825,-77.3228,2020-10-27,2020-11-03,2020-10-27,2020-11-03,rBC_mgL,0.011784000000000001,29.46,7 days 00:00:00
1171,NC29,1.0,34.3979057591623,282.5,28.802397758233425,0.05396841079498976,0.5589192948306926,0.6128877085530282,34.825,-77.3228,2020-11-10,2020-11-17,2020-11-10,2020-11-17,rBC_mgL,0.050064,166.88,7 days 00:00:00
1172,NC29,2.0,34.3979057591623,282.5,5.338463066204307,0.052537539358028795,0.3083584122418048,0.3608959498434261,34.825,-77.3228,2020-11-17,2020-11-24,2020-11-17,2020-11-24,rBC_mgL,0.000279,2.79,7 days 00:00:00
1173,NC34,0.0,35.340314136125656,280.0,14.84587861714427,0.1532493348316398,2.5783292401441047,2.7315786068838146,35.697,-80.6225,2020-10-27,2020-11-04,2020-10-27,2020-11-04,rBC_mgL,0.113675,45.47,8 days 00:00:00
1174,NC34,1.0,35.340314136125656,280.0,65.87693847482994,0.2058323668290668,2.548082012510347,2.7539144355444543,35.697,-80.6225,2020-11-10,2020-11-17,2020-11-10,2020-11-17,rBC_mgL,0.129165,86.11,7 days 00:00:00
1175,NC35,0.0,35.340314136125656,281.25,12.267223442382466,0.10282085660190876,1.5933491733042398,1.6961700663150128,35.0258,-78.2783,2020-10-27,2020-11-03,2020-10-27,2020-11-03,rBC_mgL,0.009581,7.37,7 days 00:00:00
1176,NC35,1.0,35.340314136125656,281.25,58.00123979206794,0.14974581626877095,1.5248619373778436,1.6746077739825203,35.0258,-78.2783,2020-11-10,2020-11-17,2020-11-10,2020-11-17,rBC_mgL,0.11788,168.4,7 days 00:00:00
1177,NC35,2.0,35.340314136125656,281.25,20.914185552989295,0.4253857740250948,5.667184901599608,6.092570713515501,35.0258,-78.2783,2020-11-24,2020-12-01,2020-11-24,2020-12-01,rBC_mgL,0.09639299999999999,41.91,7 days 00:00:00
1178,NC36,0.0,35.340314136125656,280.0,14.84587861714427,0.1532493348316398,2.5783292401441047,2.7315786068838146,34.9705,-79.5281,2020-10-27,2020-11-03,2020-10-27,2020-11-03,rBC_mgL,0.0036599999999999996,3.05,7 days 00:00:00
1179,NC41,0.0,35.340314136125656,281.25,12.267223442382466,0.10282085660190876,1.5933491733042398,1.6961700663150128,35.7283,-78.6789,2020-10-27,2020-11-03,2020-10-27,2020-11-03,rBC_mgL,0.019558000000000002,17.78,7 days 00:00:00
1180,NC41,1.0,35.340314136125656,281.25,58.00123979206794,0.14974581626877095,1.5248619373778436,1.6746077739825203,35.7283,-78.6789,2020-11-10,2020-11-17,2020-11-10,2020-11-17,rBC_mgL,0.17028800000000002,106.43,7 days 00:00:00
1181,NC45,0.0,35.340314136125656,277.5,28.20312971614692,0.3773313322813492,8.970577365157565,9.347908800417452,35.7353,-82.2861,2020-10-27,2020-11-03,2020-10-27,2020-11-03,rBC_mgL,0.126566,115.06,7 days 00:00:00
1182,NC45,1.0,35.340314136125656,277.5,0.335652780469875,0.022833316134522212,0.37063112777506635,0.3934644485933241,35.7353,-82.2861,2020-11-03,2020-11-10,2020-11-03,2020-11-10,rBC_mgL,0.00837,2.79,7 days 00:00:00
1183,NC45,2.0,35.340314136125656,277.5,31.592514115175625,0.21912564103288673,2.678717388829992,2.8978429666321994,35.7353,-82.2861,2020-11-10,2020-11-17,2020-11-10,2020-11-17,rBC_mgL,0.04287200000000001,53.59,7 days 00:00:00
1184,ND00,0.0,46.64921465968587,256.25,45.1564653143818,1.5506530934585394,48.238836543990345,49.78948992491418,46.8951,-103.378,2017-09-12,2017-09-19,2017-09-12,2017-09-19,DOC_mgL,60.75426,51.054,7 days 00:00:00
1185,ND00,1.0,46.64921465968587,256.25,20.898628606868193,0.36598539219080267,5.441051948376764,5.807037281727915,46.8951,-103.378,2018-03-13,2018-03-20,2018-03-13,2018-03-20,DOC_mgL,4.10718,19.558,7 days 00:00:00
1186,ND00,2.0,46.64921465968587,256.25,13.915580353972409,0.33061847394098964,6.100328528061635,6.430947144851666,46.8951,-103.378,2018-04-17,2018-04-24,2018-04-17,2018-04-24,DOC_mgL,3.2766,7.62,7 days 00:00:00
1187,ND00,3.0,46.64921465968587,256.25,16.939878047882942,0.4203622705294379,8.382468161976554,8.802830434116032,46.8951,-103.378,2018-05-22,2018-05-30,2018-05-22,2018-05-30,DOC_mgL,6.86972,13.211,8 days 00:00:00
1188,ND00,4.0,46.64921465968587,256.25,7.392750289031291,0.20374033841332545,6.604304981853258,6.808045336218854,46.8951,-103.378,2018-06-05,2018-06-12,2018-06-05,2018-06-12,DOC_mgL,13.0302,24.13,7 days 00:00:00
1189,ND00,5.0,46.64921465968587,256.25,17.47297061736627,0.36113581087363394,6.269635960593801,6.6307717970634155,46.8951,-103.378,2018-07-17,2018-07-24,2018-07-17,2018-07-24,DOC_mgL,30.655260000000002,20.574,7 days 00:00:00
1190,ND00,6.0,46.64921465968587,256.25,17.1888584355519,2.0346190712696584,63.20551328570234,65.24013234643355,46.8951,-103.378,2018-08-21,2018-08-28,2018-08-21,2018-08-28,DOC_mgL,21.541739999999997,8.382,7 days 00:00:00
1191,ND00,7.0,46.64921465968587,256.25,9.065600425750553,0.3416266563445663,11.432498076672946,11.7741245785273,46.8951,-103.378,2018-09-18,2018-09-25,2018-09-18,2018-09-25,DOC_mgL,20.5105,21.59,7 days 00:00:00
1192,ND00,8.0,46.64921465968587,256.25,15.928983994228929,0.10020355204138061,1.8743825957684646,1.9745861805886862,46.8951,-103.378,2018-10-02,2018-10-09,2018-10-02,2018-10-09,DOC_mgL,5.5200000000000005,6.0,7 days 00:00:00
1193,ND00,9.0,46.64921465968587,256.25,4.168328403042487,0.02110611348331131,0.42239449723750105,0.4435006048664936,46.8951,-103.378,2020-11-03,2020-11-10,2020-11-03,2020-11-10,rBC_mgL,0.088768,5.84,7 days 00:00:00
1194,ND00,10.0,46.64921465968587,256.25,2.136077001679837,0.07992239719834568,0.8104282664841502,0.8903506371878003,46.8951,-103.378,2020-11-17,2020-11-24,2020-11-17,2020-11-24,rBC_mgL,0.003916,3.56,7 days 00:00:00
1195,NE15,0.0,40.994764397905755,263.75,3.128441057025371,0.12609437210196586,2.6694830530785003,2.7955774628514622,41.1528,-96.4912,2020-11-03,2020-11-10,2020-11-03,2020-11-10,rBC_mgL,0.128588,21.08,7 days 00:00:00
1196,NE15,1.0,40.994764397905755,263.75,6.268029425213915,0.1479791044115041,2.324980558230543,2.472959692290635,41.1528,-96.4912,2020-11-17,2020-11-24,2020-11-17,2020-11-24,rBC_mgL,0.12382999999999998,6.1,7 days 00:00:00
1197,NE99,0.0,40.994764397905755,258.75,1.444291826941848,0.008674536263307258,0.08466206021469584,0.09333659511674437,41.0592,-100.7464,2020-11-17,2020-11-24,2020-11-17,2020-11-24,rBC_mgL,0.09765000000000001,2.79,7 days 00:00:00
1198,NH02,71.0,43.8219895287958,288.75,33.93496522875188,0.15354346104041305,1.7990086954148534,1.9525522300047253,43.95,-71.73333333,2001-12-25,2002-01-08,2001-12-25,2002-01-08,DOC_mgL,6.026999999999999,28.7,14 days 00:00:00
1199,NH02,72.0,43.8219895287958,288.75,20.5891185956375,0.31364957408640953,3.469972578024061,3.783622146841248,43.95,-71.73333333,2002-01-08,2002-01-14,2002-01-08,2002-01-14,DOC_mgL,6.588,18.3,6 days 00:00:00
1200,NH02,73.0,43.8219895287958,288.75,17.608843576866207,0.7714556401897457,9.254330277097544,10.025786219974853,43.95,-71.73333333,2002-01-14,2002-01-22,2002-01-14,2002-01-22,DOC_mgL,8.932,20.3,8 days 00:00:00
1201,NH02,74.0,43.8219895287958,288.75,9.155778913427781,0.39523531576452636,4.166030367555584,4.561265770555018,43.95,-71.73333333,2002-01-22,2002-01-28,2002-01-22,2002-01-28,DOC_mgL,5.376,4.8,6 days 00:00:00
1202,NH02,75.0,43.8219895287958,288.75,109.4688535251187,0.6622675527663044,9.516343363972943,10.178610725108442,43.95,-71.73333333,2002-01-28,2002-02-04,2002-01-28,2002-02-04,DOC_mgL,15.33,51.1,7 days 00:00:00
1203,NH02,76.0,43.8219895287958,288.75,49.01928472014205,0.5441873806009175,6.684435710317942,7.228623179818695,43.95,-71.73333333,2002-02-04,2002-02-12,2002-02-04,2002-02-12,DOC_mgL,3.7199999999999998,31.0,8 days 00:00:00
1204,NH02,77.0,43.8219895287958,288.75,41.610710277312315,0.7626596377297664,10.280120685935579,11.042780420560886,43.95,-71.73333333,2002-02-12,2002-02-25,2002-02-12,2002-02-25,DOC_mgL,14.111999999999998,11.2,13 days 00:00:00
1205,NH02,78.0,43.8219895287958,288.75,66.83448865221209,1.133430758830953,15.961113687082852,17.094545016343737,43.95,-71.73333333,2002-02-25,2002-03-04,2002-02-25,2002-03-04,DOC_mgL,16.807,34.3,7 days 00:00:00
1206,NH02,79.0,43.8219895287958,288.75,26.088706780291737,0.3546825331908986,4.439597902977307,4.794280378847115,43.95,-71.73333333,2002-03-04,2002-03-11,2002-03-04,2002-03-11,DOC_mgL,12.299000000000001,25.1,7 days 00:00:00
1207,NH02,80.0,43.8219895287958,288.75,76.87809034368497,1.3992374107137668,20.403827077322862,21.803064791231904,43.95,-71.73333333,2002-03-11,2002-03-25,2002-03-11,2002-03-25,DOC_mgL,12.992,40.6,14 days 00:00:00
1208,NH02,81.0,43.8219895287958,288.75,132.09414444532996,1.1357710928213982,15.035253404380542,16.171024479045535,43.95,-71.73333333,2002-03-25,2002-04-02,2002-03-25,2002-04-02,DOC_mgL,39.53,67.0,8 days 00:00:00
1209,NH02,82.0,43.8219895287958,288.75,36.559962008198,0.9501531120486434,15.400590753838692,16.350744372903637,43.95,-71.73333333,2002-04-02,2002-04-08,2002-04-02,2002-04-08,DOC_mgL,31.584,16.8,6 days 00:00:00
1210,NH02,83.0,43.8219895287958,288.75,69.88498162403545,1.014046060187494,12.155901315660273,13.169947286840372,43.95,-71.73333333,2002-04-08,2002-04-14,2002-04-08,2002-04-14,DOC_mgL,34.733000000000004,73.9,6 days 00:00:00
1211,NH02,84.0,43.8219895287958,288.75,99.83760603188286,1.1845351340410168,17.35315975152479,18.53769480129026,43.95,-71.73333333,2002-04-14,2002-04-24,2002-04-14,2002-04-24,DOC_mgL,34.25,27.4,10 days 00:00:00
1212,NH02,85.0,43.8219895287958,288.75,112.24256520283305,0.7901534956850997,12.067097657046666,12.857251088403341,43.95,-71.73333333,2002-04-24,2002-04-30,2002-04-24,2002-04-30,DOC_mgL,27.900000000000002,31.0,6 days 00:00:00
1213,NH02,86.0,43.8219895287958,288.75,78.3270254614908,0.8021926309157695,12.771473505705153,13.573665691664065,43.95,-71.73333333,2002-04-30,2002-05-06,2002-04-30,2002-05-06,DOC_mgL,18.249000000000002,23.1,6 days 00:00:00
1214,NH02,87.0,43.8219895287958,288.75,147.42245649361357,1.2798635931867903,25.438728667037665,26.71859235038669,43.95,-71.73333333,2002-05-06,2002-05-16,2002-05-06,2002-05-16,DOC_mgL,58.776,63.2,10 days 00:00:00
1215,NH02,88.0,43.8219895287958,288.75,52.646838850023414,1.0369636290388633,26.237810765846955,27.274774248116017,43.95,-71.73333333,2002-05-27,2002-06-03,2002-05-27,2002-06-03,DOC_mgL,69.53999999999999,30.5,7 days 00:00:00
1216,NH02,89.0,43.8219895287958,288.75,113.63356440671005,1.3369076533320534,44.222994319623176,45.55990118608466,43.95,-71.73333333,2002-06-03,2002-06-09,2002-06-03,2002-06-09,DOC_mgL,23.287999999999997,14.2,6 days 00:00:00
1217,NH02,90.0,43.8219895287958,288.75,186.9223999305808,2.464198681727519,64.76545123326738,67.22965086199129,43.95,-71.73333333,2002-06-09,2002-06-17,2002-06-09,2002-06-17,DOC_mgL,62.836,68.3,8 days 00:00:00
1218,NH02,91.0,43.8219895287958,288.75,73.72586542624404,2.056282320589062,57.71291677683643,59.76919754124843,43.95,-71.73333333,2002-06-17,2002-06-24,2002-06-17,2002-06-24,DOC_mgL,64.777,30.7,7 days 00:00:00
1219,NH02,92.0,43.8219895287958,288.75,65.48683024094615,1.4539944659164088,38.94594228677495,40.39993632756755,43.95,-71.73333333,2002-06-24,2002-07-01,2002-06-24,2002-07-01,DOC_mgL,30.38,15.5,7 days 00:00:00
1220,NH02,93.0,43.8219895287958,288.75,19.355533661211123,0.3203747504311676,11.89936129682391,12.21973644361772,43.95,-71.73333333,2002-07-08,2002-07-15,2002-07-08,2002-07-15,DOC_mgL,25.907999999999998,25.4,7 days 00:00:00
1221,NH02,94.0,43.8219895287958,288.75,18.32323294562732,0.659532510636357,32.86835396354437,33.52788710414556,43.95,-71.73333333,2002-07-15,2002-07-22,2002-07-15,2002-07-22,DOC_mgL,46.854,13.7,7 days 00:00:00
1222,NH02,95.0,43.8219895287958,288.75,44.76404709468085,0.8241159254067475,26.296771883513962,27.120887986499827,43.95,-71.73333333,2002-07-22,2002-07-29,2002-07-22,2002-07-29,DOC_mgL,16.428,7.4,7 days 00:00:00
1223,NH02,96.0,43.8219895287958,288.75,13.318376769423223,0.36782746642163733,17.406573431266207,17.774400445913756,43.95,-71.73333333,2002-07-29,2002-08-05,2002-07-29,2002-08-05,DOC_mgL,66.23,35.8,7 days 00:00:00
1224,NH02,97.0,43.8219895287958,288.75,13.119768233016416,0.5067810297251795,18.642645180299926,19.14942623285892,43.95,-71.73333333,2002-08-05,2002-08-12,2002-08-05,2002-08-12,DOC_mgL,19.153,10.7,7 days 00:00:00
1225,NH02,98.0,43.8219895287958,288.75,43.47827865900933,1.2997188145358727,53.11178442066709,54.411503884994076,43.95,-71.73333333,2002-08-12,2002-08-26,2002-08-12,2002-08-26,DOC_mgL,18.333,18.9,14 days 00:00:00
1226,NH02,99.0,43.8219895287958,288.75,29.10904829319292,0.09956172831680357,3.392083871896167,3.4916455540375737,43.95,-71.73333333,2002-08-26,2002-09-03,2002-08-26,2002-09-03,DOC_mgL,14.448,16.8,8 days 00:00:00
1227,NH02,100.0,43.8219895287958,288.75,127.19936737867934,1.3692627202828052,31.415467778258837,32.78472988201976,43.95,-71.73333333,2002-09-03,2002-09-17,2002-09-03,2002-09-17,DOC_mgL,43.099,91.7,14 days 00:00:00
1228,NH02,101.0,43.8219895287958,288.75,77.24333833441233,0.35083143163011277,5.741903128558327,6.092734513350884,43.95,-71.73333333,2002-09-23,2002-09-30,2002-09-23,2002-09-30,DOC_mgL,10.049999999999999,33.5,7 days 00:00:00
1229,NH02,102.0,43.8219895287958,288.75,14.36196460797845,0.6229029862764197,12.488716054092993,13.111619231561546,43.95,-71.73333333,2002-09-30,2002-10-08,2002-09-30,2002-10-08,DOC_mgL,29.380000000000003,22.6,8 days 00:00:00
1230,NH02,103.0,43.8219895287958,288.75,18.951171271786755,0.12893975003309183,1.8158907350547453,1.9448305191914166,43.95,-71.73333333,2002-10-08,2002-10-15,2002-10-08,2002-10-15,DOC_mgL,22.788000000000004,21.1,7 days 00:00:00
1231,NH02,104.0,43.8219895287958,288.75,60.94513383096026,0.3891416921800491,6.918810938915819,7.307952348314275,43.95,-71.73333333,2002-10-15,2002-10-21,2002-10-15,2002-10-21,DOC_mgL,22.776,31.2,6 days 00:00:00
1232,NH02,105.0,43.8219895287958,288.75,55.01675106139858,0.199386674578088,2.271924113878172,2.471310820437514,43.95,-71.73333333,2002-10-21,2002-10-28,2002-10-21,2002-10-28,DOC_mgL,15.9,30.0,7 days 00:00:00
1233,NH02,106.0,43.8219895287958,288.75,66.04041536348859,1.0810137733205902,12.262246433872303,13.343260410643431,43.95,-71.73333333,2002-11-04,2002-11-12,2002-11-04,2002-11-12,DOC_mgL,36.872,41.9,8 days 00:00:00
1234,NH02,107.0,43.8219895287958,288.75,243.21828867073236,0.8590182596984134,10.906685620273858,11.76570383855033,43.95,-71.73333333,2002-11-12,2002-11-19,2002-11-12,2002-11-19,DOC_mgL,6.4559999999999995,53.8,7 days 00:00:00
1235,NH02,108.0,43.8219895287958,288.75,19.678073822415598,0.48122737513617286,5.133996340556113,5.615223823418614,43.95,-71.73333333,2002-11-19,2002-11-25,2002-11-19,2002-11-25,DOC_mgL,7.648,23.9,6 days 00:00:00
1236,NH02,109.0,43.8219895287958,288.75,17.84991249369483,0.2823354725792898,3.5571046014953867,3.8394400939806284,43.95,-71.73333333,2002-11-25,2002-12-02,2002-11-25,2002-12-02,DOC_mgL,7.26,13.2,7 days 00:00:00
1237,NH02,110.0,43.8219895287958,288.75,141.1183606833788,0.43367631364061177,4.860320075728101,5.293996436983831,43.95,-71.73333333,2002-12-09,2002-12-17,2002-12-09,2002-12-17,DOC_mgL,2.544,31.8,8 days 00:00:00
1238,NH02,111.0,43.8219895287958,288.75,45.05121660277425,0.34002652218340107,3.634463305809036,3.9744898117458103,43.95,-71.73333333,2002-12-17,2002-12-23,2002-12-17,2002-12-23,DOC_mgL,6.956,18.8,6 days 00:00:00
1239,NH02,112.0,43.8219895287958,288.75,75.05739692378523,0.15297773337545123,2.0904640025002696,2.24344172453683,43.95,-71.73333333,2002-12-23,2002-12-30,2002-12-23,2002-12-30,DOC_mgL,5.76,32.0,7 days 00:00:00
1240,NH02,113.0,43.8219895287958,288.75,153.39964206404488,0.657314093420359,7.08429422447336,7.741608367072843,43.95,-71.73333333,2002-12-30,2003-01-06,2002-12-30,2003-01-06,DOC_mgL,11.318999999999999,34.3,7 days 00:00:00
1241,NH02,114.0,43.8219895287958,288.75,28.58630344917401,0.458175402891052,4.955055928849289,5.41323132530018,43.95,-71.73333333,2003-01-06,2003-01-13,2003-01-06,2003-01-13,DOC_mgL,3.2479999999999998,11.2,7 days 00:00:00
1242,NH02,115.0,43.8219895287958,288.75,31.539463874574736,0.5717576205518167,7.923128532265084,8.494886139735325,43.95,-71.73333333,2003-02-03,2003-02-11,2003-02-03,2003-02-11,DOC_mgL,12.078000000000001,18.3,8 days 00:00:00
1243,NH02,116.0,43.8219895287958,288.75,40.15759542301987,0.4563467093026835,5.04839568456775,5.504742375136421,43.95,-71.73333333,2003-02-11,2003-02-19,2003-02-11,2003-02-19,DOC_mgL,4.224,13.2,8 days 00:00:00
1244,NH02,117.0,43.8219895287958,288.75,114.92346291288591,0.4419493298930364,5.529140631494641,5.971089784576416,43.95,-71.73333333,2003-02-19,2003-02-24,2003-02-19,2003-02-24,DOC_mgL,5.984000000000001,17.6,5 days 00:00:00
1245,NH02,118.0,43.8219895287958,288.75,54.93242053261646,0.5453410108609709,6.017949870774666,6.563290663519211,43.95,-71.73333333,2003-02-24,2003-03-03,2003-02-24,2003-03-03,DOC_mgL,6.24,16.0,7 days 00:00:00
1246,NH02,119.0,43.8219895287958,288.75,39.7550522884773,0.20349799820170522,2.7381889230746803,2.941686886013303,43.95,-71.73333333,2003-03-17,2003-03-24,2003-03-17,2003-03-24,DOC_mgL,9.44,29.5,7 days 00:00:00
1247,NH02,120.0,43.8219895287958,288.75,91.81426092907171,1.268189073134477,22.065143652438017,23.333332473417528,43.95,-71.73333333,2003-03-24,2003-03-31,2003-03-24,2003-03-31,DOC_mgL,39.8,39.8,7 days 00:00:00
1248,NH02,121.0,43.8219895287958,288.75,77.98730544550381,0.9141575761997811,14.058671127248346,14.972828427106677,43.95,-71.73333333,2003-03-31,2003-04-07,2003-03-31,2003-04-07,DOC_mgL,5.6979999999999995,25.9,7 days 00:00:00
1249,NH02,122.0,43.8219895287958,288.75,147.27804699387036,1.5420700405775754,21.652942248060288,23.195011933834675,43.95,-71.73333333,2003-04-07,2003-04-28,2003-04-07,2003-04-28,DOC_mgL,23.002000000000002,37.1,21 days 00:00:00
1250,NH02,123.0,43.8219895287958,288.75,60.94252819800125,2.044621606105037,33.88390337572774,35.928524855371236,43.95,-71.73333333,2003-04-28,2003-05-05,2003-04-28,2003-05-05,DOC_mgL,27.264999999999997,28.7,7 days 00:00:00
1251,NH02,124.0,43.8219895287958,288.75,43.567443805292946,1.046878823888109,16.63626869935139,17.683147199840967,43.95,-71.73333333,2003-05-05,2003-05-12,2003-05-05,2003-05-12,DOC_mgL,35.391999999999996,44.8,7 days 00:00:00
1252,NH02,125.0,43.8219895287958,288.75,37.99960178493666,0.84095858430478,12.921527608447322,13.762486033463322,43.95,-71.73333333,2003-05-12,2003-05-19,2003-05-12,2003-05-19,DOC_mgL,17.22,16.4,7 days 00:00:00
1253,NH02,126.0,43.8219895287958,288.75,66.6519319215797,0.7042238345702714,14.396127887645141,15.100351807913677,43.95,-71.73333333,2003-05-19,2003-05-27,2003-05-19,2003-05-27,DOC_mgL,29.715999999999998,32.3,8 days 00:00:00
1254,NH02,127.0,43.8219895287958,288.75,109.65823219066806,1.5162159551322663,31.85521171844563,33.37142767123602,43.95,-71.73333333,2003-05-27,2003-06-02,2003-05-27,2003-06-02,DOC_mgL,30.247999999999998,19.9,6 days 00:00:00
1255,NH02,128.0,43.8219895287958,288.75,66.88183356949872,0.9906261987568118,24.56094850586321,25.55157394233919,43.95,-71.73333333,2003-06-02,2003-06-10,2003-06-02,2003-06-10,DOC_mgL,30.954000000000004,23.1,8 days 00:00:00
1256,NH02,129.0,43.8219895287958,288.75,59.81443633515937,0.88799922337221,25.956799809545572,26.844799058678426,43.95,-71.73333333,2003-06-10,2003-06-16,2003-06-10,2003-06-16,DOC_mgL,25.602,25.1,6 days 00:00:00
1257,NH02,130.0,43.8219895287958,288.75,38.3104741132505,1.3887082551151575,48.35442288349209,49.743131337520396,43.95,-71.73333333,2003-06-30,2003-07-14,2003-06-30,2003-07-14,DOC_mgL,34.08,35.5,14 days 00:00:00
1258,NH02,131.0,43.8219895287958,288.75,31.914533760524222,0.8096473189155364,23.7165869068634,24.526234886773636,43.95,-71.73333333,2003-07-14,2003-07-21,2003-07-14,2003-07-21,DOC_mgL,47.263,31.3,7 days 00:00:00
1259,NH02,132.0,43.8219895287958,288.75,131.16543051694407,3.0468609127885795,93.732621439524,96.77948121650238,43.95,-71.73333333,2003-07-21,2003-07-28,2003-07-21,2003-07-28,DOC_mgL,103.383,54.7,7 days 00:00:00
1260,NH02,133.0,43.8219895287958,288.75,93.30774928259234,1.4543695749178864,44.43718299891597,45.89155389450595,43.95,-71.73333333,2003-07-28,2003-08-04,2003-07-28,2003-08-04,DOC_mgL,57.3,57.3,7 days 00:00:00
1261,NH02,134.0,43.8219895287958,288.75,109.8258230726401,2.1112693406044603,64.92669542002005,67.03796537887996,43.95,-71.73333333,2003-08-04,2003-08-11,2003-08-04,2003-08-11,DOC_mgL,73.44,144.0,7 days 00:00:00
1262,NH02,135.0,43.8219895287958,288.75,13.790840882669864,0.5007298312633497,18.543257684308298,19.043987123233563,43.95,-71.73333333,2003-08-18,2003-09-01,2003-08-18,2003-09-01,DOC_mgL,54.384,26.4,14 days 00:00:00
1263,NH02,136.0,43.8219895287958,288.75,48.63119617451006,0.7925629428864931,18.55162361837998,19.344186707048305,43.95,-71.73333333,2003-09-01,2003-09-08,2003-09-01,2003-09-08,DOC_mgL,61.77600000000001,57.2,7 days 00:00:00
1264,NH02,137.0,43.8219895287958,288.75,0.3850458919989048,0.01647049376057594,0.5485326398316867,0.565003116883519,43.95,-71.73333333,2003-09-08,2003-09-15,2003-09-08,2003-09-15,DOC_mgL,14.270999999999997,7.1,7 days 00:00:00
1265,NH02,138.0,43.8219895287958,288.75,18.602753754323395,0.5437421695104194,10.101563422136305,10.645305599221178,43.95,-71.73333333,2003-09-15,2003-09-22,2003-09-15,2003-09-22,DOC_mgL,52.152,42.4,7 days 00:00:00
1266,NH02,139.0,43.8219895287958,288.75,30.158823193929088,0.874683417589981,16.865368699016003,17.740052247311976,43.95,-71.73333333,2003-09-22,2003-09-29,2003-09-22,2003-09-29,DOC_mgL,117.375,93.9,7 days 00:00:00
1267,NH02,140.0,43.8219895287958,288.75,24.280762721229365,1.4241280267681282,20.98185899414317,22.40598695753426,43.95,-71.73333333,2003-09-29,2003-10-06,2003-09-29,2003-10-06,DOC_mgL,27.528000000000002,18.6,7 days 00:00:00
1268,NH02,141.0,43.8219895287958,288.75,64.11914270572083,0.3335123290330779,4.390816172369222,4.72432863064462,43.95,-71.73333333,2003-10-14,2003-10-20,2003-10-14,2003-10-20,DOC_mgL,19.64,49.1,6 days 00:00:00
1269,NH02,142.0,43.8219895287958,288.75,60.64706224577776,1.9103885594545096,33.086280540328694,34.996668709860735,43.95,-71.73333333,2003-10-20,2003-10-28,2003-10-20,2003-10-28,DOC_mgL,115.29,91.5,8 days 00:00:00
1270,NH02,143.0,43.8219895287958,288.75,156.96407631415332,0.6777114811916177,7.638379501940637,8.31609103699592,43.95,-71.73333333,2003-10-28,2003-11-03,2003-10-28,2003-11-03,DOC_mgL,19.32,46.0,6 days 00:00:00
1271,NH02,144.0,43.8219895287958,288.75,52.256560797952176,1.2639502547836379,18.425300621298227,19.689250773066735,43.95,-71.73333333,2003-11-03,2003-11-10,2003-11-03,2003-11-10,DOC_mgL,15.87,13.8,7 days 00:00:00
1272,NH02,145.0,43.8219895287958,288.75,36.791073725384436,0.7156404453043563,7.712392261643736,8.428032620335246,43.95,-71.73333333,2003-11-10,2003-11-17,2003-11-10,2003-11-17,DOC_mgL,24.282,42.6,7 days 00:00:00
1273,NH02,146.0,43.8219895287958,288.75,88.80021351080781,0.27269283866826544,2.8839330667135634,3.156625874937281,43.95,-71.73333333,2003-11-17,2003-11-24,2003-11-17,2003-11-24,DOC_mgL,18.45,61.5,7 days 00:00:00
1274,NH02,147.0,43.8219895287958,288.75,56.91548821999959,0.557624811152271,5.838411815968893,6.396036554516126,43.95,-71.73333333,2003-11-24,2003-12-01,2003-11-24,2003-12-01,DOC_mgL,21.0,52.5,7 days 00:00:00
1275,NH02,148.0,43.8219895287958,288.75,57.065343677598776,0.3122451070164227,3.5562389525366225,3.868484135371303,43.95,-71.73333333,2003-12-01,2003-12-08,2003-12-01,2003-12-08,DOC_mgL,8.14,37.0,7 days 00:00:00
1276,NH02,149.0,43.8219895287958,288.75,134.5375645633722,0.22349846730180029,2.6648342619944914,2.888332769245415,43.95,-71.73333333,2003-12-08,2003-12-16,2003-12-08,2003-12-16,DOC_mgL,13.209000000000001,77.7,8 days 00:00:00
1277,NH02,150.0,43.8219895287958,288.75,87.60503277844833,0.5095522952322168,5.562601090687991,6.072153314492969,43.95,-71.73333333,2003-12-16,2003-12-22,2003-12-16,2003-12-22,DOC_mgL,11.549999999999999,77.0,6 days 00:00:00
1278,NH02,151.0,43.8219895287958,288.75,38.209571416644714,0.3466483712276111,3.360703720501606,3.7073520731224177,43.95,-71.73333333,2003-12-22,2003-12-29,2003-12-22,2003-12-29,DOC_mgL,12.558,48.3,7 days 00:00:00
1279,NH02,152.0,43.8219895287958,288.75,22.751302064532602,0.4878314462112499,4.886067528870751,5.373898840424101,43.95,-71.73333333,2003-12-29,2004-01-05,2003-12-29,2004-01-05,DOC_mgL,7.011,12.3,7 days 00:00:00
1280,NH02,153.0,43.8219895287958,288.75,24.75017492555506,0.23110276251275125,2.7544265149975766,2.9855292394548316,43.95,-71.73333333,2004-01-05,2004-01-12,2004-01-05,2004-01-12,DOC_mgL,5.024,15.7,7 days 00:00:00
1281,NH02,154.0,43.8219895287958,288.75,13.942745187200956,0.70053293241962,6.404461669394339,7.104994582127558,43.95,-71.73333333,2004-01-12,2004-01-19,2004-01-12,2004-01-19,DOC_mgL,4.806000000000001,8.9,7 days 00:00:00
1282,NH02,155.0,43.8219895287958,288.75,93.21033976540869,0.5991581208856089,6.908220689848371,7.507378738561357,43.95,-71.73333333,2004-01-19,2004-02-09,2004-01-19,2004-02-09,DOC_mgL,4.1160000000000005,29.4,21 days 00:00:00
1283,NH02,156.0,43.8219895287958,288.75,18.072805142295472,0.7198762017874326,9.712667127023632,10.432543298572492,43.95,-71.73333333,2004-02-09,2004-02-23,2004-02-09,2004-02-23,DOC_mgL,10.947999999999999,9.2,14 days 00:00:00
1284,NH02,157.0,43.8219895287958,288.75,40.53541133795078,0.9031749169951775,12.18439320805765,13.0875681473018,43.95,-71.73333333,2004-02-23,2004-03-09,2004-02-23,2004-03-09,DOC_mgL,23.368,18.4,15 days 00:00:00
1285,NH02,158.0,43.8219895287958,288.75,54.39977044829902,0.9053516889304114,12.07806904490738,12.983420850931626,43.95,-71.73333333,2004-03-15,2004-03-23,2004-03-15,2004-03-23,DOC_mgL,11.968,18.7,8 days 00:00:00
1286,NH02,159.0,43.8219895287958,288.75,34.42145149852305,0.8241131737966867,11.512835222660112,12.336948637670098,43.95,-71.73333333,2004-03-23,2004-03-28,2004-03-23,2004-03-28,DOC_mgL,33.264,25.2,5 days 00:00:00
1287,NH02,160.0,43.8219895287958,288.75,127.49060935217771,0.5395222722454531,6.734876739454684,7.2743989365634025,43.95,-71.73333333,2004-03-28,2004-04-06,2004-03-28,2004-04-06,DOC_mgL,7.696000000000001,48.1,9 days 00:00:00
1288,NH02,161.0,43.8219895287958,288.75,93.32887246350299,1.3830537834948937,18.60758705772311,19.990640822043815,43.95,-71.73333333,2004-04-06,2004-04-19,2004-04-06,2004-04-19,DOC_mgL,45.084,44.2,13 days 00:00:00
1289,NH02,162.0,43.8219895287958,288.75,14.948732407127352,0.3264131210557032,7.5484718795043975,7.874884767543512,43.95,-71.73333333,2004-04-19,2004-04-25,2004-04-19,2004-04-25,DOC_mgL,24.192,8.4,6 days 00:00:00
1290,NH02,163.0,43.8219895287958,288.75,86.62335789926257,1.0229361187526336,19.973831235075977,20.9967672601524,43.95,-71.73333333,2004-04-25,2004-05-04,2004-04-25,2004-05-04,DOC_mgL,71.12599999999999,67.1,9 days 00:00:00
1291,NH02,164.0,43.8219895287958,288.75,43.55003215010811,0.4719094587758016,6.328779609751645,6.800689280467287,43.95,-71.73333333,2004-05-04,2004-05-10,2004-05-04,2004-05-10,DOC_mgL,3.7199999999999998,3.0,6 days 00:00:00
1292,NH02,165.0,43.8219895287958,288.75,53.779889535105625,0.8747785364978484,16.870238158392738,17.745016576845366,43.95,-71.73333333,2004-05-10,2004-05-17,2004-05-10,2004-05-17,DOC_mgL,76.32,10.6,7 days 00:00:00
1293,NH02,166.0,43.8219895287958,288.75,120.96876688337045,2.2708238687236744,53.925093849446384,56.19591794300622,43.95,-71.73333333,2004-05-17,2004-05-25,2004-05-17,2004-05-25,DOC_mgL,96.348,77.7,8 days 00:00:00
1294,NH02,167.0,43.8219895287958,288.75,48.97323204383838,1.6773236612998057,31.739078374098256,33.41640142866904,43.95,-71.73333333,2004-05-25,2004-05-31,2004-05-25,2004-05-31,DOC_mgL,40.089999999999996,19.0,6 days 00:00:00
1295,NH02,168.0,43.8219895287958,288.75,55.89134735020859,0.4305965524882439,7.593175345240715,8.023771910023758,43.95,-71.73333333,2004-05-31,2004-06-07,2004-05-31,2004-06-07,DOC_mgL,34.164,21.9,7 days 00:00:00
1296,NH02,169.0,43.8219895287958,288.75,6.109687411772445,0.18979031791892972,5.643619999241082,5.833410460892694,43.95,-71.73333333,2004-06-07,2004-06-14,2004-06-07,2004-06-14,DOC_mgL,47.449999999999996,7.3,7 days 00:00:00
1297,NH02,170.0,43.8219895287958,288.75,15.337628079257602,0.6380565873965377,17.61380280577938,18.251859872375576,43.95,-71.73333333,2004-06-14,2004-06-21,2004-06-14,2004-06-21,DOC_mgL,61.698,11.3,7 days 00:00:00
1298,NH02,171.0,43.8219895287958,288.75,91.05075647670262,2.6795300155155046,67.60472043270543,70.28424977681587,43.95,-71.73333333,2004-06-21,2004-06-28,2004-06-21,2004-06-28,DOC_mgL,0.165,16.5,7 days 00:00:00
1299,NH02,172.0,43.8219895287958,288.75,42.27175065945055,1.0702693611734908,33.25589826644326,34.32616781599146,43.95,-71.73333333,2004-06-28,2004-07-06,2004-06-28,2004-07-06,DOC_mgL,68.448,36.8,8 days 00:00:00
1300,NH02,173.0,43.8219895287958,288.75,19.847023981918802,0.941283013614731,30.957861366410476,31.899143813291545,43.95,-71.73333333,2004-07-06,2004-07-12,2004-07-06,2004-07-12,DOC_mgL,114.268,74.2,6 days 00:00:00
1301,NH02,174.0,43.8219895287958,288.75,134.6694138476323,2.1154664941666623,56.317285385132365,58.43275228678557,43.95,-71.73333333,2004-07-12,2004-07-20,2004-07-12,2004-07-20,DOC_mgL,51.36,16.0,8 days 00:00:00
1302,NH02,175.0,43.8219895287958,288.75,38.87898393388767,1.3169971435677066,41.2703977305251,42.58739375526122,43.95,-71.73333333,2004-07-20,2004-07-26,2004-07-20,2004-07-26,DOC_mgL,49.728,16.8,6 days 00:00:00
1303,NH02,176.0,43.8219895287958,288.75,86.33753121074506,1.048234431286904,29.682490990112775,30.730725189553887,43.95,-71.73333333,2004-07-26,2004-08-02,2004-07-26,2004-08-02,DOC_mgL,44.175000000000004,15.5,7 days 00:00:00
1304,NH02,177.0,43.8219895287958,288.75,29.73331369036103,0.47172628420653895,19.28786483029743,19.759591562973355,43.95,-71.73333333,2004-08-02,2004-08-09,2004-08-02,2004-08-09,DOC_mgL,47.04,11.2,7 days 00:00:00
1305,NH02,178.0,43.8219895287958,288.75,214.17333131430462,2.5588821858310573,85.33303384218593,87.89191492733495,43.95,-71.73333333,2004-08-09,2004-08-17,2004-08-09,2004-08-17,DOC_mgL,76.356,75.6,8 days 00:00:00
1306,NH02,179.0,43.8219895287958,288.75,71.99476639332403,2.073009288469623,84.25786751512301,86.33087519704236,43.95,-71.73333333,2004-08-17,2004-08-23,2004-08-17,2004-08-23,DOC_mgL,39.589999999999996,21.4,6 days 00:00:00
1307,NH02,180.0,43.8219895287958,288.75,7.868971217818715,0.27514908086320733,10.430667155003626,10.705816505182653,43.95,-71.73333333,2004-08-23,2004-08-30,2004-08-23,2004-08-30,DOC_mgL,63.081,16.3,7 days 00:00:00
1308,NH02,181.0,43.8219895287958,288.75,10.966608112805488,0.26074435725119866,8.978651062338436,9.239395208528284,43.95,-71.73333333,2004-08-30,2004-09-07,2004-08-30,2004-09-07,DOC_mgL,100.95799999999998,70.6,8 days 00:00:00
1309,NH02,182.0,43.8219895287958,288.75,67.35196452364606,0.7679181704585425,16.615229080085836,17.383146990596067,43.95,-71.73333333,2004-09-07,2004-09-13,2004-09-07,2004-09-13,DOC_mgL,58.406000000000006,55.1,6 days 00:00:00
1310,NH02,183.0,43.8219895287958,288.75,51.386789985994405,0.24290550962107618,5.557742748359069,5.8006483844780785,43.95,-71.73333333,2004-09-13,2004-09-20,2004-09-13,2004-09-20,DOC_mgL,23.4,32.5,7 days 00:00:00
1311,NH02,184.0,43.8219895287958,288.75,81.48622721627086,0.8824141710785192,9.146187789554547,10.028601923309406,43.95,-71.73333333,2004-10-11,2004-10-18,2004-10-11,2004-10-18,DOC_mgL,22.172,48.2,7 days 00:00:00
1312,NH02,185.0,43.8219895287958,288.75,6.317237069396368,0.2003074656943309,2.658022689179042,2.8583301759069757,43.95,-71.73333333,2004-10-18,2004-11-01,2004-10-18,2004-11-01,DOC_mgL,16.168,8.6,14 days 00:00:00
1313,NH02,186.0,43.8219895287958,288.75,59.66940689390299,0.8662118581009154,12.632009925572785,13.498221468691284,43.95,-71.73333333,2004-11-01,2004-11-08,2004-11-01,2004-11-08,DOC_mgL,20.09,57.4,7 days 00:00:00
1314,NH02,187.0,43.8219895287958,288.75,29.37877460011881,0.28022553166312614,3.5428131326288055,3.823038605859926,43.95,-71.73333333,2004-11-08,2004-11-22,2004-11-08,2004-11-22,DOC_mgL,5.117,11.9,14 days 00:00:00
1315,NH02,188.0,43.8219895287958,288.75,105.06459173145188,0.6747459684311944,7.642218967747927,8.316964877632774,43.95,-71.73333333,2004-11-22,2004-11-29,2004-11-22,2004-11-29,DOC_mgL,9.251,84.1,7 days 00:00:00
1316,NH02,189.0,43.8219895287958,288.75,83.71602769408071,0.741309608229962,7.974082587985931,8.715392086147688,43.95,-71.73333333,2004-11-29,2004-12-06,2004-11-29,2004-12-06,DOC_mgL,13.09,59.5,7 days 00:00:00
1317,NH02,190.0,43.8219895287958,288.75,105.6774368493052,0.5946645581229697,5.9752004742501255,6.569864906789958,43.95,-71.73333333,2004-12-06,2004-12-13,2004-12-06,2004-12-13,DOC_mgL,9.828,36.4,7 days 00:00:00
1318,NH02,191.0,43.8219895287958,288.75,12.356102280741688,0.6551762515307094,7.40189231089019,8.057068602260497,43.95,-71.73333333,2004-12-13,2004-12-21,2004-12-13,2004-12-21,DOC_mgL,14.089,19.3,8 days 00:00:00
1319,NH02,192.0,43.8219895287958,288.75,44.349318278591454,0.33834194655563427,4.432047150083277,4.770389178842443,43.95,-71.73333333,2004-12-21,2004-12-27,2004-12-21,2004-12-27,DOC_mgL,10.29,49.0,6 days 00:00:00
1320,NH02,193.0,43.8219895287958,288.75,65.9777776604642,0.6080819808622351,6.255804333929471,6.863886359287363,43.95,-71.73333333,2005-01-03,2005-01-11,2005-01-03,2005-01-11,DOC_mgL,7.293000000000001,22.1,8 days 00:00:00
1321,NH02,194.0,43.8219895287958,288.75,62.208923866613475,0.28984530123200475,3.256637738793963,3.546483071056834,43.95,-71.73333333,2005-01-11,2005-01-17,2005-01-11,2005-01-17,DOC_mgL,7.028000000000001,25.1,6 days 00:00:00
1322,NH02,195.0,43.8219895287958,288.75,48.3810660044862,0.3924469717783564,4.734487250489908,5.126934175413577,43.95,-71.73333333,2005-01-17,2005-01-24,2005-01-17,2005-01-24,DOC_mgL,3.0940000000000003,11.9,7 days 00:00:00
1323,NH02,196.0,43.8219895287958,288.75,88.09878403846373,1.3951112354165738,13.042780327010929,14.437891323116853,43.95,-71.73333333,2005-01-31,2005-02-14,2005-01-31,2005-02-14,DOC_mgL,12.243,37.1,14 days 00:00:00
1324,NH02,197.0,43.8219895287958,288.75,55.45133340341124,1.0215103941374384,11.780295639560006,12.801805934661674,43.95,-71.73333333,2005-02-14,2005-02-22,2005-02-14,2005-02-22,DOC_mgL,15.198000000000002,44.7,8 days 00:00:00
1325,NH02,198.0,43.8219895287958,288.75,50.64303675407223,0.20081969088882654,2.2807435593933403,2.4815631828434435,43.95,-71.73333333,2005-02-28,2005-03-07,2005-02-28,2005-03-07,DOC_mgL,7.258000000000001,19.1,7 days 00:00:00
1326,NH02,199.0,43.8219895287958,288.75,117.38362158301707,1.9606233690771298,22.242077607047968,24.20270100349578,43.95,-71.73333333,2005-03-07,2005-03-14,2005-03-07,2005-03-14,DOC_mgL,22.631000000000004,42.7,7 days 00:00:00
1327,NH02,200.0,43.8219895287958,288.75,68.43074770855713,0.3769329740160648,4.729844563747723,5.106777524536221,43.95,-71.73333333,2005-03-14,2005-03-29,2005-03-14,2005-03-29,DOC_mgL,6.7829999999999995,32.3,15 days 00:00:00
1328,NH02,201.0,43.8219895287958,288.75,151.8867617873773,1.5432434714214385,24.242599923576694,25.785842773225298,43.95,-71.73333333,2005-03-29,2005-04-05,2005-03-29,2005-04-05,DOC_mgL,17.64,49.0,7 days 00:00:00
1329,NH02,202.0,43.8219895287958,288.75,108.82217841083938,2.6154246421580742,39.07098057082373,41.68640500933056,43.95,-71.73333333,2005-04-05,2005-04-26,2005-04-05,2005-04-26,DOC_mgL,51.52,80.5,21 days 00:00:00
1330,NH02,203.0,43.8219895287958,288.75,104.03142936539211,0.7580855892249522,10.48753426699956,11.245620041232772,43.95,-71.73333333,2005-04-26,2005-05-02,2005-04-26,2005-05-02,DOC_mgL,21.976,53.6,6 days 00:00:00
1331,NH02,204.0,43.8219895287958,288.75,44.14741311200565,0.5140266723743401,6.437265308691445,6.951291923323888,43.95,-71.73333333,2005-05-02,2005-05-09,2005-05-02,2005-05-09,DOC_mgL,10.26,7.6,7 days 00:00:00
1332,NH02,205.0,43.8219895287958,288.75,47.37966854622272,1.4207823624890732,29.857119446817023,31.277900631071972,43.95,-71.73333333,2005-05-09,2005-05-17,2005-05-09,2005-05-17,DOC_mgL,39.812,26.9,8 days 00:00:00
1333,NH02,206.0,43.8219895287958,288.75,33.36604883745764,0.3217521202594775,5.23648147343625,5.558233635849508,43.95,-71.73333333,2005-05-17,2005-05-23,2005-05-17,2005-05-23,DOC_mgL,22.72,32.0,6 days 00:00:00
1334,NH02,207.0,43.8219895287958,288.75,182.027305574195,0.7364533001008935,16.591389412345947,17.327842673220406,43.95,-71.73333333,2005-05-23,2005-05-31,2005-05-23,2005-05-31,DOC_mgL,22.099,28.7,8 days 00:00:00
1335,NH02,208.0,43.8219895287958,288.75,67.04417647291905,2.112526649558676,89.84007034088664,91.95259759713775,43.95,-71.73333333,2005-05-31,2005-06-13,2005-05-31,2005-06-13,DOC_mgL,73.359,62.7,13 days 00:00:00
1336,NH02,209.0,43.8219895287958,288.75,167.93469586140475,2.237298654347332,73.01611577234523,75.25341299170762,43.95,-71.73333333,2005-06-13,2005-06-20,2005-06-13,2005-06-20,DOC_mgL,39.204,72.6,7 days 00:00:00
1337,NH02,210.0,43.8219895287958,288.75,13.850835994737407,0.22192447827914955,9.814628512507621,10.036553289915824,43.95,-71.73333333,2005-06-20,2005-06-27,2005-06-20,2005-06-27,DOC_mgL,9.061,4.1,7 days 00:00:00
1338,NH02,211.0,43.8219895287958,288.75,115.98053590989905,0.9672371642698483,32.8112862683369,33.77852346166044,43.95,-71.73333333,2005-07-04,2005-07-11,2005-07-04,2005-07-11,DOC_mgL,43.263000000000005,43.7,7 days 00:00:00
1339,NH02,212.0,43.8219895287958,288.75,62.69351331887884,1.2569212424779623,53.153819595808116,54.41074078793573,43.95,-71.73333333,2005-07-11,2005-07-19,2005-07-11,2005-07-19,DOC_mgL,24.5,14.0,8 days 00:00:00
1340,NH02,213.0,43.8219895287958,288.75,24.028484998017685,0.7665760291182181,36.77987494328091,37.5464511188762,43.95,-71.73333333,2005-07-19,2005-07-26,2005-07-19,2005-07-26,DOC_mgL,25.424,11.2,7 days 00:00:00
1341,NH02,214.0,43.8219895287958,288.75,37.052343609864096,1.862494500751986,94.63872687458235,96.50122075004514,43.95,-71.73333333,2005-07-26,2005-08-02,2005-07-26,2005-08-02,DOC_mgL,28.611,9.9,7 days 00:00:00
1342,NH02,215.0,43.8219895287958,288.75,11.219750972504025,0.30393775267652895,11.928009994653388,12.231948147205836,43.95,-71.73333333,2005-08-02,2005-08-08,2005-08-02,2005-08-08,DOC_mgL,32.812999999999995,15.7,6 days 00:00:00
1343,NH02,216.0,43.8219895287958,288.75,37.74757517840399,1.4281897069119416,61.65555318184726,63.083743717783975,43.95,-71.73333333,2005-08-08,2005-08-15,2005-08-08,2005-08-15,DOC_mgL,44.016000000000005,16.8,7 days 00:00:00
1344,NH02,217.0,43.8219895287958,288.75,32.932410542585444,0.973308600172037,37.80688710258312,38.78019547325353,43.95,-71.73333333,2005-08-15,2005-08-22,2005-08-15,2005-08-22,DOC_mgL,30.972,17.8,7 days 00:00:00
1345,NH02,218.0,43.8219895287958,288.75,7.62882884496217,0.219842496773998,7.917257138331197,8.137099759810093,43.95,-71.73333333,2005-08-22,2005-08-29,2005-08-22,2005-08-29,DOC_mgL,26.880000000000003,48.0,7 days 00:00:00
1346,NH02,219.0,43.8219895287958,288.75,91.76208523575119,0.9463330383967066,29.45602090055621,30.402352982003556,43.95,-71.73333333,2005-08-29,2005-09-05,2005-08-29,2005-09-05,DOC_mgL,53.406,116.1,7 days 00:00:00
1347,NH02,220.0,43.8219895287958,288.75,53.65521714141755,0.8963258426506184,23.450802704105932,24.347128779184008,43.95,-71.73333333,2005-09-05,2005-09-19,2005-09-05,2005-09-19,DOC_mgL,22.032,27.2,14 days 00:00:00
1348,NH02,221.0,43.8219895287958,288.75,21.10803273092764,0.6679201421959134,17.02166211642992,17.68958229606269,43.95,-71.73333333,2005-09-19,2005-09-27,2005-09-19,2005-09-27,DOC_mgL,25.665,29.5,8 days 00:00:00
1349,NH02,222.0,43.8219895287958,288.75,33.35136764824204,0.37102378769762306,7.382204420427055,7.753228423613958,43.95,-71.73333333,2005-09-27,2005-10-03,2005-09-27,2005-10-03,DOC_mgL,17.724,21.1,6 days 00:00:00
1350,NH02,223.0,43.8219895287958,288.75,298.10706098958383,0.3090925733411445,4.5644093578364595,4.87350194991268,43.95,-71.73333333,2005-10-03,2005-10-10,2005-10-03,2005-10-10,DOC_mgL,20.264999999999997,135.1,7 days 00:00:00
1351,NH02,224.0,43.8219895287958,288.75,186.6762114744347,0.4201980675764454,4.780516267609627,5.200714347846843,43.95,-71.73333333,2005-10-10,2005-10-17,2005-10-10,2005-10-17,DOC_mgL,34.076,121.7,7 days 00:00:00
1352,NH02,225.0,43.8219895287958,288.75,110.17919221308507,0.7450216209584082,12.699669815763315,13.444691375832928,43.95,-71.73333333,2005-10-17,2005-10-24,2005-10-17,2005-10-24,DOC_mgL,13.115,30.5,7 days 00:00:00
1353,NH02,226.0,43.8219895287958,288.75,136.6706961418912,0.17071036979639959,2.1789897044913533,2.3497001044577113,43.95,-71.73333333,2005-10-24,2005-10-31,2005-10-24,2005-10-31,DOC_mgL,23.532,31.8,7 days 00:00:00
1354,NH02,227.0,43.8219895287958,288.75,7.217756539645848,0.16145993832184902,2.4066962544334416,2.5681562246616454,43.95,-71.73333333,2005-10-31,2005-11-07,2005-10-31,2005-11-07,DOC_mgL,20.55,15.0,7 days 00:00:00
1355,NH02,228.0,43.8219895287958,288.75,44.92917147000397,1.05812430408184,15.064427031061774,16.12255117188948,43.95,-71.73333333,2005-11-07,2005-11-14,2005-11-07,2005-11-14,DOC_mgL,20.340000000000003,45.2,7 days 00:00:00
1356,NH02,229.0,43.8219895287958,288.75,96.54634795021045,0.4804401537175636,6.093603283542793,6.5740433678823305,43.95,-71.73333333,2005-11-14,2005-11-21,2005-11-14,2005-11-21,DOC_mgL,16.44,41.1,7 days 00:00:00
1357,NH02,230.0,43.8219895287958,288.75,125.65972185036856,0.9347389068212959,9.253860869997684,10.188599780328936,43.95,-71.73333333,2005-11-21,2005-11-29,2005-11-21,2005-11-29,DOC_mgL,15.924999999999999,45.5,8 days 00:00:00
1358,NH02,231.0,43.8219895287958,288.75,66.07213101119669,0.586137316417254,6.022314110679799,6.608451367379198,43.95,-71.73333333,2005-11-29,2005-12-05,2005-11-29,2005-12-05,DOC_mgL,12.285,45.5,6 days 00:00:00
1359,NH02,232.0,43.8219895287958,288.75,28.59568640168897,0.2220526088320845,2.742697761872609,2.9647503518599043,43.95,-71.73333333,2005-12-05,2005-12-12,2005-12-05,2005-12-12,DOC_mgL,4.592,11.2,7 days 00:00:00
1360,NH02,233.0,43.8219895287958,288.75,48.71597842671417,0.06684397785236626,0.6986644880942126,0.7655084429782146,43.95,-71.73333333,2005-12-12,2005-12-19,2005-12-12,2005-12-19,DOC_mgL,4.32,21.6,7 days 00:00:00
1361,NH02,234.0,43.8219895287958,288.75,54.142979280769055,0.620616667724918,6.584954426267636,7.205570950845342,43.95,-71.73333333,2005-12-19,2005-12-27,2005-12-19,2005-12-27,DOC_mgL,17.060999999999996,36.3,8 days 00:00:00
1362,NH02,235.0,43.8219895287958,288.75,37.65952066032696,0.6396349087108705,7.6785258432826575,8.318160919437712,43.95,-71.73333333,2005-12-27,2006-01-02,2005-12-27,2006-01-02,DOC_mgL,4.148,12.2,6 days 00:00:00
1363,NH02,236.0,43.8219895287958,288.75,14.390321562363084,0.5151159719477341,6.500457017588266,7.0155730316897795,43.95,-71.73333333,2006-01-02,2006-01-10,2006-01-02,2006-01-10,DOC_mgL,9.1,14.0,8 days 00:00:00
1364,NH02,237.0,43.8219895287958,288.75,98.73615979776318,0.4624997597304625,5.246897995768441,5.709397673386851,43.95,-71.73333333,2006-01-10,2006-01-16,2006-01-10,2006-01-16,DOC_mgL,14.742,54.6,6 days 00:00:00
1365,NH02,238.0,43.8219895287958,288.75,79.65842474804141,0.31735516495089244,3.648115551983979,3.9654707573322514,43.95,-71.73333333,2006-01-16,2006-01-24,2006-01-16,2006-01-24,DOC_mgL,17.836,68.6,8 days 00:00:00
1366,NH02,239.0,43.8219895287958,288.75,31.678432443627003,1.2503579561302005,11.268863153214177,12.51922121238647,43.95,-71.73333333,2006-01-24,2006-01-31,2006-01-24,2006-01-31,DOC_mgL,14.818,23.9,7 days 00:00:00
1367,NH02,240.0,43.8219895287958,288.75,117.08687702594034,1.0552362781431242,12.800956469827263,13.8561928056391,43.95,-71.73333333,2006-01-31,2006-02-06,2006-01-31,2006-02-06,DOC_mgL,14.972999999999999,48.3,6 days 00:00:00
1368,NH02,241.0,43.8219895287958,288.75,6.43872287270429,0.18164328455781947,3.0508424241128287,3.232485764435443,43.95,-71.73333333,2006-02-13,2006-02-21,2006-02-13,2006-02-21,DOC_mgL,6.144,6.4,8 days 00:00:00
1369,NH02,242.0,43.8219895287958,288.75,14.243090040588768,0.9462460629614198,11.448765916300932,12.39501213850993,43.95,-71.73333333,2006-02-21,2006-02-27,2006-02-21,2006-02-27,DOC_mgL,9.702,14.7,6 days 00:00:00
1370,NH02,243.0,43.8219895287958,288.75,40.38319856207857,1.1761234736172175,17.42158728477999,18.597711232687804,43.95,-71.73333333,2006-02-27,2006-03-13,2006-02-27,2006-03-13,DOC_mgL,32.940000000000005,18.3,14 days 00:00:00
1371,NH02,244.0,43.8219895287958,288.75,58.38922774541455,1.1567828270044056,17.284689622312385,18.4414726864501,43.95,-71.73333333,2006-03-13,2006-03-20,2006-03-13,2006-03-20,DOC_mgL,10.608,27.2,7 days 00:00:00
1372,NH02,245.0,43.8219895287958,288.75,110.23826263554248,1.1310842673926038,15.73361314334971,16.86469726145225,43.95,-71.73333333,2006-04-03,2006-04-10,2006-04-03,2006-04-10,DOC_mgL,21.49,30.7,7 days 00:00:00
1373,NH02,246.0,43.8219895287958,288.75,58.2320119376045,0.5285766050014764,8.310783878174698,8.839360320360857,43.95,-71.73333333,2006-04-17,2006-04-25,2006-04-17,2006-04-25,DOC_mgL,19.808999999999997,27.9,8 days 00:00:00
1374,NH02,247.0,43.8219895287958,288.75,96.33984913141602,0.14511586999691165,1.8664075792244998,2.0115235051336997,43.95,-71.73333333,2006-05-01,2006-05-08,2006-05-01,2006-05-08,DOC_mgL,23.56,31.0,7 days 00:00:00
1375,NH02,248.0,43.8219895287958,288.75,151.97152650501562,1.3427957218032551,20.804044365333567,22.146839965359234,43.95,-71.73333333,2006-05-08,2006-05-15,2006-05-08,2006-05-15,DOC_mgL,53.091,104.1,7 days 00:00:00
1376,NH02,249.0,43.8219895287958,288.75,101.05922002594525,1.5221301000872822,22.20309536227205,23.72522498461649,43.95,-71.73333333,2006-05-15,2006-05-22,2006-05-15,2006-05-22,DOC_mgL,96.455,95.5,7 days 00:00:00
1377,NH02,250.0,43.8219895287958,288.75,27.53585026479901,0.5506763196083706,13.785641273555893,14.336318051586627,43.95,-71.73333333,2006-05-22,2006-05-30,2006-05-22,2006-05-30,DOC_mgL,25.721000000000004,8.9,8 days 00:00:00
1378,NH02,251.0,43.8219895287958,288.75,204.91104819901906,1.7121076712617311,57.79911389502956,59.51122105107842,43.95,-71.73333333,2006-05-30,2006-06-05,2006-05-30,2006-06-05,DOC_mgL,30.520000000000003,28.0,6 days 00:00:00
1379,NH02,252.0,43.8219895287958,288.75,171.54449659825542,1.1685089865192322,18.414354922141605,19.582864161510336,43.95,-71.73333333,2006-06-05,2006-06-12,2006-06-05,2006-06-12,DOC_mgL,23.584,53.6,7 days 00:00:00
1380,NH02,253.0,43.8219895287958,288.75,65.88603019244132,1.2469448910923386,34.894568085031,36.141512807508214,43.95,-71.73333333,2006-06-27,2006-07-03,2006-06-27,2006-07-03,DOC_mgL,38.419,37.3,6 days 00:00:00
1381,NH02,254.0,43.8219895287958,288.75,153.7478000393163,2.140579380920781,85.47528445375613,87.6158637493448,43.95,-71.73333333,2006-07-03,2006-07-17,2006-07-03,2006-07-17,DOC_mgL,48.375,64.5,14 days 00:00:00
1382,NH02,255.0,43.8219895287958,288.75,75.80858852240212,2.369121099437847,94.9739032825422,97.34302460197011,43.95,-71.73333333,2006-07-17,2006-07-24,2006-07-17,2006-07-24,DOC_mgL,30.360000000000003,33.0,7 days 00:00:00
1383,NH02,256.0,43.8219895287958,288.75,44.85397470040537,1.0527027607043147,45.48157941982461,46.534281301739696,43.95,-71.73333333,2006-07-24,2006-07-31,2006-07-24,2006-07-31,DOC_mgL,25.454,17.8,7 days 00:00:00
1384,NH02,257.0,43.8219895287958,288.75,56.641218210934426,1.812432505196346,72.54108873214811,74.35352172679661,43.95,-71.73333333,2006-07-31,2006-08-08,2006-07-31,2006-08-08,DOC_mgL,31.472999999999995,26.9,8 days 00:00:00
1385,NH02,258.0,43.8219895287958,288.75,11.448934527217258,0.24912775958972416,9.007693058031133,9.256820913271882,43.95,-71.73333333,2006-08-08,2006-08-14,2006-08-08,2006-08-14,DOC_mgL,22.386,9.1,6 days 00:00:00
1386,NH02,259.0,43.8219895287958,288.75,73.80071791703719,0.5064535307732105,15.180658517743861,15.687111480904708,43.95,-71.73333333,2006-08-21,2006-08-28,2006-08-21,2006-08-28,DOC_mgL,31.772,18.8,7 days 00:00:00
1387,NH02,260.0,43.8219895287958,288.75,57.37390927241168,0.39639844716297346,9.764885717893339,10.161283996743073,43.95,-71.73333333,2006-08-28,2006-09-04,2006-08-28,2006-09-04,DOC_mgL,7.93,6.1,7 days 00:00:00
1388,NH02,261.0,43.8219895287958,288.75,32.421926482795506,0.25872008527888213,4.79413134047024,5.052851415357088,43.95,-71.73333333,2006-09-11,2006-09-18,2006-09-11,2006-09-18,DOC_mgL,14.364,8.4,7 days 00:00:00
1389,NH02,262.0,43.8219895287958,288.75,56.58669699528025,1.387102701145285,37.07677397994706,38.463877107386914,43.95,-71.73333333,2006-09-18,2006-09-25,2006-09-18,2006-09-25,DOC_mgL,40.61,31.0,7 days 00:00:00
1390,NH02,263.0,43.8219895287958,288.75,74.34450116050873,1.1044263180628642,17.77559766333661,18.880024615572367,43.95,-71.73333333,2006-09-25,2006-10-02,2006-09-25,2006-10-02,DOC_mgL,16.66,34.0,7 days 00:00:00
1391,NH02,264.0,43.8219895287958,288.75,21.19973475988536,0.5581421298696938,7.69424208072462,8.25238390556509,43.95,-71.73333333,2006-10-09,2006-10-16,2006-10-09,2006-10-16,DOC_mgL,8.464,36.8,7 days 00:00:00
1392,NH02,265.0,43.8219895287958,288.75,126.2792392266719,2.21983201021851,24.37142988861012,26.591262262990455,43.95,-71.73333333,2006-10-16,2006-10-24,2006-10-16,2006-10-24,DOC_mgL,42.804,118.9,8 days 00:00:00
1393,NH02,266.0,43.8219895287958,288.75,105.43791602732888,0.42495395929646973,4.630516924023919,5.05547082623943,43.95,-71.73333333,2006-10-24,2006-10-30,2006-10-24,2006-10-30,DOC_mgL,28.439999999999998,79.0,6 days 00:00:00
1394,NH02,267.0,43.8219895287958,288.75,21.908338661624782,0.31255913072580216,4.244921237954447,4.557480356385396,43.95,-71.73333333,2006-10-30,2006-11-06,2006-10-30,2006-11-06,DOC_mgL,3.556,12.7,7 days 00:00:00
1395,NH02,268.0,43.8219895287958,288.75,46.067831404814505,0.5630782900547492,6.1635902614191185,6.726668559669864,43.95,-71.73333333,2006-11-06,2006-11-13,2006-11-06,2006-11-13,DOC_mgL,6.669,51.3,7 days 00:00:00
1396,NH02,269.0,43.8219895287958,288.75,60.95029590635903,0.770941895540278,7.974404480117411,8.745346361895733,43.95,-71.73333333,2006-11-13,2006-11-20,2006-11-13,2006-11-20,DOC_mgL,9.084,75.7,7 days 00:00:00
1397,NH02,270.0,43.8219895287958,288.75,48.07314930425131,0.5430515167268538,6.543226083140285,7.086277566046896,43.95,-71.73333333,2006-11-20,2006-12-04,2006-11-20,2006-12-04,DOC_mgL,22.204,42.7,14 days 00:00:00
1398,NH02,271.0,43.8219895287958,288.75,18.53738564350176,0.33225002277014304,3.686999362458379,4.019249370042916,43.95,-71.73333333,2006-12-11,2006-12-18,2006-12-11,2006-12-18,DOC_mgL,5.44,6.4,7 days 00:00:00
1399,NH02,272.0,43.8219895287958,288.75,42.52855242770082,0.3443753658967696,3.774117328872032,4.11849259143335,43.95,-71.73333333,2006-12-18,2006-12-25,2006-12-18,2006-12-25,DOC_mgL,4.62,46.2,7 days 00:00:00
1400,NH02,273.0,43.8219895287958,288.75,92.58662417983565,0.5923741035057338,6.134057729358058,6.726431937956116,43.95,-71.73333333,2006-12-25,2007-01-02,2006-12-25,2007-01-02,DOC_mgL,13.860000000000001,46.2,8 days 00:00:00
1401,NH02,274.0,43.8219895287958,288.75,99.74340277798532,0.42308153873523197,4.775566991972363,5.198648606234119,43.95,-71.73333333,2007-01-02,2007-01-09,2007-01-02,2007-01-09,DOC_mgL,8.93,47.0,7 days 00:00:00
1402,NH02,275.0,43.8219895287958,288.75,40.622013147650904,0.414795281716146,4.494631910406666,4.909427171045921,43.95,-71.73333333,2007-01-09,2007-01-16,2007-01-09,2007-01-16,DOC_mgL,7.992,21.6,7 days 00:00:00
1403,NH02,276.0,43.8219895287958,288.75,11.344960874237753,0.4103257863368771,4.719182733654847,5.129508494523815,43.95,-71.73333333,2007-01-29,2007-02-05,2007-01-29,2007-02-05,DOC_mgL,8.834999999999999,15.5,7 days 00:00:00
1404,NH02,277.0,43.8219895287958,288.75,81.81915029492615,0.4514337286147041,4.833458277684982,5.284892131004334,43.95,-71.73333333,2007-02-12,2007-02-19,2007-02-12,2007-02-19,DOC_mgL,0.49,49.0,7 days 00:00:00
1405,NH02,278.0,43.8219895287958,288.75,56.35826490200989,0.8849248160899321,11.40202419323721,12.28694899175145,43.95,-71.73333333,2007-02-19,2007-03-05,2007-02-19,2007-03-05,DOC_mgL,3.6599999999999997,24.4,14 days 00:00:00
1406,NH02,279.0,43.8219895287958,288.75,133.7853632612962,0.841804803156302,10.469071081247867,11.31087586918197,43.95,-71.73333333,2007-03-12,2007-03-19,2007-03-12,2007-03-19,DOC_mgL,2.646,37.8,7 days 00:00:00
1407,NH02,280.0,43.8219895287958,288.75,22.944532644242344,0.302403423332068,4.40741616555548,4.709819538537202,43.95,-71.73333333,2007-03-19,2007-03-26,2007-03-19,2007-03-26,DOC_mgL,7.826,9.1,7 days 00:00:00
1408,NH02,281.0,43.8219895287958,288.75,97.38557692117733,0.990916476997783,12.869670654169774,13.860587103065036,43.95,-71.73333333,2007-04-02,2007-04-09,2007-04-02,2007-04-09,DOC_mgL,9.503,55.9,7 days 00:00:00
1409,NH02,282.0,43.8219895287958,288.75,318.75728719903407,0.5371419117493383,6.710334389783599,7.247476287541138,43.95,-71.73333333,2007-04-09,2007-04-17,2007-04-09,2007-04-17,DOC_mgL,4.57,91.4,8 days 00:00:00
1410,NH02,283.0,43.8219895287958,288.75,95.43366284652613,1.3042105253664726,25.200159837579932,26.50436981465245,43.95,-71.73333333,2007-04-17,2007-05-01,2007-04-17,2007-05-01,DOC_mgL,33.48,27.9,14 days 00:00:00
1411,NH02,284.0,43.8219895287958,288.75,26.039484134870214,0.6397384513165757,11.139981944363402,11.77972018504833,43.95,-71.73333333,2007-05-01,2007-05-14,2007-05-01,2007-05-14,DOC_mgL,7.986,6.6,13 days 00:00:00
1412,NH02,285.0,43.8219895287958,288.75,127.35150071726542,2.975759439397983,59.88010839987068,62.855868716155115,43.95,-71.73333333,2007-05-14,2007-05-21,2007-05-14,2007-05-21,DOC_mgL,45.584,59.2,7 days 00:00:00
1413,NH02,286.0,43.8219895287958,288.75,109.0239087188194,2.265572315910266,60.52449566475615,62.79006708140864,43.95,-71.73333333,2007-05-29,2007-06-05,2007-05-29,2007-06-05,DOC_mgL,66.7,46.0,7 days 00:00:00
1414,NH02,287.0,43.8219895287958,288.75,31.74047504048705,1.1508636946753503,43.054330741212894,44.205193677412936,43.95,-71.73333333,2007-06-05,2007-06-11,2007-06-05,2007-06-11,DOC_mgL,36.784,15.2,6 days 00:00:00
1415,NH02,288.0,43.8219895287958,288.75,31.307365748193412,1.1316204825193878,26.596681908273485,27.728301798745175,43.95,-71.73333333,2007-06-18,2007-06-25,2007-06-18,2007-06-25,DOC_mgL,23.919999999999998,10.4,7 days 00:00:00
1416,NH02,289.0,43.8219895287958,288.75,19.962212855517695,0.5607876706644257,19.719097930405177,20.279885727561393,43.95,-71.73333333,2007-06-25,2007-07-02,2007-06-25,2007-07-02,DOC_mgL,28.21,13.0,7 days 00:00:00
1417,NH02,290.0,43.8219895287958,288.75,96.02151463430353,1.3905793852346526,43.59116899943505,44.981748700823054,43.95,-71.73333333,2007-07-02,2007-07-09,2007-07-02,2007-07-09,DOC_mgL,77.44,64.0,7 days 00:00:00
1418,NH02,291.0,43.8219895287958,288.75,68.63201250299697,2.1468522085066333,87.99671531445341,90.14356845971072,43.95,-71.73333333,2007-07-09,2007-07-16,2007-07-09,2007-07-16,DOC_mgL,61.0,50.0,7 days 00:00:00
1419,NH02,292.0,43.8219895287958,288.75,95.42195853793345,2.1096828743677594,55.77218436768339,57.88186717581995,43.95,-71.73333333,2007-07-16,2007-07-23,2007-07-16,2007-07-23,DOC_mgL,52.78,40.6,7 days 00:00:00
1420,NH02,293.0,43.8219895287958,288.75,91.86255215634654,2.220651069429224,93.38190730503234,95.60255847188958,43.95,-71.73333333,2007-07-23,2007-08-07,2007-07-23,2007-08-07,DOC_mgL,56.32299999999999,37.3,15 days 00:00:00
1421,NH02,294.0,43.8219895287958,288.75,43.18021083368762,2.074428763278954,66.08909453174651,68.16352516863708,43.95,-71.73333333,2007-08-07,2007-08-14,2007-08-07,2007-08-14,DOC_mgL,66.15,49.0,7 days 00:00:00
1422,NH02,295.0,43.8219895287958,288.75,3.984747432048824,0.17794753594649626,7.993887287684464,8.17183493916281,43.95,-71.73333333,2007-08-20,2007-08-27,2007-08-20,2007-08-27,DOC_mgL,81.6,34.0,7 days 00:00:00
1423,NH02,296.0,43.8219895287958,288.75,7.636996507354498,0.6129221254362597,26.89210466500952,27.505026357198595,43.95,-71.73333333,2007-08-27,2007-09-03,2007-08-27,2007-09-03,DOC_mgL,23.217,7.1,7 days 00:00:00
1424,NH02,297.0,43.8219895287958,288.75,104.92665841331957,1.8156517118753865,50.170062325936144,51.98571324155435,43.95,-71.73333333,2007-09-03,2007-09-12,2007-09-03,2007-09-12,DOC_mgL,58.496,45.7,9 days 00:00:00
1425,NH02,298.0,43.8219895287958,288.75,17.075022449987735,0.3799095368129869,6.482713273772154,6.86262257193327,43.95,-71.73333333,2007-09-12,2007-09-17,2007-09-12,2007-09-17,DOC_mgL,38.893,43.7,5 days 00:00:00
1426,NH02,299.0,43.8219895287958,288.75,35.48178152470126,0.7005629989621504,16.10879113193896,16.809354430642315,43.95,-71.73333333,2007-09-24,2007-10-01,2007-09-24,2007-10-01,DOC_mgL,13.385999999999997,9.7,7 days 00:00:00
1427,NH02,300.0,43.8219895287958,288.75,36.324400978440806,0.7004258880398512,11.677822731715306,12.378248760244889,43.95,-71.73333333,2007-10-09,2007-10-15,2007-10-09,2007-10-15,DOC_mgL,40.05,45.0,6 days 00:00:00
1428,NH02,301.0,43.8219895287958,288.75,54.949482542755725,0.28106667008239405,3.467537610209649,3.748604227782759,43.95,-71.73333333,2007-10-15,2007-10-22,2007-10-15,2007-10-22,DOC_mgL,21.692,49.3,7 days 00:00:00
1429,NH02,302.0,43.8219895287958,288.75,147.41420592126266,1.5439101760059792,22.06395535432622,23.607866080362513,43.95,-71.73333333,2007-10-29,2007-11-12,2007-10-29,2007-11-12,DOC_mgL,21.147000000000002,39.9,14 days 00:00:00
1430,NH02,303.0,43.8219895287958,288.75,67.68696488761438,2.680583336863571,39.22581818035991,41.90640151790157,43.95,-71.73333333,2007-11-12,2007-11-19,2007-11-12,2007-11-19,DOC_mgL,22.302,53.1,7 days 00:00:00
1431,NH02,304.0,43.8219895287958,288.75,43.50393076844594,0.6180546653812439,7.3173381934864645,7.93539287917617,43.95,-71.73333333,2007-11-19,2007-11-26,2007-11-19,2007-11-26,DOC_mgL,17.15,17.5,7 days 00:00:00
1432,NH02,305.0,43.8219895287958,288.75,125.68287633669684,0.6700776441527501,8.002946321264414,8.673024155109177,43.95,-71.73333333,2007-11-26,2007-12-04,2007-11-26,2007-12-04,DOC_mgL,7.163,55.1,8 days 00:00:00
1433,NH02,306.0,43.8219895287958,288.75,98.87951179763377,0.36745132698298016,3.827424627234066,4.194875899768413,43.95,-71.73333333,2007-12-10,2007-12-17,2007-12-10,2007-12-17,DOC_mgL,5.094,56.6,7 days 00:00:00
1434,NH02,307.0,43.8219895287958,288.75,25.553825193469493,0.3799484374827434,4.445310618726977,4.825259135906712,43.95,-71.73333333,2007-12-17,2007-12-24,2007-12-17,2007-12-24,DOC_mgL,3.456,38.4,7 days 00:00:00
1435,NH02,308.0,43.8219895287958,288.75,70.52079738887329,0.7256208270231762,7.521519769515539,8.247140569680317,43.95,-71.73333333,2007-12-24,2007-12-31,2007-12-24,2007-12-31,DOC_mgL,6.7,33.5,7 days 00:00:00
1436,NH02,309.0,43.8219895287958,288.75,28.379856729079943,0.8689898740170802,9.584109065416522,10.45309909037473,43.95,-71.73333333,2007-12-31,2008-01-07,2007-12-31,2008-01-07,DOC_mgL,7.5,15.0,7 days 00:00:00
1437,NH02,310.0,43.8219895287958,288.75,57.744704825779536,0.3339607210467947,4.322847635408479,4.656808288248186,43.95,-71.73333333,2008-01-07,2008-01-15,2008-01-07,2008-01-15,DOC_mgL,10.224,21.3,8 days 00:00:00
1438,NH02,311.0,43.8219895287958,288.75,19.380726783424507,0.12775249771631356,1.4636843442350846,1.5914368843247295,43.95,-71.73333333,2008-01-15,2008-01-21,2008-01-15,2008-01-21,DOC_mgL,3.948,18.8,6 days 00:00:00
1439,NH02,312.0,43.8219895287958,288.75,60.28530253329167,0.5437849722551431,7.551685774860794,8.095470756414763,43.95,-71.73333333,2008-01-28,2008-02-04,2008-01-28,2008-02-04,DOC_mgL,20.633,43.9,7 days 00:00:00
1440,NH02,313.0,43.8219895287958,288.75,116.32923708574245,2.4166092404238477,31.286241310745538,33.702850316982,43.95,-71.73333333,2008-02-04,2008-02-11,2008-02-04,2008-02-11,DOC_mgL,30.323999999999998,79.8,7 days 00:00:00
1441,NH02,314.0,43.8219895287958,288.75,156.74951459830194,0.5247861815884219,8.498683857205478,9.023470354544742,43.95,-71.73333333,2008-02-11,2008-02-17,2008-02-11,2008-02-17,DOC_mgL,10.062000000000001,38.7,6 days 00:00:00
1442,NH02,315.0,43.8219895287958,288.75,57.428724760966226,0.630339726996696,8.505209268903219,9.135549007902032,43.95,-71.73333333,2008-02-17,2008-02-25,2008-02-17,2008-02-25,DOC_mgL,18.868000000000002,35.6,8 days 00:00:00
1443,NH02,316.0,43.8219895287958,288.75,68.38535366782139,1.951403006006377,24.442172427430524,26.39357453386373,43.95,-71.73333333,2008-02-25,2008-03-03,2008-02-25,2008-03-03,DOC_mgL,11.966000000000001,38.6,7 days 00:00:00
1444,NH02,317.0,43.8219895287958,288.75,222.9392646707462,0.905127050687672,13.828001893152894,14.73312878108014,43.95,-71.73333333,2008-03-03,2008-03-10,2008-03-03,2008-03-10,DOC_mgL,20.439000000000004,75.7,7 days 00:00:00
1445,NH02,318.0,43.8219895287958,288.75,23.551411054767435,0.6803399631385045,9.804819179041836,10.485158967125347,43.95,-71.73333333,2008-03-10,2008-03-17,2008-03-10,2008-03-17,DOC_mgL,9.52,11.2,7 days 00:00:00
1446,NH02,319.0,43.8219895287958,288.75,41.06285641746135,0.4534476448258324,6.680434330720749,7.133881842645079,43.95,-71.73333333,2008-03-17,2008-03-24,2008-03-17,2008-03-24,DOC_mgL,9.437999999999999,36.3,7 days 00:00:00
1447,NH02,320.0,43.8219895287958,288.75,24.456592372468222,0.2086376657514484,2.795817124770142,3.0044548063301155,43.95,-71.73333333,2008-03-24,2008-03-31,2008-03-24,2008-03-31,DOC_mgL,5.808,13.2,7 days 00:00:00
1448,NH02,321.0,43.8219895287958,288.75,46.84946648457877,0.26405846910751535,4.016952422401061,4.281010983440958,43.95,-71.73333333,2008-03-31,2008-04-07,2008-03-31,2008-04-07,DOC_mgL,11.666,30.7,7 days 00:00:00
1449,NH02,322.0,43.8219895287958,288.75,67.53533275910414,0.5264514159091804,9.955909961842075,10.482361176935365,43.95,-71.73333333,2008-04-07,2008-04-14,2008-04-07,2008-04-14,DOC_mgL,15.921000000000001,18.3,7 days 00:00:00
1450,NH02,323.0,43.8219895287958,288.75,133.50505282031244,1.3992514572337802,28.74048221680134,30.13973317697172,43.95,-71.73333333,2008-04-28,2008-05-05,2008-04-28,2008-05-05,DOC_mgL,51.791000000000004,77.3,7 days 00:00:00
1451,NH02,324.0,43.8219895287958,288.75,20.44577179600715,0.413895581797088,6.950273496184392,7.364169136601581,43.95,-71.73333333,2008-05-19,2008-05-26,2008-05-19,2008-05-26,DOC_mgL,27.75,15.0,7 days 00:00:00
1452,NH02,325.0,43.8219895287958,288.75,75.36883194377842,1.329434182327712,37.830497037548724,39.15993165824648,43.95,-71.73333333,2008-05-26,2008-06-02,2008-05-26,2008-06-02,DOC_mgL,48.504000000000005,18.8,7 days 00:00:00
1453,NH02,326.0,43.8219895287958,288.75,33.37988645820688,0.995972004478804,31.35687107469476,32.35284279229367,43.95,-71.73333333,2008-06-02,2008-06-09,2008-06-02,2008-06-09,DOC_mgL,38.976,22.4,7 days 00:00:00
1454,NH02,327.0,43.8219895287958,288.75,48.67902663093057,1.1143157940073227,53.50384428063635,54.61816047741102,43.95,-71.73333333,2008-06-09,2008-06-17,2008-06-09,2008-06-17,DOC_mgL,75.3,30.0,8 days 00:00:00
1455,NH02,328.0,43.8219895287958,288.75,84.49078454475512,1.314414508485351,36.232493855203884,37.54690853230436,43.95,-71.73333333,2008-06-17,2008-06-24,2008-06-17,2008-06-24,DOC_mgL,63.756,46.2,7 days 00:00:00
1456,NH02,329.0,43.8219895287958,288.75,48.669217475350024,1.2705854698203496,50.76221628041999,52.03280219190365,43.95,-71.73333333,2008-06-24,2008-06-30,2008-06-24,2008-06-30,DOC_mgL,50.388,44.2,6 days 00:00:00
1457,NH02,330.0,43.8219895287958,288.75,30.872926594455173,0.6912241229167441,31.371923627996466,32.063147398466484,43.95,-71.73333333,2008-07-07,2008-07-15,2008-07-07,2008-07-15,DOC_mgL,56.62799999999999,23.4,8 days 00:00:00
1458,NH02,331.0,43.8219895287958,288.75,42.83189063826639,1.1030604543053184,59.17891767563688,60.28197681029468,43.95,-71.73333333,2008-07-15,2008-07-22,2008-07-15,2008-07-22,DOC_mgL,72.2,47.5,7 days 00:00:00
1459,NH02,332.0,43.8219895287958,288.75,79.66884704296851,1.7369173566225347,83.37164887212145,85.1085659073214,43.95,-71.73333333,2008-07-22,2008-07-28,2008-07-22,2008-07-28,DOC_mgL,47.894000000000005,62.2,6 days 00:00:00
1460,NH02,333.0,43.8219895287958,288.75,92.55057719244064,1.491711178018551,61.18784645209318,62.67955876826381,43.95,-71.73333333,2008-07-28,2008-08-04,2008-07-28,2008-08-04,DOC_mgL,79.992,79.2,7 days 00:00:00
1461,NH02,334.0,43.8219895287958,288.75,171.47853014982672,2.340505713457203,84.25305549480954,86.59356007245655,43.95,-71.73333333,2008-08-04,2008-08-13,2008-08-04,2008-08-13,DOC_mgL,73.86500000000001,93.5,9 days 00:00:00
1462,NH02,335.0,43.8219895287958,288.75,15.592953089130715,0.3304235784144132,10.429171672659429,10.75959558861054,43.95,-71.73333333,2008-08-18,2008-08-25,2008-08-18,2008-08-25,DOC_mgL,20.503,20.3,7 days 00:00:00
1463,NH02,336.0,43.8219895287958,288.75,140.29198675190185,0.5369003638074723,14.54889507523443,15.085795618186376,43.95,-71.73333333,2008-08-25,2008-09-08,2008-08-25,2008-09-08,DOC_mgL,14.469000000000001,37.1,14 days 00:00:00
1464,NH02,337.0,43.8219895287958,288.75,55.962334778551664,1.2998307582229682,37.24864824525119,38.548478277657054,43.95,-71.73333333,2008-09-08,2008-09-15,2008-09-08,2008-09-15,DOC_mgL,49.956,54.3,7 days 00:00:00
1465,NH02,338.0,43.8219895287958,288.75,137.0108012643586,0.25583297801824245,4.4720606928009055,4.7278936123509885,43.95,-71.73333333,2008-09-15,2008-09-29,2008-09-15,2008-09-29,DOC_mgL,59.52,64.0,14 days 00:00:00
1466,NH02,339.0,43.8219895287958,288.75,31.25348204317119,0.9394642833339929,13.92875522916498,14.868219222385274,43.95,-71.73333333,2008-09-29,2008-10-06,2008-09-29,2008-10-06,DOC_mgL,38.702999999999996,39.9,7 days 00:00:00
1467,NH02,340.0,43.8219895287958,288.75,10.731591674646076,0.20686683037239426,3.6755462955607983,3.882413201972002,43.95,-71.73333333,2008-10-06,2008-10-14,2008-10-06,2008-10-14,DOC_mgL,12.312,8.1,8 days 00:00:00
1468,NH02,341.0,43.8219895287958,288.75,14.80847974174406,0.37058880791611076,5.2326148054061825,5.603203777254087,43.95,-71.73333333,2008-10-14,2008-10-20,2008-10-14,2008-10-20,DOC_mgL,14.659,13.7,6 days 00:00:00
1469,NH02,342.0,43.8219895287958,288.75,69.74976964768246,0.4081322801953453,4.502001164454996,4.9101334446503415,43.95,-71.73333333,2008-10-20,2008-10-27,2008-10-20,2008-10-27,DOC_mgL,79.695,80.5,7 days 00:00:00
1470,NH02,343.0,43.8219895287958,288.75,8.24390046288788,0.615521728909221,8.362617512785137,8.978139147816883,43.95,-71.73333333,2008-10-27,2008-11-03,2008-10-27,2008-11-03,DOC_mgL,27.816000000000003,18.3,7 days 00:00:00
1471,NH02,344.0,43.8219895287958,288.75,27.600490985638103,1.0775942510014782,15.579262840486077,16.656856698527967,43.95,-71.73333333,2008-11-03,2008-11-11,2008-11-03,2008-11-11,DOC_mgL,47.385000000000005,35.1,8 days 00:00:00
1472,NH02,345.0,43.8219895287958,288.75,73.29600497790744,0.44500854529887807,4.61024570070094,5.055254215553134,43.95,-71.73333333,2008-11-11,2008-11-17,2008-11-11,2008-11-17,DOC_mgL,35.224000000000004,51.8,6 days 00:00:00
1473,NH02,346.0,43.8219895287958,288.75,179.22967919163924,1.3810902464386374,16.730903423627097,18.111993713610005,43.95,-71.73333333,2008-11-17,2008-12-02,2008-11-17,2008-12-02,DOC_mgL,12.762,70.9,15 days 00:00:00
1474,NH02,347.0,43.8219895287958,288.75,181.4378782731399,0.5950511101926199,6.935638737545075,7.530689874815644,43.95,-71.73333333,2008-12-08,2008-12-15,2008-12-08,2008-12-15,DOC_mgL,78.903,79.7,7 days 00:00:00
1475,NH02,348.0,43.8219895287958,288.75,49.45137544893896,0.4247163432906873,4.608656944191165,5.033373314743333,43.95,-71.73333333,2008-12-22,2008-12-29,2008-12-22,2008-12-29,DOC_mgL,9.936000000000002,21.6,7 days 00:00:00
1476,NH02,349.0,43.8219895287958,288.75,17.65448658543889,0.37827186786390493,4.6861279932799444,5.064399955986425,43.95,-71.73333333,2008-12-29,2009-01-05,2008-12-29,2009-01-05,DOC_mgL,3.5839999999999996,11.2,7 days 00:00:00
1477,NH02,350.0,43.8219895287958,288.75,65.59595068642565,0.7181725995427791,7.672780242764163,8.390952558052517,43.95,-71.73333333,2009-01-05,2009-01-12,2009-01-05,2009-01-12,DOC_mgL,8.277,26.7,7 days 00:00:00
1478,NH02,351.0,43.8219895287958,288.75,31.97437323964044,0.41982500532088124,5.444644275878776,5.864469205088093,43.95,-71.73333333,2009-01-12,2009-01-19,2009-01-12,2009-01-19,DOC_mgL,6.392,18.8,7 days 00:00:00
1479,NH02,352.0,43.8219895287958,288.75,65.62754165636564,0.772195363817504,10.242629060436217,11.014824309574877,43.95,-71.73333333,2009-01-19,2009-02-02,2009-01-19,2009-02-02,DOC_mgL,6.256,27.2,14 days 00:00:00
1480,NH02,353.0,43.8219895287958,288.75,33.311315947587296,0.9020968912569592,14.008301684117248,14.910398898553119,43.95,-71.73333333,2009-02-02,2009-02-16,2009-02-02,2009-02-16,DOC_mgL,19.250999999999998,27.9,14 days 00:00:00
1481,NH02,354.0,43.8219895287958,288.75,91.9228275487738,0.7022749996766706,9.01960925479145,9.721884181284473,43.95,-71.73333333,2009-02-16,2009-02-24,2009-02-16,2009-02-24,DOC_mgL,10.948000000000002,39.1,8 days 00:00:00
1482,NH02,355.0,43.8219895287958,288.75,80.46965818806484,0.378081208502647,5.433918908814036,5.812000068136987,43.95,-71.73333333,2009-02-24,2009-03-03,2009-02-24,2009-03-03,DOC_mgL,10.528000000000002,18.8,7 days 00:00:00
1483,NH02,356.0,43.8219895287958,288.75,50.15948000048343,1.2039718985091654,18.931299729721722,20.135271710782042,43.95,-71.73333333,2009-03-03,2009-03-10,2009-03-03,2009-03-10,DOC_mgL,10.413,26.7,7 days 00:00:00
1484,NH02,357.0,43.8219895287958,288.75,39.034451510874746,0.17988671727329075,2.664888506635707,2.8447752976780984,43.95,-71.73333333,2009-03-10,2009-03-16,2009-03-10,2009-03-16,DOC_mgL,13.616999999999999,26.7,6 days 00:00:00
1485,NH02,358.0,43.8219895287958,288.75,76.3166242472403,1.126008987652934,18.580948553260622,19.70695735063807,43.95,-71.73333333,2009-03-16,2009-03-31,2009-03-16,2009-03-31,DOC_mgL,9.799,23.9,15 days 00:00:00
1486,NH02,359.0,43.8219895287958,288.75,77.72338067786322,0.9389161352919434,14.220877640421467,15.159793772420002,43.95,-71.73333333,2009-04-06,2009-04-13,2009-04-06,2009-04-13,DOC_mgL,8.902999999999999,30.7,7 days 00:00:00
1487,NH02,360.0,43.8219895287958,288.75,42.17547146083689,0.7369063651213629,15.961287448100823,16.698193635347188,43.95,-71.73333333,2009-04-27,2009-05-04,2009-04-27,2009-05-04,DOC_mgL,21.027,16.3,7 days 00:00:00
1488,NH02,361.0,43.8219895287958,288.75,102.73846077879512,1.0102292103683153,18.99900578502048,20.00923492988943,43.95,-71.73333333,2009-05-04,2009-05-11,2009-05-04,2009-05-11,DOC_mgL,36.034,41.9,7 days 00:00:00
1489,NH02,362.0,43.8219895287958,288.75,33.444511589753034,0.5937733932467014,12.767032840296789,13.360806027165605,43.95,-71.73333333,2009-05-11,2009-05-18,2009-05-11,2009-05-18,DOC_mgL,27.6,34.5,7 days 00:00:00
1490,NH02,363.0,43.8219895287958,288.75,80.36387135365241,0.72853551120287,14.23170921016536,14.960244763521947,43.95,-71.73333333,2009-05-25,2009-06-01,2009-05-25,2009-06-01,DOC_mgL,47.782999999999994,67.3,7 days 00:00:00
1491,NH02,364.0,43.8219895287958,288.75,178.505167018983,1.7439796856644207,59.94814805815318,61.69212763140752,43.95,-71.73333333,2009-06-08,2009-06-16,2009-06-08,2009-06-16,DOC_mgL,48.348,71.1,8 days 00:00:00
1492,NH02,365.0,43.8219895287958,288.75,107.53843514811354,0.3659406339512782,12.629676419931032,12.995617012899567,43.95,-71.73333333,2009-06-16,2009-06-22,2009-06-16,2009-06-22,DOC_mgL,27.232,36.8,6 days 00:00:00
1493,NH02,366.0,43.8219895287958,288.75,68.49777244211097,1.090175585742592,49.48765277568157,50.577827925835095,43.95,-71.73333333,2009-06-22,2009-06-30,2009-06-22,2009-06-30,DOC_mgL,26.65,32.5,8 days 00:00:00
1494,NH02,367.0,43.8219895287958,288.75,39.51761128271301,1.27298996031866,50.57934381325069,51.8523334269716,43.95,-71.73333333,2009-06-30,2009-07-06,2009-06-30,2009-07-06,DOC_mgL,63.936,86.4,6 days 00:00:00
1495,NH02,368.0,43.8219895287958,288.75,99.22635115127143,1.8616670458145543,62.42383737420365,64.28550441972547,43.95,-71.73333333,2009-07-06,2009-07-13,2009-07-06,2009-07-13,DOC_mgL,32.67,36.3,7 days 00:00:00
1496,NH02,369.0,43.8219895287958,288.75,30.630948504477285,0.8380737051848263,42.77533361268793,43.61340774621664,43.95,-71.73333333,2009-07-13,2009-07-20,2009-07-13,2009-07-20,DOC_mgL,30.388,14.2,7 days 00:00:00
1497,NH02,370.0,43.8219895287958,288.75,64.86880369820369,1.0634301337957008,42.19263092658521,43.25606072080879,43.95,-71.73333333,2009-07-20,2009-07-28,2009-07-20,2009-07-28,DOC_mgL,35.376000000000005,53.6,8 days 00:00:00
1498,NH02,371.0,43.8219895287958,288.75,95.89454017415733,1.2481375960115422,50.13627565608747,51.38441289964657,43.95,-71.73333333,2009-07-28,2009-08-03,2009-07-28,2009-08-03,DOC_mgL,83.92000000000002,104.9,6 days 00:00:00
1499,NH02,372.0,43.8219895287958,288.75,31.307500377264486,0.639037630624506,31.994029663084955,32.633067260923184,43.95,-71.73333333,2009-08-10,2009-08-17,2009-08-10,2009-08-17,DOC_mgL,18.632,13.7,7 days 00:00:00
1500,NH02,373.0,43.8219895287958,288.75,44.47125775630667,0.6360158930768245,34.25336869145035,34.8893844814846,43.95,-71.73333333,2009-08-17,2009-08-24,2009-08-17,2009-08-24,DOC_mgL,57.37199999999999,68.3,7 days 00:00:00
1501,NH02,374.0,43.8219895287958,288.75,84.37942595927316,0.6918797077715738,24.384803565666708,25.076683211964017,43.95,-71.73333333,2009-08-24,2009-08-31,2009-08-24,2009-08-31,DOC_mgL,17.04,28.4,7 days 00:00:00
1502,NH02,375.0,43.8219895287958,288.75,41.27422150119189,0.1542076929219402,5.385704159534519,5.539911893878405,43.95,-71.73333333,2009-08-31,2009-09-14,2009-08-31,2009-09-14,DOC_mgL,6.696000000000001,3.6,14 days 00:00:00
1503,NH02,376.0,43.8219895287958,288.75,63.983366436410385,0.2173629604946199,3.8859882462616904,4.103351138805308,43.95,-71.73333333,2009-09-21,2009-09-28,2009-09-21,2009-09-28,DOC_mgL,20.8,41.6,7 days 00:00:00
1504,NH02,377.0,43.8219895287958,288.75,104.06962750764137,1.3223900199963323,22.15649862018221,23.478889157879657,43.95,-71.73333333,2009-09-28,2009-10-05,2009-09-28,2009-10-05,DOC_mgL,28.665,45.5,7 days 00:00:00
1505,NH02,378.0,43.8219895287958,288.75,65.2433701761379,0.7816613450256638,11.020720378472626,11.802381465891854,43.95,-71.73333333,2009-10-05,2009-10-12,2009-10-05,2009-10-12,DOC_mgL,24.138,44.7,7 days 00:00:00
1506,NH02,379.0,43.8219895287958,288.75,48.58305905575122,0.5282482375820851,7.8899637286804145,8.418212085843434,43.95,-71.73333333,2009-10-12,2009-10-19,2009-10-12,2009-10-19,DOC_mgL,4.958,7.4,7 days 00:00:00
1507,NH02,380.0,43.8219895287958,288.75,122.8686540930557,0.5385628184735285,7.20125202661098,7.739814904925862,43.95,-71.73333333,2009-10-19,2009-10-26,2009-10-19,2009-10-26,DOC_mgL,40.035000000000004,78.5,7 days 00:00:00
1508,NH02,381.0,43.8219895287958,288.75,29.016686013209718,0.11907592768043426,2.283080673611747,2.402156624426792,43.95,-71.73333333,2009-10-26,2009-11-02,2009-10-26,2009-11-02,DOC_mgL,10.823999999999998,13.2,7 days 00:00:00
1509,NH02,382.0,43.8219895287958,288.75,39.93816872670661,0.33981678438682306,4.400572288791564,4.740389100699794,43.95,-71.73333333,2009-11-02,2009-11-16,2009-11-02,2009-11-16,DOC_mgL,9.503,55.9,14 days 00:00:00
1510,NH02,383.0,43.8219895287958,288.75,12.71892135299144,0.06831978683957338,0.5842971270882125,0.6526169470067942,43.95,-71.73333333,2009-11-16,2009-11-23,2009-11-16,2009-11-23,DOC_mgL,7.428999999999999,32.3,7 days 00:00:00
1511,NH02,384.0,43.8219895287958,288.75,91.3476517559797,0.6943312101860719,7.075174651301175,7.7695058322230794,43.95,-71.73333333,2009-11-23,2009-12-01,2009-11-23,2009-12-01,DOC_mgL,9.792,27.2,8 days 00:00:00
1512,NH02,385.0,43.8219895287958,288.75,59.3804332141179,0.26699018676759556,3.467449284340687,3.7344394833939876,43.95,-71.73333333,2009-12-01,2009-12-07,2009-12-01,2009-12-07,DOC_mgL,6.624,41.4,6 days 00:00:00
1513,NH02,386.0,43.8219895287958,288.75,93.9481472697068,0.38520346717051124,4.721135207774729,5.106338720611836,43.95,-71.73333333,2009-12-07,2009-12-14,2009-12-07,2009-12-14,DOC_mgL,8.526,40.6,7 days 00:00:00
1514,NH02,387.0,43.8219895287958,288.75,24.171890082790373,0.09585064150547834,0.950465770855569,1.046316402408786,43.95,-71.73333333,2009-12-14,2009-12-21,2009-12-14,2009-12-21,DOC_mgL,12.222,9.7,7 days 00:00:00
1515,NH02,388.0,43.8219895287958,288.75,59.23861047936185,0.0756036768468347,0.9295529658503998,1.0051566165340808,43.95,-71.73333333,2009-12-21,2009-12-28,2009-12-21,2009-12-28,DOC_mgL,5.813999999999999,32.3,7 days 00:00:00
1516,NH02,389.0,43.8219895287958,288.75,43.28799983106535,0.6675799995079337,8.293111887838766,8.960691957968919,43.95,-71.73333333,2009-12-28,2010-01-04,2009-12-28,2010-01-04,DOC_mgL,7.319999999999999,24.4,7 days 00:00:00
1517,NH02,390.0,43.8219895287958,288.75,9.260136654751228,0.10008163618144292,1.1525999407404839,1.2526815713576827,43.95,-71.73333333,2010-01-04,2010-01-18,2010-01-04,2010-01-18,DOC_mgL,0.34199999999999997,11.4,14 days 00:00:00
1518,NH02,391.0,43.8219895287958,288.75,90.65867413688581,0.3923473527612952,4.7028584297062395,5.095205776539658,43.95,-71.73333333,2010-01-18,2010-01-26,2010-01-18,2010-01-26,DOC_mgL,2.48,62.0,8 days 00:00:00
1519,NH02,392.0,43.8219895287958,288.75,167.01232186902004,1.1333409316496152,11.28809203297665,12.421432897882777,43.95,-71.73333333,2010-02-22,2010-03-02,2010-02-22,2010-03-02,DOC_mgL,1.22,61.0,8 days 00:00:00
1520,NH02,393.0,43.8219895287958,288.75,135.35312109197812,0.3017190267673686,4.173382426795137,4.475101472700047,43.95,-71.73333333,2010-03-02,2010-03-16,2010-03-02,2010-03-16,DOC_mgL,5.115,15.5,14 days 00:00:00
1521,NH02,394.0,43.8219895287958,288.75,259.01769113857137,2.027938950908731,28.00340835775494,30.03134781103753,43.95,-71.73333333,2010-03-16,2010-03-31,2010-03-16,2010-03-31,DOC_mgL,27.972,103.6,15 days 00:00:00
1522,NH02,395.0,43.8219895287958,288.75,71.01266952549423,1.6584378793395387,30.56822330633959,32.22666119680218,43.95,-71.73333333,2010-03-31,2010-04-12,2010-03-31,2010-04-12,DOC_mgL,50.048,39.1,12 days 00:00:00
1523,NH02,396.0,43.8219895287958,288.75,57.60702985755373,0.9623185953905664,17.322037490386315,18.28435582802197,43.95,-71.73333333,2010-04-12,2010-04-20,2010-04-12,2010-04-20,DOC_mgL,35.945,45.5,8 days 00:00:00
1524,NH02,397.0,43.8219895287958,288.75,109.00498291627375,1.4416979203977274,20.796832965468447,22.23853094587675,43.95,-71.73333333,2010-04-20,2010-05-04,2010-04-20,2010-05-04,DOC_mgL,30.686,22.9,14 days 00:00:00
1525,NH02,398.0,43.8219895287958,288.75,34.25136510075699,1.1961094201033695,42.12946846070265,43.32557792530167,43.95,-71.73333333,2010-05-04,2010-05-10,2010-05-04,2010-05-10,DOC_mgL,49.848000000000006,53.6,6 days 00:00:00
1526,NH02,399.0,43.8219895287958,288.75,103.45685840515159,0.2577180757138894,5.180837822904929,5.438555963825742,43.95,-71.73333333,2010-05-10,2010-05-24,2010-05-10,2010-05-24,DOC_mgL,2.5,2.5,14 days 00:00:00
1527,NH02,400.0,43.8219895287958,288.75,127.04764384934842,1.7728879612253916,57.039244288988314,58.81213249406032,43.95,-71.73333333,2010-05-24,2010-06-07,2010-05-24,2010-06-07,DOC_mgL,45.5,45.5,14 days 00:00:00
1528,NH02,401.0,43.8219895287958,288.75,40.92054004645185,0.3758834489758084,9.900002580220946,10.275886098282117,43.95,-71.73333333,2010-06-07,2010-06-14,2010-06-07,2010-06-14,DOC_mgL,17.247999999999998,22.4,7 days 00:00:00
1529,NH02,402.0,43.8219895287958,288.75,41.66167514398841,0.6905805848852467,26.91001706626728,27.600597398229336,43.95,-71.73333333,2010-06-14,2010-06-21,2010-06-14,2010-06-21,DOC_mgL,14.445,10.7,7 days 00:00:00
1530,NH02,403.0,43.8219895287958,288.75,67.5970651986976,1.4674396653336064,69.13363041356004,70.60106907475476,43.95,-71.73333333,2010-06-21,2010-06-29,2010-06-21,2010-06-29,DOC_mgL,80.456,90.4,8 days 00:00:00
1531,NH02,404.0,43.8219895287958,288.75,67.51904427210187,0.45624630135921496,24.450768453671003,24.907014547700946,43.95,-71.73333333,2010-07-05,2010-07-12,2010-07-05,2010-07-12,DOC_mgL,22.366000000000003,21.1,7 days 00:00:00
1532,NH02,405.0,43.8219895287958,288.75,75.04014491388489,1.027854357096153,55.14954510565939,56.17739928243104,43.95,-71.73333333,2010-07-12,2010-07-20,2010-07-12,2010-07-20,DOC_mgL,64.728,34.8,8 days 00:00:00
1533,NH02,406.0,43.8219895287958,288.75,37.92160879712014,0.8064714677319396,45.25340422389945,46.05987581340898,43.95,-71.73333333,2010-07-20,2010-07-26,2010-07-20,2010-07-26,DOC_mgL,59.22,47.0,6 days 00:00:00
1534,NH02,407.0,43.8219895287958,288.75,50.56961273265631,1.2121797690611835,47.93064815045156,49.14282720758223,43.95,-71.73333333,2010-08-02,2010-08-08,2010-08-02,2010-08-08,DOC_mgL,22.572,9.9,6 days 00:00:00
1535,NH02,408.0,43.8219895287958,288.75,57.13450192964889,0.9983420210261886,32.726557483251725,33.724899103313874,43.95,-71.73333333,2010-08-08,2010-08-17,2010-08-08,2010-08-17,DOC_mgL,52.8,32.0,9 days 00:00:00
1536,NH02,409.0,43.8219895287958,288.75,149.97958795013312,0.8155074590047875,29.576039756445006,30.39154707495549,43.95,-71.73333333,2010-08-17,2010-08-24,2010-08-17,2010-08-24,DOC_mgL,49.232,27.2,7 days 00:00:00
1537,NH02,410.0,43.8219895287958,288.75,22.924592040065097,0.2122931207709247,7.607881110205128,7.820174226297802,43.95,-71.73333333,2010-08-24,2010-08-30,2010-08-24,2010-08-30,DOC_mgL,18.357000000000003,21.1,6 days 00:00:00
1538,NH02,411.0,43.8219895287958,288.75,31.416131803885445,0.11722155130470117,2.809657973396419,2.926879536410384,43.95,-71.73333333,2010-08-30,2010-09-06,2010-08-30,2010-09-06,DOC_mgL,10.062,11.7,7 days 00:00:00
1539,NH02,412.0,43.8219895287958,288.75,20.21678869500868,0.4681059154208967,12.912394935648813,13.38050077411022,43.95,-71.73333333,2010-09-06,2010-09-14,2010-09-06,2010-09-14,DOC_mgL,42.336000000000006,16.8,8 days 00:00:00
1540,NH02,413.0,43.8219895287958,288.75,23.487645483158968,0.7869494577418894,29.699518653942192,30.4864672358222,43.95,-71.73333333,2010-09-14,2010-09-20,2010-09-14,2010-09-20,DOC_mgL,29.585,30.5,6 days 00:00:00
1541,NH02,414.0,43.8219895287958,288.75,2.063991622091026,0.1950799226167632,6.7091514812872255,6.9042311290263125,43.95,-71.73333333,2010-09-20,2010-09-27,2010-09-20,2010-09-27,DOC_mgL,15.504,5.1,7 days 00:00:00
1542,NH02,415.0,43.8219895287958,288.75,114.84244900210605,0.515555243174549,11.880909324326478,12.396464472508653,43.95,-71.73333333,2010-09-27,2010-10-04,2010-09-27,2010-10-04,DOC_mgL,51.136,159.8,7 days 00:00:00
1543,NH02,416.0,43.8219895287958,288.75,54.62208077288039,0.21203611171548287,3.383879607771201,3.5959156995807318,43.95,-71.73333333,2010-10-04,2010-10-11,2010-10-04,2010-10-11,DOC_mgL,16.368000000000002,12.4,7 days 00:00:00
1544,NH02,417.0,43.8219895287958,288.75,97.31147297930602,0.6387143557142696,10.065142262203082,10.70385675755175,43.95,-71.73333333,2010-10-11,2010-10-18,2010-10-11,2010-10-18,DOC_mgL,32.302,52.1,7 days 00:00:00
1545,NH02,418.0,43.8219895287958,288.75,10.972314164377737,0.474261625089057,6.630131675517406,7.10439331480409,43.95,-71.73333333,2010-10-18,2010-10-25,2010-10-18,2010-10-25,DOC_mgL,15.762,14.2,7 days 00:00:00
1546,NH02,419.0,43.8219895287958,288.75,65.44858592363312,0.8418691013842988,11.037190305457356,11.87905950168766,43.95,-71.73333333,2010-10-25,2010-11-01,2010-10-25,2010-11-01,DOC_mgL,31.684,35.6,7 days 00:00:00
1547,NH02,420.0,43.8219895287958,288.75,110.96543873408797,0.41302917004889966,4.853056775786161,5.266086136551644,43.95,-71.73333333,2010-11-01,2010-11-09,2010-11-01,2010-11-09,DOC_mgL,12.474,37.8,8 days 00:00:00
1548,NH02,421.0,43.8219895287958,288.75,66.15912096266456,0.7218234579408023,10.390302228171779,11.112125548820503,43.95,-71.73333333,2010-11-09,2010-11-23,2010-11-09,2010-11-23,DOC_mgL,22.389,43.9,14 days 00:00:00
1549,NH02,422.0,43.8219895287958,288.75,32.99509884112511,0.30626937421434847,4.293906270573988,4.600175580419317,43.95,-71.73333333,2010-11-23,2010-11-29,2010-11-23,2010-11-29,DOC_mgL,4.760000000000001,14.0,6 days 00:00:00
1550,NH02,423.0,43.8219895287958,288.75,48.80596074445798,0.19519446469357057,2.3758113564000785,2.571005892050912,43.95,-71.73333333,2010-11-29,2010-12-07,2010-11-29,2010-12-07,DOC_mgL,9.979000000000001,58.7,8 days 00:00:00
1551,NH02,424.0,43.8219895287958,288.75,175.16496268505932,0.4668694011467425,5.4027564398879955,5.869625708133236,43.95,-71.73333333,2010-12-07,2010-12-14,2010-12-07,2010-12-14,DOC_mgL,8.472,70.6,7 days 00:00:00
1552,NH02,425.0,43.8219895287958,288.75,110.09508586949934,0.16915015149891524,2.0455005698527104,2.2146507037669676,43.95,-71.73333333,2010-12-20,2010-12-28,2010-12-20,2010-12-28,DOC_mgL,4.3180000000000005,25.4,8 days 00:00:00
1553,NH02,426.0,43.8219895287958,288.75,9.573931008671071,0.4700007490620814,5.097096813372337,5.567097526720799,43.95,-71.73333333,2011-01-03,2011-01-10,2011-01-03,2011-01-10,DOC_mgL,2.304,4.8,7 days 00:00:00
1554,NH02,427.0,43.8219895287958,288.75,57.7308640908214,0.42320378658692226,4.804772876635701,5.2279766699829615,43.95,-71.73333333,2011-01-10,2011-01-17,2011-01-10,2011-01-17,DOC_mgL,7.3,29.2,7 days 00:00:00
1555,NH02,428.0,43.8219895287958,288.75,51.39468636392586,0.5582163351584092,6.1919090209143235,6.750125493520769,43.95,-71.73333333,2011-01-17,2011-01-24,2011-01-17,2011-01-24,DOC_mgL,5.776000000000001,36.1,7 days 00:00:00
1556,NH02,429.0,43.8219895287958,288.75,82.05945425206426,0.7909915199750306,9.281920502459474,10.07291206458943,43.95,-71.73333333,2011-01-31,2011-02-07,2011-01-31,2011-02-07,DOC_mgL,4.662,51.8,7 days 00:00:00
1557,NH02,430.0,43.8219895287958,288.75,15.15625348424976,0.5781268726066858,6.28294932695983,6.861076112624415,43.95,-71.73333333,2011-02-07,2011-02-14,2011-02-07,2011-02-14,DOC_mgL,4.5760000000000005,10.4,7 days 00:00:00
1558,NH02,431.0,43.8219895287958,288.75,4.487525877510182,0.3610541036271507,5.205480369000019,5.566534470194957,43.95,-71.73333333,2011-02-14,2011-02-21,2011-02-14,2011-02-21,DOC_mgL,0.468,3.6,7 days 00:00:00
1559,NH02,432.0,43.8219895287958,288.75,113.0535426033419,1.462497702288271,20.592311527050516,22.05480955207867,43.95,-71.73333333,2011-02-21,2011-03-01,2011-02-21,2011-03-01,DOC_mgL,12.298,55.9,8 days 00:00:00
1560,NH02,433.0,43.8219895287958,288.75,107.15542218562302,0.22738075622525455,2.945607919840258,3.172988666112323,43.95,-71.73333333,2011-03-01,2011-03-08,2011-03-01,2011-03-08,DOC_mgL,33.033,100.1,7 days 00:00:00
1561,NH02,434.0,43.8219895287958,288.75,47.445073220586664,0.5497682154367418,5.9334211855387675,6.483189470060818,43.95,-71.73333333,2011-03-08,2011-03-14,2011-03-08,2011-03-14,DOC_mgL,11.8,29.5,6 days 00:00:00
1562,NH02,435.0,43.8219895287958,288.75,50.96377128228212,0.3455832482374615,4.197855403754376,4.543438797905166,43.95,-71.73333333,2011-03-22,2011-04-04,2011-03-22,2011-04-04,DOC_mgL,6.084,11.7,13 days 00:00:00
1563,NH02,436.0,43.8219895287958,288.75,83.95363925472127,2.4176623664272423,43.81552388409557,46.23318677398714,43.95,-71.73333333,2011-04-04,2011-04-12,2011-04-04,2011-04-12,DOC_mgL,58.696,63.8,8 days 00:00:00
1564,NH02,437.0,43.8219895287958,288.75,123.90715062888385,1.0936457890305826,18.409510034787143,19.503156072057514,43.95,-71.73333333,2011-04-12,2011-04-18,2011-04-12,2011-04-18,DOC_mgL,4.2700000000000005,42.7,6 days 00:00:00
1565,NH02,438.0,43.8219895287958,288.75,45.90511449724666,1.0527989535821964,20.696701261407185,21.749499945966296,43.95,-71.73333333,2011-04-18,2011-04-25,2011-04-18,2011-04-25,DOC_mgL,30.68,29.5,7 days 00:00:00
1566,NH02,439.0,43.8219895287958,288.75,37.02327478471087,1.2079444336758651,24.91727653299765,26.125219904632434,43.95,-71.73333333,2011-04-25,2011-05-02,2011-04-25,2011-05-02,DOC_mgL,34.091,46.7,7 days 00:00:00
1567,NH02,440.0,43.8219895287958,288.75,29.35767893745833,1.4675768073447308,30.04804021849994,31.515616666366597,43.95,-71.73333333,2011-05-02,2011-05-09,2011-05-02,2011-05-09,DOC_mgL,27.636,19.6,7 days 00:00:00
1568,NH02,441.0,43.8219895287958,288.75,42.13515515294475,2.0326114798814334,47.8254982883904,49.858108043554836,43.95,-71.73333333,2011-05-09,2011-05-16,2011-05-09,2011-05-16,DOC_mgL,52.65,45.0,7 days 00:00:00
1569,NH02,442.0,43.8219895287958,288.75,59.73418961389143,1.9555774015758698,36.25791457073646,38.21349154609077,43.95,-71.73333333,2011-05-16,2011-05-23,2011-05-16,2011-05-23,DOC_mgL,53.975,63.5,7 days 00:00:00
1570,NH02,443.0,43.8219895287958,288.75,42.44809736648758,1.234694132151332,38.6661580576422,39.900851986051265,43.95,-71.73333333,2011-05-23,2011-05-31,2011-05-23,2011-05-31,DOC_mgL,46.464,13.2,8 days 00:00:00
1571,NH02,444.0,43.8219895287958,288.75,55.074233741397336,1.9193703216634912,47.99106675182352,49.910437039529796,43.95,-71.73333333,2011-06-06,2011-06-13,2011-06-06,2011-06-13,DOC_mgL,72.44999999999999,31.5,7 days 00:00:00
1572,NH02,445.0,43.8219895287958,288.75,45.91091260550892,0.8248081580523783,22.6958363165608,23.520644472710405,43.95,-71.73333333,2011-06-13,2011-06-20,2011-06-13,2011-06-20,DOC_mgL,44.303999999999995,31.2,7 days 00:00:00
1573,NH02,446.0,43.8219895287958,288.75,82.94746686430265,1.324563234359582,43.77429137360862,45.09885350106955,43.95,-71.73333333,2011-06-20,2011-06-27,2011-06-20,2011-06-27,DOC_mgL,38.64,48.3,7 days 00:00:00
1574,NH02,447.0,43.8219895287958,288.75,25.095592069224182,1.3704169299355584,48.2212758348699,49.591693102035705,43.95,-71.73333333,2011-06-27,2011-07-04,2011-06-27,2011-07-04,DOC_mgL,16.099999999999998,4.6,7 days 00:00:00
1575,NH02,448.0,43.8219895287958,288.75,25.94341440840808,0.7243052922485409,36.529834782512395,37.25414051356987,43.95,-71.73333333,2011-07-04,2011-07-11,2011-07-04,2011-07-11,DOC_mgL,34.891999999999996,24.4,7 days 00:00:00
1576,NH02,449.0,43.8219895287958,288.75,38.83857860030823,0.6371878953029281,27.17366006156109,27.810848116907508,43.95,-71.73333333,2011-07-18,2011-07-25,2011-07-18,2011-07-25,DOC_mgL,31.744000000000003,12.4,7 days 00:00:00
1577,NH02,450.0,43.8219895287958,288.75,27.277563100218394,0.9197962341646666,50.05238679055657,50.97218272554656,43.95,-71.73333333,2011-07-25,2011-08-01,2011-07-25,2011-08-01,DOC_mgL,42.784,22.4,7 days 00:00:00
1578,NH02,451.0,43.8219895287958,288.75,74.17736482571158,0.8034567441049523,40.81891614715616,41.622372598526525,43.95,-71.73333333,2011-08-01,2011-08-08,2011-08-01,2011-08-08,DOC_mgL,36.074999999999996,18.5,7 days 00:00:00
1579,NH02,452.0,43.8219895287958,288.75,144.32820027779903,2.777587712957108,94.79417889396436,97.57176646640886,43.95,-71.73333333,2011-08-08,2011-08-17,2011-08-08,2011-08-17,DOC_mgL,68.67,109.0,9 days 00:00:00
1580,NH02,453.0,43.8219895287958,288.75,29.57359905795484,0.8476395991358077,33.48552465309851,34.33316351220128,43.95,-71.73333333,2011-08-17,2011-08-22,2011-08-17,2011-08-22,DOC_mgL,44.16,46.0,5 days 00:00:00
1581,NH02,454.0,43.8219895287958,288.75,216.53480122825613,1.9589326292438358,91.83256340049294,93.79149603222503,43.95,-71.73333333,2011-08-22,2011-08-29,2011-08-22,2011-08-29,DOC_mgL,69.52,158.0,7 days 00:00:00
1582,NH02,455.0,43.8219895287958,288.75,18.064498553952536,0.6219895624106092,22.9221101825119,23.54410021623809,43.95,-71.73333333,2011-08-29,2011-09-06,2011-08-29,2011-09-06,DOC_mgL,38.632,43.9,8 days 00:00:00
1583,NH02,456.0,43.8219895287958,288.75,58.766261557785526,0.6497398092983826,22.511719544649857,23.161459024911473,43.95,-71.73333333,2011-09-06,2011-09-12,2011-09-06,2011-09-12,DOC_mgL,12.015,26.7,6 days 00:00:00
1584,NH02,457.0,43.8219895287958,288.75,27.103357053730182,1.5279236411736095,55.6198067801824,57.14772937175615,43.95,-71.73333333,2011-09-12,2011-09-19,2011-09-12,2011-09-19,DOC_mgL,22.400000000000002,17.5,7 days 00:00:00
1585,NH02,458.0,43.8219895287958,288.75,50.42617885216462,0.6321901041543274,11.3853265871116,12.017516598761798,43.95,-71.73333333,2011-09-19,2011-09-26,2011-09-19,2011-09-26,DOC_mgL,28.29,34.5,7 days 00:00:00
1586,NH02,459.0,43.8219895287958,288.75,95.85653524055715,1.5785036168120268,28.75101512273702,30.329519648203636,43.95,-71.73333333,2011-09-26,2011-10-03,2011-09-26,2011-10-03,DOC_mgL,61.438,180.7,7 days 00:00:00
1587,NH02,460.0,43.8219895287958,288.75,61.59665168645745,0.5929598622070683,6.681471243920516,7.274431050508085,43.95,-71.73333333,2011-10-10,2011-10-17,2011-10-10,2011-10-17,DOC_mgL,43.532999999999994,69.1,7 days 00:00:00
1588,NH02,461.0,43.8219895287958,288.75,62.60093869142752,0.342132666523807,5.5218127469952645,5.863945381172007,43.95,-71.73333333,2011-10-17,2011-10-24,2011-10-17,2011-10-24,DOC_mgL,8.176,11.2,7 days 00:00:00
1589,NH02,462.0,43.8219895287958,288.75,88.02483084195956,0.7908431503417246,11.466340726906665,12.257184073966032,43.95,-71.73333333,2011-10-24,2011-10-31,2011-10-24,2011-10-31,DOC_mgL,31.964,24.4,7 days 00:00:00
1590,NH02,463.0,43.8219895287958,288.75,62.41922333513733,0.2267866157281264,2.8367152472858006,3.0635018145937822,43.95,-71.73333333,2011-10-31,2011-11-14,2011-10-31,2011-11-14,DOC_mgL,10.416,16.8,14 days 00:00:00
1591,NH02,464.0,43.8219895287958,288.75,56.61524096254311,0.4571133992809992,6.340646414165763,6.797759855015073,43.95,-71.73333333,2011-11-14,2011-11-21,2011-11-14,2011-11-21,DOC_mgL,8.624,15.4,7 days 00:00:00
1592,NH02,465.0,43.8219895287958,288.75,87.4895214517446,0.18753088861605102,3.039268165727616,3.226799159220407,43.95,-71.73333333,2011-11-21,2011-11-28,2011-11-21,2011-11-28,DOC_mgL,8.596,30.7,7 days 00:00:00
1593,NH02,466.0,43.8219895287958,288.75,15.533198660400496,0.10588435542443318,1.3024096018462648,1.40829398179065,43.95,-71.73333333,2011-11-28,2011-12-05,2011-11-28,2011-12-05,DOC_mgL,17.444,35.6,7 days 00:00:00
1594,NH02,467.0,43.8219895287958,288.75,113.95616016031899,0.6428382611379374,6.395951415369416,7.038789607421991,43.95,-71.73333333,2011-12-05,2011-12-12,2011-12-05,2011-12-12,DOC_mgL,7.429,39.1,7 days 00:00:00
1595,NH02,468.0,43.8219895287958,288.75,37.75467617472734,0.6027425638530082,6.758881712876895,7.361624237551424,43.95,-71.73333333,2011-12-12,2011-12-19,2011-12-12,2011-12-19,DOC_mgL,18.146,21.1,7 days 00:00:00
1596,NH02,469.0,43.8219895287958,288.75,53.64398766154466,0.347098438614182,4.243872621682507,4.590971091765657,43.95,-71.73333333,2011-12-19,2011-12-26,2011-12-19,2011-12-26,DOC_mgL,11.68,29.2,7 days 00:00:00
1597,NH02,470.0,43.8219895287958,288.75,52.379216487352664,0.46912510438812394,5.735833292705439,6.204958467349863,43.95,-71.73333333,2011-12-26,2012-01-02,2011-12-26,2012-01-02,DOC_mgL,14.404,55.4,7 days 00:00:00
1598,NH02,471.0,43.8219895287958,288.75,48.51536815686508,0.6214787001708466,6.837450179071012,7.458928796110953,43.95,-71.73333333,2012-01-09,2012-01-16,2012-01-09,2012-01-16,DOC_mgL,6.633000000000001,20.1,7 days 00:00:00
1599,NH02,472.0,43.8219895287958,288.75,21.45288180379623,0.4192087336259891,5.458240855411964,5.877449513823461,43.95,-71.73333333,2012-01-16,2012-01-23,2012-01-16,2012-01-23,DOC_mgL,8.65,17.3,7 days 00:00:00
1600,NH02,473.0,43.8219895287958,288.75,85.62822861668539,0.5306091012857901,6.262650069821691,6.7932589735116355,43.95,-71.73333333,2012-01-23,2012-01-30,2012-01-23,2012-01-30,DOC_mgL,9.048,69.6,7 days 00:00:00
1601,NH02,474.0,43.8219895287958,288.75,8.432096638921749,0.32035516169427397,4.178210079792705,4.498565243099306,43.95,-71.73333333,2012-01-30,2012-02-06,2012-01-30,2012-02-06,DOC_mgL,6.177,7.1,7 days 00:00:00
1602,NH02,475.0,43.8219895287958,288.75,8.99289306062201,0.20304706672738515,2.309013694308526,2.512060815027146,43.95,-71.73333333,2012-02-13,2012-02-20,2012-02-13,2012-02-20,DOC_mgL,7.295999999999999,4.8,7 days 00:00:00
1603,NH02,476.0,43.8219895287958,288.75,34.04744781278918,0.7379457767649523,9.751333368472164,10.48927915870291,43.95,-71.73333333,2012-02-20,2012-02-27,2012-02-20,2012-02-27,DOC_mgL,8.232000000000001,19.6,7 days 00:00:00
1604,NH02,477.0,43.8219895287958,288.75,72.18683005909554,0.8509773296733203,13.489335784900963,14.340313041335747,43.95,-71.73333333,2012-02-27,2012-03-05,2012-02-27,2012-03-05,DOC_mgL,8.432,27.2,7 days 00:00:00
1605,NH02,478.0,43.8219895287958,288.75,21.559549955307844,0.387449522479432,6.262342625610306,6.649791979694131,43.95,-71.73333333,2012-03-05,2012-03-12,2012-03-05,2012-03-12,DOC_mgL,10.02,16.7,7 days 00:00:00
1606,NH02,479.0,43.8219895287958,288.75,39.585095036769744,0.8852669933536514,10.392065532446596,11.27733295171074,43.95,-71.73333333,2012-03-12,2012-03-19,2012-03-12,2012-03-19,DOC_mgL,16.434,9.9,7 days 00:00:00
1607,NH02,480.0,43.8219895287958,288.75,8.438293064119694,0.3212859739118814,4.193624669594255,4.5149107107253155,43.95,-71.73333333,2012-04-02,2012-04-10,2012-04-02,2012-04-10,DOC_mgL,13.416,10.4,8 days 00:00:00
1608,NH02,481.0,43.8219895287958,288.75,144.97051592372853,0.8158483267318983,11.630608315110411,12.446456717129985,43.95,-71.73333333,2012-04-10,2012-04-24,2012-04-10,2012-04-24,DOC_mgL,48.019999999999996,68.6,14 days 00:00:00
1609,NH02,482.0,43.8219895287958,288.75,20.783333395879566,0.42020349677845525,5.847878550835611,6.268082246307666,43.95,-71.73333333,2012-04-24,2012-04-30,2012-04-24,2012-04-30,DOC_mgL,21.887999999999998,15.2,6 days 00:00:00
1610,NH02,483.0,43.8219895287958,288.75,124.3063834841962,1.1238320524808572,18.779616187769815,19.903448552892357,43.95,-71.73333333,2012-04-30,2012-05-07,2012-04-30,2012-05-07,DOC_mgL,40.224,41.9,7 days 00:00:00
1611,NH02,484.0,43.8219895287958,288.75,111.78510986642188,1.2227283994841147,20.59595542329783,21.8186832724407,43.95,-71.73333333,2012-05-07,2012-05-14,2012-05-07,2012-05-14,DOC_mgL,45.72,76.2,7 days 00:00:00
1612,NH02,485.0,43.8219895287958,288.75,69.56194856511043,0.8630209166239255,17.013817393274532,17.87683819983027,43.95,-71.73333333,2012-05-14,2012-05-21,2012-05-14,2012-05-21,DOC_mgL,34.293,48.3,7 days 00:00:00
1613,NH02,486.0,43.8219895287958,288.75,13.91246496647014,0.3188916302895861,9.765299743835776,10.0841912195615,43.95,-71.73333333,2012-05-21,2012-05-28,2012-05-21,2012-05-28,DOC_mgL,21.462999999999997,12.7,7 days 00:00:00
1614,NH02,487.0,43.8219895287958,288.75,65.3737266488541,1.81318977804359,63.22950406082201,65.04269314683704,43.95,-71.73333333,2012-05-28,2012-06-03,2012-05-28,2012-06-03,DOC_mgL,73.02,121.7,6 days 00:00:00
1615,NH02,488.0,43.8219895287958,288.75,67.46037971374075,0.6060429735036356,17.559371269655152,18.16541415709496,43.95,-71.73333333,2012-06-03,2012-06-11,2012-06-03,2012-06-11,DOC_mgL,40.2,30.0,8 days 00:00:00
1616,NH02,489.0,43.8219895287958,288.75,19.941591811224523,0.2449115131583754,4.419864611804325,4.6647761208461205,43.95,-71.73333333,2012-06-11,2012-06-18,2012-06-11,2012-06-18,DOC_mgL,16.680000000000003,41.7,7 days 00:00:00
1617,NH02,490.0,43.8219895287958,288.75,107.18098238395903,1.6199890445588943,68.56946379419747,70.18945131285902,43.95,-71.73333333,2012-06-18,2012-07-02,2012-06-18,2012-07-02,DOC_mgL,51.987,55.9,14 days 00:00:00
1618,NH02,491.0,43.8219895287958,288.75,21.731569231610813,0.6829652894438818,25.12454951255926,25.8075147059862,43.95,-71.73333333,2012-07-02,2012-07-09,2012-07-02,2012-07-09,DOC_mgL,30.351000000000003,20.1,7 days 00:00:00
1619,NH02,492.0,43.8219895287958,288.75,16.102724927135117,0.3855942808875056,16.772910610970968,17.158504763640643,43.95,-71.73333333,2012-07-16,2012-07-23,2012-07-16,2012-07-23,DOC_mgL,27.438,10.2,7 days 00:00:00
1620,NH02,493.0,43.8219895287958,288.75,80.08919148512206,1.8113971724614504,87.94385192227409,89.7552482983328,43.95,-71.73333333,2012-07-23,2012-07-30,2012-07-23,2012-07-30,DOC_mgL,61.061,67.1,7 days 00:00:00
1621,NH02,494.0,43.8219895287958,288.75,28.76111306510665,0.6844605444922269,28.334457155554382,29.018917269141298,43.95,-71.73333333,2012-07-30,2012-08-06,2012-07-30,2012-08-06,DOC_mgL,26.857000000000003,25.1,7 days 00:00:00
1622,NH02,495.0,43.8219895287958,288.75,86.41582697304604,1.8707246059111045,67.18090434245408,69.05162728094913,43.95,-71.73333333,2012-08-06,2012-08-13,2012-08-06,2012-08-13,DOC_mgL,99.912,144.8,7 days 00:00:00
1623,NH02,496.0,43.8219895287958,288.75,53.88389550993189,1.6078525449818688,44.766394355595025,46.37424706450822,43.95,-71.73333333,2012-08-13,2012-08-20,2012-08-13,2012-08-20,DOC_mgL,16.471,9.1,7 days 00:00:00
1624,NH02,497.0,43.8219895287958,288.75,33.29851457812774,0.4577905102713527,12.453019724421893,12.910810133680947,43.95,-71.73333333,2012-08-20,2012-09-03,2012-08-20,2012-09-03,DOC_mgL,36.36,40.4,14 days 00:00:00
1625,NH02,498.0,43.8219895287958,288.75,78.09002085448213,1.667315681808286,51.57054392898597,53.237857915861,43.95,-71.73333333,2012-09-03,2012-09-10,2012-09-03,2012-09-10,DOC_mgL,31.31,50.5,7 days 00:00:00
1626,NH02,499.0,43.8219895287958,288.75,49.71344442564312,0.7884520954478849,17.156949609973868,17.94540212519063,43.95,-71.73333333,2012-09-10,2012-09-24,2012-09-10,2012-09-24,DOC_mgL,45.983999999999995,95.8,14 days 00:00:00
1627,NH02,500.0,43.8219895287958,288.75,60.35462605101793,0.8627606571990021,18.042185175007212,18.904945888411255,43.95,-71.73333333,2012-09-24,2012-10-02,2012-09-24,2012-10-02,DOC_mgL,24.66,27.4,8 days 00:00:00
1628,NH02,501.0,43.8219895287958,288.75,38.816810271669056,0.8104499482652384,14.168116193539332,14.97856594772154,43.95,-71.73333333,2012-10-02,2012-10-08,2012-10-02,2012-10-08,DOC_mgL,32.13,51.0,6 days 00:00:00
1629,NH02,502.0,43.8219895287958,288.75,37.713310995712845,0.4944154170544602,8.161133731310333,8.655549038442956,43.95,-71.73333333,2012-10-08,2012-10-15,2012-10-08,2012-10-15,DOC_mgL,21.271,23.9,7 days 00:00:00
1630,NH02,503.0,43.8219895287958,288.75,53.81788899487816,0.682584461548025,8.751294934792298,9.433879456350905,43.95,-71.73333333,2012-10-15,2012-10-22,2012-10-15,2012-10-22,DOC_mgL,61.65,27.4,7 days 00:00:00
1631,NH02,504.0,43.8219895287958,288.75,76.58506185023035,0.36576919122755697,3.2617059803766755,3.6274751754689927,43.95,-71.73333333,2012-10-22,2012-11-05,2012-10-22,2012-11-05,DOC_mgL,20.790000000000003,63.0,14 days 00:00:00
1632,NH02,505.0,43.8219895287958,288.75,49.488808887925,0.37617774344038224,4.48505451188179,4.8612322377446615,43.95,-71.73333333,2012-11-05,2012-11-14,2012-11-05,2012-11-14,DOC_mgL,5.775,17.5,9 days 00:00:00
1633,NH02,506.0,43.8219895287958,288.75,12.50810820998538,0.7281568974734989,9.063685978312474,9.791842850610799,43.95,-71.73333333,2012-11-26,2012-12-03,2012-11-26,2012-12-03,DOC_mgL,26.656,27.2,7 days 00:00:00
1634,NH02,507.0,43.8219895287958,288.75,100.46863872528178,1.2556979592448303,14.410155152092637,15.665853236618721,43.95,-71.73333333,2012-12-03,2012-12-11,2012-12-03,2012-12-11,DOC_mgL,17.787,36.3,8 days 00:00:00
1635,NH02,508.0,43.8219895287958,288.75,7.829143000760794,0.14456171698394735,1.6684567689663752,1.8130184811156234,43.95,-71.73333333,2012-12-11,2012-12-17,2012-12-11,2012-12-17,DOC_mgL,5.94,18.0,6 days 00:00:00
1636,NH02,509.0,43.8219895287958,288.75,121.22871980988492,0.5842595941231953,6.371611429092927,6.955871074444675,43.95,-71.73333333,2012-12-17,2012-12-24,2012-12-17,2012-12-24,DOC_mgL,7.252000000000001,51.8,7 days 00:00:00
1637,NH02,510.0,43.8219895287958,288.75,112.50768652235621,0.35663059153761334,4.36040937302519,4.717040007814338,43.95,-71.73333333,2012-12-24,2012-12-31,2012-12-24,2012-12-31,DOC_mgL,5.0729999999999995,26.7,7 days 00:00:00
1638,NH02,511.0,43.8219895287958,288.75,2.730767142011814,0.06480222782634197,0.8610865509642079,0.9258887834651552,43.95,-71.73333333,2012-12-31,2013-01-07,2012-12-31,2013-01-07,DOC_mgL,4.864000000000001,6.4,7 days 00:00:00
1639,NH02,512.0,43.8219895287958,288.75,8.505334473518644,0.3321977537199864,3.7082745027356894,4.040472142581918,43.95,-71.73333333,2013-01-07,2013-01-14,2013-01-07,2013-01-14,DOC_mgL,8.736,10.4,7 days 00:00:00
1640,NH02,513.0,43.8219895287958,288.75,19.59216977454048,0.1952445692426051,2.7086334042879248,2.903877928742138,43.95,-71.73333333,2013-01-14,2013-01-22,2013-01-14,2013-01-22,DOC_mgL,4.998,14.7,8 days 00:00:00
1641,NH02,514.0,43.8219895287958,288.75,100.03238467959363,1.0420320130204164,12.864757921449144,13.906789932127683,43.95,-71.73333333,2013-01-28,2013-02-04,2013-01-28,2013-02-04,DOC_mgL,20.757,56.1,7 days 00:00:00
1642,NH02,515.0,43.8219895287958,288.75,100.71204572863479,0.24489309692031944,2.7545055394169786,2.999398637507638,43.95,-71.73333333,2013-02-04,2013-02-12,2013-02-04,2013-02-12,DOC_mgL,14.098,37.1,8 days 00:00:00
1643,NH02,516.0,43.8219895287958,288.75,70.96585014032541,1.011405673064498,13.204900888659411,14.21630650690021,43.95,-71.73333333,2013-02-12,2013-02-25,2013-02-12,2013-02-25,DOC_mgL,10.881,27.9,13 days 00:00:00
1644,NH02,517.0,43.8219895287958,288.75,62.977056750312954,0.3183845251828643,4.2473091813845425,4.565693714178506,43.95,-71.73333333,2013-02-25,2013-03-04,2013-02-25,2013-03-04,DOC_mgL,5.117,11.9,7 days 00:00:00
1645,NH02,518.0,43.8219895287958,288.75,70.00028020079651,0.6272381133774372,8.379759316572708,9.006997416484355,43.95,-71.73333333,2013-03-04,2013-03-18,2013-03-04,2013-03-18,DOC_mgL,12.624,52.6,14 days 00:00:00
1646,NH02,519.0,43.8219895287958,288.75,72.94018015020498,0.5785140159888374,7.334256157086328,7.912770132092323,43.95,-71.73333333,2013-03-18,2013-03-25,2013-03-18,2013-03-25,DOC_mgL,10.857,23.1,7 days 00:00:00
1647,NH02,520.0,43.8219895287958,288.75,29.016797755926362,0.2700873333759868,3.227392916441531,3.4974802137928678,43.95,-71.73333333,2013-03-25,2013-04-02,2013-03-25,2013-04-02,DOC_mgL,12.882,22.6,8 days 00:00:00
1648,NH02,521.0,43.8219895287958,288.75,105.79732986156706,1.5970967527104467,25.242898861587218,26.839995456298745,43.95,-71.73333333,2013-04-02,2013-04-15,2013-04-02,2013-04-15,DOC_mgL,40.689,41.1,13 days 00:00:00
1649,NH02,522.0,43.8219895287958,288.75,79.88773305344708,1.068772222440241,20.652080459992437,21.72085280384163,43.95,-71.73333333,2013-04-22,2013-05-13,2013-04-22,2013-05-13,DOC_mgL,41.205,33.5,21 days 00:00:00
1650,NH02,524.0,43.8219895287958,288.75,11.621714399234762,0.5616965445499542,13.12621747779838,13.687913679848869,43.95,-71.73333333,2013-05-13,2013-05-20,2013-05-13,2013-05-20,DOC_mgL,42.21000000000001,20.1,7 days 00:00:00
1651,NH02,526.0,43.8219895287958,288.75,164.0113263555787,1.9170446030784891,40.18381989266337,42.10086504809543,43.95,-71.73333333,2013-05-20,2013-05-28,2013-05-20,2013-05-28,DOC_mgL,54.366,53.3,8 days 00:00:00
1652,NH02,528.0,43.8219895287958,288.75,28.698751408118284,0.43621076372442613,16.14641915731875,16.58262990462717,43.95,-71.73333333,2013-05-28,2013-06-03,2013-05-28,2013-06-03,DOC_mgL,72.568,37.6,6 days 00:00:00
1653,NH02,529.0,43.8219895287958,288.75,188.8794276559802,0.4711198343408934,10.997297572814789,11.468417271319971,43.95,-71.73333333,2013-06-03,2013-06-10,2013-06-03,2013-06-10,DOC_mgL,28.270000000000003,25.7,7 days 00:00:00
1654,NH02,530.0,43.8219895287958,288.75,183.699799799808,1.132323394276895,29.863989817798668,30.996313675913516,43.95,-71.73333333,2013-06-10,2013-06-17,2013-06-10,2013-06-17,DOC_mgL,38.584,42.4,7 days 00:00:00
1655,NH02,531.0,43.8219895287958,288.75,33.90308376195993,1.4112748788798917,49.31264794275097,50.72392215689347,43.95,-71.73333333,2013-06-17,2013-06-24,2013-06-17,2013-06-24,DOC_mgL,51.36,16.0,7 days 00:00:00
1656,NH02,532.0,43.8219895287958,288.75,109.1267593025691,3.272571426349291,111.13591866784844,114.40848968202744,43.95,-71.73333333,2013-06-24,2013-07-01,2013-06-24,2013-07-01,DOC_mgL,70.485,63.5,7 days 00:00:00
1657,NH02,533.0,43.8219895287958,288.75,117.26860370524506,1.6207120060070246,64.51780502347847,66.13851828707328,43.95,-71.73333333,2013-07-01,2013-07-07,2013-07-01,2013-07-07,DOC_mgL,54.23,63.8,6 days 00:00:00
1658,NH02,534.0,43.8219895287958,288.75,60.594098068733615,1.8394704344066013,80.70884784553982,82.54831813358027,43.95,-71.73333333,2013-07-07,2013-07-15,2013-07-07,2013-07-15,DOC_mgL,36.9,30.0,8 days 00:00:00
1659,NH02,535.0,43.8219895287958,288.75,45.943518893016424,0.6775470307731983,46.87073602480628,47.54828317249035,43.95,-71.73333333,2013-07-15,2013-07-22,2013-07-15,2013-07-22,DOC_mgL,47.585,30.7,7 days 00:00:00
1660,NH02,536.0,43.8219895287958,288.75,125.44159328555793,1.4134421320866064,53.74238469246784,55.155826356179105,43.95,-71.73333333,2013-07-22,2013-07-30,2013-07-22,2013-07-30,DOC_mgL,34.5,46.0,8 days 00:00:00
1661,NH02,537.0,43.8219895287958,288.75,38.150688438376434,0.5116542019169452,13.872296299177744,14.383950605600937,43.95,-71.73333333,2013-07-30,2013-08-05,2013-07-30,2013-08-05,DOC_mgL,51.91,35.8,6 days 00:00:00
1662,NH02,538.0,43.8219895287958,288.75,74.9391341654193,1.2394894058001944,36.01168847521292,37.25117848851086,43.95,-71.73333333,2013-08-05,2013-08-12,2013-08-05,2013-08-12,DOC_mgL,26.668,23.6,7 days 00:00:00
1663,NH02,539.0,43.8219895287958,288.75,34.21019618518041,0.967036946271935,23.38629277731652,24.353330074430858,43.95,-71.73333333,2013-08-12,2013-08-19,2013-08-12,2013-08-19,DOC_mgL,18.900000000000002,17.5,7 days 00:00:00
1664,NH02,540.0,43.8219895287958,288.75,13.292261563927546,0.31017175829738697,10.227430071285298,10.53760173671278,43.95,-71.73333333,2013-08-19,2013-08-26,2013-08-19,2013-08-26,DOC_mgL,28.129999999999995,5.8,7 days 00:00:00
1665,NH02,541.0,43.8219895287958,288.75,120.0946247664092,3.091746668057449,97.92026020027933,101.01200805801014,43.95,-71.73333333,2013-08-26,2013-09-03,2013-08-26,2013-09-03,DOC_mgL,54.114000000000004,62.2,8 days 00:00:00
1666,NH02,542.0,43.8219895287958,288.75,28.04897162359847,0.6742592991626637,17.96489798674193,18.639157463876362,43.95,-71.73333333,2013-09-03,2013-09-09,2013-09-03,2013-09-09,DOC_mgL,10.943999999999999,3.8,6 days 00:00:00
1667,NH02,543.0,43.8219895287958,288.75,106.10961049657419,2.861748921983157,82.13237120862412,84.99412071532632,43.95,-71.73333333,2013-09-09,2013-09-16,2013-09-09,2013-09-16,DOC_mgL,39.333999999999996,55.4,7 days 00:00:00
1668,NH02,544.0,43.8219895287958,288.75,37.109424329166266,0.2300124880417044,2.95410034793428,3.1841129082997233,43.95,-71.73333333,2013-09-16,2013-09-23,2013-09-16,2013-09-23,DOC_mgL,18.528,19.3,7 days 00:00:00
1669,NH02,545.0,43.8219895287958,288.75,21.077018007157672,0.5859625635325669,10.44015118493558,11.026113302378086,43.95,-71.73333333,2013-09-23,2013-10-08,2013-09-23,2013-10-08,DOC_mgL,38.688,31.2,15 days 00:00:00
1670,NH02,546.0,43.8219895287958,288.75,37.383332713883384,0.6002965565521847,7.916826750818864,8.517123080747023,43.95,-71.73333333,2013-10-08,2013-10-21,2013-10-08,2013-10-21,DOC_mgL,20.304000000000002,18.8,13 days 00:00:00
1671,NH02,547.0,43.8219895287958,288.75,13.393796571037342,0.29573297363218437,3.945808057831575,4.24154101060642,43.95,-71.73333333,2013-10-21,2013-10-28,2013-10-21,2013-10-28,DOC_mgL,9.024,4.8,7 days 00:00:00
1672,NH02,548.0,43.8219895287958,288.75,27.90822018256256,0.35696631956313885,5.205138080607785,5.562104471890899,43.95,-71.73333333,2013-11-04,2013-11-11,2013-11-04,2013-11-11,DOC_mgL,15.477000000000002,23.1,7 days 00:00:00
1673,NH02,549.0,43.8219895287958,288.75,9.31183580883399,0.21454579119729916,2.870821271466835,3.0853671139474317,43.95,-71.73333333,2013-11-11,2013-11-18,2013-11-11,2013-11-18,DOC_mgL,21.525,28.7,7 days 00:00:00
1674,NH02,550.0,43.8219895287958,288.75,38.781329726559655,0.18232494553281517,2.0722284662983292,2.2545533720192408,43.95,-71.73333333,2013-11-18,2013-11-25,2013-11-18,2013-11-25,DOC_mgL,7.476,8.9,7 days 00:00:00
1675,NH02,551.0,43.8219895287958,288.75,151.8500875809181,0.35117005443519,4.018971444057467,4.370141515910651,43.95,-71.73333333,2013-11-25,2013-12-02,2013-11-25,2013-12-02,DOC_mgL,13.386000000000001,58.2,7 days 00:00:00
1676,NH02,552.0,43.8219895287958,288.75,55.87945632372637,0.743963840820056,8.283898464058755,9.027862438980982,43.95,-71.73333333,2013-12-02,2013-12-10,2013-12-02,2013-12-10,DOC_mgL,12.444,18.3,8 days 00:00:00
1677,NH02,553.0,43.8219895287958,288.75,59.82665195247705,0.25792503269891215,3.280463813093437,3.53838882412999,43.95,-71.73333333,2013-12-10,2013-12-16,2013-12-10,2013-12-16,DOC_mgL,4.806,26.7,6 days 00:00:00
1678,NH02,554.0,43.8219895287958,288.75,126.35126566777899,1.1108102312973323,13.18188017490618,14.292690256323404,43.95,-71.73333333,2013-12-16,2013-12-24,2013-12-16,2013-12-24,DOC_mgL,17.784,23.4,8 days 00:00:00
1679,NH02,555.0,43.8219895287958,288.75,41.640231627582125,0.4125841022344437,4.340327125831878,4.752911102190449,43.95,-71.73333333,2013-12-24,2013-12-31,2013-12-24,2013-12-31,DOC_mgL,5.04,31.5,7 days 00:00:00
1680,NH02,556.0,43.8219895287958,288.75,61.86738876401421,0.7779059992751343,7.885906024828213,8.66381186339213,43.95,-71.73333333,2013-12-31,2014-01-07,2013-12-31,2014-01-07,DOC_mgL,10.728,44.7,7 days 00:00:00
1681,NH02,557.0,43.8219895287958,288.75,42.82843162404836,0.2537553773064669,2.638254492214748,2.8920099323127832,43.95,-71.73333333,2014-01-07,2014-01-13,2014-01-07,2014-01-13,DOC_mgL,7.811999999999999,43.4,6 days 00:00:00
1682,NH02,558.0,43.8219895287958,288.75,37.18499796159236,0.5355156142243455,6.195194694112684,6.730710280211639,43.95,-71.73333333,2014-01-13,2014-01-20,2014-01-13,2014-01-20,DOC_mgL,12.027,21.1,7 days 00:00:00
1683,NH02,559.0,43.8219895287958,288.75,30.923931345228084,0.2797341643094778,4.306557228502437,4.586291418573791,43.95,-71.73333333,2014-01-20,2014-01-28,2014-01-20,2014-01-28,DOC_mgL,6.603,7.1,8 days 00:00:00
1684,NH02,560.0,43.8219895287958,288.75,16.5296113104224,0.31036433955082715,4.391913226847732,4.702277456476722,43.95,-71.73333333,2014-01-28,2014-02-03,2014-01-28,2014-02-03,DOC_mgL,6.776,5.6,6 days 00:00:00
1685,NH02,561.0,43.8219895287958,288.75,49.65432985740564,0.3116974522442225,4.049974874027389,4.3616723880752,43.95,-71.73333333,2014-02-03,2014-02-10,2014-02-03,2014-02-10,DOC_mgL,4.642,21.1,7 days 00:00:00
1686,NH02,562.0,43.8219895287958,288.75,117.52124129819387,0.44510368980898546,5.658765229457929,6.103868893506271,43.95,-71.73333333,2014-02-10,2014-02-17,2014-02-10,2014-02-17,DOC_mgL,4.185,27.9,7 days 00:00:00
1687,NH02,563.0,43.8219895287958,288.75,91.33369527670743,1.3158172662760035,20.4002543482277,21.71607225149588,43.95,-71.73333333,2014-02-17,2014-02-24,2014-02-17,2014-02-24,DOC_mgL,11.797,25.1,7 days 00:00:00
1688,NH02,564.0,43.8219895287958,288.75,18.859772056267765,0.8665702068326805,12.592586691304861,13.459157090615106,43.95,-71.73333333,2014-03-17,2014-03-24,2014-03-17,2014-03-24,DOC_mgL,11.39,33.5,7 days 00:00:00
1689,NH02,565.0,43.8219895287958,288.75,126.55928551628924,0.5208106991570587,8.065466160374866,8.586276919542515,43.95,-71.73333333,2014-03-24,2014-03-31,2014-03-24,2014-03-31,DOC_mgL,22.678,39.1,7 days 00:00:00
1690,NH02,566.0,43.8219895287958,288.75,42.92607331334284,0.4537001345529723,6.958518659277587,7.412218720646976,43.95,-71.73333333,2014-03-31,2014-04-07,2014-03-31,2014-04-07,DOC_mgL,9.270999999999999,12.7,7 days 00:00:00
1691,NH02,567.0,43.8219895287958,288.75,71.61377764633419,1.1006334814472107,17.44988880337312,18.550521760826065,43.95,-71.73333333,2014-04-07,2014-04-14,2014-04-07,2014-04-14,DOC_mgL,24.416,22.4,7 days 00:00:00
1692,NH02,568.0,43.8219895287958,288.75,69.66952949934435,0.26958286260464037,4.946577864869464,5.216160708153515,43.95,-71.73333333,2014-04-14,2014-04-21,2014-04-14,2014-04-21,DOC_mgL,23.6,47.2,7 days 00:00:00
1693,NH02,569.0,43.8219895287958,288.75,149.98166325366213,1.0408351902037836,12.356622530653588,13.397457758034664,43.95,-71.73333333,2014-04-28,2014-05-06,2014-04-28,2014-05-06,DOC_mgL,54.74,39.1,8 days 00:00:00
1694,NH02,570.0,43.8219895287958,288.75,9.468674402746124,0.3371933005518824,6.922048642089839,7.259241994236193,43.95,-71.73333333,2014-05-06,2014-05-12,2014-05-06,2014-05-12,DOC_mgL,19.666999999999998,7.1,6 days 00:00:00
1695,NH02,571.0,43.8219895287958,288.75,49.8561148483595,0.7329768124728466,12.365982060991849,13.098959124411419,43.95,-71.73333333,2014-05-12,2014-05-19,2014-05-12,2014-05-19,DOC_mgL,74.235,50.5,7 days 00:00:00
1696,NH02,572.0,43.8219895287958,288.75,41.68750360271645,0.4267388469935546,10.38011371856662,10.806852587808002,43.95,-71.73333333,2014-05-19,2014-05-26,2014-05-19,2014-05-26,DOC_mgL,47.644,27.7,7 days 00:00:00
1697,NH02,573.0,43.8219895287958,288.75,55.12526043518484,0.9038178245970945,23.015695231745912,23.91951316348372,43.95,-71.73333333,2014-05-26,2014-06-02,2014-05-26,2014-06-02,DOC_mgL,42.408,11.4,7 days 00:00:00
1698,NH02,574.0,43.8219895287958,288.75,79.6697200448393,0.3559000490523965,4.915946443888738,5.271846605352931,43.9433,-71.7029,2020-10-27,2020-11-03,2020-10-27,2020-11-03,rBC_mgL,0.177008,17.02,7 days 00:00:00
1699,NH02,575.0,43.8219895287958,288.75,68.90405313729752,0.6241367186870573,10.390320842579813,11.01445780207766,43.9433,-71.7029,2020-11-17,2020-11-24,2020-11-17,2020-11-24,rBC_mgL,0.100584,11.43,7 days 00:00:00
1700,NJ00,0.0,39.10994764397907,285.0,43.062905350098326,0.6577380641170274,11.169964489953832,11.827702903303221,39.4728,-74.4369,2020-10-27,2020-11-03,2020-10-27,2020-11-03,rBC_mgL,0.535118,116.33,7 days 00:00:00
1701,NJ00,1.0,39.10994764397907,285.0,68.16036762355124,0.16428731222894813,1.9915995920260334,2.1558869193492516,39.4728,-74.4369,2020-11-10,2020-11-17,2020-11-10,2020-11-17,rBC_mgL,0.122295,81.53,7 days 00:00:00
1702,NJ00,2.0,39.10994764397907,285.0,11.909720085052475,0.09016061406534048,1.0848804450214353,1.1750410787731589,39.4728,-74.4369,2020-11-17,2020-11-24,2020-11-17,2020-11-24,rBC_mgL,0.019206,21.34,7 days 00:00:00
1703,NJ00,3.0,39.10994764397907,285.0,33.990669242192276,0.323456859574273,3.647905502586527,3.97136224039001,39.4728,-74.4369,2020-11-24,2020-12-01,2020-11-24,2020-12-01,rBC_mgL,0.22722,54.1,7 days 00:00:00
1704,NJ39,0.0,40.0523560209424,286.25,68.26622895721931,0.7396556712541824,10.024794844292135,10.76445050854813,39.9894,-74.1344,2020-10-27,2020-11-02,2020-10-27,2020-11-02,rBC_mgL,0.4214490000000001,69.09,6 days 00:00:00
1705,NJ39,1.0,40.0523560209424,286.25,77.23415179387999,0.23761351460168872,2.9013644678153634,3.138977986515336,39.9894,-74.1344,2020-11-10,2020-11-17,2020-11-10,2020-11-17,rBC_mgL,0.07506,50.04,7 days 00:00:00
1706,NJ39,2.0,40.0523560209424,286.25,16.07952844216165,0.17033939228407416,2.251838047048955,2.42217744987147,39.9894,-74.1344,2020-11-17,2020-11-24,2020-11-17,2020-11-24,rBC_mgL,0.044472,26.16,7 days 00:00:00
1707,NM07,0.0,35.340314136125656,253.75,4.391318814460843,0.08209316414616002,2.1492516930086683,2.231344872962487,35.7788,-106.266,2020-11-17,2020-11-24,2020-11-17,2020-11-24,rBC_mgL,0.36476600000000003,13.46,7 days 00:00:00
1708,NM08,0.0,32.5130890052356,255.0,1.7031846158805397,0.03530239341906215,0.8290630613886717,0.8643654641750486,32.9096,-105.471,2020-10-27,2020-11-03,2020-10-27,2020-11-03,rBC_mgL,0.020297999999999997,11.94,7 days 00:00:00
1709,NV03,0.0,39.10994764397907,241.25,0.09744955155899933,8.31935607385409e-07,1.8752011941085415e-05,1.9583946619939907e-05,38.7992,-119.2567,2020-10-27,2020-11-03,2020-10-27,2020-11-03,rBC_mgL,0.000305,3.05,7 days 00:00:00
1710,NV03,1.0,39.10994764397907,241.25,6.917727661104323,0.18754511003275884,3.016915276973786,3.2044603162379586,38.7992,-119.2567,2020-11-07,2020-11-10,2020-11-07,2020-11-10,rBC_mgL,0.016891,24.13,3 days 00:00:00
1711,NV05,0.0,39.10994764397907,246.25,14.111452630416466,0.05886404759621305,0.6195564930839702,0.6784205238479445,39.0054,-114.217,2017-01-03,2017-01-10,2017-01-03,2017-01-10,DOC_mgL,7.48792,34.036,7 days 00:00:00
1712,NV05,1.0,39.10994764397907,246.25,2.990870695906978,0.11472938985564868,1.4289076281578938,1.5436369869836764,39.0054,-114.217,2017-02-21,2017-02-28,2017-02-21,2017-02-28,DOC_mgL,5.08,12.7,7 days 00:00:00
1713,NV05,2.0,39.10994764397907,246.25,26.824931827418297,0.2753737203387366,2.6461730461699013,2.921546751743873,39.0054,-114.217,2017-03-21,2017-03-28,2017-03-21,2017-03-28,DOC_mgL,15.42288,33.528,7 days 00:00:00
1714,NV05,3.0,39.10994764397907,246.25,7.045417637387842,0.05740339622385962,0.4507761286036928,0.5081795439284484,39.0054,-114.217,2017-11-14,2017-11-21,2017-11-14,2017-11-21,DOC_mgL,4.848859999999999,5.842,7 days 00:00:00
1715,NV05,4.0,39.10994764397907,246.25,10.32019557298397,0.1142548202532831,1.2288074998940273,1.3430622926302593,39.0054,-114.217,2018-03-13,2018-03-20,2018-03-13,2018-03-20,DOC_mgL,0.8763000000000001,17.526,7 days 00:00:00
1716,NV05,5.0,39.10994764397907,246.25,19.250644521541936,0.051876289811026134,0.891870770927956,0.9437470434630675,39.0054,-114.217,2018-04-03,2018-04-10,2018-04-03,2018-04-10,DOC_mgL,3.4671,5.334,7 days 00:00:00
1717,NV05,6.0,39.10994764397907,246.25,0.5547117029339194,0.3249768631088844,10.858553845830407,11.183530909169534,39.0054,-114.217,2018-07-10,2018-07-17,2018-07-10,2018-07-17,DOC_mgL,48.6156,13.97,7 days 00:00:00
1718,NV05,7.0,39.10994764397907,246.25,0.053507739293214576,0.5187336275368909,16.647400601782493,17.166133914336967,39.0054,-114.217,2018-08-14,2018-08-21,2018-08-14,2018-08-21,DOC_mgL,40.67302,17.018,7 days 00:00:00
1719,NV05,8.0,39.10994764397907,246.25,49.148719097757976,0.16318283238342043,2.3528707451120345,2.5160535982796106,39.0054,-114.217,2018-10-02,2018-10-09,2018-10-02,2018-10-09,DOC_mgL,37.16496,51.618,7 days 00:00:00
1720,NV05,9.0,39.10994764397907,246.25,15.905149455536263,0.27715225139914834,3.10965324066886,3.386805545876285,39.0054,-114.217,2020-11-03,2020-11-10,2020-11-03,2020-11-10,rBC_mgL,0.02509,19.3,7 days 00:00:00
1721,NY01,0.0,41.93717277486911,282.5,46.21211927551842,0.44034053618379465,5.74494484025705,6.185285271074689,42.2276,-77.8016,2020-10-27,2020-11-03,2020-10-27,2020-11-03,rBC_mgL,0.147668,38.86,7 days 00:00:00
1722,NY01,1.0,41.93717277486911,282.5,25.834648520696735,0.2024680080558103,2.8809891672606205,3.0834572641985445,42.2276,-77.8016,2020-11-10,2020-11-17,2020-11-10,2020-11-17,rBC_mgL,0.197505,25.65,7 days 00:00:00
1723,NY01,2.0,41.93717277486911,282.5,22.4433424678816,0.5563910063359918,8.750892122676266,9.307283112024503,42.2276,-77.8016,2020-11-17,2020-11-24,2020-11-17,2020-11-24,rBC_mgL,0.15206400000000003,8.64,7 days 00:00:00
1724,NY06,0.0,40.994764397905755,286.25,71.11119747114365,0.6998610568517434,8.235863232022854,8.93572442016606,40.868,-73.8782,2020-10-27,2020-11-03,2020-10-27,2020-11-03,rBC_mgL,0.256032,71.12,7 days 00:00:00
1725,NY06,1.0,40.994764397905755,286.25,82.97489123078039,0.2571746513521701,3.147416126834492,3.4045908334403157,40.868,-73.8782,2020-11-10,2020-11-17,2020-11-10,2020-11-17,rBC_mgL,0.13899599999999998,38.61,7 days 00:00:00
1726,NY06,2.0,40.994764397905755,286.25,18.86398754822327,0.2610250898478025,3.2956912474002094,3.5567163237736446,40.868,-73.8782,2020-11-17,2020-11-24,2020-11-17,2020-11-24,rBC_mgL,0.065412,14.22,7 days 00:00:00
1727,NY06,3.0,40.994764397905755,286.25,49.116277681702115,0.4264109009483289,4.4837393866972555,4.910150125470623,40.868,-73.8782,2020-11-24,2020-12-01,2020-11-24,2020-12-01,rBC_mgL,0.265396,61.72,7 days 00:00:00
1728,NY08,0.0,42.87958115183247,283.75,39.96863513579352,0.29225160564288555,3.932008008447098,4.2242595965625,42.7339,-76.6597,2020-10-27,2020-11-03,2020-10-27,2020-11-03,rBC_mgL,0.17043400000000003,27.94,7 days 00:00:00
1729,NY08,1.0,42.87958115183247,283.75,25.616242415416448,0.2068288931968013,2.7200549084600496,2.926883805828319,42.7339,-76.6597,2020-11-10,2020-11-17,2020-11-10,2020-11-17,rBC_mgL,0.02068,18.8,7 days 00:00:00
1730,NY08,2.0,42.87958115183247,283.75,52.265503296589074,0.4867052003759764,7.536527726917075,8.023232852938484,42.7339,-76.6597,2020-11-24,2020-12-01,2020-11-24,2020-12-01,rBC_mgL,0.050058,18.54,7 days 00:00:00
1731,NY10,0.0,41.93717277486911,280.0,34.98088640822739,0.212644186075238,2.947957400126135,3.1606015838938015,42.2994,-79.3964,2020-10-27,2020-11-03,2020-10-27,2020-11-03,rBC_mgL,0.35892,39.88,7 days 00:00:00
1732,NY10,1.0,41.93717277486911,280.0,17.347230665152626,0.21387432548857507,3.8350353503209704,4.04890973249028,42.2994,-79.3964,2020-11-10,2020-11-17,2020-11-10,2020-11-17,rBC_mgL,0.9074670000000001,35.31,7 days 00:00:00
1733,NY10,2.0,41.93717277486911,280.0,33.05446964531056,0.5593084324419868,8.602956602933826,9.162265010749515,42.2994,-79.3964,2020-11-17,2020-11-24,2020-11-17,2020-11-24,rBC_mgL,0.767232,29.97,7 days 00:00:00
1734,NY20,0.0,43.8219895287958,286.25,32.495681787733716,0.18696139503017056,2.483603437811759,2.670564842209436,43.9731,-74.2231,2020-10-27,2020-11-03,2020-10-27,2020-11-03,rBC_mgL,0.187325,31.75,7 days 00:00:00
1735,NY20,1.0,43.8219895287958,286.25,29.794867188259744,0.2658353654030991,3.5434266771382856,3.809262070128189,43.9731,-74.2231,2020-11-10,2020-11-17,2020-11-10,2020-11-17,rBC_mgL,0.186054,28.19,7 days 00:00:00
1736,NY20,2.0,43.8219895287958,286.25,28.287492875589404,0.3274694364063585,5.508577381155462,5.8360466910272955,43.9731,-74.2231,2020-11-17,2020-11-24,2020-11-17,2020-11-24,rBC_mgL,0.25029,18.54,7 days 00:00:00
1737,NY20,3.0,43.8219895287958,286.25,51.900547254701834,0.5283792504603199,7.525644235908957,8.054023360347037,43.9731,-74.2231,2020-11-24,2020-12-01,2020-11-24,2020-12-01,rBC_mgL,0.12575,25.15,7 days 00:00:00
1738,NY22,0.0,44.764397905759154,285.0,20.644558531279777,0.30300575701529275,4.47117688037973,4.774182664033942,44.9226,-74.4806,2020-11-10,2020-11-17,2020-11-10,2020-11-17,rBC_mgL,0.068199,3.81,7 days 00:00:00
1739,NY22,1.0,44.764397905759154,285.0,31.69851668348572,0.25804855980260394,3.9922753235601456,4.250323883539991,44.9226,-74.4806,2020-11-17,2020-11-24,2020-11-17,2020-11-24,rBC_mgL,0.229788,14.73,7 days 00:00:00
1740,NY22,2.0,44.764397905759154,285.0,56.12564503953976,0.3933030238007618,5.655413533175801,6.048716385443242,44.9226,-74.4806,2020-11-24,2020-12-01,2020-11-24,2020-12-01,rBC_mgL,0.22215600000000002,20.57,7 days 00:00:00
1741,NY28,0.0,43.8219895287958,285.0,30.013924916686268,0.2359243216742003,3.208328586297698,3.444252888120834,43.4336,-74.5002,2020-10-27,2020-11-03,2020-10-27,2020-11-03,rBC_mgL,0.20998599999999998,39.62,7 days 00:00:00
1742,NY28,1.0,43.8219895287958,285.0,28.662696938708265,0.30415567328539506,4.243171812301277,4.547327330455637,43.4336,-74.5002,2020-11-10,2020-11-17,2020-11-10,2020-11-17,rBC_mgL,0.35356799999999994,36.83,7 days 00:00:00
1743,NY28,2.0,43.8219895287958,285.0,12.888847476499876,0.20103261941481249,3.697319901510652,3.8983525851258185,43.4336,-74.5002,2020-11-17,2020-11-23,2020-11-17,2020-11-23,rBC_mgL,0.444754,21.59,6 days 00:00:00
1744,NY43,0.0,42.87958115183247,282.5,35.462976245538805,0.22952048711013162,3.185871712729944,3.4153922549016222,43.1463,-77.5482,2020-10-27,2020-11-03,2020-10-27,2020-11-03,rBC_mgL,0.060975,8.13,7 days 00:00:00
1745,NY43,1.0,42.87958115183247,282.5,17.508525391452704,0.15466911764678512,2.444420421133893,2.5990894943616354,43.1463,-77.5482,2020-11-10,2020-11-17,2020-11-10,2020-11-17,rBC_mgL,0.139004,18.29,7 days 00:00:00
1746,NY43,2.0,42.87958115183247,282.5,27.818802046529477,0.550942530342497,8.45992065332088,9.010863147949758,43.1463,-77.5482,2020-11-17,2020-11-24,2020-11-17,2020-11-24,rBC_mgL,0.08790600000000001,4.83,7 days 00:00:00
1747,NY43,3.0,42.87958115183247,282.5,53.84478537480142,0.48717202175888036,7.553883424743807,8.04105527100825,43.1463,-77.5482,2020-11-24,2020-12-01,2020-11-24,2020-12-01,rBC_mgL,0.070938,33.78,7 days 00:00:00
1748,NY52,0.0,43.8219895287958,283.75,19.545590903911197,0.1961931951440997,2.661730492155149,2.8579236334658153,43.5282,-75.9492,2020-10-27,2020-11-02,2020-10-27,2020-11-02,rBC_mgL,0.16416,25.65,6 days 00:00:00
1749,NY52,1.0,43.8219895287958,283.75,21.041501556923308,0.24882585273118893,3.757687244006774,4.006513159410179,43.5282,-75.9492,2020-11-10,2020-11-17,2020-11-10,2020-11-17,rBC_mgL,0.489328,43.69,7 days 00:00:00
1750,NY52,2.0,43.8219895287958,283.75,31.434629951482272,0.4188276292555154,6.364244792495325,6.783072446889422,43.5282,-75.9492,2020-11-17,2020-11-24,2020-11-17,2020-11-24,rBC_mgL,0.333064,21.08,7 days 00:00:00
1751,NY67,0.0,41.93717277486911,283.75,51.51329366501701,0.3970174711570248,5.255616777519699,5.652634218122552,42.4014,-76.6589,2020-10-27,2020-11-03,2020-10-27,2020-11-03,rBC_mgL,0.11566499999999999,35.05,7 days 00:00:00
1752,NY67,1.0,41.93717277486911,283.75,36.06533500029138,0.26833069627093575,3.4471793416409784,3.7155099682182122,42.4014,-76.6589,2020-11-10,2020-11-17,2020-11-10,2020-11-17,rBC_mgL,0.149565,38.35,7 days 00:00:00
1753,NY68,0.0,41.93717277486911,285.0,56.81016728082967,0.4067109049933973,5.259705283811034,5.666416269013707,41.9936,-74.5031,2020-10-27,2020-11-03,2020-10-27,2020-11-03,rBC_mgL,0.13898399999999997,57.91,7 days 00:00:00
1754,NY68,1.0,41.93717277486911,285.0,46.82362685278572,0.2907898774676709,3.597601371373312,3.8883911083804104,41.9936,-74.5031,2020-11-10,2020-11-17,2020-11-10,2020-11-17,rBC_mgL,0.361008,52.32,7 days 00:00:00
1755,NY68,2.0,41.93717277486911,285.0,21.765586706322914,0.4059796201121143,6.175394618324753,6.581374359555802,41.9936,-74.5031,2020-11-17,2020-11-24,2020-11-17,2020-11-24,rBC_mgL,0.31610299999999997,24.89,7 days 00:00:00
1756,NY92,0.0,42.87958115183247,281.25,29.298277515816466,0.21318401065142184,2.959981621438983,3.1731655875764515,42.9931,-78.7717,2020-10-27,2020-11-03,2020-10-27,2020-11-03,rBC_mgL,0.174752,20.32,7 days 00:00:00
1757,NY92,1.0,42.87958115183247,281.25,14.977210172768494,0.14936719141398977,2.6230808308090245,2.7724481000915575,42.9931,-78.7717,2020-11-10,2020-11-17,2020-11-10,2020-11-17,rBC_mgL,0.131252,17.27,7 days 00:00:00
1758,NY92,2.0,42.87958115183247,281.25,30.406866499088636,0.41758887390630217,6.213640862521338,6.631229797302712,42.9931,-78.7717,2020-11-17,2020-11-24,2020-11-17,2020-11-24,rBC_mgL,0.477792,14.22,7 days 00:00:00
1759,NY92,3.0,42.87958115183247,281.25,51.35014527990478,0.5416762450242849,8.042245389577644,8.583921547147437,42.9931,-78.7717,2020-11-24,2020-12-01,2020-11-24,2020-12-01,rBC_mgL,0.24079200000000003,30.48,7 days 00:00:00
1760,NY93,0.0,44.764397905759154,286.25,11.326024393055805,0.17933846464331388,2.304381865060782,2.48372033263144,44.434,-74.246,2020-10-27,2020-11-03,2020-10-27,2020-11-03,rBC_mgL,0.07681500000000001,28.45,7 days 00:00:00
1761,NY94,0.0,43.8219895287958,285.0,30.660763590016337,0.27928420610713667,3.905564630198293,4.1848487977193525,43.6833,-74.9833,2020-10-27,2020-11-04,2020-10-27,2020-11-04,rBC_mgL,0.19368400000000002,47.24,8 days 00:00:00
1762,NY94,1.0,43.8219895287958,285.0,28.662696938708265,0.30415567328539506,4.243171812301277,4.547327330455637,43.6833,-74.9833,2020-11-10,2020-11-17,2020-11-10,2020-11-17,rBC_mgL,0.34314000000000006,49.02,7 days 00:00:00
1763,NY94,2.0,43.8219895287958,285.0,29.97651393590317,0.4201153169061157,6.904687448064471,7.324802771209493,43.6833,-74.9833,2020-11-17,2020-11-25,2020-11-17,2020-11-25,rBC_mgL,0.14814899999999998,18.29,8 days 00:00:00
1764,NY96,0.0,40.994764397905755,287.5,74.35855040863609,0.6131464450910822,7.374212974286957,7.987359278865437,41.0347,-72.3891,2020-10-27,2020-11-02,2020-10-27,2020-11-02,rBC_mgL,0.20920599999999998,72.14,6 days 00:00:00
1765,NY96,1.0,40.994764397905755,287.5,21.038043702326092,0.21061214461206543,2.8479037372535574,3.0585158894770794,41.0347,-72.3891,2020-11-17,2020-11-24,2020-11-17,2020-11-24,rBC_mgL,0.156828,37.34,7 days 00:00:00
1766,NY99,0.0,40.994764397905755,286.25,71.11119747114365,0.6998610568517434,8.235863232022854,8.93572442016606,41.3511,-74.0484,2020-10-27,2020-11-03,2020-10-27,2020-11-03,rBC_mgL,0.302988,72.14,7 days 00:00:00
1767,NY99,1.0,40.994764397905755,286.25,82.97489123078039,0.2571746513521701,3.147416126834492,3.4045908334403157,41.3511,-74.0484,2020-11-10,2020-11-17,2020-11-10,2020-11-17,rBC_mgL,0.159444,37.08,7 days 00:00:00
1768,NY99,2.0,40.994764397905755,286.25,49.116277681702115,0.4264109009483289,4.4837393866972555,4.910150125470623,41.3511,-74.0484,2020-11-24,2020-12-01,2020-11-24,2020-12-01,rBC_mgL,0.305097,78.23,7 days 00:00:00
1769,OH09,0.0,39.10994764397907,275.0,53.853840401461156,0.5176483620656508,6.723461137836395,7.2411094682867105,39.5309,-84.7238,2020-10-27,2020-11-03,2020-10-27,2020-11-03,rBC_mgL,0.08038500000000001,53.59,7 days 00:00:00
1770,OH09,1.0,39.10994764397907,275.0,16.895900744789994,0.29393732074320106,5.947820518581889,6.241757912069634,39.5309,-84.7238,2020-11-10,2020-11-17,2020-11-10,2020-11-17,rBC_mgL,0.13525500000000001,19.05,7 days 00:00:00
1771,OH09,2.0,39.10994764397907,275.0,20.084109371845386,0.6084736850594479,10.964608231261096,11.573082103816994,39.5309,-84.7238,2020-11-17,2020-11-24,2020-11-17,2020-11-24,rBC_mgL,0.580113,14.99,7 days 00:00:00
1772,OH09,3.0,39.10994764397907,275.0,38.750778349245905,0.3502233148996482,6.051979762255674,6.4022031075997194,39.5309,-84.7238,2020-11-24,2020-12-01,2020-11-24,2020-12-01,rBC_mgL,0.29587199999999997,46.23,7 days 00:00:00
1773,OH17,0.0,40.0523560209424,277.5,53.7150549751371,0.5076792290026463,6.2706807906365984,6.778359934087562,40.3555,-83.0661,2020-10-27,2020-11-03,2020-10-27,2020-11-03,rBC_mgL,0.10038599999999999,38.61,7 days 00:00:00
1774,OH17,1.0,40.0523560209424,277.5,16.006213687097542,0.23822863306407518,4.616644589981429,4.854873327263583,40.3555,-83.0661,2020-11-10,2020-11-17,2020-11-10,2020-11-17,rBC_mgL,0.14851199999999998,21.84,7 days 00:00:00
1775,OH17,2.0,40.0523560209424,277.5,20.466272711076257,0.601656814773303,10.37633003616857,10.977986620372219,40.3555,-83.0661,2020-11-17,2020-11-24,2020-11-17,2020-11-24,rBC_mgL,0.611723,28.19,7 days 00:00:00
1776,OH17,3.0,40.0523560209424,277.5,48.091994047650694,0.5879152045810921,7.552812774811943,8.140728007129637,40.3555,-83.0661,2020-11-24,2020-12-01,2020-11-24,2020-12-01,rBC_mgL,0.23571199999999998,40.64,7 days 00:00:00
1777,OH49,0.0,40.0523560209424,278.75,51.4209504180411,0.5536957030079313,7.454667388853004,8.008362974327998,39.7928,-81.5311,2020-10-27,2020-11-03,2020-10-27,2020-11-03,rBC_mgL,0.13335,38.1,7 days 00:00:00
1778,OH49,1.0,40.0523560209424,278.75,19.29543564375774,0.22848795807494574,4.135162786568902,4.363650763012943,39.7928,-81.5311,2020-11-10,2020-11-17,2020-11-10,2020-11-17,rBC_mgL,0.17056100000000002,21.59,7 days 00:00:00
1779,OH49,2.0,40.0523560209424,278.75,17.25605584521871,0.6263540958302607,10.711828794976537,11.338183114488043,39.7928,-81.5311,2020-11-17,2020-11-24,2020-11-17,2020-11-24,rBC_mgL,0.352997,18.29,7 days 00:00:00
1780,OH49,3.0,40.0523560209424,278.75,43.49487295829773,0.42449257324549217,5.313310800321089,5.737803302797994,39.7928,-81.5311,2020-11-24,2020-12-01,2020-11-24,2020-12-01,rBC_mgL,0.275965,28.45,7 days 00:00:00
1781,OH54,0.0,40.0523560209424,276.25,52.16847395114689,0.44144939507473313,5.187469337802051,5.628918888081003,39.6359,-83.2606,2020-10-27,2020-11-03,2020-10-27,2020-11-03,rBC_mgL,0.09464499999999999,41.15,7 days 00:00:00
1782,OH54,1.0,40.0523560209424,276.25,14.623940852712732,0.27983350768426113,5.616954780593083,5.896788196797786,39.6359,-83.2606,2020-11-10,2020-11-17,2020-11-10,2020-11-17,rBC_mgL,0.13230799999999998,21.34,7 days 00:00:00
1783,OH54,2.0,40.0523560209424,276.25,24.97990586248916,0.5631716287841277,9.207891930078572,9.771063525006113,39.6359,-83.2606,2020-11-17,2020-11-24,2020-11-17,2020-11-24,rBC_mgL,0.269235,9.65,7 days 00:00:00
1784,OH71,0.0,40.994764397905755,277.5,41.70280317550411,0.1817373170899007,2.236592309794172,2.4183295498948763,40.7813,-81.9197,2020-10-27,2020-11-03,2020-10-27,2020-11-03,rBC_mgL,0.143313,46.23,7 days 00:00:00
1785,OH71,1.0,40.994764397905755,277.5,14.867488130159185,0.2751556233348499,5.3691825389044245,5.6443381061806015,40.7813,-81.9197,2020-11-10,2020-11-17,2020-11-10,2020-11-17,rBC_mgL,0.164226,16.26,7 days 00:00:00
1786,OH71,2.0,40.994764397905755,277.5,50.39867533219913,0.5088151370084859,8.723375395083485,9.232190471093402,40.7813,-81.9197,2020-11-24,2020-12-01,2020-11-24,2020-12-01,rBC_mgL,0.277355,42.67,7 days 00:00:00
1787,OK00,0.0,37.225130890052355,261.25,16.57108216935889,0.1144484643755013,2.0065950041500002,2.1210434521320565,36.7863,-98.18,2017-02-14,2017-02-21,2017-02-14,2017-02-21,DOC_mgL,10.69848,27.432,7 days 00:00:00
1788,OK00,1.0,37.225130890052355,261.25,20.804949539154904,0.7265535563320044,16.47522183561602,17.20177538887431,36.7863,-98.18,2017-04-25,2017-05-02,2017-04-25,2017-05-02,DOC_mgL,21.96592,47.752,7 days 00:00:00
1789,OK00,2.0,37.225130890052355,261.25,49.33325769735542,0.5734816356170458,15.014155731185586,15.587637193503756,36.7863,-98.18,2017-05-16,2017-05-23,2017-05-16,2017-05-23,DOC_mgL,57.912000000000006,76.2,7 days 00:00:00
1790,OK00,3.0,37.225130890052355,261.25,2.339608018571617,0.2929207678172875,11.462881821869274,11.755802526748626,36.7863,-98.18,2017-06-20,2017-06-27,2017-06-20,2017-06-27,DOC_mgL,4.61518,5.842,7 days 00:00:00
1791,OK00,4.0,37.225130890052355,261.25,0.007475454666806651,8.006722572730874e-05,0.004370336062017933,0.00445040326020157,36.7863,-98.18,2017-07-18,2017-07-25,2017-07-18,2017-07-25,DOC_mgL,13.70076,14.732,7 days 00:00:00
1792,OK00,5.0,37.225130890052355,261.25,33.16220636435663,0.9437808597134723,22.729562844381324,23.673343610419728,36.7863,-98.18,2017-08-08,2017-08-15,2017-08-08,2017-08-15,DOC_mgL,72.0471,118.11,7 days 00:00:00
1793,OK00,6.0,37.225130890052355,261.25,26.916887106384834,0.2533660984141428,3.9480081953646717,4.201374260992541,36.7863,-98.18,2017-10-03,2017-10-10,2017-10-03,2017-10-10,DOC_mgL,16.428720000000002,24.892,7 days 00:00:00
1794,OK00,7.0,37.225130890052355,261.25,7.77347376720583,0.009840069984292068,0.08435465747582811,0.09419472867601214,36.7863,-98.18,2018-02-13,2018-02-20,2018-02-13,2018-02-20,DOC_mgL,6.83514,29.718,7 days 00:00:00
1795,OK00,8.0,37.225130890052355,261.25,1.7952569131916758,0.06706879129263296,1.2546032091787027,1.3216720398442625,36.7863,-98.18,2018-05-22,2018-05-29,2018-05-22,2018-05-29,DOC_mgL,50.530759999999994,51.562,7 days 00:00:00
1796,OK00,9.0,37.225130890052355,261.25,0.680113485581216,0.0800197622668968,2.5798518903181864,2.6598715851828194,36.7863,-98.18,2018-06-06,2018-06-12,2018-06-06,2018-06-12,DOC_mgL,53.987700000000004,49.53,6 days 00:00:00
1797,OK00,10.0,37.225130890052355,261.25,0.7497347215057534,0.08179338739514389,2.9453107390498,3.027104131421432,36.7863,-98.18,2018-07-10,2018-07-17,2018-07-10,2018-07-17,DOC_mgL,15.3543,23.622,7 days 00:00:00
1798,OK00,11.0,37.225130890052355,261.25,0.06811223909481325,0.10174006270326186,4.844005988079333,4.945745966477852,36.7863,-98.18,2018-08-21,2018-08-28,2018-08-21,2018-08-28,DOC_mgL,24.08855,15.541,7 days 00:00:00
1799,OK00,12.0,37.225130890052355,261.25,2.4289840518174786,0.014747241832265221,0.43670553322302197,0.45145277319824584,36.7863,-98.18,2018-09-18,2018-09-25,2018-09-18,2018-09-25,DOC_mgL,5.34492,6.363,7 days 00:00:00
1800,OK00,13.0,37.225130890052355,261.25,19.822090371448567,0.3635943827904123,9.633021593748637,9.996615873496726,36.7863,-98.18,2018-10-02,2018-10-08,2018-10-02,2018-10-08,DOC_mgL,52.837199999999996,132.093,6 days 00:00:00
1801,OR10,0.0,43.8219895287958,237.5,134.2358176318448,0.43661339093093887,12.811130374697873,13.247743920851518,44.26664,-122.177,2004-10-05,2004-10-20,2004-10-05,2004-10-20,DOC_mgL,16.9037,30.734,15 days 00:00:00
1802,OR10,1.0,43.8219895287958,237.5,93.72546580763697,0.6771342244728251,18.181779082304672,18.858912868846556,44.26664,-122.177,2004-10-20,2004-10-27,2004-10-20,2004-10-27,DOC_mgL,26.456639999999997,62.992,7 days 00:00:00
1803,OR10,2.0,43.8219895287958,237.5,18.657654896259146,0.23234974071703954,7.115775955968129,7.348125631405356,44.26664,-122.177,2004-10-27,2004-11-01,2004-10-27,2004-11-01,DOC_mgL,22.49424,31.242,5 days 00:00:00
1804,OR10,3.0,43.8219895287958,237.5,34.87395557695638,0.11706750528505855,2.7911054887660343,2.9081729823417093,44.26664,-122.177,2004-11-01,2004-11-09,2004-11-01,2004-11-09,DOC_mgL,29.75864,29.464,8 days 00:00:00
1805,OR10,4.0,43.8219895287958,237.5,30.50487807314539,0.26321878909218105,6.707956453065825,6.971175042219426,44.26664,-122.177,2004-11-09,2004-11-16,2004-11-09,2004-11-16,DOC_mgL,9.144,36.576,7 days 00:00:00
1806,OR10,5.0,43.8219895287958,237.5,10.114308671857355,0.06748208562448772,1.7511092918951516,1.818591345904313,44.26664,-122.177,2004-11-16,2004-11-22,2004-11-16,2004-11-22,DOC_mgL,4.80568,5.588,6 days 00:00:00
1807,OR10,6.0,43.8219895287958,237.5,53.293000208043395,0.13008606948292145,2.0429361481308623,2.173022184800066,44.26664,-122.177,2004-11-22,2004-11-29,2004-11-22,2004-11-29,DOC_mgL,4.3307,7.874,7 days 00:00:00
1808,OR10,7.0,43.8219895287958,237.5,28.030398703673974,0.19565335219262958,2.9270239326305587,3.1226773245618817,44.26664,-122.177,2004-11-29,2004-12-06,2004-11-29,2004-12-06,DOC_mgL,4.7879,36.83,7 days 00:00:00
1809,OR10,8.0,43.8219895287958,237.5,256.809757459564,0.3444658417880997,3.8723483045122187,4.2168141603515785,44.26664,-122.177,2004-12-06,2004-12-14,2004-12-06,2004-12-14,DOC_mgL,7.2009,34.29,8 days 00:00:00
1810,OR10,9.0,43.8219895287958,237.5,8.128526624595622,0.05171043655713573,0.6206196475526062,0.6723300969836317,44.26664,-122.177,2004-12-14,2004-12-21,2004-12-14,2004-12-21,DOC_mgL,12.23772,203.962,7 days 00:00:00
1811,OR10,10.0,43.8219895287958,237.5,29.12555236543885,0.15611686582482526,1.466793345785757,1.6229102345170616,44.26664,-122.177,2004-12-21,2004-12-28,2004-12-21,2004-12-28,DOC_mgL,,1.27,7 days 00:00:00
1812,OR10,11.0,43.8219895287958,237.5,57.13870187875614,0.26041914988733283,2.4171572830455688,2.6775764212234288,44.26664,-122.177,2004-12-28,2005-01-04,2004-12-28,2005-01-04,DOC_mgL,16.184880000000003,14.986,7 days 00:00:00
1813,OR10,12.0,43.8219895287958,237.5,74.03560298238396,0.29227113971207197,3.5843738399252145,3.8766449690988414,44.26664,-122.177,2005-01-04,2005-01-11,2005-01-04,2005-01-11,DOC_mgL,16.459200000000003,20.574,7 days 00:00:00
1814,OR10,13.0,43.8219895287958,237.5,41.174796001541836,0.22185143434242,2.1264557017330485,2.3483070948730758,44.26664,-122.177,2005-01-11,2005-01-18,2005-01-11,2005-01-18,DOC_mgL,28.727400000000003,33.02,7 days 00:00:00
1815,OR10,14.0,43.8219895287958,237.5,2.6435043215035257,0.04147669562206787,0.37181337992846974,0.41329008705407644,44.26664,-122.177,2005-01-18,2005-01-25,2005-01-18,2005-01-25,DOC_mgL,49.23282,69.342,7 days 00:00:00
1816,OR10,15.0,43.8219895287958,237.5,31.311554142288145,0.23477247781038085,2.545313422530615,2.780085891769361,44.26664,-122.177,2005-01-25,2005-02-01,2005-01-25,2005-02-01,DOC_mgL,,0.0,7 days 00:00:00
1817,OR10,16.0,43.8219895287958,237.5,23.841655178583004,0.08009652915319761,1.0141583134633176,1.094254828566403,44.26664,-122.177,2005-02-01,2005-02-08,2005-02-01,2005-02-08,DOC_mgL,10.668,21.336,7 days 00:00:00
1818,OR10,17.0,43.8219895287958,237.5,10.374359549026725,0.22383797506145467,2.98530303954719,3.2091410894206276,44.26664,-122.177,2005-02-08,2005-02-15,2005-02-08,2005-02-15,DOC_mgL,11.874500000000001,21.59,7 days 00:00:00
1819,OR10,18.0,43.8219895287958,237.5,49.43867029313991,0.28568629988121186,4.301575144815768,4.587261502658321,44.26664,-122.177,2005-02-15,2005-02-23,2005-02-15,2005-02-23,DOC_mgL,11.62812,27.686,8 days 00:00:00
1820,OR10,19.0,43.8219895287958,237.5,1.218251287343154,0.008520726734081285,0.12738455261296072,0.13590528490899692,44.26664,-122.177,2005-02-23,2005-02-28,2005-02-23,2005-02-28,DOC_mgL,12.03452,26.162,5 days 00:00:00
1821,OR10,20.0,43.8219895287958,237.5,30.120697859103984,0.1861186895794469,2.3439320329636395,2.5300507436657167,44.26664,-122.177,2005-02-28,2005-03-08,2005-02-28,2005-03-08,DOC_mgL,3.3299399999999997,4.826,8 days 00:00:00
1822,OR10,21.0,43.8219895287958,237.5,0.15484745931577062,0.013234037820030357,0.40427250892039646,0.41750654644025953,44.26664,-122.177,2005-03-08,2005-03-15,2005-03-08,2005-03-15,DOC_mgL,,1.016,7 days 00:00:00
1823,OR10,22.0,43.8219895287958,237.5,56.78687762317725,0.14088577323392404,1.7869333148422621,1.9278190679505762,44.26664,-122.177,2005-03-15,2005-03-22,2005-03-15,2005-03-22,DOC_mgL,,0.0,7 days 00:00:00
1824,OR10,23.0,43.8219895287958,237.5,189.1853906172969,0.6818580590775558,9.109462009715408,9.79131997980165,44.26664,-122.177,2005-03-22,2005-03-29,2005-03-22,2005-03-29,DOC_mgL,20.36572,53.594,7 days 00:00:00
1825,OR10,24.0,43.8219895287958,237.5,93.37675996583528,0.6047572735558976,6.327632830205321,6.932390261837895,44.26664,-122.177,2005-03-29,2005-04-05,2005-03-29,2005-04-05,DOC_mgL,47.5615,190.246,7 days 00:00:00
1826,OR10,25.0,43.8219895287958,237.5,69.19294554279531,0.2912045003571062,3.8436869374824933,4.13489147296775,44.26664,-122.177,2005-04-05,2005-04-11,2005-04-05,2005-04-11,DOC_mgL,18.04924,53.086,6 days 00:00:00
1827,OR10,26.0,43.8219895287958,237.5,57.2876564618241,0.39300814477782886,4.648533245832365,5.041541334405153,44.26664,-122.177,2005-04-11,2005-04-20,2005-04-11,2005-04-20,DOC_mgL,17.09928,47.498,9 days 00:00:00
1828,OR10,27.0,43.8219895287958,237.5,20.100269075573607,1.3145778309658906,37.364260060956944,38.678837657735166,44.26664,-122.177,2005-04-20,2005-04-25,2005-04-20,2005-04-25,DOC_mgL,15.9766,43.18,5 days 00:00:00
1829,OR10,28.0,43.8219895287958,237.5,30.72303859958936,1.3889144678119747,31.017230234242632,32.406144617747046,44.26664,-122.177,2005-04-25,2005-05-03,2005-04-25,2005-05-03,DOC_mgL,23.15464,26.924,8 days 00:00:00
1830,OR10,29.0,43.8219895287958,237.5,112.12548640455178,0.9332848728213494,23.929008087508752,24.862293573901795,44.26664,-122.177,2005-05-03,2005-05-10,2005-05-03,2005-05-10,DOC_mgL,12.8016,8.89,7 days 00:00:00
1831,OR10,30.0,43.8219895287958,237.5,40.374640688334296,0.1793729645285097,3.5399164443478126,3.7192894358079043,44.26664,-122.177,2005-05-10,2005-05-16,2005-05-10,2005-05-16,DOC_mgL,41.7195,92.71,6 days 00:00:00
1832,OR10,31.0,43.8219895287958,237.5,74.69156432243781,0.36645448647611223,4.791457154282829,5.157911660573413,44.26664,-122.177,2005-05-16,2005-05-25,2005-05-16,2005-05-25,DOC_mgL,19.78914,40.386,9 days 00:00:00
1833,OR10,32.0,43.8219895287958,237.5,17.386596765592984,0.3086527898838092,15.095073429045625,15.403725652167882,44.26664,-122.177,2005-05-25,2005-05-31,2005-05-25,2005-05-31,DOC_mgL,21.158199999999997,60.452,6 days 00:00:00
1834,OR10,33.0,43.8219895287958,237.5,37.789870053681064,0.16209911070519734,2.872789648549791,3.0348887903008634,44.26664,-122.177,2005-05-31,2005-06-07,2005-05-31,2005-06-07,DOC_mgL,23.622,15.24,7 days 00:00:00
1835,OR10,34.0,43.8219895287958,237.5,15.30737257828818,0.10801471914166985,2.1160720051205395,2.224086751486526,44.26664,-122.177,2005-06-07,2005-06-15,2005-06-07,2005-06-15,DOC_mgL,21.793200000000002,66.04,8 days 00:00:00
1836,OR10,35.0,43.8219895287958,237.5,66.15356568460129,0.22886113951224932,5.199981041852792,5.42884214301681,44.26664,-122.177,2005-06-15,2005-06-21,2005-06-15,2005-06-21,DOC_mgL,12.2682,11.684,6 days 00:00:00
1837,OR10,36.0,43.8219895287958,237.5,8.753744705298214,0.07026438506030173,2.113584439067693,2.183848845567254,44.26664,-122.177,2005-06-21,2005-07-06,2005-06-21,2005-07-06,DOC_mgL,34.11728,37.084,15 days 00:00:00
1838,OR10,37.0,43.8219895287958,237.5,5.659366167785896,0.03207247751986486,1.004754009875132,1.0368265111705341,44.26664,-122.177,2005-07-06,2005-07-11,2005-07-06,2005-07-11,DOC_mgL,,12.7,5 days 00:00:00
1839,OR10,38.0,43.8219895287958,237.5,0.3604276069448034,0.001609995693891992,0.08857893325081578,0.09018892839583043,44.26664,-122.177,2005-07-11,2005-07-20,2005-07-11,2005-07-20,DOC_mgL,16.192500000000003,12.954,9 days 00:00:00
1840,OR10,39.0,43.8219895287958,237.5,2.178671452488445,1.664186138894408,29.785838195905967,31.450024184920267,44.26664,-122.177,2005-07-20,2005-07-27,2005-07-20,2005-07-27,DOC_mgL,,0.0,7 days 00:00:00
1841,OR10,40.0,43.8219895287958,237.5,1.1299318351344296,0.006282239962615566,0.13142206385652333,0.13770430733195393,44.26664,-122.177,2005-07-27,2005-08-02,2005-07-27,2005-08-02,DOC_mgL,,0.0,6 days 00:00:00
1842,OR10,41.0,43.8219895287958,237.5,1.4173923344293191,0.007579381488209687,0.17636533239316574,0.18394470919760572,44.26664,-122.177,2005-08-02,2005-08-09,2005-08-02,2005-08-09,DOC_mgL,,0.0,7 days 00:00:00
1843,OR10,42.0,43.8219895287958,237.5,0.000759601225521567,0.00031017120567979176,0.011485080513361867,0.01179525135320606,44.26664,-122.177,2005-08-09,2005-08-16,2005-08-09,2005-08-16,DOC_mgL,,0.0,7 days 00:00:00
1844,OR10,43.0,43.8219895287958,237.5,0.27599420322923157,0.000689242814021843,0.023116675537633642,0.02380591875443913,44.26664,-122.177,2005-08-16,2005-08-23,2005-08-16,2005-08-23,DOC_mgL,,0.0,7 days 00:00:00
1845,OR10,44.0,43.8219895287958,237.5,0.17352932010772343,0.00017813376395596503,0.0029034667810820414,0.0030816004352624145,44.26664,-122.177,2005-08-23,2005-08-29,2005-08-23,2005-08-29,DOC_mgL,,0.0,6 days 00:00:00
1846,OR10,45.0,43.8219895287958,237.5,3.312223867579809,0.016690660030193163,0.5334793929518794,0.5501700506506659,44.26664,-122.177,2005-08-29,2005-09-06,2005-08-29,2005-09-06,DOC_mgL,,2.032,8 days 00:00:00
1847,OR10,46.0,43.8219895287958,237.5,10.303976754075208,0.026788354793669727,0.8510127246125173,0.8778010685750042,44.26664,-122.177,2005-09-06,2005-09-12,2005-09-06,2005-09-12,DOC_mgL,,3.302,6 days 00:00:00
1848,OR10,47.0,43.8219895287958,237.5,6.631455865357394,0.0576970024842891,0.9818715941837348,1.0395685980402196,44.26664,-122.177,2005-09-12,2005-09-20,2005-09-12,2005-09-20,DOC_mgL,20.09648,23.368,8 days 00:00:00
1849,OR10,48.0,43.8219895287958,237.5,1.6083045243295941,0.015538112636309095,0.09122525840506472,0.1067633736758243,44.26664,-122.177,2005-09-20,2005-09-28,2005-09-20,2005-09-28,DOC_mgL,,1.524,8 days 00:00:00
1850,OR10,49.0,43.8219895287958,237.5,38.83572662095717,0.15344253160282845,2.375811032005346,2.5292536051764882,44.26664,-122.177,2005-09-28,2005-10-05,2005-09-28,2005-10-05,DOC_mgL,,0.0,7 days 00:00:00
1851,OR10,50.0,43.8219895287958,237.5,5.245164892020426,0.04081916920209324,0.7208433053160744,0.7616624890082437,44.26664,-122.177,2005-10-05,2005-10-11,2005-10-05,2005-10-11,DOC_mgL,25.76576,80.518,6 days 00:00:00
1852,OR10,51.0,43.8219895287958,237.5,22.630770975595738,0.13005966365152397,3.2791209911830235,3.4091805740845764,44.26664,-122.177,2005-10-11,2005-10-18,2005-10-11,2005-10-18,DOC_mgL,6.476999999999999,8.636,7 days 00:00:00
1853,OR10,52.0,43.8219895287958,237.5,8.12809131445375,0.06343965521771633,1.6029195726509116,1.666359293726763,44.26664,-122.177,2005-10-18,2005-10-25,2005-10-18,2005-10-25,DOC_mgL,14.477999999999998,25.4,7 days 00:00:00
1854,OR10,53.0,43.8219895287958,237.5,71.06593348913393,0.4481683547712112,13.193038599090823,13.641207063930239,44.26664,-122.177,2005-10-25,2005-11-01,2005-10-25,2005-11-01,DOC_mgL,17.43456,19.812,7 days 00:00:00
1855,OR10,54.0,43.8219895287958,237.5,194.17411999409495,0.40995063437659907,8.56222530376538,8.972175821048145,44.26664,-122.177,2005-11-01,2005-11-08,2005-11-01,2005-11-08,DOC_mgL,55.98159999999999,96.52,7 days 00:00:00
1856,OR10,55.0,43.8219895287958,237.5,47.91369557111126,0.13775522324406542,3.6248368369407036,3.762592019201927,44.26664,-122.177,2005-11-08,2005-11-15,2005-11-08,2005-11-15,DOC_mgL,64.1096,160.274,7 days 00:00:00
1857,OR10,56.0,43.8219895287958,237.5,2.632246494588438e-07,4.005069143980593e-08,3.533986615789127e-07,3.9344936586069765e-07,44.26664,-122.177,2005-11-15,2005-11-21,2005-11-15,2005-11-21,DOC_mgL,33.220659999999995,81.026,6 days 00:00:00
1858,OR10,57.0,43.8219895287958,237.5,60.641267751293526,0.1600277425221723,1.804511556586369,1.9645392882773616,44.26664,-122.177,2005-11-21,2005-11-28,2005-11-21,2005-11-28,DOC_mgL,,0.254,7 days 00:00:00
1859,OR10,58.0,43.8219895287958,237.5,191.65220576025098,0.17746458959252345,1.8711857853933778,2.048650390207814,44.26664,-122.177,2005-11-28,2005-12-07,2005-11-28,2005-12-07,DOC_mgL,18.293080000000003,70.358,9 days 00:00:00
1860,OR10,59.0,43.8219895287958,237.5,15.030449220206618,0.027907507765855426,0.2554146540081003,0.2833221582102552,44.26664,-122.177,2005-12-07,2005-12-14,2005-12-07,2005-12-14,DOC_mgL,53.888639999999995,138.176,7 days 00:00:00
1861,OR10,60.0,43.8219895287958,237.5,64.65671343684863,0.10421545880657922,0.8752518456096694,0.9794673254929065,44.26664,-122.177,2005-12-14,2005-12-21,2005-12-14,2005-12-21,DOC_mgL,,2.032,7 days 00:00:00
1862,OR10,61.0,43.8219895287958,237.5,65.9893953304902,0.2794591766981311,2.6377448506670342,2.917204003360929,44.26664,-122.177,2005-12-21,2005-12-27,2005-12-21,2005-12-27,DOC_mgL,17.09928,47.498,6 days 00:00:00
1863,OR10,62.0,43.8219895287958,237.5,246.4615266225323,0.3172506234279393,3.303369559143343,3.6206202036481727,44.26664,-122.177,2005-12-27,2006-01-04,2005-12-27,2006-01-04,DOC_mgL,43.053,143.51,8 days 00:00:00
1864,OR10,63.0,43.8219895287958,237.5,175.25698933056333,0.4852694113204443,4.638316626482297,5.123586009699935,44.26664,-122.177,2006-01-04,2006-01-11,2006-01-04,2006-01-11,DOC_mgL,78.87208,281.686,7 days 00:00:00
1865,OR10,64.0,43.8219895287958,237.5,224.36833869861061,0.37219306699143306,4.061680445102689,4.4338735308291355,44.26664,-122.177,2006-01-11,2006-01-18,2006-01-11,2006-01-18,DOC_mgL,90.25128,250.698,7 days 00:00:00
1866,OR10,65.0,43.8219895287958,237.5,61.52270827985973,0.1863046876801063,2.1176509116980884,2.30395555722445,44.26664,-122.177,2006-01-18,2006-01-24,2006-01-18,2006-01-24,DOC_mgL,748.2306600000001,162.306,6 days 00:00:00
1867,OR10,66.0,43.8219895287958,237.5,189.99175727874018,0.2633586122617604,2.9110767546525196,3.1744353645724033,44.26664,-122.177,2006-01-24,2006-02-01,2006-01-24,2006-02-01,DOC_mgL,69.8373,49.53,8 days 00:00:00
1868,OR10,67.0,43.8219895287958,237.5,85.33756345014052,0.1736287190255117,1.797599400356285,1.9712281352626482,44.26664,-122.177,2006-02-01,2006-02-08,2006-02-01,2006-02-08,DOC_mgL,125.13564,198.628,7 days 00:00:00
1869,OR10,68.0,43.8219895287958,237.5,6.8285991901180605,0.036063461449229534,0.3664174126584331,0.4024808757039273,44.26664,-122.177,2006-02-08,2006-02-15,2006-02-08,2006-02-15,DOC_mgL,30.733999999999998,69.85,7 days 00:00:00
1870,OR10,69.0,43.8219895287958,237.5,4.630238757666728,0.056604798462857084,0.7552692436021283,0.8118740531883994,44.26664,-122.177,2006-02-15,2006-02-22,2006-02-15,2006-02-22,DOC_mgL,5.9436,7.62,7 days 00:00:00
1871,OR10,70.0,43.8219895287958,237.5,27.285355178463533,0.263815764156225,3.023131001783641,3.2869468490764886,44.26664,-122.177,2006-02-22,2006-02-27,2006-02-22,2006-02-27,DOC_mgL,,1.27,5 days 00:00:00
1872,OR10,71.0,43.8219895287958,237.5,152.62023598516805,0.9992739955812235,11.757194336853294,12.756468194263793,44.26664,-122.177,2006-02-27,2006-03-08,2006-02-27,2006-03-08,DOC_mgL,13.28928,27.686,9 days 00:00:00
1873,OR10,72.0,43.8219895287958,237.5,74.96983157810611,0.3610835903715415,3.29719556657615,3.6582790796657605,44.26664,-122.177,2006-03-08,2006-03-14,2006-03-08,2006-03-14,DOC_mgL,16.66494,61.722,6 days 00:00:00
1874,OR10,73.0,43.8219895287958,237.5,61.916652883797774,0.18717931317462294,1.7306343245201279,1.917813646952482,44.26664,-122.177,2006-03-14,2006-03-20,2006-03-14,2006-03-20,DOC_mgL,14.38656,59.944,6 days 00:00:00
1875,OR10,74.0,43.8219895287958,237.5,78.76003700524325,0.4006183330386437,5.109111366786989,5.509729650646222,44.26664,-122.177,2006-03-20,2006-03-28,2006-03-20,2006-03-28,DOC_mgL,12.1793,34.798,8 days 00:00:00
1876,OR10,75.0,43.8219895287958,237.5,84.60811203168106,0.5028738847209779,5.627743271396923,6.130617113964121,44.26664,-122.177,2006-03-28,2006-04-05,2006-03-28,2006-04-05,DOC_mgL,14.488159999999999,46.736,8 days 00:00:00
1877,OR10,76.0,43.8219895287958,237.5,48.819988116122204,0.6872290502293876,8.81005243758004,9.497281623638276,44.26664,-122.177,2006-04-05,2006-04-11,2006-04-05,2006-04-11,DOC_mgL,16.35252,44.196,6 days 00:00:00
1878,OR10,77.0,43.8219895287958,237.5,82.99077541584765,0.3195014596640844,4.13656445347188,4.456065903768458,44.26664,-122.177,2006-04-11,2006-04-18,2006-04-11,2006-04-18,DOC_mgL,16.4846,27.94,7 days 00:00:00
1879,OR10,78.0,43.8219895287958,237.5,1.8436141105431068,0.015427072970083097,0.5657390378075505,0.5811661208799697,44.26664,-122.177,2006-04-18,2006-04-24,2006-04-18,2006-04-24,DOC_mgL,18.24228,67.564,6 days 00:00:00
1880,OR10,79.0,43.8219895287958,237.5,0.7975038580511308,0.003205378203283688,0.103792712460916,0.10699809361113682,44.26664,-122.177,2006-04-24,2006-05-01,2006-04-24,2006-05-01,DOC_mgL,,7.366,7 days 00:00:00
1881,OR10,80.0,43.8219895287958,237.5,13.10278027928805,0.028243335171950136,0.44681092008814294,0.4750542447124308,44.26664,-122.177,2006-05-01,2006-05-08,2006-05-01,2006-05-08,DOC_mgL,,0.254,7 days 00:00:00
1882,OR10,81.0,43.8219895287958,237.5,4.061517198307105,0.05197026997011332,0.4793589797542587,0.5313292520345168,44.26664,-122.177,2006-05-08,2006-05-15,2006-05-08,2006-05-15,DOC_mgL,8.8011,13.97,7 days 00:00:00
1883,OR10,82.0,43.8219895287958,237.5,14.347204523547068,0.30548831836824253,7.162462519640761,7.467950987390549,44.26664,-122.177,2006-05-15,2006-05-23,2006-05-15,2006-05-23,DOC_mgL,,0.254,8 days 00:00:00
1884,OR10,83.0,43.8219895287958,237.5,40.60083573342865,0.3396816741273216,5.716393100079027,6.056074735272434,44.26664,-122.177,2006-05-23,2006-05-31,2006-05-23,2006-05-31,DOC_mgL,24.87168,25.908,8 days 00:00:00
1885,OR10,84.0,43.8219895287958,237.5,25.025547765111096,0.2265654915687923,5.316881101809624,5.543446656725438,44.26664,-122.177,2006-05-31,2006-06-07,2006-05-31,2006-06-07,DOC_mgL,35.5473,78.994,7 days 00:00:00
1886,OR10,85.0,43.8219895287958,237.5,0.6214717588548527,0.00604405673154272,0.23306610703877073,0.23911016760330694,44.26664,-122.177,2006-06-07,2006-06-12,2006-06-07,2006-06-12,DOC_mgL,36.45408,52.832,5 days 00:00:00
1887,OR10,86.0,43.8219895287958,237.5,20.430985346912422,0.34215902264551795,15.131790165987045,15.473949360705612,44.26664,-122.177,2006-06-12,2006-06-20,2006-06-12,2006-06-20,DOC_mgL,10.286999999999999,6.858,8 days 00:00:00
1888,OR10,87.0,43.8219895287958,237.5,0.11065253044251068,5.67282736962814e-05,0.001987189248354878,0.0020439174894436997,44.26664,-122.177,2006-06-20,2006-06-28,2006-06-20,2006-06-28,DOC_mgL,26.024839999999998,27.686,8 days 00:00:00
1889,OR10,88.0,43.8219895287958,237.5,0.26130889452247175,0.006087787500670683,0.18482806535269347,0.1909158581225867,44.26664,-122.177,2006-06-28,2006-06-29,2006-06-28,2006-06-29,DOC_mgL,,0.762,1 days 00:00:00
1890,OR10,89.0,43.8219895287958,237.5,5.334959087625662,0.6049368627119439,25.43941839683317,26.044355122545326,44.26664,-122.177,2006-06-29,2006-07-05,2006-06-29,2006-07-05,DOC_mgL,38.2143,21.59,6 days 00:00:00
1891,OR10,90.0,43.8219895287958,237.5,1.2385682655855768,0.0020416363546060974,0.03305120449786751,0.03509284044996355,44.26664,-122.177,2006-07-05,2006-07-11,2006-07-05,2006-07-11,DOC_mgL,41.757600000000004,15.24,6 days 00:00:00
1892,OR10,91.0,43.8219895287958,237.5,0.8224559502445568,0.02455391918230348,0.6959414942768472,0.7204954168438943,44.26664,-122.177,2006-07-11,2006-07-17,2006-07-11,2006-07-17,DOC_mgL,,3.302,6 days 00:00:00
1893,OR10,92.0,43.8219895287958,237.5,0.2480339602003406,0.4517371696797072,23.115997471170363,23.567734791901742,44.26664,-122.177,2006-07-17,2006-07-25,2006-07-17,2006-07-25,DOC_mgL,,2.032,8 days 00:00:00
1894,OR10,93.0,43.8219895287958,237.5,0.17979783053009124,7.488337394099405e-05,0.0028135214167095456,0.002888404843975462,44.26664,-122.177,2006-07-25,2006-08-06,2006-07-25,2006-08-06,DOC_mgL,,0.254,12 days 00:00:00
1895,OR10,94.0,43.8219895287958,237.5,0.0011256554573831916,0.13676882126834045,7.88308158750084,8.019850183949018,44.26664,-122.177,2006-08-06,2006-08-08,2006-08-06,2006-08-08,DOC_mgL,,0.0,2 days 00:00:00
1896,OR10,95.0,43.8219895287958,237.5,0.8297184623358635,0.2930149768925919,16.569354012008365,16.862369399314844,44.26664,-122.177,2006-08-08,2006-08-15,2006-08-08,2006-08-15,DOC_mgL,37.65803999999999,10.668,7 days 00:00:00
1897,OR10,96.0,43.8219895287958,237.5,0.3876833062149358,0.0006221225732838992,0.01259798244613329,0.013220104964886797,44.26664,-122.177,2006-08-15,2006-08-23,2006-08-15,2006-08-23,DOC_mgL,,0.254,8 days 00:00:00
1898,OR10,97.0,43.8219895287958,237.5,0.3207840017999435,0.005434091021780096,0.05377291239084836,0.05920700165640854,44.26664,-122.177,2006-08-23,2006-08-28,2006-08-23,2006-08-28,DOC_mgL,,0.254,5 days 00:00:00
1899,OR10,98.0,43.8219895287958,237.5,8.098142529422365,0.282820712338906,17.279047191229303,17.56186764021699,44.26664,-122.177,2006-08-28,2006-09-06,2006-08-28,2006-09-06,DOC_mgL,,0.0,9 days 00:00:00
1900,OR10,99.0,43.8219895287958,237.5,0.5132244044239445,0.008841582001429928,0.11679992605479758,0.12564151102015853,44.26664,-122.177,2006-09-06,2006-09-12,2006-09-06,2006-09-12,DOC_mgL,,1.016,6 days 00:00:00
1901,OR10,100.0,43.8219895287958,237.5,7.391054285685315,0.05039885105047839,1.4354648596255442,1.4858637066508862,44.26664,-122.177,2006-09-12,2006-09-19,2006-09-12,2006-09-19,DOC_mgL,,0.0,7 days 00:00:00
1902,OR10,101.0,43.8219895287958,237.5,13.671327334311407,0.03941396923190423,1.3766407716900297,1.4160547156735759,44.26664,-122.177,2006-09-19,2006-09-26,2006-09-19,2006-09-26,DOC_mgL,19.17192,37.592,7 days 00:00:00
1903,OR10,102.0,43.8219895287958,237.5,0.005588877087826004,1.6649759789576114e-07,3.271472310237141e-06,3.4379699840680823e-06,44.26664,-122.177,2006-09-26,2006-10-03,2006-09-26,2006-10-03,DOC_mgL,13.47216,25.908,7 days 00:00:00
1904,OR10,103.0,43.8219895287958,237.5,2.873390795898878,0.0538510912065356,0.5300583429081346,0.5839094292416684,44.26664,-122.177,2006-10-03,2006-10-10,2006-10-03,2006-10-10,DOC_mgL,,0.0,7 days 00:00:00
1905,OR10,104.0,43.8219895287958,237.5,46.25284478452119,0.1144741944513731,1.6597101805424845,1.7741843656194805,44.26664,-122.177,2006-10-10,2006-10-17,2006-10-10,2006-10-17,DOC_mgL,,0.762,7 days 00:00:00
1906,OR10,105.0,43.8219895287958,237.5,5.266908862447753,0.04286786481002616,0.9205237318048902,0.9633915897351444,44.26664,-122.177,2006-10-17,2006-10-24,2006-10-17,2006-10-24,DOC_mgL,13.08608,46.736,7 days 00:00:00
1907,OR10,106.0,43.8219895287958,237.5,2.0655165194119585,0.01941178999014434,0.39247821639401104,0.41189001092253086,44.26664,-122.177,2006-10-24,2006-11-01,2006-10-24,2006-11-01,DOC_mgL,10.11936,21.082,8 days 00:00:00
1908,OR10,107.0,43.8219895287958,237.5,137.51233866798884,0.23760616228458292,3.9200023664587302,4.157608576166316,44.26664,-122.177,2006-11-01,2006-11-06,2006-11-01,2006-11-06,DOC_mgL,,7.874,5 days 00:00:00
1909,OR10,108.0,43.8219895287958,237.5,186.82402343870308,0.4915426956089708,10.161286549681403,10.65282915629906,44.26664,-122.177,2006-11-06,2006-11-14,2006-11-06,2006-11-14,DOC_mgL,68.1228,151.384,8 days 00:00:00
1910,OR10,109.0,43.8219895287958,237.5,103.90877047634639,0.12874790486657428,2.1292616279519616,2.2580094829072888,44.26664,-122.177,2006-11-14,2006-11-21,2006-11-14,2006-11-21,DOC_mgL,90.41129999999998,258.318,7 days 00:00:00
1911,OR10,110.0,43.8219895287958,237.5,140.44492212406112,0.24133358748901212,4.004540236912657,4.245873815034162,44.26664,-122.177,2006-11-21,2006-11-27,2006-11-21,2006-11-27,DOC_mgL,23.246080000000003,89.408,6 days 00:00:00
1912,OR10,111.0,43.8219895287958,237.5,69.93757985009523,0.18017338853572468,2.2540824215844046,2.4342558341246154,44.26664,-122.177,2006-11-27,2006-12-07,2006-11-27,2006-12-07,DOC_mgL,31.17596,164.084,10 days 00:00:00
1913,OR10,112.0,43.8219895287958,237.5,40.42681298761508,0.23950710282237553,2.121773172783503,2.361280293169954,44.26664,-122.177,2006-12-07,2006-12-12,2006-12-07,2006-12-12,DOC_mgL,6.471920000000001,23.114,5 days 00:00:00
1914,OR10,113.0,43.8219895287958,237.5,167.04885106628709,0.37315166713534015,2.76439780381518,3.1375495178202413,44.26664,-122.177,2006-12-12,2006-12-19,2006-12-12,2006-12-19,DOC_mgL,14.594840000000001,56.134,7 days 00:00:00
1915,OR10,114.0,43.8219895287958,237.5,124.3986959004073,0.2304784401809855,2.4031767571799163,2.633655149352501,44.26664,-122.177,2006-12-19,2006-12-26,2006-12-19,2006-12-26,DOC_mgL,34.83864,193.548,7 days 00:00:00
1916,OR10,115.0,43.8219895287958,237.5,85.31006463532442,0.127734404690876,0.9268314967263347,1.0545659072536064,44.26664,-122.177,2006-12-26,2007-01-01,2006-12-26,2007-01-01,DOC_mgL,40.538399999999996,168.91,6 days 00:00:00
1917,OR10,116.0,43.8219895287958,237.5,176.90860530295004,0.2497121791571362,2.853588466304041,3.1033006773692473,44.26664,-122.177,2007-01-01,2007-01-09,2007-01-01,2007-01-09,DOC_mgL,6.13156,18.034,8 days 00:00:00
1918,OR10,117.0,43.8219895287958,237.5,35.41542276141218,0.13898487018405534,1.3579780833540334,1.4969629511963547,44.26664,-122.177,2007-01-09,2007-01-17,2007-01-09,2007-01-17,DOC_mgL,36.53282,192.278,8 days 00:00:00
1919,OR10,118.0,43.8219895287958,237.5,4.098064624447062,0.031051354029535978,0.4091354980148695,0.44018683283369825,44.26664,-122.177,2007-01-17,2007-01-23,2007-01-17,2007-01-23,DOC_mgL,16.154400000000003,40.386,6 days 00:00:00
1920,OR10,119.0,43.8219895287958,237.5,1.0579724757720162e-06,2.9752726986562197e-06,2.860411010811498e-05,3.157938218588943e-05,44.26664,-122.177,2007-01-23,2007-01-30,2007-01-23,2007-01-30,DOC_mgL,,8.128,7 days 00:00:00
1921,OR10,120.0,43.8219895287958,237.5,4.073010658057987,0.01655982786584149,0.16539504292620372,0.18195487201762114,44.26664,-122.177,2007-01-30,2007-02-07,2007-01-30,2007-02-07,DOC_mgL,,0.0,8 days 00:00:00
1922,OR10,121.0,43.8219895287958,237.5,88.43554666491116,0.3851223527584491,7.553185089881342,7.938307573784886,44.26664,-122.177,2007-02-07,2007-02-12,2007-02-07,2007-02-12,DOC_mgL,,0.0,5 days 00:00:00
1923,OR10,122.0,43.8219895287958,237.5,132.8663187587141,0.30985883884949444,3.1059349634253355,3.4157938245226407,44.26664,-122.177,2007-02-12,2007-02-20,2007-02-12,2007-02-20,DOC_mgL,14.3256,47.752,8 days 00:00:00
1924,OR10,123.0,43.8219895287958,237.5,177.54470963495805,0.39388056644398817,3.4287660773124617,3.8226465992607928,44.26664,-122.177,2007-02-20,2007-02-28,2007-02-20,2007-02-28,DOC_mgL,26.974800000000002,149.86,8 days 00:00:00
1925,OR10,124.0,43.8219895287958,237.5,100.98259838411394,0.19639050196523056,1.5528517740172225,1.7492422841798791,44.26664,-122.177,2007-02-28,2007-03-07,2007-02-28,2007-03-07,DOC_mgL,22.5552,93.98,7 days 00:00:00
1926,OR10,125.0,43.8219895287958,237.5,60.91406582182657,0.31662819897404265,2.760688783435758,3.0773169800953677,44.26664,-122.177,2007-03-07,2007-03-14,2007-03-07,2007-03-14,DOC_mgL,17.0688,56.896,7 days 00:00:00
1927,OR10,126.0,43.8219895287958,237.5,30.705135084743503,0.13623717613833533,1.7449122390953558,1.8811493543134477,44.26664,-122.177,2007-03-14,2007-03-21,2007-03-14,2007-03-21,DOC_mgL,21.336000000000002,35.56,7 days 00:00:00
1928,OR10,127.0,43.8219895287958,237.5,24.758118921397454,0.3757336909378066,4.487476540360191,4.863210276671859,44.26664,-122.177,2007-03-21,2007-03-27,2007-03-21,2007-03-27,DOC_mgL,18.22704,35.052,6 days 00:00:00
1929,OR10,128.0,43.8219895287958,237.5,20.202538488336973,0.1869434920479453,2.0106786230801097,2.197622114176811,44.26664,-122.177,2007-03-27,2007-04-04,2007-03-27,2007-04-04,DOC_mgL,11.704320000000001,36.576,8 days 00:00:00
1930,OR10,129.0,43.8219895287958,237.5,29.440339302780643,0.4167894369042918,6.073537218686909,6.490326547864891,44.26664,-122.177,2007-04-04,2007-04-10,2007-04-04,2007-04-10,DOC_mgL,11.094719999999999,10.668,6 days 00:00:00
1931,OR10,130.0,43.8219895287958,237.5,70.24497679838093,0.30035815075336525,4.3915827224738635,4.691940848344789,44.26664,-122.177,2007-04-10,2007-04-18,2007-04-10,2007-04-18,DOC_mgL,31.620459999999998,53.594,8 days 00:00:00
1932,OR10,131.0,43.8219895287958,237.5,43.96240684849673,0.12609061119436132,1.9235947522344699,2.0496853651852387,44.26664,-122.177,2007-04-18,2007-04-23,2007-04-18,2007-04-23,DOC_mgL,20.17268,53.086,5 days 00:00:00
1933,OR10,132.0,43.8219895287958,237.5,2.3958862672188164,0.11883243394445703,1.2445773436385341,1.363409791078513,44.26664,-122.177,2007-04-23,2007-05-01,2007-04-23,2007-05-01,DOC_mgL,10.48512,32.766,8 days 00:00:00
1934,OR10,133.0,43.8219895287958,237.5,36.41918267580646,0.34381998088427873,7.579433651799111,7.923253653174811,44.26664,-122.177,2007-05-01,2007-05-08,2007-05-01,2007-05-08,DOC_mgL,,0.254,7 days 00:00:00
1935,OR10,134.0,43.8219895287958,237.5,1.0200500034012332,0.0721382776701601,0.7229945163893257,0.795132823607392,44.26664,-122.177,2007-05-08,2007-05-16,2007-05-08,2007-05-16,DOC_mgL,19.01952,36.576,8 days 00:00:00
1936,OR10,135.0,43.8219895287958,237.5,6.4478278842070225,0.0790524939256906,1.0877013986917705,1.1667538911880215,44.26664,-122.177,2007-05-16,2007-05-24,2007-05-16,2007-05-24,DOC_mgL,,1.524,8 days 00:00:00
1937,OR10,136.0,43.8219895287958,237.5,1.601574260368145,0.04592073674870031,0.44232097555929856,0.4882417145927006,44.26664,-122.177,2007-05-24,2007-05-31,2007-05-24,2007-05-31,DOC_mgL,15.4432,24.13,7 days 00:00:00
1938,OR10,137.0,43.8219895287958,237.5,0.09307009328647517,0.004149474316072666,0.19320475757586075,0.19735422237777347,44.26664,-122.177,2007-05-31,2007-06-04,2007-05-31,2007-06-04,DOC_mgL,,0.508,4 days 00:00:00
1939,OR10,138.0,43.8219895287958,237.5,42.34900826356469,0.15773398096789534,3.6267188645377866,3.7844528901890864,44.26664,-122.177,2007-06-04,2007-06-12,2007-06-04,2007-06-12,DOC_mgL,,0.0,8 days 00:00:00
1940,OR10,139.0,43.8219895287958,237.5,0.8621701544868663,0.003656954634155869,0.09790016497331677,0.10155712145571708,44.26664,-122.177,2007-06-12,2007-06-19,2007-06-12,2007-06-19,DOC_mgL,22.0218,64.77,7 days 00:00:00
1941,OR10,140.0,43.8219895287958,237.5,0.6286007416897779,0.006773337366233642,0.14123705652984386,0.14801039107372765,44.26664,-122.177,2007-06-19,2007-06-27,2007-06-19,2007-06-27,DOC_mgL,,1.016,8 days 00:00:00
1942,OR10,141.0,43.8219895287958,237.5,4.593137148622972,0.045157935697699755,1.2256779181928166,1.2708358532867512,44.26664,-122.177,2007-06-27,2007-07-03,2007-06-27,2007-07-03,DOC_mgL,,0.508,6 days 00:00:00
1943,OR10,142.0,43.8219895287958,237.5,6.699932923094426e-07,2.833229583901884e-09,1.051226422978634e-07,1.0795587320783921e-07,44.26664,-122.177,2007-07-03,2007-07-11,2007-07-03,2007-07-11,DOC_mgL,17.18056,19.304,8 days 00:00:00
1944,OR10,143.0,43.8219895287958,237.5,13.971190645484974,3.6728432147862584,65.35463189060542,69.02747486183601,44.26664,-122.177,2007-07-11,2007-07-18,2007-07-11,2007-07-18,DOC_mgL,,0.508,7 days 00:00:00
1945,OR10,144.0,43.8219895287958,237.5,15.62143762956162,0.12260718786979041,4.647654587748573,4.770261867546171,44.26664,-122.177,2007-07-18,2007-07-23,2007-07-18,2007-07-23,DOC_mgL,11.176000000000002,10.16,5 days 00:00:00
1946,OR10,145.0,43.8219895287958,237.5,0.6011376565383972,0.001252915456321081,0.06585263013603009,0.06710554660777426,44.26664,-122.177,2007-07-23,2007-07-31,2007-07-23,2007-07-31,DOC_mgL,21.59,12.7,8 days 00:00:00
1947,OR10,146.0,43.8219895287958,237.5,0.41783786042785814,0.09938890414332882,7.055085973534016,7.154475027600906,44.26664,-122.177,2007-07-31,2007-08-06,2007-07-31,2007-08-06,DOC_mgL,,1.27,6 days 00:00:00
1948,OR10,147.0,43.8219895287958,237.5,0.7640488518051423,0.0009513258246043692,0.044290852943226246,0.045242178564288596,44.26664,-122.177,2007-08-06,2007-08-14,2007-08-06,2007-08-14,DOC_mgL,,0.0,8 days 00:00:00
1949,OR10,148.0,43.8219895287958,237.5,22.36970788924708,0.04541155797956726,1.816569206386856,1.861980697751009,44.26664,-122.177,2007-08-14,2007-08-21,2007-08-14,2007-08-21,DOC_mgL,,0.0,7 days 00:00:00
1950,OR10,149.0,43.8219895287958,237.5,0.5147977573472972,0.004501924370401908,0.12414793255921541,0.12864985561231168,44.26664,-122.177,2007-08-21,2007-08-27,2007-08-21,2007-08-27,DOC_mgL,14.605,29.21,6 days 00:00:00
1951,OR10,150.0,43.8219895287958,237.5,7.039898186812535,0.0709434191080438,3.4060710252248327,3.4770143764184525,44.26664,-122.177,2007-08-27,2007-09-04,2007-08-27,2007-09-04,DOC_mgL,,0.508,8 days 00:00:00
1952,OR10,151.0,43.8219895287958,237.5,7.573720946054904,0.03888798906915951,1.230885424835515,1.2697734488864576,44.26664,-122.177,2007-09-04,2007-09-11,2007-09-04,2007-09-11,DOC_mgL,,8.128,7 days 00:00:00
1953,OR10,152.0,43.8219895287958,237.5,5.160035077677689,0.19050710264683063,4.714129336110679,4.904636541434165,44.26664,-122.177,2007-09-11,2007-09-18,2007-09-11,2007-09-18,DOC_mgL,,0.508,7 days 00:00:00
1954,OR10,153.0,43.8219895287958,237.5,2.0708122490525893,0.1112174691769224,2.0487956844545394,2.160013118649676,44.26664,-122.177,2007-09-18,2007-09-25,2007-09-18,2007-09-25,DOC_mgL,,6.096,7 days 00:00:00
1955,OR10,154.0,43.8219895287958,237.5,81.82249309751083,0.17750138371273058,2.8905731869752422,3.0680746493604016,44.26664,-122.177,2007-09-25,2007-10-03,2007-09-25,2007-10-03,DOC_mgL,,0.762,8 days 00:00:00
1956,OR10,155.0,43.8219895287958,237.5,29.91323758294584,0.21649234416883795,4.585959930553107,4.80245228584586,44.26664,-122.177,2007-10-03,2007-10-09,2007-10-03,2007-10-09,DOC_mgL,29.387800000000002,113.03,6 days 00:00:00
1957,OR10,156.0,43.8219895287958,237.5,57.42140205594824,0.3040121953872382,5.231871043227523,5.53588334809751,44.26664,-122.177,2007-10-09,2007-10-16,2007-10-09,2007-10-16,DOC_mgL,9.41324,27.686,7 days 00:00:00
1958,OR10,157.0,43.8219895287958,237.5,110.72902881164026,0.4721711598644577,9.795917231287394,10.268088221923817,44.26664,-122.177,2007-10-16,2007-10-23,2007-10-16,2007-10-23,DOC_mgL,33.014920000000004,34.036,7 days 00:00:00
1959,OR10,158.0,43.8219895287958,237.5,0.9413191131051037,0.04771767169020461,0.5014462977660783,0.5491639741583322,44.26664,-122.177,2007-10-23,2007-10-31,2007-10-23,2007-10-31,DOC_mgL,46.82236,180.086,8 days 00:00:00
1960,OR10,159.0,43.8219895287958,237.5,2.104246269929819,0.006542209270676903,0.06158397307882783,0.06812618344732867,44.26664,-122.177,2007-10-31,2007-11-07,2007-10-31,2007-11-07,DOC_mgL,12.374879999999997,10.668,7 days 00:00:00
1961,OR10,160.0,43.8219895287958,237.5,47.80284964764181,0.24802407521983744,5.515314589926067,5.763338750766769,44.26664,-122.177,2007-11-07,2007-11-13,2007-11-07,2007-11-13,DOC_mgL,,0.0,6 days 00:00:00
1962,OR10,161.0,43.8219895287958,237.5,220.26364051725977,0.257267112886532,4.092645310149745,4.349912389664534,44.26664,-122.177,2007-11-13,2007-11-20,2007-11-13,2007-11-20,DOC_mgL,23.522940000000002,87.122,7 days 00:00:00
1963,OR10,162.0,43.8219895287958,237.5,8.943130015737212,0.024624095936673276,0.23548838130615224,0.2601124784172658,44.26664,-122.177,2007-11-20,2007-11-27,2007-11-20,2007-11-27,DOC_mgL,40.84828,185.674,7 days 00:00:00
1964,OR10,163.0,43.8219895287958,237.5,142.9042715074047,0.2862507233200931,5.103329558941994,5.389580332026966,44.26664,-122.177,2007-11-27,2007-12-04,2007-11-27,2007-12-04,DOC_mgL,7.112000000000001,17.78,7 days 00:00:00
1965,OR10,164.0,43.8219895287958,237.5,56.31331728978006,0.13370503355908836,1.818906559744593,1.9526115777978963,44.26664,-122.177,2007-12-04,2007-12-11,2007-12-04,2007-12-11,DOC_mgL,29.8704,142.24,7 days 00:00:00
1966,OR10,165.0,43.8219895287958,237.5,46.8145743314885,0.266791191092311,2.8534628129101014,3.120254009857104,44.26664,-122.177,2007-12-11,2007-12-18,2007-12-11,2007-12-18,DOC_mgL,10.45464,24.892,7 days 00:00:00
1967,OR10,166.0,43.8219895287958,237.5,184.0083361265954,0.38594269577071905,3.3292251049726884,3.715167835871558,44.26664,-122.177,2007-12-18,2007-12-27,2007-12-18,2007-12-27,DOC_mgL,10.2235,40.894,9 days 00:00:00
1968,OR10,167.0,43.8219895287958,237.5,99.52227983403006,0.23383442423574424,2.147926750524498,2.3817611429985397,44.26664,-122.177,2007-12-27,2008-01-03,2007-12-27,2008-01-03,DOC_mgL,35.153600000000004,219.71,7 days 00:00:00
1969,OR10,168.0,43.8219895287958,237.5,196.65065597358478,0.3660760054466361,3.000091337856947,3.36616733861983,44.26664,-122.177,2008-01-03,2008-01-09,2008-01-03,2008-01-09,DOC_mgL,14.808200000000001,67.31,6 days 00:00:00
1970,OR10,169.0,43.8219895287958,237.5,87.906516179255,0.23519755833814107,2.562501391935494,2.7976989876705476,44.26664,-122.177,2008-01-09,2008-01-23,2008-01-09,2008-01-23,DOC_mgL,33.80994,125.222,14 days 00:00:00
1971,OR10,170.0,43.8219895287958,237.5,446.764979835723,1.263233547118321,16.226270930744437,17.489504482983325,44.26664,-122.177,2008-01-23,2008-02-27,2008-01-23,2008-02-27,DOC_mgL,28.3337,123.19,35 days 00:00:00
1972,OR10,171.0,43.8219895287958,237.5,30.85187988606658,0.18249202761737218,2.0847970545224968,2.2672890861649697,44.26664,-122.177,2008-02-27,2008-03-05,2008-02-27,2008-03-05,DOC_mgL,81.75243999999999,371.602,7 days 00:00:00
1973,OR10,172.0,43.8219895287958,237.5,16.064431725314122,0.08270947639986333,0.8611436234202906,0.9438530778648455,44.26664,-122.177,2008-03-05,2008-03-10,2008-03-05,2008-03-10,DOC_mgL,9.75614,42.418,5 days 00:00:00
1974,OR10,173.0,43.8219895287958,237.5,154.31827453004087,0.4377215770615116,4.63407186357321,5.071793403164837,44.26664,-122.177,2008-03-10,2008-03-26,2008-03-10,2008-03-26,DOC_mgL,7.55904,23.622,16 days 00:00:00
1975,OR10,174.0,43.8219895287958,237.5,67.19355370895178,0.15752550904316043,1.7968128547540818,1.954338366139119,44.26664,-122.177,2008-03-26,2008-04-02,2008-03-26,2008-04-02,DOC_mgL,47.498000000000005,215.9,7 days 00:00:00
1976,OR10,175.0,43.8219895287958,237.5,50.13042417694568,0.30718580252745203,4.350798871197932,4.6579846532339095,44.26664,-122.177,2008-04-02,2008-04-15,2008-04-02,2008-04-15,DOC_mgL,8.41248,35.052,13 days 00:00:00
1977,OR10,176.0,43.8219895287958,237.5,32.325065528463966,0.3164946610334037,5.154501535028249,5.4709961960616535,44.26664,-122.177,2008-04-15,2008-04-22,2008-04-15,2008-04-22,DOC_mgL,25.9842,78.74,7 days 00:00:00
1978,OR10,177.0,43.8219895287958,237.5,95.44389506253026,1.0012890674796284,13.545220156445382,14.54650906760474,44.26664,-122.177,2008-04-22,2008-05-08,2008-04-22,2008-05-08,DOC_mgL,15.33906,46.482,16 days 00:00:00
1979,OR10,178.0,43.8219895287958,237.5,47.237910878884875,0.4890967487639345,12.857805493587962,13.346902229286652,44.26664,-122.177,2008-05-08,2008-05-27,2008-05-08,2008-05-27,DOC_mgL,25.81656,58.674,19 days 00:00:00
1980,OR10,179.0,43.8219895287958,237.5,136.86457572163167,0.585915255898768,14.443216302313298,15.029131885160007,44.26664,-122.177,2008-05-27,2008-06-17,2008-05-27,2008-06-17,DOC_mgL,54.864,76.2,21 days 00:00:00
1981,OR10,180.0,43.8219895287958,237.5,13.444985388970702,0.7603576426529025,35.58401989183268,36.34437723586622,44.26664,-122.177,2008-06-17,2008-07-09,2008-06-17,2008-07-09,DOC_mgL,83.70824,108.712,22 days 00:00:00
1982,OR10,181.0,43.8219895287958,237.5,1.1818647896493815,0.0016009481300159167,0.06678400503510977,0.06838495387637925,44.26664,-122.177,2008-07-09,2008-07-29,2008-07-09,2008-07-29,DOC_mgL,,1.778,20 days 00:00:00
1983,OR10,182.0,43.8219895287958,237.5,4.221064388143075,0.8484036030307273,60.881941449204845,61.73034438574679,44.26664,-122.177,2008-07-29,2008-08-20,2008-07-29,2008-08-20,DOC_mgL,,0.0,22 days 00:00:00
1984,OR10,183.0,43.8219895287958,237.5,27.155908515542396,0.08222979943557024,3.461146100193071,3.5433758788080576,44.26664,-122.177,2008-08-20,2008-09-09,2008-08-20,2008-09-09,DOC_mgL,62.54496,41.148,20 days 00:00:00
1985,OR10,184.0,43.8219895287958,237.5,14.188238672111533,0.49459064726528645,21.865380299555294,22.35997090773937,44.26664,-122.177,2008-09-09,2008-09-30,2008-09-09,2008-09-30,DOC_mgL,40.599360000000004,36.576,21 days 00:00:00
1986,OR10,185.0,43.8219895287958,237.5,108.81875790458608,1.88462360947137,63.29957275295187,65.18419722867647,44.26664,-122.177,2008-09-30,2008-10-22,2008-09-30,2008-10-22,DOC_mgL,18.22704,17.526,22 days 00:00:00
1987,OR10,186.0,43.8219895287958,237.5,226.64844545698696,0.8614217729426283,18.548922477177843,19.41034398468347,44.26664,-122.177,2008-10-22,2008-11-11,2008-10-22,2008-11-11,DOC_mgL,69.723,114.3,20 days 00:00:00
1988,OR10,187.0,43.8219895287958,237.5,127.53963725260918,0.3844923970239499,5.53855216512493,5.923044670220096,44.26664,-122.177,2008-11-11,2008-12-01,2008-11-11,2008-12-01,DOC_mgL,113.21795999999998,198.628,20 days 00:00:00
1989,OR10,188.0,43.8219895287958,237.5,220.03794979387266,0.5698334765001138,7.340113154484539,7.909946725966877,44.26664,-122.177,2008-12-01,2008-12-23,2008-12-01,2008-12-23,DOC_mgL,40.78224,113.284,22 days 00:00:00
1990,OR10,189.0,43.8219895287958,237.5,475.0768904857399,0.818861201925653,7.372791665117978,8.191652853028955,44.26664,-122.177,2008-12-23,2009-01-14,2008-12-23,2009-01-14,DOC_mgL,,217.424,22 days 00:00:00
1991,OR10,190.0,43.8219895287958,237.5,16.308797581683613,0.19664170845024942,2.123231271995523,2.319873001880378,44.26664,-122.177,2009-01-14,2009-02-04,2009-01-14,2009-02-04,DOC_mgL,123.61672000000002,537.464,21 days 00:00:00
1992,OR10,191.0,43.8219895287958,237.5,198.32226816509836,0.8714834029650153,12.1925763646676,13.064059802468567,44.26664,-122.177,2009-02-04,2009-02-25,2009-02-04,2009-02-25,DOC_mgL,28.285439999999998,29.464,21 days 00:00:00
1993,OR10,192.0,43.8219895287958,237.5,258.03369482714896,0.908060138913005,9.463176317306047,10.371236429049628,44.26664,-122.177,2009-02-25,2009-03-18,2009-02-25,2009-03-18,DOC_mgL,41.605199999999996,138.684,21 days 00:00:00
1994,OR10,193.0,43.8219895287958,237.5,160.08877151881717,0.492225821024144,4.510394670378939,5.002620489651253,44.26664,-122.177,2009-03-18,2009-04-06,2009-03-18,2009-04-06,DOC_mgL,46.51248,221.488,19 days 00:00:00
1995,OR10,194.0,43.8219895287958,237.5,73.51117992437837,1.184588640161354,22.562223483669577,23.74681228549375,44.26664,-122.177,2009-04-06,2009-04-29,2009-04-06,2009-04-29,DOC_mgL,48.818799999999996,157.48,23 days 00:00:00
1996,OR10,195.0,43.8219895287958,237.5,128.27801453041096,0.7221802479127051,10.906930404866069,11.629110685631478,44.26664,-122.177,2009-04-29,2009-05-20,2009-04-29,2009-05-20,DOC_mgL,53.71338000000001,101.346,21 days 00:00:00
1997,OR10,196.0,43.8219895287958,237.5,42.92621616829831,0.7664141281163375,29.709052111748345,30.47546621902449,44.26664,-122.177,2009-05-20,2009-06-08,2009-05-20,2009-06-08,DOC_mgL,87.37346,213.106,19 days 00:00:00
1998,OR10,197.0,43.8219895287958,237.5,36.70372306080927,0.5001931341790671,16.66975313559706,17.169946233815516,44.26664,-122.177,2009-06-08,2009-07-01,2009-06-08,2009-07-01,DOC_mgL,40.8813,22.098,23 days 00:00:00
1999,OR10,198.0,43.8219895287958,237.5,3.9680879784118286,0.18637039781422696,12.757008494544513,12.94337870423788,44.26664,-122.177,2009-07-01,2009-07-21,2009-07-01,2009-07-21,DOC_mgL,37.338,38.1,20 days 00:00:00
2000,OR10,199.0,43.8219895287958,237.5,30.224818758858973,1.9016907976763489,67.62647372352822,69.52816394615924,44.26664,-122.177,2009-07-21,2009-08-11,2009-07-21,2009-08-11,DOC_mgL,,5.08,21 days 00:00:00
2001,OR10,200.0,43.8219895287958,237.5,4.0659432211110165,0.054184637052968804,1.0767250647697482,1.1309097246386683,44.26664,-122.177,2009-08-11,2009-09-01,2009-08-11,2009-09-01,DOC_mgL,74.70902,17.018,21 days 00:00:00
2002,OR10,201.0,43.8219895287958,237.5,16.336372096006897,0.28921488887169394,13.444003305607922,13.733218309048066,44.26664,-122.177,2009-09-01,2009-09-24,2009-09-01,2009-09-24,DOC_mgL,,4.318,23 days 00:00:00
2003,OR10,202.0,43.8219895287958,237.5,20.281974882553033,0.4890336644922135,12.049766741081626,12.538800345047596,44.26664,-122.177,2009-09-24,2009-10-13,2009-09-24,2009-10-13,DOC_mgL,29.718000000000004,33.02,19 days 00:00:00
2004,OR10,203.0,43.8219895287958,237.5,192.88350597236834,0.6101157641624847,11.867787636834512,12.477903364514912,44.26664,-122.177,2009-10-13,2009-11-04,2009-10-13,2009-11-04,DOC_mgL,22.49424,41.656,22 days 00:00:00
2005,OR10,204.0,43.8219895287958,237.5,232.2864372338529,1.1701771276032154,24.74707257654071,25.9172497439564,44.26664,-122.177,2009-11-04,2009-11-23,2009-11-04,2009-11-23,DOC_mgL,112.49405999999999,197.358,19 days 00:00:00
2006,OR10,205.0,43.8219895287958,237.5,91.49721769063882,0.3090669300980653,4.454752740214808,4.763819702090266,44.26664,-122.177,2009-11-23,2009-12-16,2009-11-23,2009-12-16,DOC_mgL,82.38744000000001,242.316,23 days 00:00:00
2007,OR10,206.0,43.8219895287958,237.5,231.86629127950053,0.5800894748208831,5.226392397343175,5.806481805713423,44.26664,-122.177,2009-12-16,2010-01-04,2009-12-16,2010-01-04,DOC_mgL,40.74668,156.718,19 days 00:00:00
2008,OR10,207.0,43.8219895287958,237.5,244.53210865473807,0.9323493851476957,9.415675979521087,10.34802534754381,44.26664,-122.177,2010-01-04,2010-01-27,2010-01-04,2010-01-27,DOC_mgL,65.4939,242.57,23 days 00:00:00
2009,OR10,208.0,43.8219895287958,237.5,156.04876537196333,1.3046069599102017,12.697911272671895,14.002518155876487,44.26664,-122.177,2010-01-27,2010-02-17,2010-01-27,2010-02-17,DOC_mgL,46.87824,195.326,21 days 00:00:00
2010,OR10,209.0,43.8219895287958,237.5,122.49499065678523,0.4622473738154083,4.943477857230168,5.405725227567067,44.26664,-122.177,2010-02-17,2010-03-08,2010-02-17,2010-03-08,DOC_mgL,34.495740000000005,127.762,19 days 00:00:00
2011,OR10,210.0,43.8219895287958,237.5,204.26977832801094,1.203445324322915,13.832684768581547,15.036130165761106,44.26664,-122.177,2010-03-08,2010-03-30,2010-03-08,2010-03-30,DOC_mgL,23.825200000000002,85.09,22 days 00:00:00
2012,OR10,211.0,43.8219895287958,237.5,208.03809457285993,1.0442534256262048,11.82678318828261,12.87103645101917,44.26664,-122.177,2010-03-30,2010-04-20,2010-03-30,2010-04-20,DOC_mgL,67.16268,258.318,21 days 00:00:00
2013,OR10,212.0,43.8219895287958,237.5,187.36406666054472,1.1949027340339442,22.22116449208261,23.416067416613586,44.26664,-122.177,2010-04-20,2010-05-12,2010-04-20,2010-05-12,DOC_mgL,56.36768000000001,148.336,22 days 00:00:00
2014,OR10,213.0,43.8219895287958,237.5,144.0723285161455,0.8275347662982033,18.578615853560855,19.406150394453427,44.26664,-122.177,2010-05-12,2010-06-02,2010-05-12,2010-06-02,DOC_mgL,100.70592,179.832,21 days 00:00:00
2015,OR10,214.0,43.8219895287958,237.5,101.68288999421317,0.373165253317161,9.146453473983117,9.519618685686225,44.26664,-122.177,2010-06-02,2010-06-23,2010-06-02,2010-06-23,DOC_mgL,61.4934,204.978,21 days 00:00:00
2016,OR10,215.0,43.8219895287958,237.5,3.679046829660136,0.02114391780184751,0.48830741523612176,0.5094513298134544,44.26664,-122.177,2010-06-23,2010-07-13,2010-06-23,2010-07-13,DOC_mgL,56.16702,144.018,20 days 00:00:00
2017,OR10,216.0,43.8219895287958,237.5,1.1286166582359558,0.036476821971878064,2.1507193383651577,2.187196211840027,44.26664,-122.177,2010-07-13,2010-08-02,2010-07-13,2010-08-02,DOC_mgL,17.19834,9.398,20 days 00:00:00
2018,OR10,217.0,43.8219895287958,237.5,0.6445729566390499,0.05545004958263139,3.401154624677928,3.456604675274816,44.26664,-122.177,2010-08-02,2010-08-26,2010-08-02,2010-08-26,DOC_mgL,,0.0,24 days 00:00:00
2019,OR10,218.0,43.8219895287958,237.5,27.00019896831694,0.2660758138381863,6.386093963742973,6.652169713068059,44.26664,-122.177,2010-08-26,2010-09-14,2010-08-26,2010-09-14,DOC_mgL,,1.27,19 days 00:00:00
2020,OR10,219.0,43.8219895287958,237.5,105.54077461917069,0.44452072581950586,11.205314520117716,11.649835493817665,44.26664,-122.177,2010-09-14,2010-10-05,2010-09-14,2010-10-05,DOC_mgL,34.9758,64.77,21 days 00:00:00
2021,OR10,220.0,43.8219895287958,237.5,121.03430242857355,0.4648502118571212,7.951942725224766,8.416792964304005,44.26664,-122.177,2010-10-05,2010-10-26,2010-10-05,2010-10-26,DOC_mgL,43.312079999999995,103.124,21 days 00:00:00
2022,OR10,221.0,43.8219895287958,237.5,221.44757014064945,1.1064928240671823,25.055031683761047,26.161524461795732,44.26664,-122.177,2010-10-26,2010-11-16,2010-10-26,2010-11-16,DOC_mgL,46.4185,185.674,21 days 00:00:00
2023,OR10,222.0,43.8219895287958,237.5,254.2690343656506,0.7620728940622896,10.043638810380129,10.805711641687415,44.26664,-122.177,2010-11-16,2010-12-08,2010-11-16,2010-12-08,DOC_mgL,73.00214,178.054,22 days 00:00:00
2024,OR10,223.0,43.8219895287958,237.5,387.8127330182224,0.741751630677049,7.303958500612818,8.045710161194535,44.26664,-122.177,2010-12-08,2010-12-29,2010-12-08,2010-12-29,DOC_mgL,42.1767,281.178,21 days 00:00:00
2025,OR10,224.0,43.8219895287958,237.5,289.67707364773497,0.7649030489839399,6.510554282981624,7.275457281030622,44.26664,-122.177,2010-12-29,2011-01-19,2010-12-29,2011-01-19,DOC_mgL,,396.494,21 days 00:00:00
2026,OR10,225.0,43.8219895287958,237.5,34.59537094838983,0.23252199934460963,2.9985952446549895,3.231117244951046,44.26664,-122.177,2011-01-19,2011-02-08,2011-01-19,2011-02-08,DOC_mgL,35.27552,251.968,20 days 00:00:00
2027,OR10,226.0,43.8219895287958,237.5,272.3773168113848,0.5952327758095521,6.6925271120552114,7.287759882851701,44.26664,-122.177,2011-02-08,2011-03-02,2011-02-08,2011-03-02,DOC_mgL,18.470879999999998,51.308,22 days 00:00:00
2028,OR10,227.0,43.8219895287958,237.5,210.39514134282288,0.844219894040538,8.078636485556872,8.922856291337933,44.26664,-122.177,2011-03-02,2011-03-16,2011-03-02,2011-03-16,DOC_mgL,38.221920000000004,201.168,14 days 00:00:00
2029,OR10,228.0,43.8219895287958,237.5,318.7858361758042,1.3339552624124211,12.10425801543083,13.438213178167125,44.26664,-122.177,2011-03-16,2011-04-12,2011-03-16,2011-04-12,DOC_mgL,32.47136,202.946,27 days 00:00:00
2030,OR10,229.0,43.8219895287958,237.5,144.96382140802842,0.8925505864153721,13.977385497800219,14.869935888769513,44.26664,-122.177,2011-04-12,2011-05-01,2011-04-12,2011-05-01,DOC_mgL,69.55536000000001,289.814,19 days 00:00:00
2031,OR10,230.0,43.8219895287958,237.5,115.66834921185321,1.2402966317060922,22.355336774128144,23.59563323984453,44.26664,-122.177,2011-05-01,2011-05-26,2011-05-01,2011-05-26,DOC_mgL,39.09822,186.182,25 days 00:00:00
2032,OR10,231.0,43.8219895287958,237.5,88.06574296464919,0.5847664108187401,12.164818305026442,12.749584623597196,44.26664,-122.177,2011-05-26,2011-06-15,2011-05-26,2011-06-15,DOC_mgL,63.246,126.492,20 days 00:00:00
2033,OR10,232.0,43.8219895287958,237.5,22.84443024371683,0.11336146064742517,2.584667967644004,2.698029446951026,44.26664,-122.177,2011-06-15,2011-07-06,2011-06-15,2011-07-06,DOC_mgL,53.30952,121.158,21 days 00:00:00
2034,OR10,233.0,43.8219895287958,237.5,10.722992833462841,0.22377405004635506,8.976338180782005,9.200112315151886,44.26664,-122.177,2011-07-06,2011-07-25,2011-07-06,2011-07-25,DOC_mgL,28.51658,27.686,19 days 00:00:00
2035,OR10,234.0,43.8219895287958,237.5,0.31443104773879216,0.0009412133499594927,0.03251391318641152,0.03345512651580206,44.26664,-122.177,2011-07-25,2011-08-16,2011-07-25,2011-08-16,DOC_mgL,29.62656,54.864,22 days 00:00:00
2036,OR10,235.0,43.8219895287958,237.5,0.42195373326664265,0.14596502788249685,3.943589216813384,4.089554291354348,44.26664,-122.177,2011-08-16,2011-09-06,2011-08-16,2011-09-06,DOC_mgL,,0.0,21 days 00:00:00
2037,OR10,236.0,43.8219895287958,237.5,11.599941592374837,0.2106462288886519,10.150643291240357,10.36128946805671,44.26664,-122.177,2011-09-06,2011-09-28,2011-09-06,2011-09-28,DOC_mgL,,0.0,22 days 00:00:00
2038,OR10,237.0,43.8219895287958,237.5,88.71133723433077,0.37515738016091427,6.560057829584401,6.935215147273927,44.26664,-122.177,2011-09-28,2011-10-18,2011-09-28,2011-10-18,DOC_mgL,13.334999999999999,12.7,20 days 00:00:00
2039,OR10,238.0,43.8219895287958,237.5,55.638689136955875,0.6698577991343689,18.213441137665,18.883299002344707,44.26664,-122.177,2011-10-18,2011-11-09,2011-10-18,2011-11-09,DOC_mgL,39.18966,105.918,22 days 00:00:00
2040,OR10,239.0,43.8219895287958,237.5,272.8710851064228,0.8746385037031471,11.99761286549025,12.872251595398332,44.26664,-122.177,2011-11-09,2011-11-30,2011-11-09,2011-11-30,DOC_mgL,15.725139999999998,38.354,21 days 00:00:00
2041,OR10,240.0,43.8219895287958,237.5,18.06603708644398,0.14613237916378197,2.9778938263412407,3.124026158345041,44.26664,-122.177,2011-11-30,2011-12-21,2011-11-30,2011-12-21,DOC_mgL,80.36305999999999,277.114,21 days 00:00:00
2042,OR10,241.0,43.8219895287958,237.5,285.06920349339185,0.4486512123725898,4.36711122387611,4.815762531154217,44.26664,-122.177,2011-12-21,2012-01-11,2011-12-21,2012-01-11,DOC_mgL,,3.556,21 days 00:00:00
2043,OR10,242.0,43.8219895287958,237.5,467.7470715809845,0.7727240766455005,7.346597062648429,8.119321044450817,44.26664,-122.177,2012-01-11,2012-02-01,2012-01-11,2012-02-01,DOC_mgL,56.167019999999994,267.462,21 days 00:00:00
2044,OR10,243.0,43.8219895287958,237.5,147.81043806789097,0.708546430961704,7.247046812697328,7.955593298720713,44.26664,-122.177,2012-02-01,2012-02-22,2012-02-01,2012-02-22,DOC_mgL,73.11136000000002,522.224,21 days 00:00:00
2045,OR10,244.0,43.8219895287958,237.5,209.7203216116027,0.562153773595969,5.16449817037233,5.72665198736617,44.26664,-122.177,2012-02-22,2012-03-12,2012-02-22,2012-03-12,DOC_mgL,32.77362,142.494,19 days 00:00:00
2046,OR10,245.0,43.8219895287958,237.5,589.7506471865647,1.9239059812067514,19.729398608586692,21.653304624336123,44.26664,-122.177,2012-03-12,2012-04-04,2012-03-12,2012-04-04,DOC_mgL,29.057600000000004,181.61,23 days 00:00:00
2047,OR10,246.0,43.8219895287958,237.5,195.22817454835058,1.0770114239462276,11.583294713742939,12.660306057040074,44.26664,-122.177,2012-04-04,2012-04-25,2012-04-04,2012-04-25,DOC_mgL,81.56448,509.778,21 days 00:00:00
2048,OR10,247.0,43.8219895287958,237.5,92.96167260350481,0.689836422248327,6.769363349757159,7.459199793705253,44.26664,-122.177,2012-04-25,2012-05-16,2012-04-25,2012-05-16,DOC_mgL,43.5102,145.034,21 days 00:00:00
2049,OR10,248.0,43.8219895287958,237.5,107.1558387713889,0.8534844547889399,12.678122880907294,13.531607449567773,44.26664,-122.177,2012-05-16,2012-06-06,2012-05-16,2012-06-06,DOC_mgL,25.760679999999997,117.094,21 days 00:00:00
2050,OR10,249.0,43.8219895287958,237.5,82.54837002072968,0.374681872121224,10.564422961168525,10.939104717570501,44.26664,-122.177,2012-06-06,2012-06-27,2012-06-06,2012-06-27,DOC_mgL,51.663599999999995,143.51,21 days 00:00:00
2051,OR10,250.0,43.8219895287958,237.5,2.666475721441095,0.09421389297492762,3.5080897901353953,3.6023037056344016,44.26664,-122.177,2012-06-27,2012-07-17,2012-06-27,2012-07-17,DOC_mgL,43.586400000000005,111.76,20 days 00:00:00
2052,OR10,251.0,43.8219895287958,237.5,15.03237746119368,0.49672758347681084,24.569362791893937,25.066090246695566,44.26664,-122.177,2012-07-17,2012-08-07,2012-07-17,2012-08-07,DOC_mgL,5.48132,6.604,21 days 00:00:00
2053,OR10,252.0,43.8219895287958,237.5,15.43707011333296,1.4971209386494384,43.96866016158,45.46578124897205,44.26664,-122.177,2012-08-07,2012-08-28,2012-08-07,2012-08-28,DOC_mgL,,4.826,21 days 00:00:00
2054,OR10,253.0,43.8219895287958,237.5,0.9843220159665689,0.01180587378808924,0.27708826114399915,0.2888941318539364,44.26664,-122.177,2012-08-28,2012-09-18,2012-08-28,2012-09-18,DOC_mgL,,0.0,21 days 00:00:00
2055,OR10,254.0,43.8219895287958,237.5,0.3911261251680747,0.007722853841171253,0.11327271484553351,0.12099556964088024,44.26664,-122.177,2012-09-18,2012-10-08,2012-09-18,2012-10-08,DOC_mgL,,0.0,20 days 00:00:00
2056,OR10,255.0,43.8219895287958,237.5,235.72337992271932,0.6800661038458946,14.257457421704839,14.937523585049039,44.26664,-122.177,2012-10-08,2012-10-30,2012-10-08,2012-10-30,DOC_mgL,,1.27,22 days 00:00:00
2057,OR10,256.0,43.8219895287958,237.5,188.59066962084725,1.0295891131633952,17.91270130975747,18.942290506825774,44.26664,-122.177,2012-10-30,2012-11-20,2012-10-30,2012-11-20,DOC_mgL,86.77148,299.212,21 days 00:00:00
2058,OR10,257.0,43.8219895287958,237.5,484.4101370432361,0.5827585822899325,6.116526648082329,6.699285260468196,44.26664,-122.177,2012-11-20,2012-12-13,2012-11-20,2012-12-13,DOC_mgL,55.0418,250.19,23 days 00:00:00
2059,OR10,258.0,43.8219895287958,237.5,333.7079924168762,0.6763126212381599,5.645072372051363,6.321385017001024,44.26664,-122.177,2012-12-13,2013-01-02,2012-12-13,2013-01-02,DOC_mgL,45.45838,413.258,20 days 00:00:00
2060,OR10,259.0,43.8219895287958,237.5,112.27588442364137,0.3498547026143468,3.79168640294189,4.141541131897168,44.26664,-122.177,2013-01-02,2013-01-22,2013-01-02,2013-01-22,DOC_mgL,,245.618,20 days 00:00:00
2061,OR10,260.0,43.8219895287958,237.5,179.25440321836453,0.6650855604078786,6.89742635066414,7.562511986826259,44.26664,-122.177,2013-01-22,2013-02-12,2013-01-22,2013-02-12,DOC_mgL,16.093439999999998,67.056,21 days 00:00:00
2062,OR10,261.0,43.8219895287958,237.5,128.69230635955302,0.6503754996287124,6.6475573438745625,7.297932877753829,44.26664,-122.177,2013-02-12,2013-03-05,2013-02-12,2013-03-05,DOC_mgL,,160.274,21 days 00:00:00
2063,OR10,262.0,43.8219895287958,237.5,125.69971239444945,0.6796782476413742,5.670764557253193,6.350442818948114,44.26664,-122.177,2013-03-05,2013-03-27,2013-03-05,2013-03-27,DOC_mgL,23.180039999999998,128.778,22 days 00:00:00
2064,OR10,263.0,43.8219895287958,237.5,168.94224927570534,0.9545061060636806,13.697698382249087,14.652204598060758,44.26664,-122.177,2013-03-27,2013-04-16,2013-03-27,2013-04-16,DOC_mgL,43.13682,116.586,20 days 00:00:00
2065,OR10,264.0,43.8219895287958,237.5,23.160480390703317,0.31843277272414583,4.3044861629242,4.622918950001327,44.26664,-122.177,2013-04-16,2013-05-08,2013-04-16,2013-05-08,DOC_mgL,39.49192,171.704,22 days 00:00:00
2066,OR10,265.0,43.8219895287958,237.5,123.19674175845184,0.49608514410395665,8.228026104632924,8.724111252341148,44.26664,-122.177,2013-05-08,2013-05-29,2013-05-08,2013-05-29,DOC_mgL,,37.338,21 days 00:00:00
2067,OR10,266.0,43.8219895287958,237.5,25.24399177287172,0.15942391622275043,2.947048715913403,3.1064725849804784,44.26664,-122.177,2013-05-29,2013-06-19,2013-05-29,2013-06-19,DOC_mgL,58.68416,154.432,21 days 00:00:00
2068,OR10,267.0,43.8219895287958,237.5,70.42878218957017,0.2763936379166904,9.675982479865764,9.952376130756758,44.26664,-122.177,2013-06-19,2013-07-09,2013-06-19,2013-07-09,DOC_mgL,34.137600000000006,30.48,20 days 00:00:00
2069,OR10,268.0,43.8219895287958,237.5,7.438593149724694,0.18527927584566212,16.392684390485755,16.57796424009121,44.26664,-122.177,2013-07-09,2013-07-30,2013-07-09,2013-07-30,DOC_mgL,38.22192,53.086,21 days 00:00:00
2070,OR10,269.0,43.8219895287958,237.5,43.66573855185789,0.6235237643628608,35.97518739893243,36.59871181722546,44.26664,-122.177,2013-07-30,2013-08-20,2013-07-30,2013-08-20,DOC_mgL,,1.27,21 days 00:00:00
2071,OR10,270.0,43.8219895287958,237.5,31.174531057802028,0.8370099645109171,32.86079891392643,33.69780939388813,44.26664,-122.177,2013-08-20,2013-09-10,2013-08-20,2013-09-10,DOC_mgL,37.49548,15.494,21 days 00:00:00
2072,OR10,272.0,43.8219895287958,237.5,30.017959586814413,0.2822722044385634,5.567838426250027,5.850110556919475,44.2118,-122.256,2020-11-03,2020-11-10,2020-11-03,2020-11-10,rBC_mgL,0.16002,45.72,7 days 00:00:00
2073,OR10,273.0,43.8219895287958,237.5,141.6704486331355,0.31551524361933536,6.289531433167905,6.605046859453623,44.2118,-122.256,2020-11-10,2020-11-17,2020-11-10,2020-11-17,rBC_mgL,0.410193,195.33,7 days 00:00:00
2074,OR10,274.0,43.8219895287958,237.5,63.117303788708206,0.35769422443519133,8.031620718496058,8.389314730405939,44.2118,-122.256,2020-11-17,2020-11-24,2020-11-17,2020-11-24,rBC_mgL,0.222192,61.72,7 days 00:00:00
2075,OR18,0.0,44.764397905759154,241.25,25.00313966893211,0.22835310194583586,5.095522560647294,5.323875657470252,45.2247,-118.513,2020-11-03,2020-11-10,2020-11-03,2020-11-10,rBC_mgL,0.1035,41.4,7 days 00:00:00
2076,OR18,1.0,44.764397905759154,241.25,35.155966189392984,0.12036871309254772,2.3126982731224572,2.433066999827163,45.2247,-118.513,2020-11-10,2020-11-17,2020-11-10,2020-11-17,rBC_mgL,0.05915999999999999,34.8,7 days 00:00:00
2077,OR18,2.0,44.764397905759154,241.25,11.788674366346518,0.14653536477612503,1.7324763956877416,1.8790117335325704,45.2247,-118.513,2020-11-17,2020-11-24,2020-11-17,2020-11-24,rBC_mgL,0.023463,7.11,7 days 00:00:00
2078,OR97,0.0,44.764397905759154,236.25,36.246493520113255,0.24904496695180195,5.130795423127695,5.37984034909665,44.6347,-123.19,2020-11-17,2020-11-24,2020-11-17,2020-11-24,rBC_mgL,0.045764,26.92,7 days 00:00:00
2079,PA00,0.0,40.0523560209424,282.5,50.415856497566665,0.6607015145924933,9.220981428414987,9.881682968768125,39.9231,-77.3078,2020-10-27,2020-11-03,2020-10-27,2020-11-03,rBC_mgL,0.08001,38.1,7 days 00:00:00
2080,PA00,1.0,40.0523560209424,282.5,72.55465201938912,0.24682357107881722,2.765618364788253,3.0124419810213796,39.9231,-77.3078,2020-11-10,2020-11-17,2020-11-10,2020-11-17,rBC_mgL,0.12955,25.91,7 days 00:00:00
2081,PA13,0.0,40.0523560209424,281.25,44.537646581287646,0.1886890853647024,2.445946807594357,2.63463591685352,40.457,-78.56,2020-11-10,2020-11-17,2020-11-10,2020-11-17,rBC_mgL,0.233586,61.47,7 days 00:00:00
2082,PA15,104.0,40.994764397905755,282.5,102.93916687123067,1.197511527439854,15.556441129022103,16.753952881282117,40.7883,-77.9458,2020-10-27,2020-11-03,2020-10-27,2020-11-03,rBC_mgL,0.17618799999999998,51.82,7 days 00:00:00
2083,PA15,105.0,40.994764397905755,282.5,80.21245815858025,0.4957854259305697,6.568565684792112,7.064351055981314,40.7883,-77.9458,2020-11-10,2020-11-17,2020-11-10,2020-11-17,rBC_mgL,0.104338,40.13,7 days 00:00:00
2084,PA15,106.0,40.994764397905755,282.5,34.40622776464952,1.1787824725895717,17.71379509378046,18.892577755471997,40.7883,-77.9458,2020-11-17,2020-11-24,2020-11-17,2020-11-24,rBC_mgL,0.298771,17.27,7 days 00:00:00
2085,PA18,0.0,40.994764397905755,282.5,51.142899360623744,0.5911106978895297,7.658911604924157,8.250022415223768,41.4142,-77.6799,2020-10-27,2020-11-02,2020-10-27,2020-11-02,rBC_mgL,0.19892400000000002,45.21,6 days 00:00:00
2086,PA18,1.0,40.994764397905755,282.5,40.106229079290124,0.24789271296528484,3.284282842396056,3.532175527990657,41.4142,-77.6799,2020-11-10,2020-11-17,2020-11-10,2020-11-17,rBC_mgL,0.4807,63.25,7 days 00:00:00
2087,PA18,2.0,40.994764397905755,282.5,5.276309864321593,0.33214878395529585,5.242050125494279,5.574198929060505,41.4142,-77.6799,2020-11-17,2020-11-23,2020-11-17,2020-11-23,rBC_mgL,0.088987,12.19,6 days 00:00:00
2088,PA29,0.0,41.93717277486911,281.25,42.46333519344762,0.3711789674445275,4.742829496057952,5.114008393190147,41.5978,-78.7675,2020-10-27,2020-11-03,2020-10-27,2020-11-03,rBC_mgL,0.088504,34.04,7 days 00:00:00
2089,PA29,1.0,41.93717277486911,281.25,20.1572038074839,0.19333608209318573,3.221506629218045,3.4148426335810402,41.5978,-78.7675,2020-11-10,2020-11-17,2020-11-10,2020-11-17,rBC_mgL,0.157235,38.35,7 days 00:00:00
2090,PA29,2.0,41.93717277486911,281.25,29.292957987858692,0.5836957136958587,9.12670568968565,9.710401345410911,41.5978,-78.7675,2020-11-17,2020-11-24,2020-11-17,2020-11-24,rBC_mgL,0.15503899999999998,7.87,7 days 00:00:00
2091,PA42,0.0,40.994764397905755,282.5,55.53853268355266,0.7171086755658473,9.799562561418895,10.516671283822276,40.6575,-77.9397,2020-10-26,2020-11-02,2020-10-26,2020-11-02,rBC_mgL,0.179487,48.51,7 days 00:00:00
2092,PA42,1.0,40.994764397905755,282.5,40.1062291090978,0.24789271296528484,3.284282842396056,3.532175527990657,40.6575,-77.9397,2020-11-09,2020-11-16,2020-11-09,2020-11-16,rBC_mgL,0.13107,43.69,7 days 00:00:00
2093,PR20,0.0,18.376963350785346,293.75,21.396442336296673,0.18835636136742273,1.0612573663609792,1.2496137125062035,18.3206,-65.82,2020-10-27,2020-11-03,2020-10-27,2020-11-03,rBC_mgL,0.26746200000000003,49.53,7 days 00:00:00
2094,PR20,1.0,18.376963350785346,293.75,16.24101003923073,0.1028900989798534,0.7205109493410577,0.8234010629576405,18.3206,-65.82,2020-11-03,2020-11-10,2020-11-03,2020-11-10,rBC_mgL,0.21503299999999997,126.49,7 days 00:00:00
2095,PR20,2.0,18.376963350785346,293.75,20.27194576363911,0.05345584863430605,0.4844073720269848,0.5378632110010495,18.3206,-65.82,2020-11-10,2020-11-17,2020-11-10,2020-11-17,rBC_mgL,0.036092,51.56,7 days 00:00:00
2096,PR20,3.0,18.376963350785346,293.75,19.414919469556978,0.15930261699614173,0.9695018740943362,1.1288044975306388,18.3206,-65.82,2020-11-17,2020-11-24,2020-11-17,2020-11-24,rBC_mgL,0.174356,33.53,7 days 00:00:00
2097,SC05,0.0,32.5130890052356,280.0,0.7123193764695568,0.03708406014505878,0.42761253667270904,0.46469659201280406,32.943,-79.6592,2020-10-27,2020-11-03,2020-10-27,2020-11-03,rBC_mgL,0.002492,3.56,7 days 00:00:00
2098,SC05,1.0,32.5130890052356,280.0,30.891271385799318,0.07128179043119215,0.8335801517794783,0.9048619275739411,32.943,-79.6592,2020-11-10,2020-11-17,2020-11-10,2020-11-17,rBC_mgL,0.106447,96.77,7 days 00:00:00
2099,SC06,0.0,33.455497382198956,280.0,1.400342498399213,0.061245833334698366,0.5890595154234637,0.6503053721494851,33.5394,-80.435,2020-11-17,2020-11-24,2020-11-17,2020-11-24,rBC_mgL,0.05867,58.67,7 days 00:00:00
2100,SD04,0.0,43.8219895287958,256.25,2.57491085157574,0.027480357638643076,0.6500399516720453,0.6775202961739378,43.5577,-103.484,2020-11-10,2020-11-17,2020-11-10,2020-11-17,rBC_mgL,0.012096,4.32,7 days 00:00:00
2101,SK20,0.0,52.30366492146598,250.0,31.840099066116068,0.27302008509805276,6.601960157313398,6.874980358043113,52.0229,-109.8615,2020-11-03,2020-11-10,2020-11-03,2020-11-10,rBC_mgL,0.272156,35.81,7 days 00:00:00
2102,SR,98.0,44.764397905759154,287.5,0.12077712270297525,0.01834139178426633,0.2538848475203137,0.27222624311012966,44.48333333,-72.16666667,2001-12-26,2002-01-02,2001-12-26,2002-01-02,DOC_mgL,8.036077377,18.03,7 days 00:00:00
2103,SR,99.0,44.764397905759154,287.5,9.684275802849564,0.0826076586605264,1.0871095312076204,1.1697171967450155,44.48333333,-72.16666667,2002-01-02,2002-01-08,2002-01-02,2002-01-08,DOC_mgL,4.8778233790000005,11.18,6 days 00:00:00
2104,SR,100.0,44.764397905759154,287.5,9.652967489337527,0.2883704591812364,3.1087242800982833,3.3970947941626806,44.48333333,-72.16666667,2002-01-08,2002-01-15,2002-01-08,2002-01-15,DOC_mgL,6.0360961614,18.29,7 days 00:00:00
2105,SR,101.0,44.764397905759154,287.5,9.412563119326478,0.6675977556902003,7.431692189766026,8.099289985560866,44.48333333,-72.16666667,2002-01-15,2002-01-22,2002-01-15,2002-01-22,DOC_mgL,13.3054624829,24.89,7 days 00:00:00
2106,SR,102.0,44.764397905759154,287.5,4.82510415642512,0.27097126200478805,2.636543932048716,2.90751527279968,44.48333333,-72.16666667,2002-01-22,2002-01-29,2002-01-22,2002-01-29,DOC_mgL,11.58702829965,25.15,7 days 00:00:00
2107,SR,103.0,44.764397905759154,287.5,51.0945971460508,0.3779661820096968,4.636048023796448,5.014014356052171,44.48333333,-72.16666667,2002-01-29,2002-02-05,2002-01-29,2002-02-05,DOC_mgL,7.511854313320001,17.78,7 days 00:00:00
2108,SR,104.0,44.764397905759154,287.5,21.086623380206504,0.29612710990580937,3.6958445877445403,3.9919716689626465,44.48333333,-72.16666667,2002-02-05,2002-02-12,2002-02-05,2002-02-12,DOC_mgL,11.59716318842,48.01,7 days 00:00:00
2109,SR,105.0,44.764397905759154,287.5,4.739725006300266,0.14650752226469654,1.9802375935636132,2.126745155201147,44.48333333,-72.16666667,2002-02-12,2002-02-19,2002-02-12,2002-02-19,DOC_mgL,4.51405669965,18.03,7 days 00:00:00
2110,SR,106.0,44.764397905759154,287.5,14.986648574982775,0.25461471381179124,3.3915799988627247,3.64619470682011,44.48333333,-72.16666667,2002-02-19,2002-02-26,2002-02-19,2002-02-26,DOC_mgL,8.66185880274,13.97,7 days 00:00:00
2111,SR,107.0,44.764397905759154,287.5,16.64162333564201,0.43814072004697346,6.415993123579425,6.85413373092244,44.48333333,-72.16666667,2002-02-26,2002-03-05,2002-02-26,2002-03-05,DOC_mgL,8.09384996924,8.89,7 days 00:00:00
2112,SR,108.0,44.764397905759154,287.5,13.67207656288727,0.18181125979732649,2.499381047439686,2.6811923212882727,44.48333333,-72.16666667,2002-03-05,2002-03-12,2002-03-05,2002-03-12,DOC_mgL,19.09339515324,22.86,7 days 00:00:00
2113,SR,109.0,44.764397905759154,287.5,12.104070287466406,0.7074236181467105,11.147593780101023,11.855017737307568,44.48333333,-72.16666667,2002-03-12,2002-03-19,2002-03-12,2002-03-19,DOC_mgL,10.516859173530001,23.37,7 days 00:00:00
2114,SR,110.0,44.764397905759154,287.5,20.978966859308557,0.36332142430285347,4.825249366279674,5.188570874890123,44.48333333,-72.16666667,2002-03-19,2002-03-26,2002-03-19,2002-03-26,DOC_mgL,7.527559462499999,12.45,7 days 00:00:00
2115,SR,111.0,44.764397905759154,287.5,59.53013134852511,0.5798453850370481,7.556750470684436,8.136595794393589,44.48333333,-72.16666667,2002-03-26,2002-04-02,2002-03-26,2002-04-02,DOC_mgL,8.4946047659,27.94,7 days 00:00:00
2116,SR,112.0,44.764397905759154,287.5,23.987753946386192,0.6676017659985212,9.640168889622334,10.307770571029709,44.48333333,-72.16666667,2002-04-02,2002-04-09,2002-04-02,2002-04-09,DOC_mgL,20.01083971296,52.32,7 days 00:00:00
2117,SR,113.0,44.764397905759154,287.5,56.27927715197078,0.6815618543495875,9.757938329543153,10.439500321473279,44.48333333,-72.16666667,2002-04-09,2002-04-17,2002-04-09,2002-04-17,DOC_mgL,11.564841193360001,8.89,8 days 00:00:00
2118,SR,114.0,44.764397905759154,287.5,13.93254493163576,0.3935505193581354,5.06861766835353,5.462168023743705,44.48333333,-72.16666667,2002-04-17,2002-04-23,2002-04-17,2002-04-23,DOC_mgL,21.85533252486,42.93,6 days 00:00:00
2119,SR,115.0,44.764397905759154,287.5,43.41075745722955,0.37627490782600687,5.749961510441784,6.126236378346111,44.48333333,-72.16666667,2002-04-23,2002-04-30,2002-04-23,2002-04-30,DOC_mgL,15.13670955507,11.43,7 days 00:00:00
2120,SR,116.0,44.764397905759154,287.5,35.49487233561466,0.5251296073693825,7.878644323447391,8.403773736440971,44.48333333,-72.16666667,2002-04-30,2002-05-07,2002-04-30,2002-05-07,DOC_mgL,14.523153799960001,37.34,7 days 00:00:00
2121,SR,117.0,44.764397905759154,287.5,30.60394444315273,0.34963922412219467,6.266422867423366,6.6160620399693855,44.48333333,-72.16666667,2002-05-07,2002-05-14,2002-05-07,2002-05-14,DOC_mgL,19.3788836196,25.4,7 days 00:00:00
2122,SR,118.0,44.764397905759154,287.5,30.597371203100465,0.4787677512253785,7.76850079264868,8.24726856495095,44.48333333,-72.16666667,2002-05-14,2002-05-21,2002-05-14,2002-05-21,DOC_mgL,40.73202190200001,63.25,7 days 00:00:00
2123,SR,119.0,44.764397905759154,287.5,6.025467970293357,0.33164090889781744,7.096137397076243,7.4277784675635585,44.48333333,-72.16666667,2002-05-21,2002-05-28,2002-05-21,2002-05-28,DOC_mgL,41.32479089102,29.21,7 days 00:00:00
2124,SR,120.0,44.764397905759154,287.5,44.787432038471614,0.6683317071640161,14.788941683774315,15.45727308649436,44.48333333,-72.16666667,2002-05-28,2002-06-04,2002-05-28,2002-06-04,DOC_mgL,23.11249834245,3.05,7 days 00:00:00
2125,SR,121.0,44.764397905759154,287.5,30.01278620029524,0.8071015856407029,24.780639868199376,25.587740383605862,44.48333333,-72.16666667,2002-06-04,2002-06-11,2002-06-04,2002-06-11,DOC_mgL,79.02142958195999,32.26,7 days 00:00:00
2126,SR,122.0,44.764397905759154,287.5,86.6912298251421,0.9952112699858264,23.703551370150844,24.698762560951963,44.48333333,-72.16666667,2002-06-11,2002-06-18,2002-06-11,2002-06-18,DOC_mgL,43.53257218078,23.62,7 days 00:00:00
2127,SR,123.0,44.764397905759154,287.5,19.818481941946686,0.8149799682766884,18.689286252968063,19.50426638634706,44.48333333,-72.16666667,2002-06-18,2002-06-25,2002-06-18,2002-06-25,DOC_mgL,67.10308260821999,98.81,7 days 00:00:00
2128,SR,124.0,44.764397905759154,287.5,41.85185183661969,1.2491795163456785,34.41130734640888,35.66048642716555,44.48333333,-72.16666667,2002-06-25,2002-07-02,2002-06-25,2002-07-02,DOC_mgL,30.53737795166,26.42,7 days 00:00:00
2129,SR,125.0,44.764397905759154,287.5,13.061584024252893,1.552541240099764,38.57564557785409,40.12818752285874,44.48333333,-72.16666667,2002-07-02,2002-07-09,2002-07-02,2002-07-09,DOC_mgL,70.88274762233,55.37,7 days 00:00:00
2130,SR,126.0,44.764397905759154,287.5,24.573141219842896,0.4499840266375314,12.415318164529332,12.86530201551582,44.48333333,-72.16666667,2002-07-09,2002-07-15,2002-07-09,2002-07-15,DOC_mgL,81.57765490059,56.13,6 days 00:00:00
2131,SR,127.0,44.764397905759154,287.5,14.143142450133254,0.3279862720620522,15.43236390942962,15.760350208487289,44.48333333,-72.16666667,2002-07-15,2002-07-23,2002-07-15,2002-07-23,DOC_mgL,21.218573121,3.05,8 days 00:00:00
2132,SR,128.0,44.764397905759154,287.5,26.648949891338454,0.6534087769715341,21.833762543704594,22.48717128554628,44.48333333,-72.16666667,2002-07-23,2002-07-30,2002-07-23,2002-07-30,DOC_mgL,70.6231450726,56.9,7 days 00:00:00
2133,SR,129.0,44.764397905759154,287.5,14.890864568217971,0.5171117269489316,22.762075506285242,23.27918707164475,44.48333333,-72.16666667,2002-07-30,2002-08-06,2002-07-30,2002-08-06,DOC_mgL,23.90582326014,22.86,7 days 00:00:00
2134,SR,130.0,44.764397905759154,287.5,7.1361054079128365,0.11985450662380627,3.21657828818234,3.3364328229810103,44.48333333,-72.16666667,2002-08-06,2002-08-13,2002-08-06,2002-08-13,DOC_mgL,23.48964625404,3.81,7 days 00:00:00
2135,SR,131.0,44.764397905759154,287.5,28.677511827598924,0.5123567207217933,22.66382033294656,23.176177202377524,44.48333333,-72.16666667,2002-08-13,2002-08-20,2002-08-13,2002-08-20,DOC_mgL,23.749371878099996,3.3,7 days 00:00:00
2136,SR,132.0,44.764397905759154,287.5,11.56607657178954,0.41704311731520094,14.351735826568168,14.768779264427831,44.48333333,-72.16666667,2002-08-20,2002-08-27,2002-08-20,2002-08-27,DOC_mgL,27.00259279488,8.64,7 days 00:00:00
2137,SR,133.0,44.764397905759154,287.5,5.152300889351953,0.030633975656776006,1.1168453212982863,1.1474792684113053,44.48333333,-72.16666667,2002-08-27,2002-09-03,2002-08-27,2002-09-03,DOC_mgL,14.861868275520001,8.64,7 days 00:00:00
2138,SR,134.0,44.764397905759154,287.5,1.0862674424646674,0.03290840412853556,0.9680444662048536,1.0009529165854114,44.48333333,-72.16666667,2002-09-03,2002-09-10,2002-09-03,2002-09-10,DOC_mgL,20.507341375379998,3.81,7 days 00:00:00
2139,SR,135.0,44.764397905759154,287.5,38.23479396868855,0.49414209977028034,11.744803366938132,12.238945556141118,44.48333333,-72.16666667,2002-09-10,2002-09-17,2002-09-10,2002-09-17,DOC_mgL,24.438928752,1.52,7 days 00:00:00
2140,SR,136.0,44.764397905759154,287.5,14.28100585795732,0.3095239589040617,7.329521687681061,7.639045478020386,44.48333333,-72.16666667,2002-09-17,2002-09-24,2002-09-17,2002-09-24,DOC_mgL,59.273453374240006,82.04,7 days 00:00:00
2141,SR,137.0,44.764397905759154,287.5,61.538331684823774,0.25494957377481947,4.238761507371812,4.4937110600697405,44.48333333,-72.16666667,2002-09-24,2002-10-01,2002-09-24,2002-10-01,DOC_mgL,6.603600241840001,9.14,7 days 00:00:00
2142,SR,138.0,44.764397905759154,287.5,8.381853873722166,0.41793994993518213,9.413857865425499,9.831797848293306,44.48333333,-72.16666667,2002-10-01,2002-10-08,2002-10-01,2002-10-08,DOC_mgL,17.081155613199996,51.05,7 days 00:00:00
2143,SR,139.0,44.764397905759154,287.5,8.780384711204459,0.10057766661104989,1.509479368950939,1.6100570544433697,44.48333333,-72.16666667,2002-10-08,2002-10-15,2002-10-08,2002-10-15,DOC_mgL,44.154580283730006,37.59,7 days 00:00:00
2144,SR,140.0,44.764397905759154,287.5,44.08461003846398,0.5693120186269867,10.004849958352947,10.57416215496258,44.48333333,-72.16666667,2002-10-15,2002-10-22,2002-10-15,2002-10-22,DOC_mgL,9.99024239978,8.38,7 days 00:00:00
2145,SR,141.0,44.764397905759154,287.5,20.195368084940934,0.12930227098989328,1.3457607235620865,1.4750629932346744,44.48333333,-72.16666667,2002-10-22,2002-10-29,2002-10-22,2002-10-29,DOC_mgL,20.567098534,40.13,7 days 00:00:00
2146,SR,142.0,44.764397905759154,287.5,7.70043356399519,0.22874273144376484,2.3237538956531916,2.5524966151430797,44.48333333,-72.16666667,2002-10-29,2002-11-05,2002-10-29,2002-11-05,DOC_mgL,10.22512191337,22.61,7 days 00:00:00
2147,SR,143.0,44.764397905759154,287.5,27.66470379498287,0.40998344558304867,5.134175357123308,5.544158848395822,44.48333333,-72.16666667,2002-11-05,2002-11-12,2002-11-05,2002-11-12,DOC_mgL,7.63151777328,11.68,7 days 00:00:00
2148,SR,144.0,44.764397905759154,287.5,77.8518398803385,0.2509005536536005,3.1251089286678244,3.376009515693168,44.48333333,-72.16666667,2002-11-12,2002-11-19,2002-11-12,2002-11-19,DOC_mgL,32.497990849569995,18.29,7 days 00:00:00
2149,SR,145.0,44.764397905759154,287.5,18.79631845689289,0.4357520840252843,5.7025811728977915,6.13833320423085,44.48333333,-72.16666667,2002-11-19,2002-11-26,2002-11-19,2002-11-26,DOC_mgL,16.8297067362,50.55,7 days 00:00:00
2150,SR,146.0,44.764397905759154,287.5,10.975584671313321,0.43364920053294564,4.082337333802255,4.515986565950536,44.48333333,-72.16666667,2002-11-26,2002-12-03,2002-11-26,2002-12-03,DOC_mgL,13.1955584577,38.1,7 days 00:00:00
2151,SR,147.0,44.764397905759154,287.5,1.543811859937294,0.0757895074122598,0.7877268674123351,0.86351636182074,44.48333333,-72.16666667,2002-12-03,2002-12-10,2002-12-03,2002-12-10,DOC_mgL,4.72529940384,15.24,7 days 00:00:00
2152,SR,148.0,44.764397905759154,287.5,27.237159877113726,0.09406317873043857,1.1041025531344228,1.1981657646511352,44.48333333,-72.16666667,2002-12-10,2002-12-17,2002-12-10,2002-12-17,DOC_mgL,7.73483326057,5.33,7 days 00:00:00
2153,SR,149.0,44.764397905759154,287.5,14.573994606100785,0.16251171414768464,1.68081280734198,1.8433244781663394,44.48333333,-72.16666667,2002-12-17,2002-12-23,2002-12-17,2002-12-23,DOC_mgL,4.76017613495,24.13,6 days 00:00:00
2154,SR,150.0,44.764397905759154,287.5,19.433116946575986,0.10645679471469287,1.159641112499901,1.266097888767741,44.48333333,-72.16666667,2002-12-23,2002-12-30,2002-12-23,2002-12-30,DOC_mgL,7.443568057800001,13.72,7 days 00:00:00
2155,SR,151.0,44.764397905759154,287.5,51.79852973427046,0.3610665011484384,3.751273852095269,4.112340344425078,44.48333333,-72.16666667,2002-12-30,2003-01-07,2002-12-30,2003-01-07,DOC_mgL,5.364500647660001,13.97,8 days 00:00:00
2156,SR,152.0,44.764397905759154,287.5,12.24831401103188,0.13304675859561899,1.411217606249633,1.5442643529163178,44.48333333,-72.16666667,2003-01-07,2003-01-14,2003-01-07,2003-01-14,DOC_mgL,8.026718971,38.9,7 days 00:00:00
2157,SR,153.0,44.764397905759154,287.5,3.8185250698183526,0.33664766399748813,3.5029234851758164,3.8395711275115167,44.48333333,-72.16666667,2003-01-14,2003-01-21,2003-01-14,2003-01-21,DOC_mgL,3.2631115397999997,12.2,7 days 00:00:00
2158,SR,154.0,44.764397905759154,287.5,8.680775152762262,0.39544747729936747,4.47255427585896,4.868001655387263,44.48333333,-72.16666667,2003-01-21,2003-01-28,2003-01-21,2003-01-28,DOC_mgL,11.334594366000001,3.0,7 days 00:00:00
2159,SR,155.0,44.764397905759154,287.5,11.02025887470149,0.09310420821471779,1.0198333131947523,1.1129375161385324,44.48333333,-72.16666667,2003-01-28,2003-02-04,2003-01-28,2003-02-04,DOC_mgL,8.7921384205,7.1,7 days 00:00:00
2160,SR,156.0,44.764397905759154,287.5,13.200973818872086,0.36664656917839517,4.8639210207331205,5.2305674804104845,44.48333333,-72.16666667,2003-02-04,2003-02-11,2003-02-04,2003-02-11,DOC_mgL,7.878338533,13.0,7 days 00:00:00
2161,SR,157.0,44.764397905759154,287.5,2.523758620933108,0.17906512723878862,2.0198589047153903,2.19892404951368,44.48333333,-72.16666667,2003-02-11,2003-02-18,2003-02-11,2003-02-18,DOC_mgL,6.3927902888,12.2,7 days 00:00:00
2162,SR,158.0,44.764397905759154,287.5,39.25987788596652,0.2523876927310022,3.1913554392171597,3.443743069307463,44.48333333,-72.16666667,2003-02-18,2003-02-25,2003-02-18,2003-02-25,DOC_mgL,5.4803151104,10.4,7 days 00:00:00
2163,SR,159.0,44.764397905759154,287.5,12.551682098879734,0.35964101264625226,3.8975776214263376,4.257218664810844,44.48333333,-72.16666667,2003-02-25,2003-03-05,2003-02-25,2003-03-05,DOC_mgL,15.164030046,16.5,8 days 00:00:00
2164,SR,160.0,44.764397905759154,287.5,21.0915389417643,0.8155235090749959,9.5311241024576,10.346647860356995,44.48333333,-72.16666667,2003-03-05,2003-03-11,2003-03-05,2003-03-11,DOC_mgL,11.879438186799998,14.2,6 days 00:00:00
2165,SR,161.0,44.764397905759154,287.5,28.246802840660497,0.46629383369449423,5.38786501784253,5.854158749099412,44.48333333,-72.16666667,2003-03-11,2003-03-25,2003-03-11,2003-03-25,DOC_mgL,12.929389245400001,9.4,14 days 00:00:00
2166,SR,162.0,44.764397905759154,287.5,44.6147122022289,0.9102591091986743,13.973456675767345,14.88371564957513,44.48333333,-72.16666667,2003-03-25,2003-04-01,2003-03-25,2003-04-01,DOC_mgL,9.601336056700001,24.1,7 days 00:00:00
2167,SR,163.0,44.764397905759154,287.5,24.10743946228422,0.2979058507691923,4.2438750420120686,4.541780862336864,44.48333333,-72.16666667,2003-04-01,2003-04-08,2003-04-01,2003-04-08,DOC_mgL,14.0424351545,29.5,7 days 00:00:00
2168,SR,164.0,44.764397905759154,287.5,9.789452168786127,0.5463000694282679,9.272859727391463,9.819159740481831,44.48333333,-72.16666667,2003-04-08,2003-04-22,2003-04-08,2003-04-22,DOC_mgL,7.8982782413,21.1,14 days 00:00:00
2169,SR,165.0,44.764397905759154,287.5,48.451165255869455,0.6537789689503061,8.106254923562206,8.760034227693614,44.48333333,-72.16666667,2003-04-22,2003-04-29,2003-04-22,2003-04-29,DOC_mgL,9.871407337399999,3.8,7 days 00:00:00
2170,SR,166.0,44.764397905759154,287.5,39.221690046691364,0.9504716625881363,16.398679344633457,17.349150981460888,44.48333333,-72.16666667,2003-04-29,2003-05-06,2003-04-29,2003-05-06,DOC_mgL,21.1623918314,46.7,7 days 00:00:00
2171,SR,167.0,44.764397905759154,287.5,27.491101578477547,0.640810060352898,10.836635448940147,11.477445663853477,44.48333333,-72.16666667,2003-05-06,2003-05-13,2003-05-06,2003-05-13,DOC_mgL,27.866808130699997,41.9,7 days 00:00:00
2172,SR,168.0,44.764397905759154,287.5,9.20258797013932,0.19444651250929992,1.96886809304558,2.163314548526515,44.48333333,-72.16666667,2003-05-13,2003-05-20,2003-05-13,2003-05-20,DOC_mgL,24.551037283499998,26.7,7 days 00:00:00
2173,SR,169.0,44.764397905759154,287.5,14.717663584051799,0.1466168115439998,2.477236051518901,2.6238528766018754,44.48333333,-72.16666667,2003-05-20,2003-05-27,2003-05-20,2003-05-27,DOC_mgL,12.9959781,17.5,7 days 00:00:00
2174,SR,170.0,44.764397905759154,287.5,35.88798401015225,0.5629532266130527,14.325806135112584,14.888759100606386,44.48333333,-72.16666667,2003-05-27,2003-06-03,2003-05-27,2003-06-03,DOC_mgL,24.628000000000004,18.8,7 days 00:00:00
2175,SR,171.0,44.764397905759154,287.5,18.45008773490031,0.38000086533717314,9.920961166791288,10.300962201914523,44.48333333,-72.16666667,2003-06-03,2003-06-10,2003-06-03,2003-06-10,DOC_mgL,14.136,12.4,7 days 00:00:00
2176,SR,172.0,44.764397905759154,287.5,52.541769925712465,0.5957989845005739,17.67332019659718,18.2691190359014,44.48333333,-72.16666667,2003-06-10,2003-06-17,2003-06-10,2003-06-17,DOC_mgL,20.650999999999996,10.7,7 days 00:00:00
2177,SR,173.0,44.764397905759154,287.5,12.448619852058195,0.19740112863335604,6.847446103441227,7.044847082548957,44.48333333,-72.16666667,2003-06-17,2003-06-24,2003-06-17,2003-06-24,DOC_mgL,37.488,52.8,7 days 00:00:00
2178,SR,174.0,44.764397905759154,287.5,12.082163671969795,0.36564517068423885,11.368092002125852,11.733737355183738,44.48333333,-72.16666667,2003-06-24,2003-07-01,2003-06-24,2003-07-01,DOC_mgL,,2.0,7 days 00:00:00
2179,SR,175.0,44.764397905759154,287.5,11.334331471379855,0.4158192353736058,12.799561472428417,13.215380783053106,44.48333333,-72.16666667,2003-07-01,2003-07-08,2003-07-01,2003-07-08,DOC_mgL,40.896,21.3,7 days 00:00:00
2180,SR,176.0,44.764397905759154,287.5,20.184217733586976,0.4275549129297025,14.24515708477185,14.672712121674623,44.48333333,-72.16666667,2003-07-08,2003-07-15,2003-07-08,2003-07-15,DOC_mgL,,2.0,7 days 00:00:00
2181,SR,177.0,44.764397905759154,287.5,31.148078798126647,0.5956698089859893,16.491345077029873,17.0870152214897,44.48333333,-72.16666667,2003-07-15,2003-07-22,2003-07-15,2003-07-22,DOC_mgL,,19.3,7 days 00:00:00
2182,SR,178.0,44.764397905759154,287.5,96.34752452098994,1.8495778974798176,56.201854489040805,58.05143233617027,44.48333333,-72.16666667,2003-07-22,2003-07-29,2003-07-22,2003-07-29,DOC_mgL,51.057,27.9,7 days 00:00:00
2183,SR,179.0,44.764397905759154,287.5,62.24840456532377,0.7117036592875492,24.104935372748493,24.81663964326586,44.48333333,-72.16666667,2003-07-29,2003-08-05,2003-07-29,2003-08-05,DOC_mgL,62.1,46.0,7 days 00:00:00
2184,SR,180.0,44.764397905759154,287.5,63.3349360029456,0.8223421506248219,32.220761958523525,33.04310465246374,44.48333333,-72.16666667,2003-08-05,2003-08-12,2003-08-05,2003-08-12,DOC_mgL,36.284,19.3,7 days 00:00:00
2185,SR,181.0,44.764397905759154,287.5,23.94457386682425,0.4464441097080767,18.284956661285268,18.73140122385375,44.48333333,-72.16666667,2003-08-12,2003-08-19,2003-08-12,2003-08-19,DOC_mgL,75.096,89.4,7 days 00:00:00
2186,SR,182.0,44.764397905759154,287.5,0.18468399158806703,0.08276337906734456,3.2934131998626883,3.376176524335089,44.48333333,-72.16666667,2003-08-19,2003-08-26,2003-08-19,2003-08-26,DOC_mgL,22.005000000000003,16.3,7 days 00:00:00
2187,SR,183.0,44.764397905759154,287.5,11.779488674482044,0.42872449664348367,12.491940538727196,12.920664961592413,44.48333333,-72.16666667,2003-08-26,2003-09-02,2003-08-26,2003-09-02,DOC_mgL,,2.8,7 days 00:00:00
2188,SR,184.0,44.764397905759154,287.5,9.218626817131204,0.2246356553715469,4.2174730618081595,4.4421087941689,44.48333333,-72.16666667,2003-09-02,2003-09-09,2003-09-02,2003-09-09,DOC_mgL,26.009999999999998,10.2,7 days 00:00:00
2189,SR,185.0,44.764397905759154,287.5,1.03232969391813,0.009851695679035547,0.32588898522247306,0.33574067329035906,44.48333333,-72.16666667,2003-09-09,2003-09-16,2003-09-09,2003-09-16,DOC_mgL,17.81,13.7,7 days 00:00:00
2190,SR,186.0,44.764397905759154,287.5,9.205363959021492,0.17906271401523655,3.2953798945459525,3.4744425627367783,44.48333333,-72.16666667,2003-09-16,2003-09-23,2003-09-16,2003-09-23,DOC_mgL,212.89499999999998,13.5,7 days 00:00:00
2191,SR,187.0,44.764397905759154,287.5,29.013813629930052,0.4183309227343869,7.4620573329783895,7.88038817872358,44.48333333,-72.16666667,2003-09-23,2003-09-30,2003-09-23,2003-09-30,DOC_mgL,26.82,44.7,7 days 00:00:00
2192,SR,188.0,44.764397905759154,287.5,16.34341909086956,0.6924489443752186,8.72173161192702,9.414180611629074,44.48333333,-72.16666667,2003-09-30,2003-10-07,2003-09-30,2003-10-07,DOC_mgL,22.775947368999997,44.5,7 days 00:00:00
2193,SR,189.0,44.764397905759154,287.5,36.50237729933585,0.3107077543512901,4.440251670520898,4.750959366837414,44.48333333,-72.16666667,2003-10-07,2003-10-21,2003-10-07,2003-10-21,DOC_mgL,16.7379756336,20.8,14 days 00:00:00
2194,SR,190.0,44.764397905759154,287.5,98.56915996380167,2.1377794787321402,36.144329504383954,38.28210946524996,44.48333333,-72.16666667,2003-10-21,2003-10-28,2003-10-21,2003-10-28,DOC_mgL,163.515,99.1,7 days 00:00:00
2195,SR,191.0,44.764397905759154,287.5,54.065129036318105,0.49158955041416275,5.874908665798317,6.366498175522373,44.48333333,-72.16666667,2003-10-28,2003-11-04,2003-10-28,2003-11-04,DOC_mgL,27.409655016000002,61.2,7 days 00:00:00
2196,SR,192.0,44.764397905759154,287.5,52.94549503506681,1.1172290457497083,15.748228278301525,16.865457145217842,44.48333333,-72.16666667,2003-11-04,2003-11-18,2003-11-04,2003-11-18,DOC_mgL,20.874010878,49.0,14 days 00:00:00
2197,SR,193.0,44.764397905759154,287.5,40.56344955945364,0.1094558204666277,1.2214135915100766,1.3308694541444033,44.48333333,-72.16666667,2003-11-18,2003-11-25,2003-11-18,2003-11-25,DOC_mgL,22.4337457764,37.8,7 days 00:00:00
2198,SR,194.0,44.764397905759154,287.5,34.541946349619934,0.4054224723515701,3.9988384205498493,4.404260961401313,44.48333333,-72.16666667,2003-11-25,2003-12-02,2003-11-25,2003-12-02,DOC_mgL,27.001923091200002,43.2,7 days 00:00:00
2199,SR,195.0,44.764397905759154,287.5,35.535999592352375,0.10044010114737485,1.1051598461326921,1.2055999250185165,44.48333333,-72.16666667,2003-12-02,2003-12-09,2003-12-02,2003-12-09,DOC_mgL,23.32,42.4,7 days 00:00:00
2200,SR,196.0,44.764397905759154,287.5,55.73110269068097,0.10514198648536058,1.2162546841979491,1.321396691554371,44.48333333,-72.16666667,2003-12-09,2003-12-17,2003-12-09,2003-12-17,DOC_mgL,6.6690000000000005,35.1,8 days 00:00:00
2201,SR,197.0,44.764397905759154,287.5,38.49804006543778,0.2701204445667779,2.9691467394107884,3.239267078007646,44.48333333,-72.16666667,2003-12-17,2003-12-23,2003-12-17,2003-12-23,DOC_mgL,11.536,72.1,6 days 00:00:00
2202,SR,198.0,44.764397905759154,287.5,25.41573848999154,0.31564439993251275,2.8256574713822857,3.141301917983095,44.48333333,-72.16666667,2003-12-23,2003-12-30,2003-12-23,2003-12-30,DOC_mgL,5.835,38.9,7 days 00:00:00
2203,SR,199.0,44.764397905759154,287.5,23.078822206912264,0.3397380131126698,3.6794690076030756,4.01920696099789,44.48333333,-72.16666667,2003-12-30,2004-01-06,2003-12-30,2004-01-06,DOC_mgL,8.351999999999999,34.8,7 days 00:00:00
2204,SR,200.0,44.764397905759154,287.5,5.967520240007795,0.2576276800625322,2.5871941892462638,2.8448219067605356,44.48333333,-72.16666667,2004-01-06,2004-01-13,2004-01-06,2004-01-13,DOC_mgL,7.68,16.0,7 days 00:00:00
2205,SR,201.0,44.764397905759154,287.5,8.69696353134053,0.4627579412986281,4.0581416908521195,4.520899586429264,44.48333333,-72.16666667,2004-01-13,2004-01-20,2004-01-13,2004-01-20,DOC_mgL,3.196,9.4,7 days 00:00:00
2206,SR,202.0,44.764397905759154,287.5,1.7887055968140997,0.17282760503552913,2.2325983133425638,2.405425952927637,44.48333333,-72.16666667,2004-01-20,2004-01-27,2004-01-20,2004-01-27,DOC_mgL,3.243,6.9,7 days 00:00:00
2207,SR,203.0,44.764397905759154,287.5,2.817268113197713,0.1322342055800241,1.3547447544641142,1.486978943102124,44.48333333,-72.16666667,2004-01-27,2004-02-03,2004-01-27,2004-02-03,DOC_mgL,,2.8,7 days 00:00:00
2208,SR,204.0,44.764397905759154,287.5,28.58329096691037,0.2025982189630092,2.493959958861647,2.696558189241305,44.48333333,-72.16666667,2004-02-03,2004-02-10,2004-02-03,2004-02-10,DOC_mgL,,1.3,7 days 00:00:00
2209,SR,205.0,44.764397905759154,287.5,0.5020686212361296,0.03808048495675467,0.5112250696989035,0.5493055596321461,44.48333333,-72.16666667,2004-02-10,2004-02-17,2004-02-10,2004-02-17,DOC_mgL,6.4079999999999995,26.7,7 days 00:00:00
2210,SR,206.0,44.764397905759154,287.5,11.03166506204456,0.45935097042888245,5.698480235474436,6.157831069195123,44.48333333,-72.16666667,2004-02-17,2004-02-24,2004-02-17,2004-02-24,DOC_mgL,,2.8,7 days 00:00:00
2211,SR,207.0,44.764397905759154,287.5,4.212568976130127,0.1686906235304122,1.9855749889977417,2.1542656047706874,44.48333333,-72.16666667,2004-02-24,2004-03-03,2004-02-24,2004-03-03,DOC_mgL,8.366,8.9,8 days 00:00:00
2212,SR,208.0,44.764397905759154,287.5,19.96744859246169,0.3073178280214514,4.336925503098388,4.644243246226809,44.48333333,-72.16666667,2004-03-03,2004-03-09,2004-03-03,2004-03-09,DOC_mgL,6.017999999999999,5.1,6 days 00:00:00
2213,SR,209.0,44.764397905759154,287.5,6.99241049677158,0.5101136195431979,6.392497463632139,6.902611061073877,44.48333333,-72.16666667,2004-03-09,2004-03-16,2004-03-09,2004-03-16,DOC_mgL,13.52,13.0,7 days 00:00:00
2214,SR,210.0,44.764397905759154,287.5,21.291936572254144,0.4632968337095478,5.890505096195486,6.353801859648733,44.48333333,-72.16666667,2004-03-16,2004-03-23,2004-03-16,2004-03-23,DOC_mgL,,3.6,7 days 00:00:00
2215,SR,211.0,44.764397905759154,287.5,15.42075080101624,0.4648530181816039,5.950119518773576,6.414972429137373,44.48333333,-72.16666667,2004-03-23,2004-03-30,2004-03-23,2004-03-30,DOC_mgL,13.504000000000001,21.1,7 days 00:00:00
2216,SR,212.0,44.764397905759154,287.5,42.555256845225095,0.2203324739089127,2.7811271340570656,3.0014596161991385,44.48333333,-72.16666667,2004-03-30,2004-04-06,2004-03-30,2004-04-06,DOC_mgL,17.604000000000003,16.3,7 days 00:00:00
2217,SR,213.0,44.764397905759154,287.5,2.1223310236240245,0.017635372157742614,0.2602800830284859,0.2779154603824461,44.48333333,-72.16666667,2004-04-06,2004-04-13,2004-04-06,2004-04-13,DOC_mgL,8.844999999999999,30.5,7 days 00:00:00
2218,SR,214.0,44.764397905759154,287.5,56.0590507041407,0.7965948786204867,10.870077556988997,11.666672398129165,44.48333333,-72.16666667,2004-04-13,2004-04-20,2004-04-13,2004-04-20,DOC_mgL,4.293,8.1,7 days 00:00:00
2219,SR,215.0,44.764397905759154,287.5,19.726596970315313,0.4370522262947104,9.291147859141102,9.728200289179657,44.48333333,-72.16666667,2004-04-20,2004-04-27,2004-04-20,2004-04-27,DOC_mgL,20.23,17.0,7 days 00:00:00
2220,SR,216.0,44.764397905759154,287.5,10.131856675243966,0.37830479139924766,5.489959696222679,5.868264461861283,44.48333333,-72.16666667,2004-04-27,2004-05-04,2004-04-27,2004-05-04,DOC_mgL,12.246,15.7,7 days 00:00:00
2221,SR,217.0,44.764397905759154,287.5,10.836452556983733,0.1964674249460216,2.6644167231901217,2.860884117106277,44.48333333,-72.16666667,2004-05-04,2004-05-10,2004-05-04,2004-05-10,DOC_mgL,10.353,20.3,6 days 00:00:00
2222,SR,218.0,44.764397905759154,287.5,20.105267225642432,0.6238955713937081,11.586814231439288,12.21070999961462,44.48333333,-72.16666667,2004-05-10,2004-05-18,2004-05-10,2004-05-18,DOC_mgL,7.040000000000001,6.4,8 days 00:00:00
2223,SR,219.0,44.764397905759154,287.5,83.50019235727757,1.0031545165834106,20.757179906155663,21.760333930066764,44.48333333,-72.16666667,2004-05-18,2004-05-25,2004-05-18,2004-05-25,DOC_mgL,32.86,12.4,7 days 00:00:00
2224,SR,220.0,44.764397905759154,287.5,14.946890583374465,0.6786300199072615,12.26126445157938,12.939894518411085,44.48333333,-72.16666667,2004-05-25,2004-06-01,2004-05-25,2004-06-01,DOC_mgL,55.407,80.3,7 days 00:00:00
2225,SR,221.0,44.764397905759154,287.5,23.095654129168253,0.2719329171996937,4.275477555733222,4.547410480836749,44.48333333,-72.16666667,2004-06-01,2004-06-08,2004-06-01,2004-06-08,DOC_mgL,25.567999999999998,27.2,7 days 00:00:00
2226,SR,222.0,44.764397905759154,287.5,3.7496633443649676,0.17428382007319065,4.386029228614138,4.560313138809557,44.48333333,-72.16666667,2004-06-08,2004-06-15,2004-06-08,2004-06-15,DOC_mgL,23.544000000000004,21.6,7 days 00:00:00
2227,SR,223.0,44.764397905759154,287.5,9.245471412568095,0.285237822982948,13.994871191586629,14.280109238657907,44.48333333,-72.16666667,2004-06-15,2004-06-22,2004-06-15,2004-06-22,DOC_mgL,49.32900000000001,20.3,7 days 00:00:00
2228,SR,224.0,44.764397905759154,287.5,25.02312252485872,0.6603423556008834,19.393873457174138,20.05421617518044,44.48333333,-72.16666667,2004-06-22,2004-06-29,2004-06-22,2004-06-29,DOC_mgL,31.65,15.0,7 days 00:00:00
2229,SR,225.0,44.764397905759154,287.5,24.834509553617323,0.4823332206964642,12.555347340521147,13.037680639964073,44.48333333,-72.16666667,2004-06-29,2004-07-06,2004-06-29,2004-07-06,DOC_mgL,35.708000000000006,22.6,7 days 00:00:00
2230,SR,226.0,44.764397905759154,287.5,30.085033539606343,0.7338916399811035,23.669950792008258,24.403842876928778,44.48333333,-72.16666667,2004-07-06,2004-07-13,2004-07-06,2004-07-13,DOC_mgL,24.107999999999997,14.7,7 days 00:00:00
2231,SR,227.0,44.764397905759154,287.5,51.81883958726985,0.5887604841159355,17.09888668155468,17.687647221875658,44.48333333,-72.16666667,2004-07-13,2004-07-20,2004-07-13,2004-07-20,DOC_mgL,57.129000000000005,41.7,7 days 00:00:00
2232,SR,228.0,44.764397905759154,287.5,16.86006932546391,0.6690381781785173,18.846628554655688,19.515666492206375,44.48333333,-72.16666667,2004-07-20,2004-07-27,2004-07-20,2004-07-27,DOC_mgL,37.391999999999996,32.8,7 days 00:00:00
2233,SR,229.0,44.764397905759154,287.5,78.11814126448269,0.6410066089008277,20.045566032078632,20.686572766489412,44.48333333,-72.16666667,2004-07-27,2004-08-03,2004-07-27,2004-08-03,DOC_mgL,21.36,8.9,7 days 00:00:00
2234,SR,230.0,44.764397905759154,287.5,15.632126676801139,0.30165651039094127,7.958979626136037,8.260636348393636,44.48333333,-72.16666667,2004-08-03,2004-08-10,2004-08-03,2004-08-10,DOC_mgL,32.736,26.4,7 days 00:00:00
2235,SR,231.0,44.764397905759154,287.5,83.78654568852451,1.136430944270392,38.47490568642531,39.61133676066986,44.48333333,-72.16666667,2004-08-10,2004-08-17,2004-08-10,2004-08-17,DOC_mgL,17.787,14.7,7 days 00:00:00
2236,SR,232.0,44.764397905759154,287.5,50.28108708132351,1.3206494922941028,44.83858072199998,46.15922979568363,44.48333333,-72.16666667,2004-08-17,2004-08-24,2004-08-17,2004-08-24,DOC_mgL,49.242000000000004,56.6,7 days 00:00:00
2237,SR,233.0,44.764397905759154,287.5,25.901585395019932,0.3644377164975542,12.887052649036661,13.251490263497915,44.48333333,-72.16666667,2004-08-24,2004-08-31,2004-08-24,2004-08-31,DOC_mgL,23.46,34.5,7 days 00:00:00
2238,SR,234.0,44.764397905759154,287.5,6.039166694694771,0.1467653373500422,5.406270726536263,5.553036206740926,44.48333333,-72.16666667,2004-08-31,2004-09-07,2004-08-31,2004-09-07,DOC_mgL,56.428999999999995,77.3,7 days 00:00:00
2239,SR,235.0,44.764397905759154,287.5,45.27171752187762,0.3162918674529374,7.586252686198752,7.902544437582426,44.48333333,-72.16666667,2004-09-07,2004-09-14,2004-09-07,2004-09-14,DOC_mgL,,0.3,7 days 00:00:00
2240,SR,236.0,44.764397905759154,287.5,2.0347303588069128,0.022532775996016923,0.5279025777063171,0.550435361157918,44.48333333,-72.16666667,2004-09-14,2004-09-21,2004-09-14,2004-09-21,DOC_mgL,70.478,53.8,7 days 00:00:00
2241,SR,237.0,44.764397905759154,287.5,1.540734711194021,0.032271852807176295,0.6848123665172958,0.7170842284083917,44.48333333,-72.16666667,2004-09-21,2004-09-28,2004-09-21,2004-09-28,DOC_mgL,9.078000000000001,8.9,7 days 00:00:00
2242,SR,238.0,44.764397905759154,287.5,9.520059346142938,0.3967965651521615,6.786919704035944,7.183716306292249,44.48333333,-72.16666667,2004-09-28,2004-10-05,2004-09-28,2004-10-05,DOC_mgL,17.493,11.9,7 days 00:00:00
2243,SR,239.0,44.764397905759154,287.5,0.32117128594133515,0.01858037243573434,0.3160629125795432,0.3346432843040419,44.48333333,-72.16666667,2004-10-05,2004-10-12,2004-10-05,2004-10-12,DOC_mgL,17.898,3.8,7 days 00:00:00
2244,SR,240.0,44.764397905759154,287.5,35.13126722332963,0.39610773522388426,3.877861136770629,4.273968846233727,44.48333333,-72.16666667,2004-10-12,2004-10-19,2004-10-12,2004-10-19,DOC_mgL,,2.0,7 days 00:00:00
2245,SR,241.0,44.764397905759154,287.5,0.6419483422171548,0.019282383934709674,0.21181735499337456,0.23109974682724693,44.48333333,-72.16666667,2004-10-19,2004-10-26,2004-10-19,2004-10-26,DOC_mgL,11.359,30.7,7 days 00:00:00
2246,SR,242.0,44.764397905759154,287.5,4.036894039289523,0.15844479829255553,2.116970809469551,2.2754156382019364,44.48333333,-72.16666667,2004-10-26,2004-11-02,2004-10-26,2004-11-02,DOC_mgL,,0.5,7 days 00:00:00
2247,SR,243.0,44.764397905759154,287.5,35.708217943972514,0.5319006852154418,7.47155436894853,8.00345515486467,44.48333333,-72.16666667,2004-11-02,2004-11-09,2004-11-02,2004-11-09,DOC_mgL,6.555,6.9,7 days 00:00:00
2248,SR,244.0,44.764397905759154,287.5,1.6654162947731324,0.09601447460705884,1.50269362488159,1.5987080737005124,44.48333333,-72.16666667,2004-11-09,2004-11-16,2004-11-09,2004-11-16,DOC_mgL,18.146,42.2,7 days 00:00:00
2249,SR,245.0,44.764397905759154,287.5,10.681490688346784,0.0876247615697645,0.9543159424073864,1.0419407042681703,44.48333333,-72.16666667,2004-11-16,2004-11-23,2004-11-16,2004-11-23,DOC_mgL,,1.0,7 days 00:00:00
2250,SR,246.0,44.764397905759154,287.5,35.99930675347585,0.26616959241409566,2.7763513282777783,3.042520862219284,44.48333333,-72.16666667,2004-11-23,2004-11-30,2004-11-23,2004-11-30,DOC_mgL,9.202,10.7,7 days 00:00:00
2251,SR,247.0,44.764397905759154,287.5,34.65425028696956,0.31085493922596974,3.080734758704323,3.391589677072954,44.48333333,-72.16666667,2004-11-30,2004-12-07,2004-11-30,2004-12-07,DOC_mgL,15.440000000000001,38.6,7 days 00:00:00
2252,SR,248.0,44.764397905759154,287.5,38.12332900565707,0.44377667439247925,4.608575672644665,5.052352373968727,44.48333333,-72.16666667,2004-12-07,2004-12-15,2004-12-07,2004-12-15,DOC_mgL,45.262,37.1,8 days 00:00:00
2253,SR,249.0,44.764397905759154,287.5,3.2634598647440782,0.12451372047844057,1.19308133695949,1.317595075001934,44.48333333,-72.16666667,2004-12-15,2004-12-20,2004-12-15,2004-12-20,DOC_mgL,14.174,37.3,5 days 00:00:00
2254,SR,250.0,44.764397905759154,287.5,25.829358881435116,0.40198748614496316,4.573404448118129,4.975391846955002,44.48333333,-72.16666667,2004-12-20,2004-12-28,2004-12-20,2004-12-28,DOC_mgL,3.6569999999999996,5.3,8 days 00:00:00
2255,SR,251.0,44.764397905759154,287.5,20.082810809141094,0.46677793249648303,4.804057248951798,5.270835180277235,44.48333333,-72.16666667,2004-12-28,2005-01-04,2004-12-28,2005-01-04,DOC_mgL,12.35,32.5,7 days 00:00:00
2256,SR,252.0,44.764397905759154,287.5,16.193211152781828,0.19330885231162157,1.9585289548354825,2.1518377958402306,44.48333333,-72.16666667,2005-01-04,2005-01-11,2005-01-04,2005-01-11,DOC_mgL,13.13935,17.3,7 days 00:00:00
2257,SR,253.0,44.764397905759154,287.5,29.88372928018207,0.15585367332368183,2.006888096637979,2.16274177462712,44.48333333,-72.16666667,2005-01-11,2005-01-18,2005-01-11,2005-01-18,DOC_mgL,6.71163,21.3,7 days 00:00:00
2258,SR,254.0,44.764397905759154,287.5,9.388306214291875,0.08332282139646499,0.9643614969079284,1.0476843244518197,44.48333333,-72.16666667,2005-01-18,2005-01-25,2005-01-18,2005-01-25,DOC_mgL,6.57621,26.7,7 days 00:00:00
2259,SR,255.0,44.764397905759154,287.5,2.4377672848449707,0.007242293302392837,0.0859796400360575,0.09322193128934397,44.48333333,-72.16666667,2005-01-25,2005-02-01,2005-01-25,2005-02-01,DOC_mgL,3.4941799999999996,8.6,7 days 00:00:00
2260,SR,256.0,44.764397905759154,287.5,37.20000710431431,0.29990995936264686,2.90164774874302,3.201557723220377,44.48333333,-72.16666667,2005-02-01,2005-02-15,2005-02-01,2005-02-15,DOC_mgL,1.4254799999999999,2.8,14 days 00:00:00
2261,SR,257.0,44.764397905759154,287.5,22.54627505613449,0.557205438396602,6.195403750444499,6.752609205243386,44.48333333,-72.16666667,2005-02-15,2005-02-22,2005-02-15,2005-02-22,DOC_mgL,18.13812,54.6,7 days 00:00:00
2262,SR,258.0,44.764397905759154,287.5,4.336868974391672,0.18931282566971366,2.3122681570234698,2.5015810052337466,44.48333333,-72.16666667,2005-02-22,2005-02-28,2005-02-22,2005-02-28,DOC_mgL,9.30078,16.3,6 days 00:00:00
2263,SR,259.0,44.764397905759154,287.5,39.1088952775509,0.5136633947488904,6.393743853940837,6.907407051464373,44.48333333,-72.16666667,2005-02-28,2005-03-09,2005-02-28,2005-03-09,DOC_mgL,2.0026800000000002,3.6,9 days 00:00:00
2264,SR,260.0,44.764397905759154,287.5,21.825239924982974,0.5314553249811548,5.99020318094428,6.521658562112179,44.48333333,-72.16666667,2005-03-09,2005-03-15,2005-03-09,2005-03-15,DOC_mgL,12.403709999999998,36.3,6 days 00:00:00
2265,SR,261.0,44.764397905759154,287.5,23.752175936804598,0.19918329071929047,2.234405509288683,2.433588780669204,44.48333333,-72.16666667,2005-03-15,2005-03-29,2005-03-15,2005-03-29,DOC_mgL,6.57422,19.1,14 days 00:00:00
2266,SR,262.0,44.764397905759154,287.5,39.693624389780524,0.6575252164251949,9.185064180298713,9.842589310074185,44.48333333,-72.16666667,2005-03-29,2005-04-05,2005-03-29,2005-04-05,DOC_mgL,19.8536,10.4,7 days 00:00:00
2267,SR,263.0,44.764397905759154,287.5,8.664235522599927,0.4463485223196179,6.977655172069774,7.424003538618054,44.48333333,-72.16666667,2005-04-05,2005-04-12,2005-04-05,2005-04-12,DOC_mgL,17.173740000000002,44.7,7 days 00:00:00
2268,SR,264.0,44.764397905759154,287.5,53.66400634938156,0.9975557687999519,15.626739330831093,16.624294996478962,44.48333333,-72.16666667,2005-04-12,2005-04-26,2005-04-12,2005-04-26,DOC_mgL,,6.9,14 days 00:00:00
2269,SR,265.0,44.764397905759154,287.5,34.17955202617007,0.5147801860564544,6.225318673058755,6.740098841551134,44.48333333,-72.16666667,2005-04-26,2005-05-03,2005-04-26,2005-05-03,DOC_mgL,32.21985,61.5,7 days 00:00:00
2270,SR,266.0,44.764397905759154,287.5,5.542840413053085,0.05725562906479394,0.6637837217382536,0.7210393326352073,44.48333333,-72.16666667,2005-05-03,2005-05-10,2005-05-03,2005-05-10,DOC_mgL,16.265610000000002,46.7,7 days 00:00:00
2271,SR,267.0,44.764397905759154,287.5,30.27436999089861,0.6508785919084776,11.995924953494683,12.646803384984624,44.48333333,-72.16666667,2005-05-10,2005-05-17,2005-05-10,2005-05-17,DOC_mgL,,4.1,7 days 00:00:00
2272,SR,268.0,44.764397905759154,287.5,29.105682050900583,0.22915243589379658,2.8605765631239954,3.0897289914066928,44.48333333,-72.16666667,2005-05-17,2005-05-24,2005-05-17,2005-05-24,DOC_mgL,19.51972,21.8,7 days 00:00:00
2273,SR,269.0,44.764397905759154,287.5,40.25629012218701,0.35285068443740175,6.913641641993761,7.26649256157022,44.48333333,-72.16666667,2005-05-24,2005-05-31,2005-05-24,2005-05-31,DOC_mgL,7.61376,16.8,7 days 00:00:00
2274,SR,270.0,44.764397905759154,287.5,11.220385098043018,0.309516859017811,9.811951702694277,10.121468547660829,44.48333333,-72.16666667,2005-05-31,2005-06-07,2005-05-31,2005-06-07,DOC_mgL,10.694600000000001,14.0,7 days 00:00:00
2275,SR,271.0,44.764397905759154,287.5,25.070232175039564,0.5963085377043431,19.17609554272226,19.772404251383602,44.48333333,-72.16666667,2005-06-07,2005-06-14,2005-06-07,2005-06-14,DOC_mgL,,4.8,7 days 00:00:00
2276,SR,272.0,44.764397905759154,287.5,83.71419504045186,0.7807863263646196,24.08075582844421,24.861541629496614,44.48333333,-72.16666667,2005-06-14,2005-06-21,2005-06-14,2005-06-21,DOC_mgL,,1.0,7 days 00:00:00
2277,SR,273.0,44.764397905759154,287.5,13.175370057119142,0.19842660055130745,8.668242246264011,8.866668535492094,44.48333333,-72.16666667,2005-06-21,2005-06-28,2005-06-21,2005-06-28,DOC_mgL,47.50674,105.9,7 days 00:00:00
2278,SR,274.0,44.764397905759154,287.5,39.402394546493404,0.6855035318575194,22.300761302463997,22.986265171551665,44.48333333,-72.16666667,2005-06-28,2005-07-05,2005-06-28,2005-07-05,DOC_mgL,,4.1,7 days 00:00:00
2279,SR,275.0,44.764397905759154,287.5,73.5444191871711,0.6066741904918592,28.68587451769539,29.292549387917077,44.48333333,-72.16666667,2005-07-05,2005-07-12,2005-07-05,2005-07-12,DOC_mgL,21.8368,6.4,7 days 00:00:00
2280,SR,276.0,44.764397905759154,287.5,37.790350447512026,0.472868389659719,23.869018899672774,24.341887517372733,44.48333333,-72.16666667,2005-07-12,2005-07-19,2005-07-12,2005-07-19,DOC_mgL,38.6568,47.2,7 days 00:00:00
2281,SR,277.0,44.764397905759154,287.5,12.283048756910661,0.44246700723031973,17.370865519265923,17.813332540520058,44.48333333,-72.16666667,2005-07-19,2005-07-26,2005-07-19,2005-07-26,DOC_mgL,46.2108,9.7,7 days 00:00:00
2282,SR,278.0,44.764397905759154,287.5,35.01558077917133,0.7570354833147505,32.011058101973404,32.76809360093459,44.48333333,-72.16666667,2005-07-26,2005-08-02,2005-07-26,2005-08-02,DOC_mgL,47.976299999999995,8.1,7 days 00:00:00
2283,SR,279.0,44.764397905759154,287.5,12.898790536129283,0.40512357769676677,18.266589217067207,18.671713399992726,44.48333333,-72.16666667,2005-08-02,2005-08-09,2005-08-02,2005-08-09,DOC_mgL,71.345,47.5,7 days 00:00:00
2284,SR,280.0,44.764397905759154,287.5,18.143101275747142,0.6230865417372611,24.6681474996846,25.29123448169468,44.48333333,-72.16666667,2005-08-09,2005-08-16,2005-08-09,2005-08-16,DOC_mgL,,5.6,7 days 00:00:00
2285,SR,281.0,44.764397905759154,287.5,15.761726261565023,0.7025826207103238,19.906655831992556,20.609238375421807,44.48333333,-72.16666667,2005-08-16,2005-08-25,2005-08-16,2005-08-25,DOC_mgL,,11.7,9 days 00:00:00
2286,SR,282.0,44.764397905759154,287.5,13.89030026722072,0.12088767228388718,3.6620901227800253,3.7829777189529867,44.48333333,-72.16666667,2005-08-25,2005-08-30,2005-08-25,2005-08-30,DOC_mgL,58.451100000000004,78.5,5 days 00:00:00
2287,SR,283.0,44.764397905759154,287.5,51.31164123012568,0.3966257934941353,12.190227613203803,12.586853339368982,44.48333333,-72.16666667,2005-08-30,2005-09-06,2005-08-30,2005-09-06,DOC_mgL,22.229999999999997,11.7,7 days 00:00:00
2288,SR,284.0,44.764397905759154,287.5,55.61506195750173,0.9484616245776475,22.20216942144284,23.15063113325525,44.48333333,-72.16666667,2005-09-06,2005-09-20,2005-09-06,2005-09-20,DOC_mgL,58.63572,87.1,14 days 00:00:00
2289,SR,285.0,44.764397905759154,287.5,35.980154539314974,0.8532556948529456,21.384538959534282,22.23779452212608,44.48333333,-72.16666667,2005-09-20,2005-09-27,2005-09-20,2005-09-27,DOC_mgL,31.179069999999996,37.3,7 days 00:00:00
2290,SR,286.0,44.764397905759154,287.5,15.77321183390862,0.143600106691832,2.419356305485731,2.562956444945612,44.48333333,-72.16666667,2005-09-27,2005-10-04,2005-09-27,2005-10-04,DOC_mgL,16.86316,20.6,7 days 00:00:00
2291,SR,287.0,44.764397905759154,287.5,68.94179905931009,0.2809345132335044,3.235953329421812,3.51688786432225,44.48333333,-72.16666667,2005-10-04,2005-10-11,2005-10-04,2005-10-11,DOC_mgL,7.671899999999999,10.7,7 days 00:00:00
2292,SR,288.0,44.764397905759154,287.5,138.33307130663997,0.32592740206556436,3.6290342972887526,3.9549617126188528,44.48333333,-72.16666667,2005-10-11,2005-10-18,2005-10-11,2005-10-18,DOC_mgL,26.323059999999995,88.6,7 days 00:00:00
2293,SR,289.0,44.764397905759154,287.5,50.73032191822864,0.4034072133591725,5.555338503668642,5.958745789955318,44.48333333,-72.16666667,2005-10-18,2005-10-25,2005-10-18,2005-10-25,DOC_mgL,48.15016,89.2,7 days 00:00:00
2294,SR,290.0,44.764397905759154,287.5,56.965533853974016,0.06361389606019378,0.8032862325920826,0.8669001273486927,44.48333333,-72.16666667,2005-10-25,2005-11-01,2005-10-25,2005-11-01,DOC_mgL,36.38516,65.3,7 days 00:00:00
2295,SR,291.0,44.764397905759154,287.5,8.691054916942775,0.46549185424207135,7.128786317506242,7.594278309333569,44.48333333,-72.16666667,2005-11-01,2005-11-08,2005-11-01,2005-11-08,DOC_mgL,8.831579999999999,25.4,7 days 00:00:00
2296,SR,292.0,44.764397905759154,287.5,22.500131834390924,0.22104816179079567,2.994820205498225,3.215868403432594,44.48333333,-72.16666667,2005-11-08,2005-11-15,2005-11-08,2005-11-15,DOC_mgL,12.335479999999999,13.7,7 days 00:00:00
2297,SR,293.0,44.764397905759154,287.5,72.44694383001793,0.46927827675427214,5.2680958111464555,5.737373991719121,44.48333333,-72.16666667,2005-11-15,2005-11-23,2005-11-15,2005-11-23,DOC_mgL,8.5293,23.4,8 days 00:00:00
2298,SR,294.0,44.764397905759154,287.5,11.861819029937436,0.23803423333974838,2.694895100824324,2.932929330651257,44.48333333,-72.16666667,2005-11-23,2005-11-29,2005-11-23,2005-11-29,DOC_mgL,25.618560000000002,70.4,6 days 00:00:00
2299,SR,295.0,44.764397905759154,287.5,26.382165214045017,0.26522514009249404,3.180281172394592,3.44550631658537,44.48333333,-72.16666667,2005-11-29,2005-12-06,2005-11-29,2005-12-06,DOC_mgL,7.235199999999999,15.2,7 days 00:00:00
2300,SR,296.0,44.764397905759154,287.5,9.618153491103287,0.19304622441611644,2.226293609620261,2.4193398682863245,44.48333333,-72.16666667,2005-12-06,2005-12-13,2005-12-06,2005-12-13,DOC_mgL,12.602879999999999,38.4,7 days 00:00:00
2301,SR,297.0,44.764397905759154,287.5,21.80334704712239,0.02995559926773672,0.3893471203798571,0.4193027241300743,44.48333333,-72.16666667,2005-12-13,2005-12-20,2005-12-13,2005-12-20,DOC_mgL,4.24305,13.5,7 days 00:00:00
2302,SR,298.0,44.764397905759154,287.5,45.04890278731466,0.6236049477584965,6.927141802358372,7.550746695082767,44.48333333,-72.16666667,2005-12-20,2005-12-27,2005-12-20,2005-12-27,DOC_mgL,10.68985,33.5,7 days 00:00:00
2303,SR,299.0,44.764397905759154,287.5,24.933868537857506,0.29186288708115193,3.371063596237928,3.662926473073369,44.48333333,-72.16666667,2005-12-27,2006-01-03,2005-12-27,2006-01-03,DOC_mgL,16.25583,36.1,7 days 00:00:00
2304,SR,300.0,44.764397905759154,287.5,8.514560733274834,0.2337993307029358,2.9061390604879973,3.1399384563249506,44.48333333,-72.16666667,2006-01-03,2006-01-10,2006-01-03,2006-01-10,DOC_mgL,,17.5,7 days 00:00:00
2305,SR,301.0,44.764397905759154,287.5,38.03502920218804,0.26923221681096615,3.2077163562434468,3.4769485759771848,44.48333333,-72.16666667,2006-01-10,2006-01-17,2006-01-10,2006-01-17,DOC_mgL,,14.0,7 days 00:00:00
2306,SR,302.0,44.764397905759154,287.5,23.983928070769878,0.28080271521881034,3.2283059869796693,3.5091087478667906,44.48333333,-72.16666667,2006-01-17,2006-01-24,2006-01-17,2006-01-24,DOC_mgL,,33.0,7 days 00:00:00
2307,SR,303.0,44.764397905759154,287.5,17.684725155087122,0.6687820760356578,6.659600128376326,7.328382197386318,44.48333333,-72.16666667,2006-01-24,2006-01-31,2006-01-24,2006-01-31,DOC_mgL,,50.8,7 days 00:00:00
2308,SR,304.0,44.764397905759154,287.5,37.75156832681592,0.45430479505290455,5.4606194144560245,5.914924214485417,44.48333333,-72.16666667,2006-01-31,2006-02-07,2006-01-31,2006-02-07,DOC_mgL,,21.3,7 days 00:00:00
2309,SR,305.0,44.764397905759154,287.5,3.9924865195634096,0.05536134935910679,0.6596309259832239,0.7149922879116222,44.48333333,-72.16666667,2006-02-07,2006-02-14,2006-02-07,2006-02-14,DOC_mgL,,44.2,7 days 00:00:00
2310,SR,306.0,44.764397905759154,287.5,9.687964940899295,0.3826975562349105,5.895959022168179,6.2786565994228045,44.48333333,-72.16666667,2006-02-14,2006-02-21,2006-02-14,2006-02-21,DOC_mgL,,2.8,7 days 00:00:00
2311,SR,307.0,44.764397905759154,287.5,8.343892532103325,0.5635487909396678,6.936522708176144,7.500071519113243,44.48333333,-72.16666667,2006-02-21,2006-02-28,2006-02-21,2006-02-28,DOC_mgL,,15.0,7 days 00:00:00
2312,SR,308.0,44.764397905759154,287.5,5.426685299078985,0.05274622169608393,0.6367322868006141,0.6894785111313004,44.48333333,-72.16666667,2006-02-28,2006-03-08,2006-02-28,2006-03-08,DOC_mgL,,10.7,8 days 00:00:00
2313,SR,309.0,44.764397905759154,287.5,39.24883725070424,0.6356269455966442,9.579653396907771,10.215280155264056,44.48333333,-72.16666667,2006-03-08,2006-03-14,2006-03-08,2006-03-14,DOC_mgL,,8.1,6 days 00:00:00
2314,SR,310.0,44.764397905759154,287.5,11.324468456175296,0.34381218968922145,4.502982972289698,4.846795194243759,44.48333333,-72.16666667,2006-03-14,2006-03-21,2006-03-14,2006-03-21,DOC_mgL,,30.2,7 days 00:00:00
2315,SR,311.0,44.764397905759154,287.5,0.8875414093167944,0.07132706628523686,0.7001249978196536,0.7714520705450503,44.48333333,-72.16666667,2006-03-21,2006-03-28,2006-03-21,2006-03-28,DOC_mgL,,8.6,7 days 00:00:00
2316,SR,312.0,44.764397905759154,287.5,6.462482829360211,0.2389998929585373,3.650718462493242,3.8897182512383024,44.48333333,-72.16666667,2006-03-28,2006-04-04,2006-03-28,2006-04-04,DOC_mgL,,2.8,7 days 00:00:00
2317,SR,313.0,44.764397905759154,287.5,46.76289909904853,0.4708272192449511,6.267790037011585,6.738617150922256,44.48333333,-72.16666667,2006-04-04,2006-04-12,2006-04-04,2006-04-12,DOC_mgL,,37.1,8 days 00:00:00
2318,SR,314.0,44.764397905759154,287.5,6.377347969697967,0.529977775224939,7.106146826603233,7.636124441996088,44.48333333,-72.16666667,2006-04-12,2006-04-18,2006-04-12,2006-04-18,DOC_mgL,,8.9,6 days 00:00:00
2319,SR,315.0,44.764397905759154,287.5,38.38860757487724,0.299463408674171,4.579526092715613,4.878989498961002,44.48333333,-72.16666667,2006-04-18,2006-04-25,2006-04-18,2006-04-25,DOC_mgL,,9.8,7 days 00:00:00
2320,SR,316.0,44.764397905759154,287.5,33.847354734639815,0.27683928888923703,3.911712141043398,4.188551466506162,44.48333333,-72.16666667,2006-04-25,2006-05-09,2006-04-25,2006-05-09,DOC_mgL,,34.3,14 days 00:00:00
2321,SR,317.0,44.764397905759154,287.5,42.527435883243925,0.34933259000346356,5.263896123673673,5.613228670937886,44.48333333,-72.16666667,2006-05-09,2006-05-16,2006-05-09,2006-05-16,DOC_mgL,,18.2,7 days 00:00:00
2322,SR,318.0,44.764397905759154,287.5,77.38269358732452,1.0524985730609586,15.084907535600767,16.137406386174113,44.48333333,-72.16666667,2006-05-16,2006-05-23,2006-05-16,2006-05-23,DOC_mgL,,34.0,7 days 00:00:00
2323,SR,319.0,44.764397905759154,287.5,17.57117458405606,0.44083159348940976,9.437430803880405,9.878262440694519,44.48333333,-72.16666667,2006-05-23,2006-05-30,2006-05-23,2006-05-30,DOC_mgL,,97.8,7 days 00:00:00
2324,SR,320.0,44.764397905759154,287.5,43.852048328574256,0.7024118498758121,21.676681406096463,22.379093175470267,44.48333333,-72.16666667,2006-05-30,2006-06-06,2006-05-30,2006-06-06,DOC_mgL,,3.0,7 days 00:00:00
2325,SR,321.0,44.764397905759154,287.5,64.4715505341148,0.437977871694693,7.8557983165458705,8.293776165846367,44.48333333,-72.16666667,2006-06-06,2006-06-13,2006-06-06,2006-06-13,DOC_mgL,,40.1,7 days 00:00:00
2326,SR,322.0,44.764397905759154,287.5,14.518773366456461,0.33069547093376395,12.298780127130426,12.629475630923647,44.48333333,-72.16666667,2006-06-13,2006-06-20,2006-06-13,2006-06-20,DOC_mgL,,63.0,7 days 00:00:00
2327,SR,323.0,44.764397905759154,287.5,61.62628317467056,0.4964428147942015,14.577135154427573,15.073577688384104,44.48333333,-72.16666667,2006-06-20,2006-06-27,2006-06-20,2006-06-27,DOC_mgL,,5.8,7 days 00:00:00
2328,SR,324.0,44.764397905759154,287.5,48.364272854195534,0.8762655874343384,29.44632587764673,30.322591687559353,44.48333333,-72.16666667,2006-06-27,2006-07-05,2006-06-27,2006-07-05,DOC_mgL,,82.0,8 days 00:00:00
2329,SR,325.0,44.764397905759154,287.5,31.680637954404844,0.668612410157824,26.84780839423261,27.516420257763485,44.48333333,-72.16666667,2006-07-05,2006-07-18,2006-07-05,2006-07-18,DOC_mgL,,63.0,13 days 00:00:00
2330,SR,326.0,44.764397905759154,287.5,40.97136315953081,0.9438032862207393,37.78759383869297,38.73139693931999,44.48333333,-72.16666667,2006-07-18,2006-07-25,2006-07-18,2006-07-25,DOC_mgL,,33.3,7 days 00:00:00
2331,SR,327.0,44.764397905759154,287.5,57.14407519060707,1.6972041540089566,66.06425825325023,67.76146305661779,44.48333333,-72.16666667,2006-07-25,2006-08-08,2006-07-25,2006-08-08,DOC_mgL,,14.5,14 days 00:00:00
2332,SR,328.0,44.764397905759154,287.5,8.375517959705036,0.13218598891020544,4.885077720436981,5.0172637659547465,44.48333333,-72.16666667,2006-08-08,2006-08-15,2006-08-08,2006-08-15,DOC_mgL,,57.2,7 days 00:00:00
2333,SR,329.0,44.764397905759154,287.5,23.817344305637754,1.557327310846028,40.856649686886456,42.41397764098015,44.48333333,-72.16666667,2006-08-15,2006-08-22,2006-08-15,2006-08-22,DOC_mgL,,5.6,7 days 00:00:00
2334,SR,330.0,44.764397905759154,287.5,31.17264161660504,0.25169242018627325,7.17543484434445,7.427127089905394,44.48333333,-72.16666667,2006-08-22,2006-08-29,2006-08-22,2006-08-29,DOC_mgL,,76.5,7 days 00:00:00
2335,SR,331.0,44.764397905759154,287.5,19.216956641389395,0.14829474849636123,3.352799241365667,3.501093983476755,44.48333333,-72.16666667,2006-08-29,2006-09-05,2006-08-29,2006-09-05,DOC_mgL,,9.9,7 days 00:00:00
2336,SR,332.0,44.764397905759154,287.5,8.410376301424,0.26651431205381554,6.042556691313972,6.309070977003378,44.48333333,-72.16666667,2006-09-05,2006-09-13,2006-09-05,2006-09-13,DOC_mgL,,4.6,8 days 00:00:00
2337,SR,333.0,44.764397905759154,287.5,34.33233734636115,0.3073385261014087,4.468010265753918,4.775348818110246,44.48333333,-72.16666667,2006-09-13,2006-09-19,2006-09-13,2006-09-19,DOC_mgL,,9.4,6 days 00:00:00
2338,SR,334.0,44.764397905759154,287.5,22.42136670759509,0.6025475154652763,16.977420118696934,17.579967655147623,44.48333333,-72.16666667,2006-09-19,2006-09-26,2006-09-19,2006-09-26,DOC_mgL,,7.4,7 days 00:00:00
2339,SR,335.0,44.764397905759154,287.5,42.08995120574214,0.43843895456543613,6.548864125952225,6.987303103790065,44.48333333,-72.16666667,2006-09-26,2006-10-03,2006-09-26,2006-10-03,DOC_mgL,,13.9,7 days 00:00:00
2340,SR,336.0,44.764397905759154,287.5,6.996150164186758,0.47873399172208775,9.894548832456616,10.373283007101278,44.48333333,-72.16666667,2006-10-03,2006-10-10,2006-10-03,2006-10-10,DOC_mgL,,53.6,7 days 00:00:00
2341,SR,337.0,44.764397905759154,287.5,3.969913654135789,0.21609559696313158,3.525293299376896,3.7413889338512205,44.48333333,-72.16666667,2006-10-10,2006-10-17,2006-10-10,2006-10-17,DOC_mgL,,12.4,7 days 00:00:00
2342,SR,338.0,44.764397905759154,287.5,67.90188880287928,0.8313579069304036,9.188548159844157,10.019906184453864,44.48333333,-72.16666667,2006-10-17,2006-10-24,2006-10-17,2006-10-24,DOC_mgL,,17.3,7 days 00:00:00
2343,SR,339.0,44.764397905759154,287.5,48.54728296586064,0.23300456436489012,2.470270025448258,2.7032745712084933,44.48333333,-72.16666667,2006-10-24,2006-10-31,2006-10-24,2006-10-31,DOC_mgL,,91.2,7 days 00:00:00
2344,SR,340.0,44.764397905759154,287.5,4.4665564442047945,0.19770588532397304,3.277912810325037,3.475618678066639,44.48333333,-72.16666667,2006-10-31,2006-11-07,2006-10-31,2006-11-07,DOC_mgL,,71.9,7 days 00:00:00
2345,SR,341.0,44.764397905759154,287.5,27.45069741287992,0.8231940509012179,9.721486480857196,10.54468076107937,44.48333333,-72.16666667,2006-11-07,2006-11-15,2006-11-07,2006-11-15,DOC_mgL,,6.0,8 days 00:00:00
2346,SR,342.0,44.764397905759154,287.5,14.548462666574835,0.22333516383910706,2.37066145073947,2.5939965776940186,44.48333333,-72.16666667,2006-11-15,2006-11-21,2006-11-15,2006-11-21,DOC_mgL,,40.5,6 days 00:00:00
2347,SR,343.0,44.764397905759154,287.5,30.17284255439177,0.5111054650999919,6.543333578783795,7.054438932636639,44.48333333,-72.16666667,2006-11-21,2006-12-05,2006-11-21,2006-12-05,DOC_mgL,,9.9,14 days 00:00:00
2348,SR,344.0,44.764397905759154,287.5,6.133988742540453,0.1710219730481459,1.7378474089467522,1.9088693606252733,44.48333333,-72.16666667,2006-12-05,2006-12-12,2006-12-05,2006-12-12,DOC_mgL,,67.8,7 days 00:00:00
2349,SR,345.0,44.764397905759154,287.5,8.32465659286187,0.1584351596694688,1.785697202605352,1.9441323152909196,44.48333333,-72.16666667,2006-12-12,2006-12-19,2006-12-12,2006-12-19,DOC_mgL,,10.4,7 days 00:00:00
2350,SR,346.0,44.764397905759154,287.5,34.92114146852465,0.2514718483619181,2.7344435976991597,2.9859154578802367,44.48333333,-72.16666667,2006-12-19,2006-12-27,2006-12-19,2006-12-27,DOC_mgL,,9.7,8 days 00:00:00
2351,SR,347.0,44.764397905759154,287.5,14.384021378388567,0.12479030379975849,1.3885508350537317,1.513341145734468,44.48333333,-72.16666667,2006-12-27,2007-01-03,2006-12-27,2007-01-03,DOC_mgL,,36.3,7 days 00:00:00
2352,SR,348.0,44.764397905759154,287.5,58.35375184979341,0.2993025517369647,2.9814440889996137,3.2807466181228317,44.48333333,-72.16666667,2007-01-03,2007-01-09,2007-01-03,2007-01-09,DOC_mgL,,23.6,6 days 00:00:00
2353,SR,349.0,44.764397905759154,287.5,16.09001435287638,0.23111033789838253,2.646782105986123,2.877892455593889,44.48333333,-72.16666667,2007-01-09,2007-01-16,2007-01-09,2007-01-16,DOC_mgL,,51.6,7 days 00:00:00
2354,SR,350.0,44.764397905759154,287.5,5.7653130387747,0.5687666107865144,5.430519218292337,5.999285774996137,44.48333333,-72.16666667,2007-01-16,2007-01-23,2007-01-16,2007-01-23,DOC_mgL,,25.1,7 days 00:00:00
2355,SR,351.0,44.764397905759154,287.5,1.2684058549483623,0.16581028454551103,1.4238212850924137,1.5896315740289435,44.48333333,-72.16666667,2007-01-23,2007-01-30,2007-01-23,2007-01-30,DOC_mgL,,6.9,7 days 00:00:00
2356,SR,352.0,44.764397905759154,287.5,6.498162312240652,0.20784712380622378,2.7181192868379016,2.925966438161141,44.48333333,-72.16666667,2007-01-30,2007-02-06,2007-01-30,2007-02-06,DOC_mgL,,1.5,7 days 00:00:00
2357,SR,353.0,44.764397905759154,287.5,1.5009546457722678,0.045324074256973636,0.5696996269161912,0.6150237058317614,44.48333333,-72.16666667,2007-02-06,2007-02-13,2007-02-06,2007-02-13,DOC_mgL,,9.4,7 days 00:00:00
2358,SR,354.0,44.764397905759154,287.5,45.833805020123464,0.2563011452787823,2.746392665626944,3.002693854376955,44.48333333,-72.16666667,2007-02-13,2007-02-20,2007-02-13,2007-02-20,DOC_mgL,,13.2,7 days 00:00:00
2359,SR,355.0,44.764397905759154,287.5,23.800729736913407,0.5397851298707433,6.68686510605414,7.2266503908844895,44.48333333,-72.16666667,2007-02-20,2007-03-07,2007-02-20,2007-03-07,DOC_mgL,,54.1,15 days 00:00:00
2360,SR,356.0,44.764397905759154,287.5,4.712727930700211,0.49631608163774193,8.665377066571443,9.161693223441965,44.48333333,-72.16666667,2007-03-07,2007-03-13,2007-03-07,2007-03-13,DOC_mgL,,37.8,6 days 00:00:00
2361,SR,357.0,44.764397905759154,287.5,51.760840963765986,0.5479909986720599,7.345800733318808,7.893791926366633,44.48333333,-72.16666667,2007-03-13,2007-03-20,2007-03-13,2007-03-20,DOC_mgL,,4.1,7 days 00:00:00
2362,SR,358.0,44.764397905759154,287.5,25.177969959770675,0.7162518934260363,10.4040979418356,11.120349758272443,44.48333333,-72.16666667,2007-03-20,2007-03-27,2007-03-20,2007-03-27,DOC_mgL,,49.3,7 days 00:00:00
2363,SR,359.0,44.764397905759154,287.5,15.812699932068714,0.2295966514894285,2.9465648857645785,3.176161542450046,44.48333333,-72.16666667,2007-03-27,2007-04-03,2007-03-27,2007-04-03,DOC_mgL,,8.6,7 days 00:00:00
2364,SR,360.0,44.764397905759154,287.5,37.35596775751304,0.5740135419719448,7.220319130085695,7.794332638685897,44.48333333,-72.16666667,2007-04-03,2007-04-10,2007-04-03,2007-04-10,DOC_mgL,,6.9,7 days 00:00:00
2365,SR,361.0,44.764397905759154,287.5,117.36462829832206,0.20250998806094211,2.5253571025318475,2.727867093081177,44.48333333,-72.16666667,2007-04-10,2007-04-17,2007-04-10,2007-04-17,DOC_mgL,,42.2,7 days 00:00:00
2366,SR,362.0,44.764397905759154,287.5,11.52280492852098,0.07106819798706558,1.0888056645441702,1.1598738438237377,44.48333333,-72.16666667,2007-04-17,2007-04-24,2007-04-17,2007-04-24,DOC_mgL,,68.1,7 days 00:00:00
2367,SR,363.0,44.764397905759154,287.5,24.971020826453085,0.617457011150661,11.11437940479801,11.73183672024713,44.48333333,-72.16666667,2007-04-24,2007-05-01,2007-04-24,2007-05-01,DOC_mgL,,0.0,7 days 00:00:00
2368,SR,364.0,44.764397905759154,287.5,4.108705554434211,0.04984889594524758,0.582801688765802,0.632650594206592,44.48333333,-72.16666667,2007-05-01,2007-05-08,2007-05-01,2007-05-08,DOC_mgL,,18.0,7 days 00:00:00
2369,SR,365.0,44.764397905759154,287.5,89.09717403236053,1.7004938541881625,30.883071675761457,32.58356612101734,44.48333333,-72.16666667,2007-05-08,2007-05-22,2007-05-08,2007-05-22,DOC_mgL,,0.0,14 days 00:00:00
2370,SR,366.0,44.764397905759154,287.5,16.506496621448985,0.417693020007395,11.621168769918615,12.038861701812412,44.48333333,-72.16666667,2007-05-22,2007-05-29,2007-05-22,2007-05-29,DOC_mgL,,76.5,7 days 00:00:00
2371,SR,367.0,44.764397905759154,287.5,50.04680308933196,1.1219769358090828,27.50105649281572,28.623033348964405,44.48333333,-72.16666667,2007-05-29,2007-06-05,2007-05-29,2007-06-05,DOC_mgL,,5.1,7 days 00:00:00
2372,SR,368.0,44.764397905759154,287.5,16.837360345167696,0.3465815897945798,11.643997518528266,11.990579145207402,44.48333333,-72.16666667,2007-06-05,2007-06-12,2007-06-05,2007-06-12,DOC_mgL,,53.1,7 days 00:00:00
2373,SR,369.0,44.764397905759154,287.5,5.727269036975846,0.16103959707263227,6.123563910143679,6.284603485371028,44.48333333,-72.16666667,2007-06-12,2007-06-19,2007-06-12,2007-06-19,DOC_mgL,,5.8,7 days 00:00:00
2374,SR,370.0,44.764397905759154,287.5,29.748764546255746,0.8598786022024393,19.391613013388863,20.251492156473336,44.48333333,-72.16666667,2007-06-19,2007-06-26,2007-06-19,2007-06-26,DOC_mgL,,7.4,7 days 00:00:00
2375,SR,371.0,44.764397905759154,287.5,12.516060890799263,0.3483906476976253,10.10946803141848,10.457858529262655,44.48333333,-72.16666667,2007-06-26,2007-07-03,2007-06-26,2007-07-03,DOC_mgL,,51.3,7 days 00:00:00
2376,SR,372.0,44.764397905759154,287.5,53.28337195784627,1.0688376699333202,31.336625344602353,32.405463637474874,44.48333333,-72.16666667,2007-07-03,2007-07-10,2007-07-03,2007-07-10,DOC_mgL,,20.1,7 days 00:00:00
2377,SR,373.0,44.764397905759154,287.5,41.26690711228065,0.7798740847444856,31.386639840272345,32.166514230339004,44.48333333,-72.16666667,2007-07-10,2007-07-17,2007-07-10,2007-07-17,DOC_mgL,,68.6,7 days 00:00:00
2378,SR,374.0,44.764397905759154,287.5,45.67342653383211,0.691830262386644,22.538187072706183,23.230017911807405,44.48333333,-72.16666667,2007-07-17,2007-07-24,2007-07-17,2007-07-24,DOC_mgL,,38.0,7 days 00:00:00
2379,SR,375.0,44.764397905759154,287.5,52.816147322454384,0.8874971164230885,32.94294451580717,33.83044181496981,44.48333333,-72.16666667,2007-07-24,2007-08-07,2007-07-24,2007-08-07,DOC_mgL,,48.3,14 days 00:00:00
2380,SR,376.0,44.764397905759154,287.5,15.869718147598633,0.7419175377901547,22.921722134805,23.663640111700467,44.48333333,-72.16666667,2007-08-07,2007-08-14,2007-08-07,2007-08-14,DOC_mgL,,42.7,7 days 00:00:00
2381,SR,377.0,44.764397905759154,287.5,7.270278812478332,0.21115071415881986,6.82824730303044,7.039397965805192,44.48333333,-72.16666667,2007-08-14,2007-08-21,2007-08-14,2007-08-21,DOC_mgL,,21.6,7 days 00:00:00
2382,SR,378.0,44.764397905759154,287.5,5.5404437209280495,0.4014566629961609,10.787813509892652,11.189270055465654,44.48333333,-72.16666667,2007-08-21,2007-08-28,2007-08-21,2007-08-28,DOC_mgL,,19.3,7 days 00:00:00
2383,SR,379.0,44.764397905759154,287.5,18.706801410985598,0.3271323512403328,10.318121517358666,10.645254044312695,44.48333333,-72.16666667,2007-08-28,2007-09-11,2007-08-28,2007-09-11,DOC_mgL,,19.1,14 days 00:00:00
2384,SR,380.0,44.764397905759154,287.5,37.01127733505851,0.6406647407014041,12.554863130945225,13.195527764030077,44.48333333,-72.16666667,2007-09-11,2007-09-18,2007-09-11,2007-09-18,DOC_mgL,,16.0,7 days 00:00:00
2385,SR,381.0,44.764397905759154,287.5,43.96269490765803,0.8880219617272375,22.592082020800497,23.480104297253778,44.48333333,-72.16666667,2007-09-18,2007-10-02,2007-09-18,2007-10-02,DOC_mgL,,44.7,14 days 00:00:00
2386,SR,382.0,44.764397905759154,287.5,28.114281304296746,0.5085765606642818,10.619986017631842,11.128562368039507,44.48333333,-72.16666667,2007-10-02,2007-10-09,2007-10-02,2007-10-09,DOC_mgL,,36.1,7 days 00:00:00
2387,SR,383.0,44.764397905759154,287.5,9.900502331161576,0.286307118638196,4.597759260815959,4.884066423949812,44.48333333,-72.16666667,2007-10-09,2007-10-16,2007-10-09,2007-10-16,DOC_mgL,,24.9,7 days 00:00:00
2388,SR,384.0,44.764397905759154,287.5,49.864283328989856,0.3652086447715738,4.469593118573938,4.834801815916499,44.48333333,-72.16666667,2007-10-16,2007-10-24,2007-10-16,2007-10-24,DOC_mgL,,26.7,8 days 00:00:00
2389,SR,385.0,44.764397905759154,287.5,27.036993360401993,0.19490045646000592,2.329998456022137,2.524898824662383,44.48333333,-72.16666667,2007-10-24,2007-10-31,2007-10-24,2007-10-31,DOC_mgL,,62.5,7 days 00:00:00
2390,SR,386.0,44.764397905759154,287.5,10.306878000114532,0.11771244869536672,1.930031836272117,2.0477442811617195,44.48333333,-72.16666667,2007-10-31,2007-11-06,2007-10-31,2007-11-06,DOC_mgL,,49.0,6 days 00:00:00
2391,SR,387.0,44.764397905759154,287.5,19.87535418556119,0.5307532761159457,7.886467453795207,8.417220954466025,44.48333333,-72.16666667,2007-11-06,2007-11-13,2007-11-06,2007-11-13,DOC_mgL,,30.1,7 days 00:00:00
2392,SR,388.0,44.764397905759154,287.5,39.22598309239467,0.7654782979723651,10.122358465487757,10.887836564949481,44.48333333,-72.16666667,2007-11-13,2007-11-19,2007-11-13,2007-11-19,DOC_mgL,,4.6,6 days 00:00:00
2393,SR,389.0,44.764397905759154,287.5,49.14028107660073,0.5273469345100682,6.441596824501538,6.968943656133694,44.48333333,-72.16666667,2007-11-19,2007-11-27,2007-11-19,2007-11-27,DOC_mgL,,55.9,8 days 00:00:00
2394,SR,390.0,44.764397905759154,287.5,43.93868745744545,0.42725958903679084,5.410837022185033,5.83809667796531,44.48333333,-72.16666667,2007-11-27,2007-12-04,2007-11-27,2007-12-04,DOC_mgL,,57.7,7 days 00:00:00
2395,SR,391.0,44.764397905759154,287.5,6.974292655367864,0.08163767142944268,0.8966011747522553,0.9782388333381109,44.48333333,-72.16666667,2007-12-04,2007-12-11,2007-12-04,2007-12-11,DOC_mgL,,32.0,7 days 00:00:00
2396,SR,392.0,44.764397905759154,287.5,43.02629441852446,0.12956836951006495,1.4227134579811174,1.552281846811665,44.48333333,-72.16666667,2007-12-11,2007-12-18,2007-12-11,2007-12-18,DOC_mgL,,6.4,7 days 00:00:00
2397,SR,393.0,44.764397905759154,287.5,18.957536906683004,0.23774288814470879,2.9121264903415183,3.1498694293488616,44.48333333,-72.16666667,2007-12-18,2007-12-26,2007-12-18,2007-12-26,DOC_mgL,,57.2,8 days 00:00:00
2398,SR,394.0,44.764397905759154,287.5,24.318240783682832,0.5595841109942387,6.291626073254286,6.851209989177515,44.48333333,-72.16666667,2007-12-26,2008-01-02,2007-12-26,2008-01-02,DOC_mgL,,28.4,7 days 00:00:00
2399,SR,395.0,44.764397905759154,287.5,46.3214614952745,0.5934708342061054,7.423250404330057,8.016721276653406,44.48333333,-72.16666667,2008-01-02,2008-01-15,2008-01-02,2008-01-15,DOC_mgL,3.519,39.1,13 days 00:00:00
2400,SR,396.0,44.764397905759154,287.5,8.208137776566371,0.11325380976995919,1.3353048302627393,1.4485586526754592,44.48333333,-72.16666667,2008-01-15,2008-01-22,2008-01-15,2008-01-22,DOC_mgL,4.08,27.2,7 days 00:00:00
2401,SR,397.0,44.764397905759154,287.5,64.05386717765523,0.6862927264483298,8.928819835299887,9.615112564260151,44.48333333,-72.16666667,2008-01-22,2008-02-07,2008-01-22,2008-02-07,DOC_mgL,2.074,12.2,16 days 00:00:00
2402,SR,398.0,44.764397905759154,287.5,15.277673268876413,0.7958476518424296,10.612852702901465,11.408700172077513,44.48333333,-72.16666667,2008-02-07,2008-02-12,2008-02-07,2008-02-12,DOC_mgL,30.636,82.8,5 days 00:00:00
2403,SR,399.0,44.764397905759154,287.5,71.69267751097746,0.49337928695550465,7.564309828218905,8.057689163164586,44.48333333,-72.16666667,2008-02-12,2008-02-19,2008-02-12,2008-02-19,DOC_mgL,9.0,15.0,7 days 00:00:00
2404,SR,400.0,44.764397905759154,287.5,2.3021930585898542,0.05520026447452756,0.6772015460880697,0.7324017912420392,44.48333333,-72.16666667,2008-02-19,2008-02-26,2008-02-19,2008-02-26,DOC_mgL,18.424,37.6,7 days 00:00:00
2405,SR,401.0,44.764397905759154,287.5,20.495143834864393,0.7672284889435194,9.065373745426042,9.832602469728169,44.48333333,-72.16666667,2008-02-26,2008-02-29,2008-02-26,2008-02-29,DOC_mgL,2.924,4.3,3 days 00:00:00
2406,SR,402.0,44.764397905759154,287.5,10.684583943998405,0.29923482612668856,4.000133965471192,4.299368782084007,44.48333333,-72.16666667,2008-02-29,2008-03-03,2008-02-29,2008-03-03,DOC_mgL,3.6599999999999997,6.1,3 days 00:00:00
2407,SR,403.0,44.764397905759154,287.5,94.3385162087057,0.47230309188134956,6.779146238382514,7.251449442673872,44.48333333,-72.16666667,2008-03-03,2008-03-11,2008-03-03,2008-03-11,DOC_mgL,14.441999999999998,24.9,8 days 00:00:00
2408,SR,404.0,44.764397905759154,287.5,4.875683240346262,0.2572833959190124,3.3767092382423574,3.633992603716544,44.48333333,-72.16666667,2008-03-11,2008-03-18,2008-03-11,2008-03-18,DOC_mgL,30.744000000000003,54.9,7 days 00:00:00
2409,SR,405.0,44.764397905759154,287.5,22.84416238436393,0.20950005398578583,3.115122984823766,3.3246231064312775,44.48333333,-72.16666667,2008-03-18,2008-03-25,2008-03-18,2008-03-25,DOC_mgL,9.405,9.9,7 days 00:00:00
2410,SR,406.0,44.764397905759154,287.5,13.56780999730578,0.16406429299436617,2.1097018468164936,2.2737660999983844,44.48333333,-72.16666667,2008-03-25,2008-04-01,2008-03-25,2008-04-01,DOC_mgL,13.600000000000001,34.0,7 days 00:00:00
2411,SR,407.0,44.764397905759154,287.5,10.482701406447186,0.11481733096611296,1.7072439045807792,1.822061199247817,44.48333333,-72.16666667,2008-04-01,2008-04-08,2008-04-01,2008-04-08,DOC_mgL,8.424,11.7,7 days 00:00:00
2412,SR,408.0,44.764397905759154,287.5,32.56673855504544,0.221529537096804,4.15437151820977,4.375901018421873,44.48333333,-72.16666667,2008-04-08,2008-04-15,2008-04-08,2008-04-15,DOC_mgL,14.655999999999999,22.9,7 days 00:00:00
2413,SR,409.0,44.764397905759154,287.5,0.48775680715837877,0.03162708090134558,0.6128655109085624,0.6444926222359959,44.48333333,-72.16666667,2008-04-15,2008-04-22,2008-04-15,2008-04-22,DOC_mgL,8.7,14.5,7 days 00:00:00
2414,SR,410.0,44.764397905759154,287.5,69.46943809085226,0.4743686122004381,7.778570423185339,8.252939211026458,44.48333333,-72.16666667,2008-04-22,2008-04-30,2008-04-22,2008-04-30,DOC_mgL,,0.0,8 days 00:00:00
2415,SR,411.0,44.764397905759154,287.5,10.372155011148521,0.24981313851651235,5.01659867212344,5.2664118926785335,44.48333333,-72.16666667,2008-04-30,2008-05-06,2008-04-30,2008-05-06,DOC_mgL,19.52,61.0,6 days 00:00:00
2416,SR,412.0,44.764397905759154,287.5,5.274093340307263,0.11997473395078712,2.233788248221392,2.3537629062258496,44.48333333,-72.16666667,2008-05-06,2008-05-13,2008-05-06,2008-05-13,DOC_mgL,,6.9,7 days 00:00:00
2417,SR,413.0,44.764397905759154,287.5,10.535759048883788,0.19715963284057145,3.959697053741978,4.156856733340039,44.48333333,-72.16666667,2008-05-13,2008-05-20,2008-05-13,2008-05-20,DOC_mgL,,0.0,7 days 00:00:00
2418,SR,414.0,44.764397905759154,287.5,10.288003043379401,0.2888325863881604,4.710305972707458,4.999138621814003,44.48333333,-72.16666667,2008-05-20,2008-05-27,2008-05-20,2008-05-27,DOC_mgL,24.96,16.0,7 days 00:00:00
2419,SR,415.0,44.764397905759154,287.5,62.212970370470465,0.7086979418479066,18.013091858016566,18.721789242095312,44.48333333,-72.16666667,2008-05-27,2008-06-03,2008-05-27,2008-06-03,DOC_mgL,29.352999999999998,19.7,7 days 00:00:00
2420,SR,416.0,44.764397905759154,287.5,46.53072856459772,0.7140530495987514,25.235273445889383,25.949326656199425,44.48333333,-72.16666667,2008-06-03,2008-06-10,2008-06-03,2008-06-10,DOC_mgL,31.356,20.1,7 days 00:00:00
2421,SR,417.0,44.764397905759154,287.5,32.15962389834654,0.6492322905909049,31.460303710400147,32.10953664208023,44.48333333,-72.16666667,2008-06-10,2008-06-17,2008-06-10,2008-06-17,DOC_mgL,38.627,36.1,7 days 00:00:00
2422,SR,418.0,44.764397905759154,287.5,47.8940011042539,0.5444501396598134,14.945292153845102,15.489742213881108,44.48333333,-72.16666667,2008-06-17,2008-06-24,2008-06-17,2008-06-24,DOC_mgL,54.4,32.0,7 days 00:00:00
2423,SR,419.0,44.764397905759154,287.5,34.59878278717632,0.7402495963860362,28.30155634535314,29.041805666568663,44.48333333,-72.16666667,2008-06-24,2008-07-01,2008-06-24,2008-07-01,DOC_mgL,33.117,39.9,7 days 00:00:00
2424,SR,420.0,44.764397905759154,287.5,7.10635901626862,0.2111990227352306,7.654009307433259,7.865208113764355,44.48333333,-72.16666667,2008-07-01,2008-07-08,2008-07-01,2008-07-08,DOC_mgL,34.452,34.8,7 days 00:00:00
2425,SR,421.0,44.764397905759154,287.5,23.34756856487985,0.7084944628535632,36.18901039110882,36.8975049053373,44.48333333,-72.16666667,2008-07-08,2008-07-15,2008-07-08,2008-07-15,DOC_mgL,16.465,18.5,7 days 00:00:00
2426,SR,422.0,44.764397905759154,287.5,24.897983948332648,0.5850749483526408,26.142920234867304,26.72799518585456,44.48333333,-72.16666667,2008-07-15,2008-07-22,2008-07-15,2008-07-22,DOC_mgL,56.791000000000004,42.7,7 days 00:00:00
2427,SR,423.0,44.764397905759154,287.5,51.99825397141922,1.0736479759930473,51.55953963775772,52.63318750836632,44.48333333,-72.16666667,2008-07-22,2008-07-29,2008-07-22,2008-07-29,DOC_mgL,78.77199999999999,83.8,7 days 00:00:00
2428,SR,424.0,44.764397905759154,287.5,46.110852141367786,0.521590292051205,21.95625578849114,22.477845834645294,44.48333333,-72.16666667,2008-07-29,2008-08-05,2008-07-29,2008-08-05,DOC_mgL,138.37599999999998,141.2,7 days 00:00:00
2429,SR,425.0,44.764397905759154,287.5,71.78069227009587,0.792141981501536,35.56912492666542,36.361266310402925,44.48333333,-72.16666667,2008-08-05,2008-08-12,2008-08-05,2008-08-12,DOC_mgL,55.69200000000001,61.2,7 days 00:00:00
2430,SR,426.0,44.764397905759154,287.5,25.044963822828947,0.3189766849091835,11.505772534725622,11.824749029942794,44.48333333,-72.16666667,2008-08-12,2008-08-19,2008-08-12,2008-08-19,DOC_mgL,76.49600000000001,68.3,7 days 00:00:00
2431,SR,427.0,44.764397905759154,287.5,7.19602969372346,0.15824040494428943,5.289566575414038,5.4478069403543685,44.48333333,-72.16666667,2008-08-19,2008-08-26,2008-08-19,2008-08-26,DOC_mgL,23.13,25.7,7 days 00:00:00
2432,SR,428.0,44.764397905759154,287.5,3.4120058849124706,0.10145034613058658,2.2602810465893297,2.3617314724398133,44.48333333,-72.16666667,2008-08-26,2008-09-02,2008-08-26,2008-09-02,DOC_mgL,,3.3,7 days 00:00:00
2433,SR,429.0,44.764397905759154,287.5,19.465243467172332,0.07583457609009656,2.6895409684105607,2.765375454047621,44.48333333,-72.16666667,2008-09-02,2008-09-09,2008-09-02,2008-09-09,DOC_mgL,,0.0,7 days 00:00:00
2434,SR,430.0,44.764397905759154,287.5,43.217276700757004,0.9281996293997813,28.270204997861704,29.198404910628565,44.48333333,-72.16666667,2008-09-09,2008-09-16,2008-09-09,2008-09-16,DOC_mgL,14.287999999999998,7.6,7 days 00:00:00
2435,SR,431.0,44.764397905759154,287.5,0.015291579378770322,0.01082733395560907,0.17208653946731547,0.1829138689084709,44.48333333,-72.16666667,2008-09-16,2008-09-23,2008-09-16,2008-09-23,DOC_mgL,25.255999999999997,32.8,7 days 00:00:00
2436,SR,432.0,44.764397905759154,287.5,20.075697768455044,0.0970897752590626,1.5546841191064988,1.6517739046113793,44.48333333,-72.16666667,2008-09-23,2008-09-30,2008-09-23,2008-09-30,DOC_mgL,,0.0,7 days 00:00:00
2437,SR,433.0,44.764397905759154,287.5,16.662071467954398,0.39656363975097564,5.42497174565483,5.821535473409141,44.48333333,-72.16666667,2008-09-30,2008-10-07,2008-09-30,2008-10-07,DOC_mgL,24.249,13.7,7 days 00:00:00
2438,SR,434.0,44.764397905759154,287.5,8.292916830341206,0.22229675453610437,4.08693463428445,4.30923140432634,44.48333333,-72.16666667,2008-10-07,2008-10-14,2008-10-07,2008-10-14,DOC_mgL,36.504000000000005,35.1,7 days 00:00:00
2439,SR,435.0,44.764397905759154,287.5,22.305104520599674,0.29426766854852926,3.5220058728361536,3.8162735270921093,44.48333333,-72.16666667,2008-10-14,2008-10-22,2008-10-14,2008-10-22,DOC_mgL,25.131999999999998,6.1,8 days 00:00:00
2440,SR,436.0,44.764397905759154,287.5,33.23081362722746,0.1818794300745139,2.4031675537301913,2.5850470048815586,44.48333333,-72.16666667,2008-10-22,2008-10-28,2008-10-22,2008-10-28,DOC_mgL,26.967,26.7,6 days 00:00:00
2441,SR,437.0,44.764397905759154,287.5,13.629144746853811,0.3385998297315722,5.116373955095361,5.4549736167789815,44.48333333,-72.16666667,2008-10-28,2008-11-04,2008-10-28,2008-11-04,DOC_mgL,7.395,49.3,7 days 00:00:00
2442,SR,438.0,44.764397905759154,287.5,10.760078187711102,0.5516105893454659,7.836994110651829,8.388604932279902,44.48333333,-72.16666667,2008-11-04,2008-11-10,2008-11-04,2008-11-10,DOC_mgL,18.473000000000003,20.3,6 days 00:00:00
2443,SR,439.0,44.764397905759154,287.5,32.070973633854805,0.34527031243835116,2.9793323995386256,3.324602735688478,44.48333333,-72.16666667,2008-11-10,2008-11-18,2008-11-10,2008-11-18,DOC_mgL,8.840000000000002,22.1,8 days 00:00:00
2444,SR,440.0,44.764397905759154,287.5,39.89837052842393,0.23079449374579283,2.583537326650634,2.8143318747718764,44.48333333,-72.16666667,2008-11-18,2008-11-26,2008-11-18,2008-11-26,DOC_mgL,6.84,18.0,8 days 00:00:00
2445,SR,441.0,44.764397905759154,287.5,22.791657885790073,0.5443511075491764,5.893421884881067,6.437773098985633,44.48333333,-72.16666667,2008-11-26,2008-12-02,2008-11-26,2008-12-02,DOC_mgL,9.706000000000001,42.2,6 days 00:00:00
2446,SR,442.0,44.764397905759154,287.5,4.187741980787862,0.2786966509805142,3.1030131206720437,3.381709849648029,44.48333333,-72.16666667,2008-12-02,2008-12-09,2008-12-02,2008-12-09,DOC_mgL,4.29,13.0,7 days 00:00:00
2447,SR,443.0,44.764397905759154,287.5,74.01926853325413,0.3163738912449927,4.305239527380156,4.621613373251288,44.48333333,-72.16666667,2008-12-09,2008-12-16,2008-12-09,2008-12-16,DOC_mgL,4.028,7.6,7 days 00:00:00
2448,SR,444.0,44.764397905759154,287.5,40.86395651778929,0.2633601397508331,2.9678544356467884,3.2312145443677553,44.48333333,-72.16666667,2008-12-16,2008-12-23,2008-12-16,2008-12-23,DOC_mgL,20.0,62.5,7 days 00:00:00
2449,SR,445.0,44.764397905759154,287.5,29.37202100099512,0.18231867524487638,2.3956553042107225,2.5779739913113495,44.48333333,-72.16666667,2008-12-23,2008-12-30,2008-12-23,2008-12-30,DOC_mgL,17.16,57.2,7 days 00:00:00
2450,SR,446.0,44.764397905759154,287.5,11.8149761238584,0.2558046230805305,2.7229407101856538,2.9787453291667565,44.48333333,-72.16666667,2008-12-30,2009-01-06,2008-12-30,2009-01-06,DOC_mgL,11.05,22.1,7 days 00:00:00
2451,SR,447.0,44.764397905759154,287.5,23.82775780545021,0.3565520147794913,3.6422724800982893,3.998824576843644,44.48333333,-72.16666667,2009-01-06,2009-01-13,2009-01-06,2009-01-13,DOC_mgL,5.124,6.1,7 days 00:00:00
2452,SR,448.0,44.764397905759154,287.5,10.628346209878847,0.293805196562547,3.961595315260883,4.255400510653064,44.48333333,-72.16666667,2009-01-13,2009-01-20,2009-01-13,2009-01-20,DOC_mgL,12.473999999999998,29.7,7 days 00:00:00
2453,SR,449.0,44.764397905759154,287.5,0.8255064140760826,0.5395265628791585,7.080814470210913,7.62034102020975,44.48333333,-72.16666667,2009-01-20,2009-01-27,2009-01-20,2009-01-27,DOC_mgL,5.559,10.9,7 days 00:00:00
2454,SR,450.0,44.764397905759154,287.5,25.156894592281986,0.20272895653823908,2.777902557574241,2.9806314573219614,44.48333333,-72.16666667,2009-01-27,2009-02-02,2009-01-27,2009-02-02,DOC_mgL,6.048,5.6,6 days 00:00:00
2455,SR,451.0,44.764397905759154,287.5,7.277121668227554,0.24674938830509752,3.607652489910995,3.8544018424292896,44.48333333,-72.16666667,2009-02-02,2009-02-11,2009-02-02,2009-02-11,DOC_mgL,8.902999999999999,30.7,9 days 00:00:00
2456,SR,452.0,44.764397905759154,287.5,17.618972670573747,0.3028265619863506,4.745064828632978,5.047891332063264,44.48333333,-72.16666667,2009-02-11,2009-02-17,2009-02-11,2009-02-17,DOC_mgL,,0.0,6 days 00:00:00
2457,SR,453.0,44.764397905759154,287.5,49.02142982583513,0.6226278689173821,8.318567016810238,8.941194761631024,44.48333333,-72.16666667,2009-02-17,2009-02-24,2009-02-17,2009-02-24,DOC_mgL,11.844000000000001,18.8,7 days 00:00:00
2458,SR,454.0,44.764397905759154,287.5,23.241709568111446,0.2178617801148004,3.4404500309609345,3.6583118128321424,44.48333333,-72.16666667,2009-02-24,2009-03-04,2009-02-24,2009-03-04,DOC_mgL,21.015,46.7,8 days 00:00:00
2459,SR,455.0,44.764397905759154,287.5,27.102550863877806,0.49579575021137695,8.288688318971245,8.784483926328143,44.48333333,-72.16666667,2009-03-04,2009-03-10,2009-03-04,2009-03-10,DOC_mgL,8.16,17.0,6 days 00:00:00
2460,SR,456.0,44.764397905759154,287.5,14.504965297981055,0.06111016783852939,0.8695649192561418,0.930675053137477,44.48333333,-72.16666667,2009-03-10,2009-03-17,2009-03-10,2009-03-17,DOC_mgL,9.744,16.8,7 days 00:00:00
2461,SR,457.0,44.764397905759154,287.5,3.5960867468711504,0.09281221654185856,1.1325813099082673,1.225393519717016,44.48333333,-72.16666667,2009-03-17,2009-03-25,2009-03-17,2009-03-25,DOC_mgL,5.992,10.7,8 days 00:00:00
2462,SR,458.0,44.764397905759154,287.5,22.49519955923666,0.2242198671442519,3.1784098092471407,3.4026295897413834,44.48333333,-72.16666667,2009-03-25,2009-03-31,2009-03-25,2009-03-31,DOC_mgL,,0.0,6 days 00:00:00
2463,SR,459.0,44.764397905759154,287.5,33.66110910647535,0.43029445221786505,6.293117183614472,6.723411733605689,44.48333333,-72.16666667,2009-03-31,2009-04-07,2009-03-31,2009-04-07,DOC_mgL,10.44,18.0,7 days 00:00:00
2464,SR,460.0,44.764397905759154,287.5,3.1709979902622143,0.11028132517295264,1.5949741240397315,1.705255459202252,44.48333333,-72.16666667,2009-04-07,2009-04-14,2009-04-07,2009-04-14,DOC_mgL,15.048,39.6,7 days 00:00:00
2465,SR,461.0,44.764397905759154,287.5,2.944187241508934,0.03346607923571614,0.36050458972638233,0.393970675109517,44.48333333,-72.16666667,2009-04-14,2009-04-21,2009-04-14,2009-04-21,DOC_mgL,,0.0,7 days 00:00:00
2466,SR,462.0,44.764397905759154,287.5,31.598906326543197,0.511589362601083,9.493413506989757,10.005002691365789,44.48333333,-72.16666667,2009-04-21,2009-04-28,2009-04-21,2009-04-28,DOC_mgL,,0.0,7 days 00:00:00
2467,SR,463.0,44.764397905759154,287.5,20.863286177524863,0.1650245511310744,3.3864531398983435,3.5514776322989694,44.48333333,-72.16666667,2009-04-28,2009-05-05,2009-04-28,2009-05-05,DOC_mgL,21.329,27.7,7 days 00:00:00
2468,SR,464.0,44.764397905759154,287.5,45.95534549061142,0.5882192648492667,8.81645151259991,9.404670821798467,44.48333333,-72.16666667,2009-05-05,2009-05-12,2009-05-05,2009-05-12,DOC_mgL,15.127999999999998,24.4,7 days 00:00:00
2469,SR,465.0,44.764397905759154,287.5,20.737220912447896,0.3998293646704293,9.020782944422042,9.420612530033328,44.48333333,-72.16666667,2009-05-12,2009-05-19,2009-05-12,2009-05-19,DOC_mgL,33.75,62.5,7 days 00:00:00
2470,SR,466.0,44.764397905759154,287.5,2.936895214911313,0.10378839953610804,1.9437824205622505,2.0475708617032615,44.48333333,-72.16666667,2009-05-19,2009-05-26,2009-05-19,2009-05-26,DOC_mgL,18.788,24.4,7 days 00:00:00
2471,SR,467.0,44.764397905759154,287.5,59.236960440219036,0.4223379145302678,7.486774807471145,7.909112576805031,44.48333333,-72.16666667,2009-05-26,2009-06-02,2009-05-26,2009-06-02,DOC_mgL,,0.0,7 days 00:00:00
2472,SR,468.0,44.764397905759154,287.5,21.9009637572376,0.31561531102242957,8.875116521388227,9.190731557057186,44.48333333,-72.16666667,2009-06-02,2009-06-10,2009-06-02,2009-06-10,DOC_mgL,26.208,54.6,8 days 00:00:00
2473,SR,469.0,44.764397905759154,287.5,57.151533474242285,0.3538228510961,9.607793997890024,9.96161668154194,44.48333333,-72.16666667,2009-06-10,2009-06-16,2009-06-10,2009-06-16,DOC_mgL,13.370000000000001,19.1,6 days 00:00:00
2474,SR,470.0,44.764397905759154,287.5,40.55565968292818,0.12018074967818336,3.7201668714320624,3.8403476039852724,44.48333333,-72.16666667,2009-06-16,2009-06-23,2009-06-16,2009-06-23,DOC_mgL,35.949,52.1,7 days 00:00:00
2475,SR,471.0,44.764397905759154,287.5,32.90347469606658,0.37170178765976414,20.00943490274021,20.38113676577913,44.48333333,-72.16666667,2009-06-23,2009-06-30,2009-06-23,2009-06-30,DOC_mgL,8.631,13.7,7 days 00:00:00
2476,SR,472.0,44.764397905759154,287.5,36.1720411763411,0.5581095250737981,22.402896344915533,22.961005659245586,44.48333333,-72.16666667,2009-06-30,2009-07-07,2009-06-30,2009-07-07,DOC_mgL,27.456,42.9,7 days 00:00:00
2477,SR,473.0,44.764397905759154,287.5,64.32005540257524,0.6249222143179991,23.217785025814173,23.84270684011036,44.48333333,-72.16666667,2009-07-07,2009-07-14,2009-07-07,2009-07-14,DOC_mgL,45.188,57.2,7 days 00:00:00
2478,SR,474.0,44.764397905759154,287.5,21.691631852477357,0.5169968105478342,26.411487628191786,26.92848411599974,44.48333333,-72.16666667,2009-07-14,2009-07-21,2009-07-14,2009-07-21,DOC_mgL,30.029999999999998,42.9,7 days 00:00:00
2479,SR,475.0,44.764397905759154,287.5,32.959482535233064,0.4864235803210548,22.55568179732048,23.04210547365848,44.48333333,-72.16666667,2009-07-21,2009-07-28,2009-07-21,2009-07-28,DOC_mgL,30.888,35.1,7 days 00:00:00
2480,SR,476.0,44.764397905759154,287.5,46.23437833863875,0.5899754245688658,24.806265166987806,25.396240616731845,44.48333333,-72.16666667,2009-07-28,2009-08-04,2009-07-28,2009-08-04,DOC_mgL,16.145999999999997,23.4,7 days 00:00:00
2481,SR,477.0,44.764397905759154,287.5,7.034986868048598,0.24372744323252707,12.184574093437872,12.428301416136932,44.48333333,-72.16666667,2009-08-04,2009-08-11,2009-08-04,2009-08-11,DOC_mgL,41.85,77.5,7 days 00:00:00
2482,SR,478.0,44.764397905759154,287.5,13.489156082524545,0.346912806977167,13.472175237894124,13.819087877134372,44.48333333,-72.16666667,2009-08-11,2009-08-18,2009-08-11,2009-08-18,DOC_mgL,,2.3,7 days 00:00:00
2483,SR,479.0,44.764397905759154,287.5,66.51593847237791,0.6889029628004417,29.330842579722294,30.01974596406054,44.48333333,-72.16666667,2009-08-18,2009-08-25,2009-08-18,2009-08-25,DOC_mgL,,0.0,7 days 00:00:00
2484,SR,480.0,44.764397905759154,287.5,28.519967353411197,0.2637176656849575,7.55479997285892,7.818517737184001,44.48333333,-72.16666667,2009-08-25,2009-09-01,2009-08-25,2009-09-01,DOC_mgL,24.797,13.7,7 days 00:00:00
2485,SR,481.0,44.764397905759154,287.5,0.2749025753277957,0.0027878660771444084,0.14167503237296977,0.1444628941545755,44.48333333,-72.16666667,2009-09-01,2009-09-08,2009-09-01,2009-09-08,DOC_mgL,11.850000000000001,15.0,7 days 00:00:00
2486,SR,482.0,44.764397905759154,287.5,1.4689570150249431,0.04270836239330078,1.5309091547800653,1.5736174697501117,44.48333333,-72.16666667,2009-09-08,2009-09-15,2009-09-08,2009-09-15,DOC_mgL,,0.0,7 days 00:00:00
2487,SR,483.0,44.764397905759154,287.5,3.738545627389656,0.0538660011716409,1.3045042809227212,1.3583702717022854,44.48333333,-72.16666667,2009-09-15,2009-09-23,2009-09-15,2009-09-23,DOC_mgL,7.800000000000001,6.0,8 days 00:00:00
2488,SR,484.0,44.764397905759154,287.5,33.55636516296917,0.39888193137647904,6.878503964035177,7.277385970383751,44.48333333,-72.16666667,2009-09-23,2009-09-29,2009-09-23,2009-09-29,DOC_mgL,,3.6,6 days 00:00:00
2489,SR,485.0,44.764397905759154,287.5,29.624642259307166,0.6035250114120108,10.231754050266106,10.8352788397853,44.48333333,-72.16666667,2009-09-29,2009-10-06,2009-09-29,2009-10-06,DOC_mgL,15.714000000000002,58.2,7 days 00:00:00
2490,SR,486.0,44.764397905759154,287.5,22.580194904264772,0.26628480006944677,3.1384685553539904,3.4047534104575394,44.48333333,-72.16666667,2009-10-06,2009-10-13,2009-10-06,2009-10-13,DOC_mgL,23.625,31.5,7 days 00:00:00
2491,SR,487.0,44.764397905759154,287.5,9.786920177878855,0.1301581180328374,1.8699247562148076,2.0000829197725185,44.48333333,-72.16666667,2009-10-13,2009-10-20,2009-10-13,2009-10-20,DOC_mgL,49.96900000000001,46.7,7 days 00:00:00
2492,SR,488.0,44.764397905759154,287.5,61.34774318943131,0.36097981161119125,4.8939514581676775,5.254931246360107,44.48333333,-72.16666667,2009-10-20,2009-10-28,2009-10-20,2009-10-28,DOC_mgL,,0.0,8 days 00:00:00
2493,SR,489.0,44.764397905759154,287.5,12.981595481775798,0.1486028032417473,2.0945875765014486,2.2431904024306983,44.48333333,-72.16666667,2009-10-28,2009-11-04,2009-10-28,2009-11-04,DOC_mgL,245.78400000000002,46.2,7 days 00:00:00
2494,SR,490.0,44.764397905759154,287.5,2.358212794639769,0.05926138275704956,1.1354118663087265,1.1946732367686363,44.48333333,-72.16666667,2009-11-04,2009-11-10,2009-11-04,2009-11-10,DOC_mgL,12.0,24.0,6 days 00:00:00
2495,SR,491.0,44.764397905759154,287.5,15.29280161076746,0.027299551776188674,0.34600671515218007,0.3733062638546556,44.48333333,-72.16666667,2009-11-10,2009-11-17,2009-11-10,2009-11-17,DOC_mgL,,0.0,7 days 00:00:00
2496,SR,492.0,44.764397905759154,287.5,8.579357180418752,0.06738539648151742,0.5926666782340995,0.6600520911087537,44.48333333,-72.16666667,2009-11-17,2009-11-24,2009-11-17,2009-11-24,DOC_mgL,8.246,43.4,7 days 00:00:00
2497,SR,493.0,44.764397905759154,287.5,60.23798978027628,0.5197976206077859,5.627290974798312,6.147088560826824,44.48333333,-72.16666667,2009-11-24,2009-12-01,2009-11-24,2009-12-01,DOC_mgL,11.88,29.7,7 days 00:00:00
2498,SR,494.0,44.764397905759154,287.5,27.783585133206444,0.27083274041408284,3.4408035858024544,3.7116363513917117,44.48333333,-72.16666667,2009-12-01,2009-12-08,2009-12-01,2009-12-08,DOC_mgL,13.464,61.2,7 days 00:00:00
2499,SR,495.0,44.764397905759154,287.5,36.80690947946985,0.38795086674398016,4.395483183677884,4.783434064473124,44.48333333,-72.16666667,2009-12-08,2009-12-16,2009-12-08,2009-12-16,DOC_mgL,14.7,49.0,8 days 00:00:00
2500,SR,496.0,44.764397905759154,287.5,2.8247153452287677,0.0165811475272601,0.1812231373510753,0.19780428053334223,44.48333333,-72.16666667,2009-12-16,2009-12-22,2009-12-16,2009-12-22,DOC_mgL,2.4539999999999997,40.9,6 days 00:00:00
2501,SR,497.0,44.764397905759154,287.5,24.344607433945953,0.21953166809443006,2.9689809728891854,3.1885126526381113,44.48333333,-72.16666667,2009-12-22,2009-12-29,2009-12-22,2009-12-29,DOC_mgL,,0.0,7 days 00:00:00
2502,SR,498.0,44.764397905759154,287.5,22.969151807550325,0.33070666627529277,3.520886224369843,3.851592832171402,44.48333333,-72.16666667,2009-12-29,2010-01-05,2009-12-29,2010-01-05,DOC_mgL,13.002,39.4,7 days 00:00:00
2503,SR,499.0,44.764397905759154,287.5,5.191266544635198,0.07546828523436258,0.7014719414707993,0.776940215288513,44.48333333,-72.16666667,2010-01-05,2010-01-12,2010-01-05,2010-01-12,DOC_mgL,22.82,14.0,7 days 00:00:00
2504,SR,500.0,44.764397905759154,287.5,3.1295816192544734,0.0295801211527987,0.3998463966176091,0.42942651202549154,44.48333333,-72.16666667,2010-01-12,2010-01-19,2010-01-12,2010-01-19,DOC_mgL,5.652,3.6,7 days 00:00:00
2505,SR,501.0,44.764397905759154,287.5,28.729357233224743,0.15938458223807261,1.8785748559927358,2.037959484043771,44.48333333,-72.16666667,2010-01-19,2010-01-26,2010-01-19,2010-01-26,DOC_mgL,8.901000000000002,6.9,7 days 00:00:00
2506,SR,502.0,44.764397905759154,287.5,5.0726448762472565,0.3887044193597944,4.8348880829848655,5.223592542156563,44.48333333,-72.16666667,2010-01-26,2010-02-02,2010-01-26,2010-02-02,DOC_mgL,48.688,27.2,7 days 00:00:00
2507,SR,503.0,44.764397905759154,287.5,3.211698567295862,0.05188223774986798,0.69063412485932,0.742516359169561,44.48333333,-72.16666667,2010-02-02,2010-02-09,2010-02-02,2010-02-09,DOC_mgL,17.672,9.4,7 days 00:00:00
2508,SR,504.0,44.764397905759154,287.5,1.8820082876125355,0.023647210867916567,0.30070759593318896,0.32435480810011524,44.48333333,-72.16666667,2010-02-09,2010-02-16,2010-02-09,2010-02-16,DOC_mgL,7.9559999999999995,5.1,7 days 00:00:00
2509,SR,505.0,44.764397905759154,287.5,8.58037093536268,0.1234521141563194,1.2793931734346453,1.4028452946165948,44.48333333,-72.16666667,2010-02-16,2010-02-23,2010-02-16,2010-02-23,DOC_mgL,,0.0,7 days 00:00:00
2510,SR,506.0,44.764397905759154,287.5,42.680729007513186,0.31335766325496506,3.4428010754761207,3.7561587715173594,44.48333333,-72.16666667,2010-02-23,2010-03-02,2010-02-23,2010-03-02,DOC_mgL,12.585999999999999,5.8,7 days 00:00:00
2511,SR,507.0,44.764397905759154,287.5,0.49551334473260644,0.003376495588164347,0.046915359684300904,0.0502918538088864,44.48333333,-72.16666667,2010-03-02,2010-03-09,2010-03-02,2010-03-09,DOC_mgL,65.136,47.2,7 days 00:00:00
2512,SR,508.0,44.764397905759154,287.5,17.581697055056058,0.03183943418466634,0.3670454654846881,0.3988848973273303,44.48333333,-72.16666667,2010-03-09,2010-03-16,2010-03-09,2010-03-16,DOC_mgL,,0.0,7 days 00:00:00
2513,SR,509.0,44.764397905759154,287.5,45.52947579725131,0.8027425080316808,11.19070494165954,11.993447429199794,44.48333333,-72.16666667,2010-03-16,2010-03-24,2010-03-16,2010-03-24,DOC_mgL,,0.0,8 days 00:00:00
2514,SR,510.0,44.764397905759154,287.5,38.82596922686332,0.14275581470447768,2.0502115115434707,2.1929673438118806,44.48333333,-72.16666667,2010-03-24,2010-03-30,2010-03-24,2010-03-30,DOC_mgL,26.785000000000004,48.7,6 days 00:00:00
2515,SR,511.0,44.764397905759154,287.5,9.402494722842615,0.13834341800117322,2.371453052174245,2.5097964630018668,44.48333333,-72.16666667,2010-03-30,2010-04-06,2010-03-30,2010-04-06,DOC_mgL,7.175,17.5,7 days 00:00:00
2516,SR,512.0,44.764397905759154,287.5,29.824589568416826,1.068742989615047,19.75425492890901,20.822997498157193,44.48333333,-72.16666667,2010-04-06,2010-04-13,2010-04-06,2010-04-13,DOC_mgL,7.1979999999999995,12.2,7 days 00:00:00
2517,SR,513.0,44.764397905759154,287.5,38.68223182887931,0.6883403341336413,12.32929555296117,13.017636106170059,44.48333333,-72.16666667,2010-04-13,2010-04-20,2010-04-13,2010-04-20,DOC_mgL,27.59,15.5,7 days 00:00:00
2518,SR,514.0,44.764397905759154,287.5,1.8346443802164103,0.3265451807381685,3.696616481362004,4.023161704253882,44.48333333,-72.16666667,2010-04-20,2010-04-26,2010-04-20,2010-04-26,DOC_mgL,32.025000000000006,42.7,6 days 00:00:00
2519,SR,515.0,44.764397905759154,287.5,54.55269671085853,0.6875892927139995,11.850363079929277,12.537952070552622,44.48333333,-72.16666667,2010-04-26,2010-05-04,2010-04-26,2010-05-04,DOC_mgL,13.440000000000001,8.4,8 days 00:00:00
2520,SR,516.0,44.764397905759154,287.5,34.27022422402004,0.6877568176099671,18.456656076908107,19.144413351476764,44.48333333,-72.16666667,2010-05-04,2010-05-11,2010-05-04,2010-05-11,DOC_mgL,32.451,37.3,7 days 00:00:00
2521,SR,517.0,44.764397905759154,287.5,4.613947078598571,0.12723379412520283,2.2069199452005996,2.334153782559028,44.48333333,-72.16666667,2010-05-11,2010-05-18,2010-05-11,2010-05-18,DOC_mgL,43.425,57.9,7 days 00:00:00
2522,SR,518.0,44.764397905759154,287.5,7.7376928437421855,0.0385476135013577,1.1915706263926842,1.2301182455253235,44.48333333,-72.16666667,2010-05-18,2010-05-25,2010-05-18,2010-05-25,DOC_mgL,10.295,7.1,7 days 00:00:00
2523,SR,519.0,44.764397905759154,287.5,0.203316584166367,0.08232143134982946,4.222297042875637,4.3046185348957,44.48333333,-72.16666667,2010-05-25,2010-06-01,2010-05-25,2010-06-01,DOC_mgL,11.256000000000002,8.4,7 days 00:00:00
2524,SR,520.0,44.764397905759154,287.5,62.63851172556151,0.8912690059749606,27.173770985886236,28.065039539286094,44.48333333,-72.16666667,2010-06-01,2010-06-08,2010-06-01,2010-06-08,DOC_mgL,24.472,15.2,7 days 00:00:00
2525,SR,521.0,44.764397905759154,287.5,22.29564079918589,0.2981600620696398,9.861866916843764,10.16002676990091,44.48333333,-72.16666667,2010-06-08,2010-06-15,2010-06-08,2010-06-15,DOC_mgL,36.036,54.6,7 days 00:00:00
2526,SR,522.0,44.764397905759154,287.5,38.217590363291066,0.4714030071603754,17.84245110604752,18.31385385911406,44.48333333,-72.16666667,2010-06-15,2010-06-22,2010-06-15,2010-06-22,DOC_mgL,21.42,31.5,7 days 00:00:00
2527,SR,523.0,44.764397905759154,287.5,47.48770544144021,0.9798411541046949,47.46724943153032,48.447090731710055,44.48333333,-72.16666667,2010-06-22,2010-06-29,2010-06-22,2010-06-29,DOC_mgL,16.82,14.5,7 days 00:00:00
2528,SR,524.0,44.764397905759154,287.5,3.288469488965662,0.1329205404160342,4.061516968570573,4.194437499856948,44.48333333,-72.16666667,2010-06-29,2010-07-06,2010-06-29,2010-07-06,DOC_mgL,63.072,58.4,7 days 00:00:00
2529,SR,525.0,44.764397905759154,287.5,17.316208496898078,0.381603908287129,24.93067228909185,25.312276524802613,44.48333333,-72.16666667,2010-07-06,2010-07-13,2010-07-06,2010-07-13,DOC_mgL,10.108,7.6,7 days 00:00:00
2530,SR,526.0,44.764397905759154,287.5,30.159025855081012,0.5061752932815702,25.63929222369754,26.14546736300072,44.48333333,-72.16666667,2010-07-13,2010-07-20,2010-07-13,2010-07-20,DOC_mgL,29.799000000000003,23.1,7 days 00:00:00
2531,SR,527.0,44.764397905759154,287.5,19.11141238403833,0.35847643178767014,19.31741182190864,19.675887929886116,44.48333333,-72.16666667,2010-07-20,2010-07-27,2010-07-20,2010-07-27,DOC_mgL,27.738,20.1,7 days 00:00:00
2532,SR,528.0,44.764397905759154,287.5,9.581288425140889,0.29616582134737435,10.640684326625877,10.936850088072436,44.48333333,-72.16666667,2010-07-27,2010-08-03,2010-07-27,2010-08-03,DOC_mgL,48.410000000000004,47.0,7 days 00:00:00
2533,SR,529.0,44.764397905759154,287.5,43.64100487855849,0.8649011016051567,27.067733700069127,27.932634690435137,44.48333333,-72.16666667,2010-08-03,2010-08-10,2010-08-03,2010-08-10,DOC_mgL,27.44,19.6,7 days 00:00:00
2534,SR,530.0,44.764397905759154,287.5,9.197485798773108,0.22265283274318542,9.633373993823968,9.85602695551674,44.48333333,-72.16666667,2010-08-10,2010-08-17,2010-08-10,2010-08-17,DOC_mgL,59.292,54.9,7 days 00:00:00
2535,SR,531.0,44.764397905759154,287.5,38.90156109153733,0.16363291212473446,4.48508231020914,4.64871524763369,44.48333333,-72.16666667,2010-08-17,2010-08-24,2010-08-17,2010-08-24,DOC_mgL,12.375,9.9,7 days 00:00:00
2536,SR,532.0,44.764397905759154,287.5,6.379305840140465,0.10334900979159617,3.1890449315553884,3.2923939481531703,44.48333333,-72.16666667,2010-08-24,2010-08-31,2010-08-24,2010-08-31,DOC_mgL,31.007999999999996,32.3,7 days 00:00:00
2537,SR,533.0,44.764397905759154,287.5,1.0968622759533049,0.04735734541142627,1.5184982081565277,1.565855544153564,44.48333333,-72.16666667,2010-08-31,2010-09-07,2010-08-31,2010-09-07,DOC_mgL,,0.0,7 days 00:00:00
2538,SR,534.0,44.764397905759154,287.5,20.364014456258417,0.4465507854881178,12.965582068990752,13.412132998720407,44.48333333,-72.16666667,2010-09-07,2010-09-14,2010-09-07,2010-09-14,DOC_mgL,24.024,8.4,7 days 00:00:00
2539,SR,535.0,44.764397905759154,287.5,25.01553901104181,0.4494441190963865,18.328673417139335,18.77811702570654,44.48333333,-72.16666667,2010-09-14,2010-09-21,2010-09-14,2010-09-21,DOC_mgL,21.24,18.0,7 days 00:00:00
2540,SR,536.0,44.764397905759154,287.5,14.11909485691809,0.49000126339770705,18.55383392620377,19.04383457661561,44.48333333,-72.16666667,2010-09-21,2010-09-29,2010-09-21,2010-09-29,DOC_mgL,16.058,25.9,8 days 00:00:00
2541,SR,537.0,44.764397905759154,287.5,109.76908552298158,0.17150157744297967,2.445824289461023,2.6173258744647883,44.48333333,-72.16666667,2010-09-29,2010-10-05,2010-09-29,2010-10-05,DOC_mgL,47.7,26.5,6 days 00:00:00
2542,SR,538.0,44.764397905759154,287.5,17.990317019007247,0.105366086978162,1.949257042922921,2.0546231575965193,44.48333333,-72.16666667,2010-10-05,2010-10-12,2010-10-05,2010-10-12,DOC_mgL,41.25599999999999,114.6,7 days 00:00:00
2543,SR,539.0,44.764397905759154,287.5,54.211514526774764,0.29883143352456293,4.8399153126290715,5.138746624380603,44.48333333,-72.16666667,2010-10-12,2010-10-19,2010-10-12,2010-10-19,DOC_mgL,23.435999999999996,27.9,7 days 00:00:00
2544,SR,540.0,44.764397905759154,287.5,8.431301089671834,0.386617205730324,7.682174826302698,8.068791905425313,44.48333333,-72.16666667,2010-10-19,2010-10-26,2010-10-19,2010-10-26,DOC_mgL,21.996,56.4,7 days 00:00:00
2545,SR,541.0,44.764397905759154,287.5,13.273353026299617,0.36094998806263795,6.052205179596717,6.413155189907184,44.48333333,-72.16666667,2010-10-26,2010-11-02,2010-10-26,2010-11-02,DOC_mgL,10.530000000000001,13.0,7 days 00:00:00
2546,SR,542.0,44.764397905759154,287.5,33.99090060564995,0.08905270030301637,1.2288820383163368,1.3179347608854777,44.48333333,-72.16666667,2010-11-02,2010-11-09,2010-11-02,2010-11-09,DOC_mgL,18.972,27.9,7 days 00:00:00
2547,SR,543.0,44.764397905759154,287.5,1.3121817489220389,0.018051308769881785,0.2573102711873929,0.2753615717607264,44.48333333,-72.16666667,2010-11-09,2010-11-16,2010-11-09,2010-11-16,DOC_mgL,9.540999999999999,32.9,7 days 00:00:00
2548,SR,544.0,44.764397905759154,287.5,29.360959954516375,0.8839407463802351,13.567591931190615,14.451533232595626,44.48333333,-72.16666667,2010-11-16,2010-11-23,2010-11-16,2010-11-23,DOC_mgL,,0.0,7 days 00:00:00
2549,SR,545.0,44.764397905759154,287.5,13.970300903209942,0.2242119422775488,3.04187251077534,3.2660844459872367,44.48333333,-72.16666667,2010-11-23,2010-11-30,2010-11-23,2010-11-30,DOC_mgL,14.950000000000001,32.5,7 days 00:00:00
2550,SR,546.0,44.764397905759154,287.5,32.84668665060053,0.1566929493383891,1.9138026491685722,2.0704956046543876,44.48333333,-72.16666667,2010-11-30,2010-12-07,2010-11-30,2010-12-07,DOC_mgL,6.747000000000001,17.3,7 days 00:00:00
2551,SR,547.0,44.764397905759154,287.5,61.00365495873561,0.21242310508252232,2.265491302368139,2.4779143471473364,44.48333333,-72.16666667,2010-12-07,2010-12-14,2010-12-07,2010-12-14,DOC_mgL,11.452,40.9,7 days 00:00:00
2552,SR,548.0,44.764397905759154,287.5,5.99841042916438,0.1058856757889205,1.2997847064280532,1.4056704117099832,44.48333333,-72.16666667,2010-12-14,2010-12-21,2010-12-14,2010-12-21,DOC_mgL,32.708,44.2,7 days 00:00:00
2553,SR,549.0,44.764397905759154,287.5,29.10196118008912,0.07173070386874301,0.9318479028447464,1.0035786052772604,44.48333333,-72.16666667,2010-12-21,2010-12-28,2010-12-21,2010-12-28,DOC_mgL,4.032,8.4,7 days 00:00:00
2554,SR,550.0,44.764397905759154,287.5,10.907277305031299,0.14468983160036142,1.5471268604861634,1.6918166834508546,44.48333333,-72.16666667,2010-12-28,2011-01-04,2010-12-28,2011-01-04,DOC_mgL,4.55,13.0,7 days 00:00:00
2555,SR,551.0,44.764397905759154,287.5,5.924107233568066,0.3900643577667978,3.9597326511459086,4.349797056921179,44.48333333,-72.16666667,2011-01-04,2011-01-11,2011-01-04,2011-01-11,DOC_mgL,5.8,5.8,7 days 00:00:00
2556,SR,552.0,44.764397905759154,287.5,30.133559945899613,0.5185545127572421,4.974122718402752,5.492677236282849,44.48333333,-72.16666667,2011-01-11,2011-01-20,2011-01-11,2011-01-20,DOC_mgL,3.036,6.6,9 days 00:00:00
2557,SR,553.0,44.764397905759154,287.5,4.549192895586529,0.062363286684614105,0.8014975484166069,0.8638608221842359,44.48333333,-72.16666667,2011-01-20,2011-01-25,2011-01-20,2011-01-25,DOC_mgL,8.25,33.0,5 days 00:00:00
2558,SR,554.0,44.764397905759154,287.5,4.670386477556576,0.06303938356048541,0.8510645023648709,0.9141038841666618,44.48333333,-72.16666667,2011-01-25,2011-02-01,2011-01-25,2011-02-01,DOC_mgL,2.2039999999999997,5.8,7 days 00:00:00
2559,SR,555.0,44.764397905759154,287.5,43.86346286680137,0.46138952465764066,5.226541700993625,5.687931167470267,44.48333333,-72.16666667,2011-02-01,2011-02-09,2011-02-01,2011-02-09,DOC_mgL,3.4849999999999994,4.1,8 days 00:00:00
2560,SR,556.0,44.764397905759154,287.5,4.5758738633217,0.1368912507372805,1.6912868418777731,1.8281780668544099,44.48333333,-72.16666667,2011-02-09,2011-02-15,2011-02-09,2011-02-15,DOC_mgL,6.612,55.1,6 days 00:00:00
2561,SR,557.0,44.764397905759154,287.5,2.618728853964747,0.2427172686835367,3.6393670823069852,3.882084338366343,44.48333333,-72.16666667,2011-02-15,2011-02-22,2011-02-15,2011-02-22,DOC_mgL,4.819,7.9,7 days 00:00:00
2562,SR,558.0,44.764397905759154,287.5,50.74264770498493,0.4893592795877444,6.710745766112108,7.2001050164995775,44.48333333,-72.16666667,2011-02-22,2011-03-01,2011-02-22,2011-03-01,DOC_mgL,4.35,5.8,7 days 00:00:00
2563,SR,559.0,44.764397905759154,287.5,77.62665271782154,0.5168848012410059,7.423662213373529,7.9405470356914565,44.48333333,-72.16666667,2011-03-01,2011-03-08,2011-03-01,2011-03-08,DOC_mgL,12.004999999999999,34.3,7 days 00:00:00
2564,SR,560.0,44.764397905759154,287.5,21.74815240856276,0.3766115485870141,4.331579218680055,4.7081908626985705,44.48333333,-72.16666667,2011-03-08,2011-03-15,2011-03-08,2011-03-15,DOC_mgL,10.031999999999998,83.6,7 days 00:00:00
2565,SR,561.0,44.764397905759154,287.5,24.22336540418872,0.3223609826001278,4.560875818190722,4.883236797570793,44.48333333,-72.16666667,2011-03-15,2011-03-23,2011-03-15,2011-03-23,DOC_mgL,7.5200000000000005,18.8,8 days 00:00:00
2566,SR,562.0,44.764397905759154,287.5,2.6532779377586024,0.1231393710685015,0.9829556883939834,1.1060950844912922,44.48333333,-72.16666667,2011-03-23,2011-03-29,2011-03-23,2011-03-29,DOC_mgL,4.544,14.2,6 days 00:00:00
2567,SR,563.0,44.764397905759154,287.5,28.07479358104964,0.3783700450225275,6.176440243314317,6.554810422718046,44.48333333,-72.16666667,2011-03-29,2011-04-05,2011-03-29,2011-04-05,DOC_mgL,,,7 days 00:00:00
2568,SR,564.0,44.764397905759154,287.5,42.58650994687127,1.4073855079953936,27.232851584194222,28.640237254950044,44.48333333,-72.16666667,2011-04-05,2011-04-12,2011-04-05,2011-04-12,DOC_mgL,11.21,29.5,7 days 00:00:00
2569,SR,565.0,44.764397905759154,287.5,54.19751510544867,0.5151540464717365,8.747118070487335,9.262272028260494,44.48333333,-72.16666667,2011-04-12,2011-04-19,2011-04-12,2011-04-19,DOC_mgL,17.180999999999997,24.9,7 days 00:00:00
2570,SR,566.0,44.764397905759154,287.5,31.69058777212075,0.892244750281976,19.41938017871372,20.311625436030294,44.48333333,-72.16666667,2011-04-19,2011-04-26,2011-04-19,2011-04-26,DOC_mgL,7.800000000000001,30.0,7 days 00:00:00
2571,SR,567.0,44.764397905759154,287.5,31.42535924434232,0.511700342964175,10.885526337903157,11.397226804401326,44.48333333,-72.16666667,2011-04-26,2011-05-02,2011-04-26,2011-05-02,DOC_mgL,27.702,51.3,6 days 00:00:00
2572,SR,568.0,44.764397905759154,287.5,29.661774144311426,1.153709575725699,24.477720440114428,25.631430155474526,44.48333333,-72.16666667,2011-05-02,2011-05-10,2011-05-02,2011-05-10,DOC_mgL,23.532,31.8,8 days 00:00:00
2573,SR,569.0,44.764397905759154,287.5,52.453731041741946,1.7244225305548753,35.560915676979135,37.28533862006566,44.48333333,-72.16666667,2011-05-10,2011-05-17,2011-05-10,2011-05-17,DOC_mgL,31.32,29.0,7 days 00:00:00
2574,SR,570.0,44.764397905759154,287.5,25.65581500526548,0.6326060971936776,11.651712369942224,12.284318499922176,44.48333333,-72.16666667,2011-05-17,2011-05-24,2011-05-17,2011-05-24,DOC_mgL,31.0,62.0,7 days 00:00:00
2575,SR,571.0,44.764397905759154,287.5,38.399746918751354,0.7892190383111205,26.117040856993835,26.906259984294266,44.48333333,-72.16666667,2011-05-24,2011-05-31,2011-05-24,2011-05-31,DOC_mgL,132.6,31.2,7 days 00:00:00
2576,SR,572.0,44.764397905759154,287.5,4.237062963698135,0.13173213941678052,5.0541109181267405,5.1858432331108215,44.48333333,-72.16666667,2011-05-31,2011-06-07,2011-05-31,2011-06-07,DOC_mgL,236.912,107.2,7 days 00:00:00
2577,SR,573.0,44.764397905759154,287.5,30.23592900652794,1.2438409674312734,27.168732669863303,28.41257332845959,44.48333333,-72.16666667,2011-06-07,2011-06-14,2011-06-07,2011-06-14,DOC_mgL,,4.1,7 days 00:00:00
2578,SR,574.0,44.764397905759154,287.5,13.4213574764952,0.25454658250596884,9.25692859631358,9.51147535186228,44.48333333,-72.16666667,2011-06-14,2011-06-21,2011-06-14,2011-06-21,DOC_mgL,37.824,39.4,7 days 00:00:00
2579,SR,575.0,44.764397905759154,287.5,26.251611388194984,0.5665839750584765,17.880392150389483,18.446976241068974,44.48333333,-72.16666667,2011-06-21,2011-06-29,2011-06-21,2011-06-29,DOC_mgL,7.241999999999999,10.2,8 days 00:00:00
2580,SR,576.0,44.764397905759154,287.5,16.430465394834393,0.6248884560191084,26.79162841578986,27.416516975437013,44.48333333,-72.16666667,2011-06-29,2011-07-05,2011-06-29,2011-07-05,DOC_mgL,208.44000000000003,38.6,6 days 00:00:00
2581,SR,577.0,44.764397905759154,287.5,14.533772396924105,0.2781948868596343,9.7181045487876,9.996299399866434,44.48333333,-72.16666667,2011-07-05,2011-07-12,2011-07-05,2011-07-12,DOC_mgL,33.433,6.7,7 days 00:00:00
2582,SR,578.0,44.764397905759154,287.5,22.820315901200814,0.7259720234652588,28.71278634431627,29.43875935941948,44.48333333,-72.16666667,2011-07-12,2011-07-19,2011-07-12,2011-07-19,DOC_mgL,96.22800000000001,39.6,7 days 00:00:00
2583,SR,579.0,44.764397905759154,287.5,10.270652106904835,0.3079359551041734,20.445275773165598,20.753211066835973,44.48333333,-72.16666667,2011-07-19,2011-07-26,2011-07-19,2011-07-26,DOC_mgL,,3.3,7 days 00:00:00
2584,SR,580.0,44.764397905759154,287.5,17.75688217664495,0.2978683915732909,17.07064258074653,17.36851084205293,44.48333333,-72.16666667,2011-07-26,2011-07-31,2011-07-26,2011-07-31,DOC_mgL,43.244,7.6,5 days 00:00:00
2585,SR,581.0,44.764397905759154,287.5,20.701514848942004,0.3294114252856348,18.265835795457097,18.5952474777637,44.48333333,-72.16666667,2011-07-31,2011-08-10,2011-07-31,2011-08-10,DOC_mgL,33.324999999999996,15.5,10 days 00:00:00
2586,SR,582.0,44.764397905759154,287.5,23.059204264042066,0.365049723945448,12.286074289186155,12.651124070214848,44.48333333,-72.16666667,2011-08-10,2011-08-14,2011-08-10,2011-08-14,DOC_mgL,48.692,9.4,4 days 00:00:00
2587,SR,583.0,44.764397905759154,287.5,77.08870839714473,1.2112520527976316,47.428450405791985,48.63970252021025,44.48333333,-72.16666667,2011-08-14,2011-08-23,2011-08-14,2011-08-23,DOC_mgL,42.98,30.7,9 days 00:00:00
2588,SR,584.0,44.764397905759154,287.5,104.93482761639861,0.6674412891863235,33.30824995797978,33.97569213870301,44.48333333,-72.16666667,2011-08-23,2011-08-29,2011-08-23,2011-08-29,DOC_mgL,75.2,75.2,6 days 00:00:00
2589,SR,585.0,44.764397905759154,287.5,48.068887003915876,1.1500788873869192,49.06168948125939,50.21176668767741,44.48333333,-72.16666667,2011-08-29,2011-09-07,2011-08-29,2011-09-07,DOC_mgL,89.42599999999999,146.6,9 days 00:00:00
2590,SR,586.0,44.764397905759154,287.5,13.044261290464473,0.1630946445681128,4.376439475729826,4.539534117773603,44.48333333,-72.16666667,2011-09-07,2011-09-14,2011-09-07,2011-09-14,DOC_mgL,76.437,44.7,7 days 00:00:00
2591,SR,587.0,44.764397905759154,287.5,21.760759565737526,0.42194803404073683,14.017964238139045,14.4399127030894,44.48333333,-72.16666667,2011-09-14,2011-09-20,2011-09-14,2011-09-20,DOC_mgL,27.565,18.5,6 days 00:00:00
2592,SR,588.0,44.764397905759154,287.5,22.067102678432324,0.3114860596836391,6.057519319182296,6.3690055190858175,44.48333333,-72.16666667,2011-09-20,2011-09-27,2011-09-20,2011-09-27,DOC_mgL,16.585,15.5,7 days 00:00:00
2593,SR,589.0,44.764397905759154,287.5,54.33101650496042,0.6630166909565598,11.275918124886088,11.938934837724558,44.48333333,-72.16666667,2011-09-27,2011-10-05,2011-09-27,2011-10-05,DOC_mgL,21.293,10.7,8 days 00:00:00
2594,SR,590.0,44.764397905759154,287.5,0.30588615076664466,0.013003661592629424,0.26040134529849707,0.2734050080620648,44.48333333,-72.16666667,2011-10-05,2011-10-11,2011-10-05,2011-10-11,DOC_mgL,63.024,80.8,6 days 00:00:00
2595,SR,591.0,44.764397905759154,287.5,41.479129462573816,0.2659275270681696,2.873906910827997,3.13983441023273,44.48333333,-72.16666667,2011-10-11,2011-10-17,2011-10-11,2011-10-17,DOC_mgL,,0.0,6 days 00:00:00
2596,SR,592.0,44.764397905759154,287.5,25.551852678917797,0.29909330659134026,3.9045235404253087,4.203616915882461,44.48333333,-72.16666667,2011-10-17,2011-10-25,2011-10-17,2011-10-25,DOC_mgL,30.913999999999998,53.3,8 days 00:00:00
2597,SR,593.0,44.764397905759154,287.5,16.756745021950792,0.2579859613048227,3.515937762807453,3.7739236626380124,44.48333333,-72.16666667,2011-10-25,2011-11-02,2011-10-25,2011-11-02,DOC_mgL,16.008,17.4,8 days 00:00:00
2598,SR,594.0,44.764397905759154,287.5,1.1275456833608986,0.11845821900122878,2.415233269537869,2.5336914449210624,44.48333333,-72.16666667,2011-11-02,2011-11-08,2011-11-02,2011-11-08,DOC_mgL,3.5840000000000005,6.4,6 days 00:00:00
2599,SR,595.0,44.764397905759154,287.5,5.958588386338615,0.13509255582475088,1.8727886056399758,2.0078811554819636,44.48333333,-72.16666667,2011-11-08,2011-11-15,2011-11-08,2011-11-15,DOC_mgL,,0.0,7 days 00:00:00
2600,SR,596.0,44.764397905759154,287.5,16.619322387678714,0.29987248152453266,4.562055704883903,4.861928265455923,44.48333333,-72.16666667,2011-11-15,2011-11-22,2011-11-15,2011-11-22,DOC_mgL,4.864,3.8,7 days 00:00:00
2601,SR,597.0,44.764397905759154,287.5,28.756839621557617,0.10695023084161201,1.4131866183367996,1.5201368448925943,44.48333333,-72.16666667,2011-11-22,2011-11-29,2011-11-22,2011-11-29,DOC_mgL,4.324,2.3,7 days 00:00:00
2602,SR,598.0,44.764397905759154,287.5,10.967801027533808,0.062162192495491486,0.736078282652158,0.7982404691831823,44.48333333,-72.16666667,2011-11-29,2011-12-06,2011-11-29,2011-12-06,DOC_mgL,8.7,30.0,7 days 00:00:00
2603,SR,599.0,44.764397905759154,287.5,28.681542937587313,0.17635646017698373,2.0426399919203484,2.2189964317888697,44.48333333,-72.16666667,2011-12-06,2011-12-13,2011-12-06,2011-12-13,DOC_mgL,7.455,21.3,7 days 00:00:00
2604,SR,600.0,44.764397905759154,287.5,26.287859805762537,0.3772036291427963,3.906315541307967,4.2835192333818295,44.48333333,-72.16666667,2011-12-13,2011-12-20,2011-12-13,2011-12-20,DOC_mgL,3.0940000000000003,18.2,7 days 00:00:00
2605,SR,601.0,44.764397905759154,287.5,14.577316648578531,0.22094981240125025,2.683758254691526,2.9047080514314763,44.48333333,-72.16666667,2011-12-20,2011-12-27,2011-12-20,2011-12-27,DOC_mgL,11.357,27.7,7 days 00:00:00
2606,SR,602.0,44.764397905759154,287.5,23.670596323621673,0.29467692782962107,3.367238625429092,3.6619155364264744,44.48333333,-72.16666667,2011-12-27,2012-01-03,2011-12-27,2012-01-03,DOC_mgL,3.572,18.8,7 days 00:00:00
2607,SR,603.0,44.764397905759154,287.5,5.630552211677298,0.13221664485298165,1.5893789957483873,1.7215956336306264,44.48333333,-72.16666667,2012-01-03,2012-01-10,2012-01-03,2012-01-10,DOC_mgL,9.45,31.5,7 days 00:00:00
2608,SR,604.0,44.764397905759154,287.5,27.231037484520826,0.5323940816402326,6.152346381372957,6.684740462537496,44.48333333,-72.16666667,2012-01-10,2012-01-19,2012-01-10,2012-01-19,DOC_mgL,4.002,5.8,9 days 00:00:00
2609,SR,605.0,44.764397905759154,287.5,10.627609982449826,0.09192396532075393,1.2687098497082447,1.360633827616586,44.48333333,-72.16666667,2012-01-19,2012-01-25,2012-01-19,2012-01-25,DOC_mgL,13.208,25.4,6 days 00:00:00
2610,SR,606.0,44.764397905759154,287.5,30.932280365103537,0.22208526911591614,2.4883187785273937,2.710404033006795,44.48333333,-72.16666667,2012-01-25,2012-01-31,2012-01-25,2012-01-31,DOC_mgL,4.29,16.5,6 days 00:00:00
2611,SR,607.0,44.764397905759154,287.5,7.524060883934425,0.4017972873178162,4.958740213611328,5.360537614601643,44.48333333,-72.16666667,2012-01-31,2012-02-07,2012-01-31,2012-02-07,DOC_mgL,6.896999999999999,36.3,7 days 00:00:00
2612,SR,608.0,44.764397905759154,287.5,0.9589814635453664,0.15436107146170203,1.8230173143002006,1.977378430443949,44.48333333,-72.16666667,2012-02-07,2012-02-14,2012-02-07,2012-02-14,DOC_mgL,8.687,11.9,7 days 00:00:00
2613,SR,609.0,44.764397905759154,287.5,3.204200682158098,0.12914805997513154,1.431295689988696,1.5604437635108066,44.48333333,-72.16666667,2012-02-14,2012-02-21,2012-02-14,2012-02-21,DOC_mgL,,1.8,7 days 00:00:00
2614,SR,610.0,44.764397905759154,287.5,19.05470200824766,0.6862645327986201,9.394130161266556,10.080394611221289,44.48333333,-72.16666667,2012-02-21,2012-02-29,2012-02-21,2012-02-29,DOC_mgL,3.483,4.3,8 days 00:00:00
2615,SR,611.0,44.764397905759154,287.5,25.022891602777264,0.2821548278223243,4.170912702716745,4.453067538150169,44.48333333,-72.16666667,2012-02-29,2012-03-06,2012-02-29,2012-03-06,DOC_mgL,10.223999999999998,28.4,6 days 00:00:00
2616,SR,612.0,44.764397905759154,287.5,17.230728936468154,0.4105010884998902,7.028101994161927,7.4386030775397485,44.48333333,-72.16666667,2012-03-06,2012-03-13,2012-03-06,2012-03-13,DOC_mgL,6.177,21.3,7 days 00:00:00
2617,SR,613.0,44.764397905759154,287.5,23.66005366507551,0.5892554957664141,6.677078409636931,7.266333892522166,44.48333333,-72.16666667,2012-03-13,2012-03-20,2012-03-13,2012-03-20,DOC_mgL,9.616999999999999,16.3,7 days 00:00:00
2618,SR,614.0,44.764397905759154,287.5,9.621928099675866,0.06592216879048185,0.9461219120683039,1.0120440750407393,44.48333333,-72.16666667,2012-03-20,2012-03-27,2012-03-20,2012-03-27,DOC_mgL,8.661999999999999,6.1,7 days 00:00:00
2619,SR,615.0,44.764397905759154,287.5,11.88341850841823,0.5580744217944145,8.157587106597669,8.715661279018807,44.48333333,-72.16666667,2012-03-27,2012-04-03,2012-03-27,2012-04-03,DOC_mgL,,11.4,7 days 00:00:00
2620,SR,616.0,44.764397905759154,287.5,3.938347388210417,0.10118182147236571,1.3960846894549641,1.4972665304856594,44.48333333,-72.16666667,2012-04-03,2012-04-10,2012-04-03,2012-04-10,DOC_mgL,10.223999999999998,7.1,7 days 00:00:00
2621,SR,617.0,44.764397905759154,287.5,5.737978209174877,0.16952364874721185,2.0995563346974753,2.269079971671268,44.48333333,-72.16666667,2012-04-10,2012-04-17,2012-04-10,2012-04-17,DOC_mgL,14.883999999999999,24.4,7 days 00:00:00
2622,SR,618.0,44.764397905759154,287.5,59.90602151725446,0.3696519024351793,6.23084999509087,6.600501792141596,44.48333333,-72.16666667,2012-04-17,2012-04-24,2012-04-17,2012-04-24,DOC_mgL,,5.3,7 days 00:00:00
2623,SR,619.0,44.764397905759154,287.5,11.22924410537074,0.2803367215697506,3.8070037948841384,4.087340575567693,44.48333333,-72.16666667,2012-04-24,2012-05-01,2012-04-24,2012-05-01,DOC_mgL,28.912000000000003,55.6,7 days 00:00:00
2624,SR,620.0,44.764397905759154,287.5,87.20693606685259,0.8359247686396409,13.921582475570785,14.757506952646725,44.48333333,-72.16666667,2012-05-01,2012-05-09,2012-05-01,2012-05-09,DOC_mgL,25.759999999999998,22.4,8 days 00:00:00
2625,SR,621.0,44.764397905759154,287.5,30.58439765612625,0.4686654348298475,8.3611845349673,8.82984981772153,44.48333333,-72.16666667,2012-05-09,2012-05-16,2012-05-09,2012-05-16,DOC_mgL,39.697,37.1,7 days 00:00:00
2626,SR,622.0,44.764397905759154,287.5,3.8436391083654353,0.07081867232917279,1.3480974330735331,1.4189161440438138,44.48333333,-72.16666667,2012-05-16,2012-05-22,2012-05-16,2012-05-22,DOC_mgL,37.791,32.3,6 days 00:00:00
2627,SR,623.0,44.764397905759154,287.5,23.28194879686052,0.7227604331434129,24.38723047254454,25.10999019961213,44.48333333,-72.16666667,2012-05-22,2012-05-30,2012-05-22,2012-05-30,DOC_mgL,27.512,15.2,8 days 00:00:00
2628,SR,624.0,44.764397905759154,287.5,36.620007718202174,0.5641213898354563,18.23242819845583,18.79654983535928,44.48333333,-72.16666667,2012-05-30,2012-06-05,2012-05-30,2012-06-05,DOC_mgL,105.76299999999999,52.1,6 days 00:00:00
2629,SR,625.0,44.764397905759154,287.5,13.671586611314792,0.13015399335897943,4.408546836098246,4.538700859974814,44.48333333,-72.16666667,2012-06-05,2012-06-12,2012-06-05,2012-06-12,DOC_mgL,36.81,40.9,7 days 00:00:00
2630,SR,626.0,44.764397905759154,287.5,14.263607121283854,0.15607354388641423,4.5677323233399845,4.723805880801963,44.48333333,-72.16666667,2012-06-12,2012-06-19,2012-06-12,2012-06-19,DOC_mgL,,3.3,7 days 00:00:00
2631,SR,627.0,44.764397905759154,287.5,19.952698242020617,0.21878554144153656,9.114812055122101,9.333597482397149,44.48333333,-72.16666667,2012-06-19,2012-06-26,2012-06-19,2012-06-26,DOC_mgL,34.551,9.9,7 days 00:00:00
2632,SR,628.0,44.764397905759154,287.5,25.488225919119426,0.3365630366200176,10.928639393448236,11.265202258525786,44.48333333,-72.16666667,2012-06-26,2012-07-03,2012-06-26,2012-07-03,DOC_mgL,42.018,28.2,7 days 00:00:00
2633,SR,629.0,44.764397905759154,287.5,10.20576506126072,0.3936610137321777,13.396394098582062,13.790055378890248,44.48333333,-72.16666667,2012-07-03,2012-07-10,2012-07-03,2012-07-10,DOC_mgL,66.96000000000001,31.0,7 days 00:00:00
2634,SR,630.0,44.764397905759154,287.5,21.182445312258046,0.42708227578425345,21.643345075886465,22.070427478571148,44.48333333,-72.16666667,2012-07-10,2012-07-18,2012-07-10,2012-07-18,DOC_mgL,77.472,53.8,8 days 00:00:00
2635,SR,631.0,44.764397905759154,287.5,6.688248678890464,0.1986944710173275,7.507423112934239,7.706117652378259,44.48333333,-72.16666667,2012-07-18,2012-07-24,2012-07-18,2012-07-24,DOC_mgL,69.63,21.1,6 days 00:00:00
2636,SR,632.0,44.764397905759154,287.5,22.920823162664306,0.4585330195739008,22.514912969943957,22.973445787128483,44.48333333,-72.16666667,2012-07-24,2012-07-31,2012-07-24,2012-07-31,DOC_mgL,31.944,26.4,7 days 00:00:00
2637,SR,633.0,44.764397905759154,287.5,8.021658879542315,0.17957306618250624,7.642491189896461,7.822064271301166,44.48333333,-72.16666667,2012-07-31,2012-08-05,2012-07-31,2012-08-05,DOC_mgL,18.0,7.5,5 days 00:00:00
2638,SR,634.0,44.764397905759154,287.5,45.57434050525,0.9832901945268685,42.97290129862084,43.956190635975105,44.48333333,-72.16666667,2012-08-05,2012-08-13,2012-08-05,2012-08-13,DOC_mgL,,0.0,8 days 00:00:00
2639,SR,635.0,44.764397905759154,287.5,11.615799251862846,0.5055961266441127,15.644055560815769,16.149651411118445,44.48333333,-72.16666667,2012-08-13,2012-08-20,2012-08-13,2012-08-20,DOC_mgL,,69.9,7 days 00:00:00
2640,SR,636.0,44.764397905759154,287.5,5.896134492063695,0.17437947229991196,6.207404309316322,6.381783855275574,44.48333333,-72.16666667,2012-08-20,2012-08-28,2012-08-20,2012-08-28,DOC_mgL,,2.8,8 days 00:00:00
2641,SR,637.0,44.764397905759154,287.5,17.754387825392744,0.3742179574185063,10.233129873864028,10.607347540302069,44.48333333,-72.16666667,2012-08-28,2012-09-05,2012-08-28,2012-09-05,DOC_mgL,,12.2,8 days 00:00:00
2642,SR,638.0,44.764397905759154,287.5,35.097066347589134,0.7203638794847644,21.19097544939219,21.911338668467728,44.48333333,-72.16666667,2012-09-05,2012-09-10,2012-09-05,2012-09-10,DOC_mgL,,48.0,5 days 00:00:00
2643,SR,639.0,44.764397905759154,287.5,7.266291068048124,0.16252103686411581,4.110085958044838,4.272606913821391,44.48333333,-72.16666667,2012-09-10,2012-09-19,2012-09-10,2012-09-19,DOC_mgL,,20.6,9 days 00:00:00
2644,SR,640.0,44.764397905759154,287.5,23.870995332194695,0.5293904744262112,13.558145671790921,14.087535881585067,44.48333333,-72.16666667,2012-09-19,2012-09-25,2012-09-19,2012-09-25,DOC_mgL,,45.5,6 days 00:00:00
2645,SR,641.0,44.764397905759154,287.5,11.733056446217027,0.3041103413038183,6.156865350361029,6.4609758441795675,44.48333333,-72.16666667,2012-09-25,2012-10-02,2012-09-25,2012-10-02,DOC_mgL,,11.7,7 days 00:00:00
2646,TF,0.0,42.87958115183247,288.75,35.103902437878304,0.10826514173675746,1.085133073730116,1.1933982347914276,43.108,-70.95,2003-11-18,2003-11-25,2003-11-18,2003-11-25,DOC_mgL,8.4405,8.5,7 days 00:00:00
2647,TF,1.0,42.87958115183247,288.75,21.640952902091115,0.2889559235928676,3.010857778720788,3.2998137097783875,43.108,-70.95,2003-11-25,2003-12-02,2003-11-25,2003-12-02,DOC_mgL,10.0504,13.6,7 days 00:00:00
2648,TF,2.0,42.87958115183247,288.75,38.84877102011686,0.16497805197164017,1.528170018750153,1.6931481064354128,43.108,-70.95,2003-12-02,2003-12-09,2003-12-02,2003-12-09,DOC_mgL,9.548,24.8,7 days 00:00:00
2649,TF,3.0,42.87958115183247,288.75,65.2898968070407,0.1056760757176331,1.240858716034039,1.3465347897391218,43.108,-70.95,2003-12-09,2003-12-16,2003-12-09,2003-12-16,DOC_mgL,23.746799999999997,77.1,7 days 00:00:00
2650,TF,4.0,42.87958115183247,288.75,33.365182331690505,0.2835437431360597,2.950089857743643,3.233633614055047,43.108,-70.95,2003-12-16,2003-12-23,2003-12-16,2003-12-23,DOC_mgL,3.9983999999999997,11.2,7 days 00:00:00
2651,TF,5.0,42.87958115183247,288.75,13.768633893525612,0.14160362094925055,1.4147379245864746,1.5563415393950168,43.108,-70.95,2003-12-23,2003-12-30,2003-12-23,2003-12-30,DOC_mgL,5.043200000000001,12.8,7 days 00:00:00
2652,TF,6.0,42.87958115183247,288.75,25.283654945096323,0.33218524543625555,3.312482627451131,3.644667855213536,43.108,-70.95,2003-12-30,2004-01-06,2003-12-30,2004-01-06,DOC_mgL,13.620859999999999,11.11,7 days 00:00:00
2653,TF,7.0,42.87958115183247,288.75,5.788397846721898,0.21935227589387277,2.3127189858508643,2.5320713276100193,43.108,-70.95,2004-01-06,2004-01-13,2004-01-06,2004-01-13,DOC_mgL,2.868,3.0,7 days 00:00:00
2654,TF,8.0,42.87958115183247,288.75,71.87120685144092,0.5079293045520766,6.0208869292516205,6.528816194339861,43.108,-70.95,2004-01-13,2004-02-10,2004-01-13,2004-02-10,DOC_mgL,21.826999999999998,29.9,28 days 00:00:00
2655,TF,9.0,42.87958115183247,288.75,3.63439644354129,0.18512223943071968,2.4511253999179963,2.636247637549999,43.108,-70.95,2004-02-10,2004-02-24,2004-02-10,2004-02-24,DOC_mgL,7.596,4.5,14 days 00:00:00
2656,TF,10.0,42.87958115183247,288.75,22.20591104355036,0.30949694959313145,4.245946768435905,4.555443746338529,43.108,-70.95,2004-02-24,2004-03-09,2004-02-24,2004-03-09,DOC_mgL,9.4382,8.2,14 days 00:00:00
2657,TF,11.0,42.87958115183247,288.75,4.894383126785584,0.3231165583359797,3.8846514998643706,4.207768127871325,43.108,-70.95,2004-03-09,2004-03-16,2004-03-09,2004-03-16,DOC_mgL,4.465999999999999,1.4,7 days 00:00:00
2658,TF,12.0,42.87958115183247,288.75,32.7334329242035,0.3935155182179656,5.097895318384449,5.491410788593942,43.108,-70.95,2004-03-16,2004-03-23,2004-03-16,2004-03-23,DOC_mgL,15.3387,24.7,7 days 00:00:00
2659,TF,13.0,42.87958115183247,288.75,22.5988314396984,0.433066370082517,6.60369355119227,7.036759925739561,43.108,-70.95,2004-03-23,2004-03-30,2004-03-23,2004-03-30,DOC_mgL,15.9505,11.5,7 days 00:00:00
2660,TF,14.0,42.87958115183247,288.75,81.64281351774605,0.34934328872076625,4.375253730506696,4.724596931260718,43.108,-70.95,2004-03-30,2004-04-06,2004-03-30,2004-04-06,DOC_mgL,63.476400000000005,125.2,7 days 00:00:00
2661,TF,15.0,42.87958115183247,288.75,3.8294264072258333,0.046656015505077614,0.6590460883072065,0.7057021088255068,43.108,-70.95,2004-04-06,2004-04-13,2004-04-06,2004-04-13,DOC_mgL,3.8514000000000004,4.9,7 days 00:00:00
2662,TF,16.0,42.87958115183247,288.75,48.96391813852263,0.6973889096089682,8.966330515558507,9.663719369255169,43.108,-70.95,2004-04-13,2004-04-20,2004-04-13,2004-04-20,DOC_mgL,16.4211,38.1,7 days 00:00:00
2663,TF,17.0,42.87958115183247,288.75,37.314343527000695,0.6798190893738006,16.22511181383578,16.904930535494916,43.108,-70.95,2004-04-20,2004-04-27,2004-04-20,2004-04-27,DOC_mgL,34.5283,48.7,7 days 00:00:00
2664,TF,18.0,42.87958115183247,288.75,27.07083921826836,0.42423832563380626,6.211021558878033,6.635259821867352,43.108,-70.95,2004-04-27,2004-05-04,2004-04-27,2004-05-04,DOC_mgL,13.209,25.5,7 days 00:00:00
2665,TF,19.0,42.87958115183247,288.75,43.232621208377786,0.691320451116906,13.038869885748442,13.730190281209184,43.108,-70.95,2004-05-04,2004-05-18,2004-05-04,2004-05-18,DOC_mgL,41.9312,29.2,14 days 00:00:00
2666,TF,20.0,42.87958115183247,288.75,41.11293589143185,1.1931802705817312,24.989372412648773,26.182552692598016,43.108,-70.95,2004-05-18,2004-06-01,2004-05-18,2004-06-01,DOC_mgL,17.6845,31.3,14 days 00:00:00
2667,TF,21.0,42.87958115183247,288.75,24.419512445773506,1.055067517112333,20.982573681882617,22.037641135166403,43.108,-70.95,2004-05-25,2004-09-14,2004-05-25,2004-09-14,DOC_mgL,1.801,1.0,112 days 00:00:00
2668,TF,22.0,42.87958115183247,288.75,11.843011243684032,0.24805751125053788,4.278116061406934,4.526173635888142,43.108,-70.95,2004-06-01,2004-06-04,2004-06-01,2004-06-04,DOC_mgL,11.1108,9.4,3 days 00:00:00
2669,TF,23.0,42.87958115183247,288.75,21.81267753918818,0.4237377925664133,11.276739511273476,11.700477317598414,43.108,-70.95,2004-06-04,2004-06-15,2004-06-04,2004-06-15,DOC_mgL,14.5808,10.4,11 days 00:00:00
2670,TF,24.0,42.87958115183247,288.75,7.203648612484777,0.37240850475304443,11.725609542764179,12.098018174893307,43.108,-70.95,2004-06-15,2004-06-22,2004-06-15,2004-06-22,DOC_mgL,10.9365,6.9,7 days 00:00:00
2671,TF,25.0,42.87958115183247,288.75,33.950344358584005,1.0339053940381726,25.692544290125895,26.726449324759177,43.108,-70.95,2004-06-22,2004-06-29,2004-06-22,2004-06-29,DOC_mgL,14.5376,11.2,7 days 00:00:00
2672,TF,26.0,42.87958115183247,288.75,9.10750593101639,0.30592037867770844,6.929518549594893,7.235438960473406,43.108,-70.95,2004-06-29,2004-07-02,2004-06-29,2004-07-02,DOC_mgL,12.42,2.7,3 days 00:00:00
2673,TF,27.0,42.87958115183247,288.75,10.30101014887286,0.2982022327372325,6.448452860552921,6.746655267265977,43.108,-70.95,2004-07-02,2004-07-06,2004-07-02,2004-07-06,DOC_mgL,2.1973,0.7,4 days 00:00:00
2674,TF,28.0,42.87958115183247,288.75,1.8849564626541304,0.17060319122984063,5.706546782769522,5.8771499026819,43.108,-70.95,2004-07-06,2004-07-09,2004-07-06,2004-07-09,DOC_mgL,22.896600000000003,18.6,3 days 00:00:00
2675,TF,29.0,42.87958115183247,288.75,35.741582587967,0.7790469276028766,17.74714281470302,18.526190414570877,43.108,-70.95,2004-07-09,2004-07-15,2004-07-09,2004-07-15,DOC_mgL,39.2805,12.9,6 days 00:00:00
2676,TF,30.0,42.87958115183247,288.75,11.525605951234752,0.4276715918904994,10.059043847876481,10.486715346091913,43.108,-70.95,2004-07-15,2004-07-19,2004-07-15,2004-07-19,DOC_mgL,8.928,9.0,4 days 00:00:00
2677,TF,31.0,42.87958115183247,288.75,13.555389591601852,0.22354595674567435,5.471513042643039,5.695059224208876,43.108,-70.95,2004-07-19,2004-07-20,2004-07-19,2004-07-20,DOC_mgL,4.0977,0.9,1 days 00:00:00
2678,TF,32.0,42.87958115183247,288.75,5.59727825325592,0.1883597125929698,4.938350303684835,5.126710031500004,43.108,-70.95,2004-07-20,2004-07-24,2004-07-20,2004-07-24,DOC_mgL,14.2164,9.9,4 days 00:00:00
2679,TF,33.0,42.87958115183247,288.75,30.475572171440035,0.8261468703476931,18.94543775610158,19.771584407191067,43.108,-70.95,2004-07-24,2004-07-29,2004-07-24,2004-07-29,DOC_mgL,10.5325,27.5,5 days 00:00:00
2680,TF,34.0,42.87958115183247,288.75,16.987715467919884,0.31000213685135336,6.85580793385876,7.165810114034832,43.108,-70.95,2004-07-29,2004-08-02,2004-07-29,2004-08-02,DOC_mgL,4.0527999999999995,3.4,4 days 00:00:00
2681,TF,35.0,42.87958115183247,288.75,39.40834324867026,0.46560152608399186,18.589304220939518,19.05490617792882,43.108,-70.95,2004-08-02,2004-08-06,2004-08-02,2004-08-06,DOC_mgL,4.7014000000000005,2.2,4 days 00:00:00
2682,TF,36.0,42.87958115183247,288.75,2.9778768094151924,0.19654228508364166,6.729271338594412,6.925813611675935,43.108,-70.95,2004-08-06,2004-08-13,2004-08-06,2004-08-13,DOC_mgL,12.5252,69.2,7 days 00:00:00
2683,TF,37.0,42.87958115183247,288.75,27.66310521451487,0.5548750833805904,13.855149190444838,14.410024348765482,43.108,-70.95,2004-08-12,2004-08-16,2004-08-12,2004-08-16,DOC_mgL,6.1248000000000005,11.6,4 days 00:00:00
2684,TF,39.0,42.87958115183247,288.75,51.373919109209965,0.35253877317398263,4.2726562288208925,4.625194927054821,43.108,-70.95,2004-08-16,2004-08-17,2004-08-16,2004-08-17,DOC_mgL,12.348,8.4,1 days 00:00:00
2685,TF,40.0,42.87958115183247,288.75,20.593189026429926,0.5516561378603007,17.74019149705652,18.2918471463428,43.108,-70.95,2004-08-17,2004-08-23,2004-08-17,2004-08-23,DOC_mgL,60.221799999999995,35.3,6 days 00:00:00
2686,TF,41.0,42.87958115183247,288.75,6.859897651199301,0.17928938851130907,5.248923613723061,5.428212924074236,43.108,-70.95,2004-08-23,2004-08-31,2004-08-23,2004-08-31,DOC_mgL,0.27,5.4,8 days 00:00:00
2687,TF,42.0,42.87958115183247,288.75,21.69842977177717,0.29873534808597396,5.647198658795694,5.945934002874863,43.108,-70.95,2004-08-31,2004-09-09,2004-08-31,2004-09-09,DOC_mgL,19.4638,63.4,9 days 00:00:00
2688,TF,43.0,42.87958115183247,288.75,47.09518594155219,0.3603827127662171,8.416748566405552,8.77713129622356,43.108,-70.95,2004-09-14,2004-09-21,2004-09-14,2004-09-21,DOC_mgL,34.9048,54.2,7 days 00:00:00
2689,TF,44.0,42.87958115183247,288.75,25.00137756157744,0.4179452726362123,6.399123703210743,6.817069126154735,43.108,-70.95,2004-09-21,2004-09-29,2004-09-21,2004-09-29,DOC_mgL,7.8275999999999994,13.2,8 days 00:00:00
2690,TF,45.0,42.87958115183247,288.75,15.303546667139901,0.33682415470030064,5.378628611246716,5.7154527595068565,43.108,-70.95,2004-09-29,2004-10-05,2004-09-29,2004-10-05,DOC_mgL,15.358,14.0,6 days 00:00:00
2691,TF,46.0,42.87958115183247,288.75,16.343436002791424,0.23950456554751615,2.6691463923924665,2.908650995455731,43.108,-70.95,2004-10-05,2004-10-16,2004-10-05,2004-10-16,DOC_mgL,19.5667,38.9,11 days 00:00:00
2692,TF,47.0,42.87958115183247,288.75,30.344673495368088,0.3114979774180115,3.5813678496361097,3.892865855619989,43.108,-70.95,2004-10-16,2004-11-01,2004-10-16,2004-11-01,DOC_mgL,14.4884,11.6,16 days 00:00:00
2693,TF,48.0,42.87958115183247,288.75,0.5417543403510305,0.004446170049564021,0.06408736022336242,0.06853352933983495,43.108,-70.95,2004-11-01,2004-11-03,2004-11-01,2004-11-03,DOC_mgL,11.862400000000001,8.8,2 days 00:00:00
2694,TF,49.0,42.87958115183247,288.75,16.590481641287624,0.2203991114613224,3.4010954177987607,3.621494529260083,43.108,-70.95,2004-11-03,2004-11-05,2004-11-03,2004-11-05,DOC_mgL,6.191,20.5,2 days 00:00:00
2695,TF,50.0,42.87958115183247,288.75,101.88105385008703,0.6846270987058207,8.531367636496984,9.215994836706807,43.108,-70.95,2004-11-05,2004-11-30,2004-11-05,2004-11-30,DOC_mgL,40.768,64.0,25 days 00:00:00
2696,TF,51.0,42.87958115183247,288.75,22.326555173446394,0.1606132242829017,1.9201735607793369,2.0807867991134987,43.108,-70.95,2004-11-30,2004-12-02,2004-11-30,2004-12-02,DOC_mgL,8.5136,27.2,2 days 00:00:00
2697,TF,52.0,42.87958115183247,288.75,73.45142096650478,0.7037453696450303,6.918802621840372,7.622547901469518,43.108,-70.95,2004-12-02,2004-12-14,2004-12-02,2004-12-14,DOC_mgL,22.270500000000002,44.1,12 days 00:00:00
2698,TF,53.0,42.87958115183247,288.75,5.954883835878472,0.20743764223739436,2.342502548319976,2.54994019056881,43.108,-70.95,2004-12-14,2004-12-21,2004-12-14,2004-12-21,DOC_mgL,10.996199999999998,8.2,7 days 00:00:00
2699,TF,54.0,42.87958115183247,288.75,26.8408548383281,0.13645219898115823,1.675514938266331,1.8119671711314105,43.108,-70.95,2004-12-21,2004-12-28,2004-12-21,2004-12-28,DOC_mgL,6.1336,37.4,7 days 00:00:00
2700,TF,55.0,42.87958115183247,288.75,7.642222159598422,0.1286075113439612,1.3457159984741955,1.4743235144927622,43.108,-70.95,2004-12-28,2005-01-04,2004-12-28,2005-01-04,DOC_mgL,4.1538,12.9,7 days 00:00:00
2701,TF,56.0,42.87958115183247,288.75,42.56535126287986,0.1925906014743975,2.178961333240692,2.371551895488655,43.108,-70.95,2005-01-04,2005-01-09,2005-01-04,2005-01-09,DOC_mgL,8.0592,13.8,5 days 00:00:00
2702,TF,57.0,42.87958115183247,288.75,14.42024443534251,0.1566734412128054,1.7339976845012761,1.8906710946842153,43.108,-70.95,2005-01-09,2005-01-13,2005-01-09,2005-01-13,DOC_mgL,2.4402000000000004,9.8,4 days 00:00:00
2703,TF,58.0,42.87958115183247,288.75,22.80785149864073,0.07966417658906305,0.9193573449525609,0.9990215107195921,43.108,-70.95,2005-01-13,2005-01-18,2005-01-13,2005-01-18,DOC_mgL,6.3646,24.2,5 days 00:00:00
2704,TF,59.0,42.87958115183247,288.75,1.7206625353538563,0.00824514480128602,0.0953604414183351,0.10360558973243617,43.108,-70.95,2005-01-18,2005-01-20,2005-01-18,2005-01-20,DOC_mgL,1.1076,3.9,2 days 00:00:00
2705,TF,60.0,42.87958115183247,288.75,4.515449444430106,0.09131955192032137,0.943258883501219,1.0345784354215404,43.108,-70.95,2005-01-20,2005-01-23,2005-01-20,2005-01-23,DOC_mgL,71.6958,19.8,3 days 00:00:00
2706,TF,61.0,42.87958115183247,288.75,37.49005162951846,0.19759076538150944,2.1949447934366346,2.392535535983703,43.108,-70.95,2005-01-23,2005-01-28,2005-01-23,2005-01-28,DOC_mgL,9.6718,7.4,5 days 00:00:00
2707,TF,62.0,42.87958115183247,288.75,0.2866989544501612,0.0007900208773969696,0.009109337503291206,0.009899358819575649,43.108,-70.95,2005-01-28,2005-02-04,2005-01-28,2005-02-04,DOC_mgL,7.0389,9.9,7 days 00:00:00
2708,TF,63.0,42.87958115183247,288.75,27.487538727573863,0.4713368708882701,4.204208228759996,4.675544985463481,43.108,-70.95,2005-02-04,2005-02-11,2005-02-04,2005-02-11,DOC_mgL,53.480000000000004,35.0,7 days 00:00:00
2709,TF,64.0,42.87958115183247,288.75,6.487536484023337,0.1540756050088382,1.6655476872684538,1.8196233332601341,43.108,-70.95,2005-02-11,2005-02-15,2005-02-11,2005-02-15,DOC_mgL,5.6055,18.5,4 days 00:00:00
2710,TF,65.0,42.87958115183247,288.75,22.972460282719155,0.5535328740104383,6.233126093918475,6.786658898837834,43.108,-70.95,2005-02-15,2005-02-22,2005-02-15,2005-02-22,DOC_mgL,18.794400000000003,24.6,7 days 00:00:00
2711,TF,66.0,42.87958115183247,288.75,4.871510350312747,0.0920769757314921,1.1970761350926784,1.289153129559184,43.108,-70.95,2005-02-22,2005-02-25,2005-02-22,2005-02-25,DOC_mgL,3.7324,6.2,3 days 00:00:00
2712,TF,67.0,42.87958115183247,288.75,28.926847880678118,0.098796362106926,1.1022256747941772,1.2010220052857679,43.108,-70.95,2005-02-25,2005-03-02,2005-02-25,2005-03-02,DOC_mgL,6.7466,12.2,5 days 00:00:00
2713,TF,68.0,42.87958115183247,288.75,31.5787652344756,0.5306228110166871,7.07702520645013,7.607648009270248,43.108,-70.95,2005-03-02,2005-03-09,2005-03-02,2005-03-09,DOC_mgL,28.6416,32.4,7 days 00:00:00
2714,TF,69.0,42.87958115183247,288.75,23.505428178132544,0.6957515950818455,7.584499069025405,8.280250748341627,43.108,-70.95,2005-03-09,2005-03-14,2005-03-09,2005-03-14,DOC_mgL,8.3688,31.7,5 days 00:00:00
2715,TF,70.0,42.87958115183247,288.75,10.621988382988889,0.1744171568049862,2.0594652362515844,2.233882334509508,43.108,-70.95,2005-03-14,2005-03-25,2005-03-14,2005-03-25,DOC_mgL,2.4232,5.2,11 days 00:00:00
2716,TF,71.0,42.87958115183247,288.75,58.769989368832874,0.4242683283912297,6.9606563726929345,7.3849245699299395,43.108,-70.95,2005-03-25,2005-03-30,2005-03-25,2005-03-30,DOC_mgL,7.5516,65.1,5 days 00:00:00
2717,TF,72.0,42.87958115183247,288.75,31.805914598097285,0.5876388778938828,8.489947095261625,9.077586083225999,43.108,-70.95,2005-03-30,2005-04-05,2005-03-30,2005-04-05,DOC_mgL,22.9788,46.8,6 days 00:00:00
2718,TF,73.0,42.87958115183247,288.75,2.4911813835792884,0.15851238056516226,2.3975470921089315,2.5560595265372577,43.108,-70.95,2005-04-05,2005-04-08,2005-04-05,2005-04-08,DOC_mgL,3.9435,3.3,3 days 00:00:00
2719,TF,74.0,42.87958115183247,288.75,8.76818354985894,0.30856426753210375,4.367899575371412,4.676463956484569,43.108,-70.95,2005-04-08,2005-04-21,2005-04-08,2005-04-21,DOC_mgL,29.7741,18.3,13 days 00:00:00
2720,TF,75.0,42.87958115183247,288.75,30.924812872789968,0.6771853244311323,9.766714720313695,10.443900136078046,43.108,-70.95,2005-04-21,2005-04-26,2005-04-21,2005-04-26,DOC_mgL,13.5924,28.2,5 days 00:00:00
2721,TF,76.0,42.87958115183247,288.75,28.369666711824948,0.11474388795685458,1.3580901021934162,1.4728339526985397,43.108,-70.95,2005-04-26,2005-04-28,2005-04-26,2005-04-28,DOC_mgL,5.8782000000000005,29.1,2 days 00:00:00
2722,TF,77.0,42.87958115183247,288.75,0.735595546175194,0.040454992480953855,0.44165516244198955,0.48211016429045017,43.108,-70.95,2005-04-28,2005-04-29,2005-04-28,2005-04-29,DOC_mgL,1.3185,1.5,1 days 00:00:00
2723,TF,78.0,42.87958115183247,288.75,27.131685836012664,0.2859230649118749,5.447182381719539,5.733105404477634,43.108,-70.95,2005-04-29,2005-05-02,2005-04-29,2005-05-02,DOC_mgL,14.3184,22.8,3 days 00:00:00
2724,TF,79.0,42.87958115183247,288.75,0.6320423892258731,0.09571976961053608,1.2705597574047545,1.3662794895452635,43.108,-70.95,2005-05-02,2005-05-03,2005-05-02,2005-05-03,DOC_mgL,4.979399999999999,4.3,1 days 00:00:00
2725,TF,80.0,42.87958115183247,288.75,29.69841345845659,0.28021274687802056,3.486817321202498,3.767030114405767,43.108,-70.95,2005-05-03,2005-05-09,2005-05-03,2005-05-09,DOC_mgL,11.0142,21.1,6 days 00:00:00
2726,TF,81.0,42.87958115183247,288.75,10.566031415791544,0.5507167575521983,11.559033930974026,12.109750940104444,43.108,-70.95,2005-05-09,2005-05-16,2005-05-09,2005-05-16,DOC_mgL,8.0865,4.5,7 days 00:00:00
2727,TF,82.0,42.87958115183247,288.75,2.06490256173808,0.20716335834281008,3.46002318046823,3.6671864919735064,43.108,-70.95,2005-05-16,2005-05-19,2005-05-16,2005-05-19,DOC_mgL,5.901,1.5,3 days 00:00:00
2728,TF,83.0,42.87958115183247,288.75,8.406242462022373,0.14152131693097314,1.7232155577473485,1.8647368899005201,43.108,-70.95,2005-05-19,2005-05-23,2005-05-19,2005-05-23,DOC_mgL,11.0982,34.9,4 days 00:00:00
2729,TF,84.0,42.87958115183247,288.75,8.581323299949872,0.023140776794772222,0.3174452450904752,0.34058602188524745,43.108,-70.95,2005-05-23,2005-05-24,2005-05-23,2005-05-24,DOC_mgL,9.2675,27.5,1 days 00:00:00
2730,TF,85.0,42.87958115183247,288.75,9.090810613088252,0.06945900417332229,0.971266567173501,1.04072558071433,43.108,-70.95,2005-05-24,2005-05-25,2005-05-24,2005-05-25,DOC_mgL,9.938699999999999,24.3,1 days 00:00:00
2731,TF,86.0,42.87958115183247,288.75,36.31038489402272,0.10707981064339567,1.632714163868343,1.7397939089391912,43.108,-70.95,2005-05-25,2005-05-26,2005-05-25,2005-05-26,DOC_mgL,11.544,31.2,1 days 00:00:00
2732,TF,87.0,42.87958115183247,288.75,33.37191227199554,0.40996216314282197,7.431984062541974,7.841946111225573,43.108,-70.95,2005-05-26,2005-05-31,2005-05-26,2005-05-31,DOC_mgL,12.023900000000001,19.3,5 days 00:00:00
2733,TF,88.0,42.87958115183247,288.75,9.72113348538528,0.43846210641427585,14.143761141091876,14.582223040497059,43.108,-70.95,2005-05-31,2005-06-09,2005-05-31,2005-06-09,DOC_mgL,45.108,12.6,9 days 00:00:00
2734,TF,89.0,42.87958115183247,288.75,21.80384825010151,0.5055446873625247,17.26933835932698,17.7748827656643,43.108,-70.95,2005-06-09,2005-06-13,2005-06-09,2005-06-13,DOC_mgL,108.5588,54.8,4 days 00:00:00
2735,TF,90.0,42.87958115183247,288.75,23.629278041426005,0.5095192736476184,15.531602753915408,16.041121830845384,43.108,-70.95,2005-06-13,2005-06-15,2005-06-13,2005-06-15,DOC_mgL,17.8864,5.6,2 days 00:00:00
2736,TF,91.0,42.87958115183247,288.75,6.825479902872189,0.37205417613948855,9.894179728645035,10.266233838041039,43.108,-70.95,2005-06-15,2005-06-20,2005-06-15,2005-06-20,DOC_mgL,20.474999999999998,9.1,5 days 00:00:00
2737,TF,92.0,42.87958115183247,288.75,4.99621804235721,0.10392517302506595,3.9325654263284817,4.036490674179253,43.108,-70.95,2005-06-20,2005-06-23,2005-06-20,2005-06-23,DOC_mgL,16.0965,7.3,3 days 00:00:00
2738,TF,93.0,42.87958115183247,288.75,12.435979816022936,0.2829867241854125,11.429389928138256,11.71237653083935,43.108,-70.95,2005-06-23,2005-06-29,2005-06-23,2005-06-29,DOC_mgL,18.298399999999997,25.7,6 days 00:00:00
2739,TF,94.0,42.87958115183247,288.75,18.059344074572437,0.2733072393401592,10.210993650616729,10.484300627666698,43.108,-70.95,2005-06-29,2005-06-30,2005-06-29,2005-06-30,DOC_mgL,31.020000000000003,23.5,1 days 00:00:00
2740,TF,95.0,42.87958115183247,288.75,4.1081603399106825,0.12217089215282861,3.517665758678845,3.63983663209666,43.108,-70.95,2005-06-30,2005-07-01,2005-06-30,2005-07-01,DOC_mgL,2.8658999999999994,4.1,1 days 00:00:00
2741,TF,96.0,42.87958115183247,288.75,5.799750104939733,0.16034614182880677,3.4391085649222983,3.599454688015986,43.108,-70.95,2005-07-01,2005-07-05,2005-07-01,2005-07-05,DOC_mgL,11.629800000000001,3.9,4 days 00:00:00
2742,TF,97.0,42.87958115183247,288.75,15.776051645843836,0.5512793471718069,15.544851406090743,16.096130828202604,43.108,-70.95,2005-07-06,2005-07-07,2005-07-06,2005-07-07,DOC_mgL,9.135,2.1,1 days 00:00:00
2743,TF,98.0,42.87958115183247,288.75,48.895928672840206,0.37777447166580796,7.669345021554808,8.04711953947268,43.108,-70.95,2005-07-07,2005-07-11,2005-07-07,2005-07-11,DOC_mgL,22.1367,33.9,4 days 00:00:00
2744,TF,99.0,42.87958115183247,288.75,3.498918626694547,0.2018785983474709,8.770784999060504,8.972663378698648,43.108,-70.95,2005-07-11,2005-07-15,2005-07-11,2005-07-15,DOC_mgL,20.5128,12.6,4 days 00:00:00
2745,TF,100.0,42.87958115183247,288.75,10.069269840329298,0.2854528535420342,9.941880543817838,10.227333430146146,43.108,-70.95,2005-07-15,2005-07-19,2005-07-15,2005-07-19,DOC_mgL,7.428299999999999,3.3,4 days 00:00:00
2746,TF,101.0,42.87958115183247,288.75,11.804779341603272,0.3326979986835134,10.818589299243445,11.151287318491564,43.108,-70.95,2005-07-19,2005-07-25,2005-07-19,2005-07-25,DOC_mgL,2.6236,1.4,6 days 00:00:00
2747,TF,102.0,42.87958115183247,288.75,7.516447833066583,0.31368212678504553,16.243291688566348,16.55697346875366,43.108,-70.95,2005-07-25,2005-07-28,2005-07-25,2005-07-28,DOC_mgL,42.279599999999995,13.2,3 days 00:00:00
2748,TF,103.0,42.87958115183247,288.75,6.505423575281499,0.16654327376982164,5.852845985538835,6.019389296266443,43.108,-70.95,2005-07-28,2005-08-02,2005-07-28,2005-08-02,DOC_mgL,12.6615,6.9,5 days 00:00:00
2749,TF,104.0,42.87958115183247,288.75,42.057609720013765,1.1204636279312161,42.15545280235853,43.27591581598908,43.108,-70.95,2005-08-02,2005-08-15,2005-08-02,2005-08-15,DOC_mgL,80.936,53.6,13 days 00:00:00
2750,TF,105.0,42.87958115183247,288.75,2.319953578044931,0.11111508422904931,4.166759383515123,4.2778746425072915,43.108,-70.95,2005-08-16,2005-08-22,2005-08-16,2005-08-22,DOC_mgL,10.145999999999999,3.8,6 days 00:00:00
2751,TF,106.0,42.87958115183247,288.75,2.7200381794934034,0.12436451575590507,3.8281006239926363,3.9524651801459143,43.108,-70.95,2005-08-22,2005-08-26,2005-08-22,2005-08-26,DOC_mgL,10.283399999999999,5.8,4 days 00:00:00
2752,TF,107.0,42.87958115183247,288.75,5.887630146617084,0.055300064527585846,1.2544227656619,1.3097228301894859,43.108,-70.95,2005-08-29,2005-08-30,2005-08-29,2005-08-30,DOC_mgL,4.4064,2.4,1 days 00:00:00
2753,TF,108.0,42.87958115183247,288.75,17.44879998568649,0.1202576069975203,3.4379490254643486,3.5582065294192944,43.108,-70.95,2005-08-30,2005-08-31,2005-08-30,2005-08-31,DOC_mgL,1.6285999999999998,3.4,1 days 00:00:00
2754,TF,109.0,42.87958115183247,288.75,3.26003188604318,0.06970874190381782,2.6358374483059777,2.705546087167221,43.108,-70.95,2005-08-31,2005-09-01,2005-08-31,2005-09-01,DOC_mgL,4.7700000000000005,9.0,1 days 00:00:00
2755,TF,110.0,42.87958115183247,288.75,3.5714326150060325,0.12441613818294124,4.125899242569952,4.250315413685534,43.108,-70.95,2005-09-01,2005-09-06,2005-09-01,2005-09-06,DOC_mgL,12.3043,7.1,5 days 00:00:00
2756,TF,111.0,42.87958115183247,288.75,0.5862167787052781,0.010906259918733934,0.2954564737169964,0.30636273706860795,43.108,-70.95,2005-09-06,2005-09-16,2005-09-06,2005-09-16,DOC_mgL,6.923,21.5,10 days 00:00:00
2757,TF,112.0,42.87958115183247,288.75,2.636922232568395,0.07700526622606008,1.528852644483436,1.605857896658236,43.108,-70.95,2005-09-16,2005-09-17,2005-09-16,2005-09-17,DOC_mgL,1.925,5.0,1 days 00:00:00
2758,TF,113.0,42.87958115183247,288.75,11.739796024190074,0.2377208673500249,4.072439578595672,4.310160413159424,43.108,-70.95,2005-09-17,2005-09-21,2005-09-17,2005-09-21,DOC_mgL,7.44,2.0,4 days 00:00:00
2759,TF,114.0,42.87958115183247,288.75,3.0601451445300563,0.04810753923967514,1.2608972709663084,1.3090048201704838,43.108,-70.95,2005-09-21,2005-09-27,2005-09-21,2005-09-27,DOC_mgL,0.66,13.2,6 days 00:00:00
2760,TF,115.0,42.87958115183247,288.75,15.989720056957385,0.17320675050475076,2.7309047523349506,2.9041115262584682,43.108,-70.95,2005-09-27,2005-09-30,2005-09-27,2005-09-30,DOC_mgL,1.8150000000000002,11.0,3 days 00:00:00
2761,TF,116.0,42.87958115183247,288.75,110.54592676235094,0.10297354730824111,1.0788783331514162,1.1818518827975335,43.108,-70.95,2005-09-30,2005-10-10,2005-09-30,2005-10-10,DOC_mgL,61.686,134.1,10 days 00:00:00
2762,TF,117.0,42.87958115183247,288.75,10.949688157779747,0.06928424396701605,0.6951115683051512,0.764395821639674,43.108,-70.95,2005-10-10,2005-10-11,2005-10-10,2005-10-11,DOC_mgL,5.68,28.4,1 days 00:00:00
2763,TF,118.0,42.87958115183247,288.75,16.209445523429622,0.0717119106284636,0.8038434418100593,0.8755553407291394,43.108,-70.95,2005-10-11,2005-10-14,2005-10-11,2005-10-14,DOC_mgL,5.045599999999999,5.3,3 days 00:00:00
2764,TF,119.0,42.87958115183247,288.75,37.96465142897887,0.07418912261868832,0.6069688423746,0.6811579597240658,43.108,-70.95,2005-10-14,2005-10-17,2005-10-14,2005-10-17,DOC_mgL,45.9232,101.6,3 days 00:00:00
2765,TF,120.0,42.87958115183247,288.75,45.095356435403794,0.4282556297030933,8.872457284036116,9.300713082336088,43.108,-70.95,2005-10-17,2005-10-24,2005-10-17,2005-10-24,DOC_mgL,9.027,29.5,7 days 00:00:00
2766,TF,121.0,42.87958115183247,288.75,2.3411504287196294,0.0174477647173904,0.24457346148309966,0.2620212297133051,43.108,-70.95,2005-10-24,2005-10-25,2005-10-24,2005-10-25,DOC_mgL,8.725,34.9,1 days 00:00:00
2767,TF,122.0,42.87958115183247,288.75,61.913967329019215,0.055831932826988506,0.694564430969713,0.750396345061688,43.108,-70.95,2005-10-25,2005-10-26,2005-10-25,2005-10-26,DOC_mgL,7.0224,13.2,1 days 00:00:00
2768,TF,123.0,42.87958115183247,288.75,16.52181099642807,0.07782681863836326,0.9845389245771375,1.0623657457426594,43.108,-70.95,2005-10-26,2005-11-07,2005-10-26,2005-11-07,DOC_mgL,15.6996,14.7,12 days 00:00:00
2769,TF,124.0,42.87958115183247,288.75,2.6345494042845363,0.18535977996643818,2.459777158521359,2.6451368673532927,43.108,-70.95,2005-11-07,2005-11-10,2005-11-07,2005-11-10,DOC_mgL,27.4215,25.25,3 days 00:00:00
2770,TF,125.0,42.87958115183247,288.75,32.39130879381363,0.8329748368894772,12.37869630086025,13.211670519275167,43.108,-70.95,2005-11-10,2005-11-16,2005-11-10,2005-11-16,DOC_mgL,17.186999999999998,8.5,6 days 00:00:00
2771,TF,126.0,42.87958115183247,288.75,2.0963610175783742,0.017331683744431503,0.21290120916228616,0.23023289524859436,43.108,-70.95,2005-11-16,2005-11-17,2005-11-16,2005-11-17,DOC_mgL,6.4184,22.6,1 days 00:00:00
2772,TF,127.0,42.87958115183247,288.75,13.312339210995944,0.03916124831642061,0.46628674164016226,0.5054479731243442,43.108,-70.95,2005-11-17,2005-11-22,2005-11-17,2005-11-22,DOC_mgL,5.936,16.0,5 days 00:00:00
2773,TF,128.0,42.87958115183247,288.75,56.99470335485124,0.11749675919714431,1.151557274536863,1.2690540618365276,43.108,-70.95,2005-11-22,2005-11-23,2005-11-22,2005-11-23,DOC_mgL,9.210600000000001,23.8,1 days 00:00:00
2774,TF,129.0,42.87958115183247,288.75,7.199064307883418,0.1914660584863715,1.8817423660293444,2.073208425686654,43.108,-70.95,2005-11-23,2005-11-28,2005-11-23,2005-11-28,DOC_mgL,5.9136,11.2,5 days 00:00:00
2775,TF,130.0,42.87958115183247,288.75,1.0000976127244599,0.05695061466482625,0.7626119474194587,0.8195625808375944,43.108,-70.95,2005-11-28,2005-11-30,2005-11-28,2005-11-30,DOC_mgL,2.2843,5.3,2 days 00:00:00
2776,TF,131.0,42.87958115183247,288.75,20.799912090296857,0.0683413060517668,0.7170965071745528,0.7854377898075526,43.108,-70.95,2005-11-30,2005-12-01,2005-11-30,2005-12-01,DOC_mgL,6.138,12.4,1 days 00:00:00
2777,TF,132.0,42.87958115183247,288.75,8.672940909448812,0.2916694366496969,2.6984586971173785,2.9901281606986574,43.108,-70.95,2005-12-01,2005-12-05,2005-12-01,2005-12-05,DOC_mgL,1.2613999999999999,1.4,4 days 00:00:00
2778,TF,133.0,42.87958115183247,288.75,20.25275583032171,0.09226174867733719,1.1291317234235054,1.221393468249553,43.108,-70.95,2005-12-05,2005-12-12,2005-12-05,2005-12-12,DOC_mgL,1.06,21.2,7 days 00:00:00
2779,TF,134.0,42.87958115183247,288.75,23.512534721286304,0.02358649287303463,0.27744990618917764,0.3010364004527731,43.108,-70.95,2005-12-12,2005-12-19,2005-12-12,2005-12-19,DOC_mgL,13.514800000000001,45.2,7 days 00:00:00
2780,TF,135.0,42.87958115183247,288.75,18.975660541276085,0.16830917462962602,1.7107052091309276,1.8790144057888314,43.108,-70.95,2005-12-19,2005-12-28,2005-12-19,2005-12-28,DOC_mgL,17.472199999999997,39.8,9 days 00:00:00
2781,TF,136.0,42.87958115183247,288.75,14.944635212543744,0.3226183254139564,3.6196333180749107,3.942251693839216,43.108,-70.95,2005-12-28,2006-01-03,2005-12-28,2006-01-03,DOC_mgL,9.9292,20.6,6 days 00:00:00
2782,TF,137.0,42.87958115183247,288.75,13.332369812957268,0.13650453764771775,1.7380941520024271,1.8745986356955013,43.108,-70.95,2006-01-03,2006-01-06,2006-01-03,2006-01-06,DOC_mgL,4.8508,6.7,3 days 00:00:00
2783,TF,138.0,42.87958115183247,288.75,0.03098628673647852,0.019744545646897815,0.19169089284648555,0.2114354355660375,43.108,-70.95,2006-01-06,2006-01-08,2006-01-06,2006-01-08,DOC_mgL,2.0224,0.8,2 days 00:00:00
2784,TF,139.0,42.87958115183247,288.75,1.079539773561622,0.029897599971911645,0.4228513305129522,0.45274894146241085,43.108,-70.95,2006-01-08,2006-01-12,2006-01-08,2006-01-12,DOC_mgL,12.5756,14.9,4 days 00:00:00
2785,TF,140.0,42.87958115183247,288.75,44.59566633014944,0.24008406752977035,2.6043783244014467,2.844462307051909,43.108,-70.95,2006-01-12,2006-01-17,2006-01-12,2006-01-17,DOC_mgL,11.975999999999999,24.0,5 days 00:00:00
2786,TF,141.0,42.87958115183247,288.75,21.490643255361874,0.0872574507277974,0.9714832422888509,1.0587406744280021,43.108,-70.95,2006-01-17,2006-01-19,2006-01-17,2006-01-19,DOC_mgL,28.883999999999997,17.4,2 days 00:00:00
2787,TF,142.0,42.87958115183247,288.75,23.19808747577312,0.06799424949872789,0.7558113685397587,0.823805599742575,43.108,-70.95,2006-01-19,2006-01-24,2006-01-19,2006-01-24,DOC_mgL,26.1615,16.3,5 days 00:00:00
2788,TF,143.0,42.87958115183247,288.75,2.106076869701212,0.13939419530760097,1.2513946956796418,1.3907889293354736,43.108,-70.95,2006-01-24,2006-01-26,2006-01-24,2006-01-26,DOC_mgL,12.192,8.0,2 days 00:00:00
2789,TF,144.0,42.87958115183247,288.75,6.231893996444526,0.17762775713652948,1.7368671623002498,1.914494955003996,43.108,-70.95,2006-01-26,2006-01-30,2006-01-26,2006-01-30,DOC_mgL,13.208,13.0,4 days 00:00:00
2790,TF,145.0,42.87958115183247,288.75,65.53311713446419,0.6589681022530457,7.663605611045455,8.322573727057026,43.108,-70.95,2006-01-30,2006-02-06,2006-01-30,2006-02-06,DOC_mgL,2.1425,42.85,7 days 00:00:00
2791,TF,146.0,42.87958115183247,288.75,22.703222000175494,0.16934974971117156,2.004266853167496,2.173616573449694,43.108,-70.95,2006-02-06,2006-02-13,2006-02-06,2006-02-13,DOC_mgL,3.4202,9.8,7 days 00:00:00
2792,TF,147.0,42.87958115183247,288.75,1.5143803578656574,0.06993291738470017,1.1286893625615142,1.1986222672511389,43.108,-70.95,2006-02-13,2006-02-21,2006-02-13,2006-02-21,DOC_mgL,2.6730000000000005,2.2,8 days 00:00:00
2793,TF,148.0,42.87958115183247,288.75,4.33696234563366,0.29349157106486634,3.4321765544165963,3.725668107917385,43.108,-70.95,2006-02-21,2006-02-27,2006-02-21,2006-02-27,DOC_mgL,5.8656,10.4,6 days 00:00:00
2794,TF,149.0,42.87958115183247,288.75,14.973114679921878,0.48014574144066596,7.912456730608145,8.392602403137223,43.108,-70.95,2006-02-27,2006-03-13,2006-02-27,2006-03-13,DOC_mgL,3.234,2.2,14 days 00:00:00
2795,TF,150.0,42.87958115183247,288.75,8.21251014713198,0.17674274543910684,3.343134569178119,3.51987738955728,43.108,-70.95,2006-03-13,2006-03-14,2006-03-13,2006-03-14,DOC_mgL,26.652600000000003,20.1,1 days 00:00:00
2796,TF,151.0,42.87958115183247,288.75,7.618682184329373,0.21312848361154657,3.538553949855583,3.7516825646122243,43.108,-70.95,2006-03-14,2006-03-15,2006-03-14,2006-03-15,DOC_mgL,0.6606,0.3,1 days 00:00:00
2797,TF,152.0,42.87958115183247,288.75,5.564650987499489,0.2863734797437574,3.505543781581145,3.7919171744375992,43.108,-70.95,2006-03-15,2006-04-03,2006-03-15,2006-04-03,DOC_mgL,5.027000000000001,2.2,19 days 00:00:00
2798,TF,153.0,42.87958115183247,288.75,1.068655512881378,0.03174956469606527,0.4100349559887917,0.4417845089754735,43.108,-70.95,2006-04-03,2006-04-04,2006-04-03,2006-04-04,DOC_mgL,9.581600000000002,23.6,1 days 00:00:00
2799,TF,154.0,42.87958115183247,288.75,31.35658926112228,0.23328033255110014,3.5270830256450836,3.7603633207261566,43.108,-70.95,2006-04-04,2006-04-05,2006-04-04,2006-04-05,DOC_mgL,14.8275,22.5,1 days 00:00:00
2800,TF,155.0,42.87958115183247,288.75,4.593500159444375,0.15510789840023076,1.7174151600851673,1.8725230865879183,43.108,-70.95,2006-04-05,2006-04-06,2006-04-05,2006-04-06,DOC_mgL,3.4919999999999995,9.7,1 days 00:00:00
2801,TF,156.0,42.87958115183247,288.75,13.104641295313968,0.27997180150401635,4.882002174397271,5.161973949847909,43.108,-70.95,2006-04-06,2006-04-10,2006-04-06,2006-04-10,DOC_mgL,5.2026,3.9,4 days 00:00:00
2802,TF,157.0,42.87958115183247,288.75,2.5037963906369978,0.12795005586721708,2.2894444987198797,2.417394602595569,43.108,-70.95,2006-04-10,2006-04-14,2006-04-10,2006-04-14,DOC_mgL,1.7175,0.5,4 days 00:00:00
2803,TF,158.0,42.87958115183247,288.75,16.89619962771858,0.2638245251352278,4.104071893266948,4.367896343736559,43.108,-70.95,2006-04-14,2006-04-24,2006-04-14,2006-04-24,DOC_mgL,14.598,18.0,10 days 00:00:00
2804,TF,159.0,42.87958115183247,288.75,16.7354566940503,0.25481098481217046,2.8523506556688005,3.1071615280708897,43.108,-70.95,2006-04-24,2006-04-25,2006-04-24,2006-04-25,DOC_mgL,0.9768000000000001,0.8,1 days 00:00:00
2805,TF,160.0,42.87958115183247,288.75,3.2045976389507547,0.12235317655247942,1.6731733636307127,1.7955265765005768,43.108,-70.95,2006-04-25,2006-05-02,2006-04-25,2006-05-02,DOC_mgL,0.6400000000000001,12.8,7 days 00:00:00
2806,TF,161.0,42.87958115183247,288.75,45.37207842076896,0.018326326784237623,0.2708585730704094,0.28918490102558536,43.108,-70.95,2006-05-02,2006-05-03,2006-05-02,2006-05-03,DOC_mgL,15.581100000000001,50.1,1 days 00:00:00
2807,TF,162.0,42.87958115183247,288.75,10.879550291065243,0.037873555853995544,0.32735996413624235,0.36523350593897774,43.108,-70.95,2006-05-03,2006-05-04,2006-05-03,2006-05-04,DOC_mgL,2.2837,4.1,1 days 00:00:00
2808,TF,163.0,42.87958115183247,288.75,23.301075382080253,0.0901752772399621,2.133178199793091,2.22335343809921,43.108,-70.95,2006-05-04,2006-05-10,2006-05-04,2006-05-10,DOC_mgL,8.915199999999999,19.9,6 days 00:00:00
2809,TF,164.0,42.87958115183247,288.75,11.10061152758135,0.14582536428386916,2.3343715960244538,2.48019699777835,43.108,-70.95,2006-05-10,2006-05-11,2006-05-10,2006-05-11,DOC_mgL,0.7863,0.3,1 days 00:00:00
2810,TF,165.0,42.87958115183247,288.75,1.4181874746554968,0.005616120068996366,0.07000376216204085,0.07561988223103722,43.108,-70.95,2006-05-11,2006-05-12,2006-05-11,2006-05-12,DOC_mgL,0.753,3.0,1 days 00:00:00
2811,TF,166.0,42.87958115183247,288.75,149.66809056105035,1.0160297509581584,13.634853196498042,14.650883106703816,43.108,-70.95,2006-05-12,2006-05-19,2006-05-12,2006-05-19,DOC_mgL,196.07291,292.21,7 days 00:00:00
2812,TF,168.0,42.87958115183247,288.75,18.561707310382758,0.4487016082906775,5.1556520021950325,5.6043535343747175,43.108,-70.95,2006-05-19,2006-05-23,2006-05-19,2006-05-23,DOC_mgL,12.8169,14.1,4 days 00:00:00
2813,TF,169.0,42.87958115183247,288.75,23.989331274378678,0.5816162157359223,14.17095712181321,14.75257357993337,43.108,-70.95,2006-05-23,2006-06-02,2006-05-23,2006-06-02,DOC_mgL,33.3258,40.2,10 days 00:00:00
2814,TF,170.0,42.87958115183247,288.75,85.6931045291276,1.0376337226947197,27.935696556014022,28.973330035153566,43.108,-70.95,2006-06-02,2006-06-05,2006-06-02,2006-06-05,DOC_mgL,40.456,52.0,3 days 00:00:00
2815,TF,171.0,42.87958115183247,288.75,37.388967083984426,0.2106192262588645,3.1678967839579575,3.378516166829826,43.108,-70.95,2006-06-05,2006-06-08,2006-06-05,2006-06-08,DOC_mgL,16.889999999999997,56.3,3 days 00:00:00
2816,TF,172.0,42.87958115183247,288.75,5.079083393866313,0.05596355098086425,0.6231422128299968,0.6791057965971348,43.108,-70.95,2006-06-08,2006-06-09,2006-06-08,2006-06-09,DOC_mgL,3.531,10.7,1 days 00:00:00
2817,TF,173.0,42.87958115183247,288.75,28.11016213399853,0.5177716337709942,7.7721702324007325,8.289942064060307,43.108,-70.95,2006-06-09,2006-06-12,2006-06-09,2006-06-12,DOC_mgL,6.9372,14.1,3 days 00:00:00
2818,TF,174.0,42.87958115183247,288.75,4.00013759476181,0.20985392291082705,6.921646555912986,7.131500627532983,43.108,-70.95,2006-06-12,2006-06-15,2006-06-12,2006-06-15,DOC_mgL,10.6067,4.1,3 days 00:00:00
2819,TF,175.0,42.87958115183247,288.75,18.820452506551625,1.0144310360477027,36.37305516779321,37.387486606643705,43.108,-70.95,2006-06-15,2006-06-21,2006-06-15,2006-06-21,DOC_mgL,11.21,5.9,6 days 00:00:00
2820,TF,176.0,42.87958115183247,288.75,66.35465771083204,1.2600809692550619,35.649203863896695,36.90928497834811,43.108,-70.95,2006-06-21,2006-06-26,2006-06-21,2006-06-26,DOC_mgL,41.84275,21.85,5 days 00:00:00
2821,TF,177.0,42.87958115183247,288.75,10.766159456743196,0.09625284163455872,3.127490610238537,3.223743465924356,43.108,-70.95,2006-06-26,2006-06-29,2006-06-26,2006-06-29,DOC_mgL,6.334199999999999,5.1,3 days 00:00:00
2822,TF,178.0,42.87958115183247,288.75,27.518590778097263,0.8569095722214625,27.985128592334707,28.842037732781804,43.108,-70.95,2006-06-30,2006-07-12,2006-06-30,2006-07-12,DOC_mgL,36.815,37.0,12 days 00:00:00
2823,TF,179.0,42.87958115183247,288.75,31.183016949398734,0.37148331910596966,12.54026242847317,12.911745672639086,43.108,-70.95,2006-07-12,2006-07-13,2006-07-12,2006-07-13,DOC_mgL,59.48159999999999,38.4,1 days 00:00:00
2824,TF,180.0,42.87958115183247,288.75,59.19036167494386,1.7485799450226702,64.04231290650269,65.79089225903058,43.108,-70.95,2006-07-13,2006-07-24,2006-07-13,2006-07-24,DOC_mgL,52.8955,24.5,11 days 00:00:00
2825,TF,181.0,42.87958115183247,288.75,16.709716724781778,0.45310353357491934,16.582172891049794,17.035276821206896,43.108,-70.95,2006-07-24,2006-07-31,2006-07-24,2006-07-31,DOC_mgL,19.1682,20.7,7 days 00:00:00
2826,TF,182.0,42.87958115183247,288.75,6.550635172697383,0.25948622371912283,5.708062859877128,5.967548979968207,43.108,-70.95,2006-07-31,2006-08-03,2006-07-31,2006-08-03,DOC_mgL,6.449999999999999,1.5,3 days 00:00:00
2827,TF,183.0,42.87958115183247,288.75,1.7882333422036822,0.04499191488122056,2.167641516281904,2.2126334264793712,43.108,-70.95,2006-08-03,2006-08-04,2006-08-03,2006-08-04,DOC_mgL,22.9086,9.9,1 days 00:00:00
2828,TF,184.0,42.87958115183247,288.75,15.184602673201312,0.4848076315400185,15.451628376794702,15.936436570385126,43.108,-70.95,2006-08-04,2006-08-07,2006-08-04,2006-08-07,DOC_mgL,12.3024,13.2,3 days 00:00:00
2829,TF,185.0,42.87958115183247,288.75,5.417408640084886,0.1878997832327478,7.322087536287825,7.509987431930654,43.108,-70.95,2006-08-07,2006-08-08,2006-08-07,2006-08-08,DOC_mgL,0.3466,0.2,1 days 00:00:00
2830,TF,186.0,42.87958115183247,288.75,1.874098851406547,0.07645798401658249,2.6690305090174253,2.7454884742989947,43.108,-70.95,2006-08-08,2006-08-11,2006-08-08,2006-08-11,DOC_mgL,0.0,0.0,3 days 00:00:00
2831,TF,187.0,42.87958115183247,288.75,0.30564089609219636,0.014085003689502098,0.4789389898346083,0.49302399072483594,43.108,-70.95,2006-08-11,2006-08-15,2006-08-11,2006-08-15,DOC_mgL,9.056,8.0,4 days 00:00:00
2832,TF,188.0,42.87958115183247,288.75,18.407134424242024,0.8688343835399139,26.04663020891462,26.91546526281674,43.108,-70.95,2006-08-15,2006-08-21,2006-08-15,2006-08-21,DOC_mgL,33.5048,86.8,6 days 00:00:00
2833,TF,189.0,42.87958115183247,288.75,1.2462535168594746,0.07767435093557207,2.957843957263062,3.0355182555064086,43.108,-70.95,2006-08-21,2006-08-25,2006-08-21,2006-08-25,DOC_mgL,7.1568,2.8,4 days 00:00:00
2834,TF,190.0,42.87958115183247,288.75,40.44566416288586,0.3389492712381221,11.027301356422715,11.366250364346076,43.108,-70.95,2006-08-25,2006-08-28,2006-08-25,2006-08-28,DOC_mgL,16.653,13.0,3 days 00:00:00
2835,TF,191.0,42.87958115183247,288.75,32.56113052702223,0.30359578771830276,6.7023655028709,7.005961352063467,43.108,-70.95,2006-08-28,2006-09-05,2006-08-28,2006-09-05,DOC_mgL,8.736,19.2,8 days 00:00:00
2836,TF,192.0,42.87958115183247,288.75,1.7838451356055884,0.021358859212533554,0.4643563408790463,0.4857151930659498,43.108,-70.95,2006-09-05,2006-09-06,2006-09-05,2006-09-06,DOC_mgL,1.95219,0.654,1 days 00:00:00
2837,TF,193.0,42.87958115183247,288.75,19.938469261175698,0.2419909490977015,5.355372495268428,5.597363456766184,43.108,-70.95,2006-09-06,2006-09-15,2006-09-06,2006-09-15,DOC_mgL,5.6966,9.1,9 days 00:00:00
2838,TF,194.0,42.87958115183247,288.75,13.053849304294399,0.46328795949705387,13.264144514007082,13.727432244878447,43.108,-70.95,2006-09-15,2006-09-21,2006-09-15,2006-09-21,DOC_mgL,37.5972,22.8,6 days 00:00:00
2839,TF,195.0,42.87958115183247,288.75,17.30978006388717,0.23731511944949468,5.295522819764495,5.532837954434472,43.108,-70.95,2006-09-21,2006-09-25,2006-09-21,2006-09-25,DOC_mgL,20.5632,14.4,4 days 00:00:00
2840,TF,196.0,42.87958115183247,288.75,33.929244591490715,0.4813283334403895,7.84815876817696,8.329486876797187,43.108,-70.95,2006-09-29,2006-10-02,2006-09-29,2006-10-02,DOC_mgL,10.9173,15.1,3 days 00:00:00
2841,TF,197.0,42.87958115183247,288.75,3.1820888963807192,0.14140113767380225,2.898139253582066,3.0395403444183344,43.108,-70.95,2006-10-04,2006-10-06,2006-10-04,2006-10-06,DOC_mgL,1.9791,2.7,2 days 00:00:00
2842,TF,198.0,42.87958115183247,288.75,1.567688986092519,0.08199422107149616,1.2058592142566225,1.287853369757215,43.108,-70.95,2006-10-06,2006-10-12,2006-10-06,2006-10-12,DOC_mgL,16.9344,78.4,6 days 00:00:00
2843,TF,199.0,42.87958115183247,288.75,8.24963075474955,0.2119060220906124,2.920527970861036,3.132433990499996,43.108,-70.95,2006-10-12,2006-10-18,2006-10-12,2006-10-18,DOC_mgL,7.393199999999999,10.1,6 days 00:00:00
2844,TF,200.0,42.87958115183247,288.75,7.514410948183947,0.1790494855743156,1.7165139656828612,1.8955633763079747,43.108,-70.95,2006-10-18,2006-10-20,2006-10-18,2006-10-20,DOC_mgL,4.4088,3.3,2 days 00:00:00
2845,TF,201.0,42.87958115183247,288.75,15.686073193704742,0.4072750372342269,5.080913760848561,5.488188685089525,43.108,-70.95,2006-10-20,2006-10-23,2006-10-20,2006-10-23,DOC_mgL,20.5408,26.2,3 days 00:00:00
2846,TF,202.0,42.87958115183247,288.75,57.36447679342005,0.5065975418045715,5.138084544064975,5.644682088943331,43.108,-70.95,2006-10-23,2006-10-30,2006-10-23,2006-10-30,DOC_mgL,11.9997,60.3,7 days 00:00:00
2847,TF,203.0,42.87958115183247,288.75,8.180227278499355,0.18188831848604115,2.3354845629696213,2.51737282348964,43.108,-70.95,2006-10-30,2006-11-03,2006-10-30,2006-11-03,DOC_mgL,5.5932,5.9,4 days 00:00:00
2848,TF,204.0,42.87958115183247,288.75,1.7149052440351698,0.04610594061079569,0.5228117066222517,0.5689176475623738,43.108,-70.95,2006-11-03,2006-11-08,2006-11-03,2006-11-08,DOC_mgL,2.128,7.0,5 days 00:00:00
2849,TF,205.0,42.87958115183247,288.75,12.451302018234855,0.11256711812679399,1.0981012599220463,1.2106684155188674,43.108,-70.95,2006-11-08,2006-11-09,2006-11-08,2006-11-09,DOC_mgL,2.6500000000000004,53.0,1 days 00:00:00
2850,TF,206.0,42.87958115183247,288.75,11.6016678328554,0.14935437304592536,1.6018756517628394,1.751230028321794,43.108,-70.95,2006-11-09,2006-11-13,2006-11-09,2006-11-13,DOC_mgL,3.8519999999999994,10.7,4 days 00:00:00
2851,TF,207.0,42.87958115183247,288.75,2.615368043734634,0.05048936737445109,0.5952116799434748,0.6457010426341725,43.108,-70.95,2006-11-13,2006-11-14,2006-11-13,2006-11-14,DOC_mgL,9.048,43.5,1 days 00:00:00
2852,TF,208.0,42.87958115183247,288.75,7.238770733231092,0.10076772229139497,0.9771299519512056,1.0778976461400802,43.108,-70.95,2006-11-14,2006-11-15,2006-11-14,2006-11-15,DOC_mgL,1.4904,2.4,1 days 00:00:00
2853,TF,209.0,42.87958115183247,288.75,2.198779102791093,0.15355977271008792,1.5564217040187067,1.709981443942521,43.108,-70.95,2006-11-15,2006-11-17,2006-11-15,2006-11-17,DOC_mgL,6.0287999999999995,38.4,2 days 00:00:00
2854,TF,210.0,42.87958115183247,288.75,34.234340527968946,0.08937633099243955,0.8770172970384574,0.9663936315483733,43.108,-70.95,2006-11-17,2006-11-27,2006-11-17,2006-11-27,DOC_mgL,2.88,8.0,10 days 00:00:00
2855,TF,211.0,42.87958115183247,288.75,10.70677111849605,0.06557904101348175,0.730861916397197,0.7964409645460844,43.108,-70.95,2006-11-30,2006-12-04,2006-11-30,2006-12-04,DOC_mgL,12.837,33.0,4 days 00:00:00
2856,TF,212.0,42.87958115183247,288.75,6.567730066232384,0.2361167816695563,2.6007640738618365,2.8368809143699725,43.108,-70.95,2006-12-04,2006-12-14,2006-12-04,2006-12-14,DOC_mgL,0.739,1.0,10 days 00:00:00
2857,TF,213.0,42.87958115183247,288.75,49.497321155902995,0.2695795363306074,2.9380899884898226,3.2076695057926816,43.108,-70.95,2006-12-14,2006-12-27,2006-12-14,2006-12-27,DOC_mgL,6.248399999999999,50.8,13 days 00:00:00
2858,TF,214.0,42.87958115183247,288.75,33.12467848715084,0.3350756552966676,3.604925062710614,3.940000636041564,43.108,-70.95,2006-12-27,2007-01-02,2006-12-27,2007-01-02,DOC_mgL,6.767099999999999,21.9,6 days 00:00:00
2859,TF,215.0,42.87958115183247,288.75,4.310497989146178,0.06526099203672966,0.7038386269558928,0.7690995880335101,43.108,-70.95,2007-01-02,2007-01-08,2007-01-02,2007-01-08,DOC_mgL,8.0625,37.5,6 days 00:00:00
2860,TF,216.0,42.87958115183247,288.75,35.73661822784402,0.14341454274147125,1.7016152487059344,1.8450298289174327,43.108,-70.95,2007-01-08,2007-01-09,2007-01-08,2007-01-09,DOC_mgL,7.542,9.0,1 days 00:00:00
2861,TF,217.0,42.87958115183247,288.75,20.53362369416334,0.3101169278161729,3.465924550485888,3.7760414463208076,43.108,-70.95,2007-01-09,2007-01-16,2007-01-09,2007-01-16,DOC_mgL,4.601999999999999,13.0,7 days 00:00:00
2862,TF,218.0,42.87958115183247,288.75,0.6988853057719062,0.025622953124483303,0.21813500380996054,0.24375795678807655,43.108,-70.95,2007-01-16,2007-01-19,2007-01-16,2007-01-19,DOC_mgL,1.3861999999999999,2.9,3 days 00:00:00
2863,TF,219.0,42.87958115183247,288.75,6.1203138783759785,0.299129362966511,3.162343383445072,3.4614728642006627,43.108,-70.95,2007-01-23,2007-02-05,2007-01-23,2007-02-05,DOC_mgL,2.4547999999999996,6.8,13 days 00:00:00
2864,TF,220.0,42.87958115183247,288.75,35.1541267132216,0.18379473829334733,2.0005426252276237,2.1843373653139437,43.108,-70.95,2007-02-05,2007-02-15,2007-02-05,2007-02-15,DOC_mgL,1.595,31.9,10 days 00:00:00
2865,TF,221.0,42.87958115183247,288.75,38.72382802127296,0.4674173443188114,5.513728360016228,5.981145570738587,43.108,-70.95,2007-02-15,2007-03-05,2007-02-15,2007-03-05,DOC_mgL,14.7678,48.9,18 days 00:00:00
2866,TF,222.0,42.87958115183247,288.75,7.205962978718006,0.39398313406896746,6.617693097005846,7.0116762307820695,43.108,-70.95,2007-03-05,2007-03-12,2007-03-05,2007-03-12,DOC_mgL,10.0128,8.4,7 days 00:00:00
2867,TF,223.0,42.87958115183247,288.75,13.756040447532314,0.2775371488502978,3.7185978479618007,3.996134907235601,43.108,-70.95,2007-03-12,2007-03-16,2007-03-12,2007-03-16,DOC_mgL,5.113600000000001,3.2,4 days 00:00:00
2868,TF,224.0,42.87958115183247,288.75,60.860501198689576,0.3042776616606069,3.604802381595995,3.909080059649739,43.108,-70.95,2007-03-16,2007-03-19,2007-03-16,2007-03-19,DOC_mgL,7.004000000000001,41.2,3 days 00:00:00
2869,TF,225.0,42.87958115183247,288.75,6.270290902049558,0.10210153711648905,1.5161318958830985,1.618233455247416,43.108,-70.95,2007-03-19,2007-03-23,2007-03-19,2007-03-23,DOC_mgL,1.2368000000000001,0.4,4 days 00:00:00
2870,TF,226.0,42.87958115183247,288.75,7.675596472012103,0.05582980757389,0.6919163866858646,0.7477462024563231,43.108,-70.95,2007-03-23,2007-03-26,2007-03-23,2007-03-26,DOC_mgL,4.8138000000000005,7.1,3 days 00:00:00
2871,TF,227.0,42.87958115183247,288.75,4.215640598204118,0.19898355775593846,2.6163202854201373,2.8153038150735554,43.108,-70.95,2007-03-26,2007-03-28,2007-03-26,2007-03-28,DOC_mgL,3.3120000000000003,3.6,2 days 00:00:00
2872,TF,228.0,42.87958115183247,288.75,0.5865666661766676,0.012089222002242316,0.15956718665276032,0.1716564178762672,43.108,-70.95,2007-03-28,2007-04-02,2007-03-28,2007-04-02,DOC_mgL,5.2852,7.3,5 days 00:00:00
2873,TF,229.0,42.87958115183247,288.75,16.761488581096273,0.1397360457813107,2.1144733323638643,2.2542094003930035,43.108,-70.95,2007-04-02,2007-04-04,2007-04-02,2007-04-04,DOC_mgL,2.3564000000000003,4.3,2 days 00:00:00
2874,TF,230.0,42.87958115183247,288.75,16.734642804294708,0.21964532692653194,2.89193609059879,3.111581492465376,43.108,-70.95,2007-04-04,2007-04-05,2007-04-04,2007-04-05,DOC_mgL,4.5752,30.1,1 days 00:00:00
2875,TF,231.0,42.87958115183247,288.75,45.79641087434361,0.3294115969744698,3.728926219756859,4.058337734619277,43.108,-70.95,2007-04-05,2007-04-14,2007-04-05,2007-04-14,DOC_mgL,9.9115,21.5,9 days 00:00:00
2876,TF,232.0,42.87958115183247,288.75,140.50210309282107,0.30109107648518957,3.8461970733316697,4.147288206607369,43.108,-70.95,2007-04-14,2007-04-20,2007-04-14,2007-04-20,DOC_mgL,44.967999999999996,123.2,6 days 00:00:00
2877,TF,233.0,42.87958115183247,288.75,15.746714457902378,0.5211133113981546,10.926569995770809,11.447682929527314,43.108,-70.95,2007-04-20,2007-04-30,2007-04-20,2007-04-30,DOC_mgL,17.179799999999997,20.9,10 days 00:00:00
2878,TF,234.0,42.87958115183247,288.75,0.2907320935996438,0.041421203966773845,0.6023636964225254,0.6437849003892993,43.108,-70.95,2007-04-30,2007-05-01,2007-04-30,2007-05-01,DOC_mgL,8.824,8.0,1 days 00:00:00
2879,TF,235.0,42.87958115183247,288.75,2.1987929301303666,0.007063570236533201,0.09272423766304438,0.09978780614317007,43.108,-70.95,2007-05-01,2007-05-02,2007-05-01,2007-05-02,DOC_mgL,1.6896000000000002,1.6,1 days 00:00:00
2880,TF,236.0,42.87958115183247,288.75,14.330626325353286,0.28609495396007173,3.9580054082085114,4.244100300108922,43.108,-70.95,2007-05-02,2007-05-14,2007-05-02,2007-05-14,DOC_mgL,14.6645,21.1,12 days 00:00:00
2881,TF,237.0,42.87958115183247,288.75,0.0009089584085408831,0.0013500013119113058,0.052330635137709525,0.05368063805966106,43.108,-70.95,2007-05-14,2007-05-15,2007-05-14,2007-05-15,DOC_mgL,5.6716,1.1,1 days 00:00:00
2882,TF,238.0,42.87958115183247,288.75,7.1806999514478775,0.3340997728473738,7.071673246983323,7.405773094770751,43.108,-70.95,2007-05-15,2007-05-17,2007-05-15,2007-05-17,DOC_mgL,56.0876,28.1,2 days 00:00:00
2883,TF,239.0,42.87958115183247,288.75,54.81050698108447,0.3572131075310625,5.697245974989329,6.0544590591016245,43.108,-70.95,2007-05-17,2007-05-21,2007-05-17,2007-05-21,DOC_mgL,14.169599999999999,36.9,4 days 00:00:00
2884,TF,240.0,42.87958115183247,288.75,5.162056984495818,0.05093761224415595,1.107737309570304,1.1586749057058388,43.108,-70.95,2007-05-21,2007-05-29,2007-05-21,2007-05-29,DOC_mgL,31.1465,7.7,8 days 00:00:00
2885,TF,241.0,42.87958115183247,288.75,2.4263008914976893,0.15513172931172572,4.758725547801226,4.913857268631081,43.108,-70.95,2007-05-29,2007-06-01,2007-05-29,2007-06-01,DOC_mgL,12.733200000000002,5.4,3 days 00:00:00
2886,TF,242.0,42.87958115183247,288.75,19.839255588749438,0.7356760388377293,19.412388896355992,20.14806461669849,43.108,-70.95,2007-06-01,2007-06-04,2007-06-01,2007-06-04,DOC_mgL,12.5474,8.6,3 days 00:00:00
2887,TF,243.0,42.87958115183247,288.75,32.37886380134114,0.20498164728099955,3.9262441797749403,4.131225911363501,43.108,-70.95,2007-06-04,2007-06-06,2007-06-04,2007-06-06,DOC_mgL,67.87039999999999,67.6,2 days 00:00:00
2888,TF,244.0,42.87958115183247,288.75,8.579414263371055,0.5606506546615865,21.216807988624907,21.777458175057525,43.108,-70.95,2007-06-06,2007-06-11,2007-06-06,2007-06-11,DOC_mgL,5.4207,0.9,5 days 00:00:00
2889,TF,245.0,42.87958115183247,288.75,22.869262496452713,0.7792237470038673,18.716920928710486,19.496144346168418,43.108,-70.95,2007-06-22,2007-07-05,2007-06-22,2007-07-05,DOC_mgL,11.6303,10.9,13 days 00:00:00
2890,TF,246.0,42.87958115183247,288.75,21.090980737881182,0.27144722719585346,6.632052107491404,6.903499372157285,43.108,-70.95,2007-07-05,2007-07-06,2007-07-05,2007-07-06,DOC_mgL,2.9988,0.6,1 days 00:00:00
2891,TF,247.0,42.87958115183247,288.75,11.148832231810957,0.33411811442563,10.930126204122814,11.26424418740335,43.108,-70.95,2007-07-06,2007-07-09,2007-07-06,2007-07-09,DOC_mgL,9.0402,2.6,3 days 00:00:00
2892,TF,248.0,42.87958115183247,288.75,5.101234148696676,0.29401553691688065,7.398549173309732,7.692564785166667,43.108,-70.95,2007-07-09,2007-07-10,2007-07-09,2007-07-10,DOC_mgL,53.0889,27.1,1 days 00:00:00
2893,TF,249.0,42.87958115183247,288.75,2.066021899960191,0.1319406630825859,6.403717406344711,6.535658064743544,43.108,-70.95,2007-07-10,2007-07-12,2007-07-10,2007-07-12,DOC_mgL,5.2272,3.6,2 days 00:00:00
2894,TF,250.0,42.87958115183247,288.75,8.62495884552672,0.32353314090294294,10.929679711280116,11.253212561790349,43.108,-70.95,2007-07-12,2007-07-16,2007-07-12,2007-07-16,DOC_mgL,39.4611,12.9,4 days 00:00:00
2895,TF,251.0,42.87958115183247,288.75,23.665161427488535,0.6030529839167951,14.267623070496338,14.87067602806702,43.108,-70.95,2007-07-16,2007-07-19,2007-07-16,2007-07-19,DOC_mgL,9.388599999999999,2.3,3 days 00:00:00
2896,TF,252.0,42.87958115183247,288.75,11.47855135741338,0.3537290460542408,8.028536635507066,8.382265681561307,43.108,-70.95,2007-07-19,2007-07-20,2007-07-19,2007-07-20,DOC_mgL,46.8966,28.2,1 days 00:00:00
2897,TF,253.0,42.87958115183247,288.75,10.411250833084612,0.3733398304429113,10.316776149468287,10.690115976307066,43.108,-70.95,2007-07-20,2007-07-27,2007-07-20,2007-07-27,DOC_mgL,4.370299999999999,2.9,7 days 00:00:00
2898,TF,254.0,42.87958115183247,288.75,19.37678081906924,0.33746027046973465,7.946171333428342,8.283631671227031,43.108,-70.95,2007-07-27,2007-07-30,2007-07-27,2007-07-30,DOC_mgL,31.696,16.0,3 days 00:00:00
2899,TF,255.0,42.87958115183247,288.75,35.759946305617284,0.9253934301650591,26.805197187701957,27.730590583360982,43.108,-70.95,2007-07-30,2007-08-07,2007-07-30,2007-08-07,DOC_mgL,20.433,13.9,8 days 00:00:00
2900,TF,256.0,42.87958115183247,288.75,1.5951973693972832,0.10108163681077365,2.904362350619749,3.005443893755455,43.108,-70.95,2007-08-07,2007-08-08,2007-08-07,2007-08-08,DOC_mgL,25.5281,7.3,1 days 00:00:00
2901,TF,257.0,42.87958115183247,288.75,18.206136353846567,0.7946703059592543,22.65418297197085,23.448852228769233,43.108,-70.95,2007-08-08,2007-08-10,2007-08-08,2007-08-10,DOC_mgL,3.448,2.0,2 days 00:00:00
2902,TF,258.0,42.87958115183247,288.75,3.606881967684484,0.14408442219703013,5.047402319052161,5.191486616585406,43.108,-70.95,2007-08-10,2007-08-16,2007-08-10,2007-08-16,DOC_mgL,18.9138,5.8,6 days 00:00:00
2903,TF,259.0,42.87958115183247,288.75,0.5721341096887045,0.04554705675119397,1.8422062375567094,1.8877533036754102,43.108,-70.95,2007-08-16,2007-08-17,2007-08-16,2007-08-17,DOC_mgL,55.005,19.3,1 days 00:00:00
2904,TF,261.0,42.87958115183247,288.75,18.472622094790424,0.8344904792819361,31.71851968053972,32.55301018919899,43.108,-70.95,2007-08-17,2007-09-10,2007-08-17,2007-09-10,DOC_mgL,24.909,11.5,24 days 00:00:00
2905,TF,263.0,42.87958115183247,288.75,3.4624546174200077,0.1975070045012739,5.019442861353696,5.2169500719401185,43.108,-70.95,2007-09-10,2007-09-11,2007-09-10,2007-09-11,DOC_mgL,17.0208,10.8,1 days 00:00:00
2906,TF,265.0,42.87958115183247,288.75,24.137335867635556,0.42480522849386304,8.570000109564546,8.994805300588382,43.108,-70.95,2007-09-11,2007-09-12,2007-09-11,2007-09-12,DOC_mgL,11.024999999999999,31.5,1 days 00:00:00
2907,TF,267.0,42.87958115183247,288.75,7.4441802041632075,0.12022384028822775,2.254615669454365,2.3748395537934304,43.108,-70.95,2007-09-12,2007-09-17,2007-09-12,2007-09-17,DOC_mgL,5.334,6.0,5 days 00:00:00
2908,TF,269.0,42.87958115183247,288.75,0.4245211210256551,0.031469216248100104,0.876522372443558,0.9079915810348174,43.108,-70.95,2007-09-17,2007-09-28,2007-09-17,2007-09-28,DOC_mgL,2.5921000000000003,16.1,11 days 00:00:00
2909,TF,271.0,42.87958115183247,288.75,12.655416375015696,0.290016153919815,5.39348050581901,5.68349672032522,43.108,-70.95,2007-09-28,2007-10-08,2007-09-28,2007-10-08,DOC_mgL,45.846,32.4,10 days 00:00:00
2910,TF,273.0,42.87958115183247,288.75,4.427028011377843,0.16174638581625822,3.3150757576538847,3.4768222675896077,43.108,-70.95,2007-10-08,2007-10-10,2007-10-08,2007-10-10,DOC_mgL,5.712,5.1,2 days 00:00:00
2911,TF,275.0,42.87958115183247,288.75,18.84693519969005,0.07945464911007782,1.0564944669111398,1.1359491347562312,43.108,-70.95,2007-10-10,2007-10-11,2007-10-10,2007-10-11,DOC_mgL,0.0,0.0,1 days 00:00:00
2912,TF,276.0,42.87958115183247,288.75,3.9455361729778815,0.02473212181927642,0.34297424900131546,0.36770637784622195,43.108,-70.95,2007-10-11,2007-10-12,2007-10-11,2007-10-12,DOC_mgL,10.2408,25.1,1 days 00:00:00
2913,TF,277.0,42.87958115183247,288.75,1.8808191340088238,0.106244286854568,1.6860424507719394,1.792286765875395,43.108,-70.95,2007-10-12,2007-10-15,2007-10-12,2007-10-15,DOC_mgL,3.5026,8.3,3 days 00:00:00
2914,TF,279.0,42.87958115183247,288.75,27.565596932463794,0.15948621052234202,1.7819981783378442,1.9414843511065725,43.108,-70.95,2007-10-15,2007-10-22,2007-10-15,2007-10-22,DOC_mgL,6.696,27.9,7 days 00:00:00
2915,TF,281.0,42.87958115183247,288.75,0.2308195165603898,0.007156940633514533,0.13077187123745712,0.1379288095290771,43.108,-70.95,2007-10-22,2007-10-24,2007-10-22,2007-10-24,DOC_mgL,1.2899999999999998,0.6,2 days 00:00:00
2916,TF,283.0,42.87958115183247,288.75,10.212074130322435,0.09295208353021778,1.41824127442014,1.5111933204803307,43.108,-70.95,2007-10-24,2007-10-25,2007-10-24,2007-10-25,DOC_mgL,2.1784,0.8,1 days 00:00:00
2917,TF,285.0,42.87958115183247,288.75,22.019984242055422,0.09045917081193974,0.992018064090154,1.0824772416349715,43.108,-70.95,2007-10-25,2007-10-29,2007-10-25,2007-10-29,DOC_mgL,6.82,15.5,4 days 00:00:00
2918,TF,287.0,42.87958115183247,288.75,67.19806414608637,0.06761319113396619,0.98125255610175,1.048865776802107,43.108,-70.95,2007-10-29,2007-11-05,2007-10-29,2007-11-05,DOC_mgL,9.511600000000001,30.1,7 days 00:00:00
2919,TF,289.0,42.87958115183247,288.75,18.78257410083961,0.47690458281676035,6.722719615367967,7.1996240102491225,43.108,-70.95,2007-11-05,2007-11-07,2007-11-05,2007-11-07,DOC_mgL,14.8852,18.7,2 days 00:00:00
2920,TF,291.0,42.87958115183247,288.75,0.9855999249241965,0.009875453925605118,0.1015637567059302,0.11143921191110563,43.108,-70.95,2007-11-07,2007-11-13,2007-11-07,2007-11-13,DOC_mgL,3.1724,2.2,6 days 00:00:00
2921,TF,293.0,42.87958115183247,288.75,2.353421048664761,0.12708846931983583,1.5655018537367658,1.6925902762373637,43.108,-70.95,2007-11-13,2007-11-15,2007-11-13,2007-11-15,DOC_mgL,4.5654,2.1,2 days 00:00:00
2922,TF,295.0,42.87958115183247,288.75,9.450785319131683,0.6207363373311736,10.364933711315416,10.985669973706536,43.108,-70.95,2007-11-15,2007-11-16,2007-11-15,2007-11-16,DOC_mgL,9.7197,17.9,1 days 00:00:00
2923,TF,299.0,42.87958115183247,288.75,11.001934288414061,0.05032781054772713,0.6575415972085862,0.7078694230265385,43.108,-70.95,2007-11-16,2007-11-21,2007-11-16,2007-11-21,DOC_mgL,2.2842000000000002,4.7,5 days 00:00:00
2924,TF,301.0,42.87958115183247,288.75,5.205775217298481,0.23491820290801912,2.8841544605709424,3.119072748518359,43.108,-70.95,2007-11-21,2007-11-26,2007-11-21,2007-11-26,DOC_mgL,2.465,3.4,5 days 00:00:00
2925,TF,303.0,42.87958115183247,288.75,17.569649799042963,0.11224942850218689,1.1711493025368114,1.2833987872440389,43.108,-70.95,2007-11-26,2007-11-27,2007-11-26,2007-11-27,DOC_mgL,7.3712159999999995,16.272,1 days 00:00:00
2926,TF,305.0,42.87958115183247,288.75,22.24760436355666,0.11153857115264038,1.2359933295597036,1.347531883733738,43.108,-70.95,2007-11-27,2007-12-03,2007-11-27,2007-12-03,DOC_mgL,1.8875,15.1,6 days 00:00:00
2927,TF,306.0,42.87958115183247,288.75,19.593864681155537,0.11682213946206943,1.3801688791836852,1.4969909811757276,43.108,-70.95,2007-12-03,2007-12-04,2007-12-03,2007-12-04,DOC_mgL,2.1167,6.1,1 days 00:00:00
2928,TF,307.0,42.87958115183247,288.75,5.821709681330667,0.06688762430014882,0.8367846920411659,0.903672296514264,43.108,-70.95,2007-12-04,2007-12-10,2007-12-04,2007-12-10,DOC_mgL,2.3256,3.6,6 days 00:00:00
2929,TF,309.0,42.87958115183247,288.75,1.1228905293592106,0.00528183473520738,0.0676290991957762,0.07291093510192193,43.108,-70.95,2007-12-11,2007-12-12,2007-12-11,2007-12-12,DOC_mgL,1.0548,0.6,1 days 00:00:00
2930,TF,311.0,42.87958115183247,288.75,17.333124196738936,0.1736829383439109,1.7497002721689192,1.9233832151965835,43.108,-70.95,2007-12-12,2007-12-14,2007-12-12,2007-12-14,DOC_mgL,3.4188,13.2,2 days 00:00:00
2931,TF,313.0,42.87958115183247,288.75,42.0492039395981,0.043491834813124006,0.4930585603376333,0.536550389616244,43.108,-70.95,2007-12-14,2007-12-18,2007-12-14,2007-12-18,DOC_mgL,19.278,34.0,4 days 00:00:00
2932,TF,315.0,42.87958115183247,288.75,6.578858461603332,0.10879748493561481,1.257925160306576,1.3667226663191525,43.108,-70.95,2007-12-18,2007-12-21,2007-12-18,2007-12-21,DOC_mgL,2.7359999999999998,11.4,3 days 00:00:00
2933,TF,317.0,42.87958115183247,288.75,13.603570046240298,0.033638161156071565,0.4381435520791439,0.4717817304791122,43.108,-70.95,2007-12-21,2007-12-26,2007-12-21,2007-12-26,DOC_mgL,2.6229999999999998,8.6,5 days 00:00:00
2934,TF,319.0,42.87958115183247,288.75,42.472312099306464,0.6595406928607862,6.871435588497871,7.530976492420294,43.108,-70.95,2007-12-26,2008-01-02,2007-12-26,2008-01-02,DOC_mgL,33.6295,51.5,7 days 00:00:00
2935,TF,321.0,42.87958115183247,288.75,2.649796074704475,0.05936070595478347,0.6869534023616667,0.7463141228888579,43.108,-70.95,2008-01-02,2008-01-10,2008-01-02,2008-01-10,DOC_mgL,1.0764,0.6,8 days 00:00:00
2936,TF,323.0,42.87958115183247,288.75,0.06931045177793749,2.4576008495104254e-05,0.00028609811053440307,0.0003106741304644521,43.108,-70.95,2008-01-10,2008-01-11,2008-01-10,2008-01-11,DOC_mgL,2.2715,5.9,1 days 00:00:00
2937,TF,327.0,42.87958115183247,288.75,30.963969334152353,0.15315942987747252,1.8404583977931628,1.9936178474668116,43.108,-70.95,2008-01-11,2008-01-15,2008-01-11,2008-01-15,DOC_mgL,2.4912,14.4,4 days 00:00:00
2938,TF,329.0,42.87958115183247,288.75,0.8071227640238376,0.0008444636147354613,0.008263681293321853,0.009108144908048382,43.108,-70.95,2008-01-15,2008-01-18,2008-01-15,2008-01-18,DOC_mgL,1.8975000000000002,11.5,3 days 00:00:00
2939,TF,331.0,42.87958115183247,288.75,9.073605434206655,0.04668515378968008,0.5774514983368506,0.6241366345624555,43.108,-70.95,2008-01-18,2008-01-22,2008-01-18,2008-01-22,DOC_mgL,1.512,4.8,4 days 00:00:00
2940,TF,333.0,42.87958115183247,288.75,3.280382945580751,0.05265615084155991,0.7848258969026923,0.8374820537087175,43.108,-70.95,2008-01-22,2008-01-28,2008-01-22,2008-01-28,DOC_mgL,6.048000000000001,10.8,6 days 00:00:00
2941,TF,335.0,42.87958115183247,288.75,1.087980420955148,0.00026764859554736283,0.0039369090385171605,0.004204557588324744,43.108,-70.95,2008-01-28,2008-01-30,2008-01-28,2008-01-30,DOC_mgL,1.5873000000000002,1.3,2 days 00:00:00
2942,TF,337.0,42.87958115183247,288.75,3.465609802333347,0.054517203251780444,0.8355343916743863,0.8900516323961938,43.108,-70.95,2008-01-30,2008-01-31,2008-01-30,2008-01-31,DOC_mgL,1.2033,0.7,1 days 00:00:00
2943,TF,339.0,42.87958115183247,288.75,19.851186717134706,0.17952597164867723,2.213310910038479,2.392836826067607,43.108,-70.95,2008-01-31,2008-02-04,2008-01-31,2008-02-04,DOC_mgL,14.297,29.0,4 days 00:00:00
2944,TF,341.0,42.87958115183247,288.75,0.15959220505123994,0.0011754686335624723,0.016760674488927596,0.017936143195673715,43.108,-70.95,2008-02-04,2008-02-05,2008-02-04,2008-02-05,DOC_mgL,14.0767,19.1,1 days 00:00:00
2945,TF,343.0,42.87958115183247,288.75,16.299586422974244,0.4479586326877616,5.1345861562523964,5.582544826410185,43.108,-70.95,2008-02-05,2008-02-06,2008-02-05,2008-02-06,DOC_mgL,7.9091,13.9,1 days 00:00:00
2946,TF,345.0,42.87958115183247,288.75,27.807026799564483,0.182857291808336,2.5081392962533755,2.6909966255317386,43.108,-70.95,2008-02-06,2008-02-07,2008-02-06,2008-02-07,DOC_mgL,7.0305,21.5,1 days 00:00:00
2947,TF,347.0,42.87958115183247,288.75,11.332508256600704,0.12780331168360526,1.4533940051464356,1.5811973730350815,43.108,-70.95,2008-02-07,2008-02-08,2008-02-07,2008-02-08,DOC_mgL,1.4014000000000002,2.6,1 days 00:00:00
2948,TF,349.0,42.87958115183247,288.75,5.026813255248896,0.48806747237478687,6.882188331724937,7.3702557432109295,43.108,-70.95,2008-02-08,2008-02-11,2008-02-08,2008-02-11,DOC_mgL,8.4088,9.2,3 days 00:00:00
2949,TF,351.0,42.87958115183247,288.75,53.58708350455821,0.26096306165817285,4.317131757549525,4.578094766954574,43.108,-70.95,2008-02-11,2008-02-14,2008-02-11,2008-02-14,DOC_mgL,16.703999999999997,69.6,3 days 00:00:00
2950,TF,353.0,42.87958115183247,288.75,1.9323012733439273,0.08335207922790552,1.19833324303024,1.2816853465551161,43.108,-70.95,2008-02-14,2008-02-18,2008-02-14,2008-02-18,DOC_mgL,4.5226999999999995,7.1,4 days 00:00:00
2951,TF,355.0,42.87958115183247,288.75,21.16071250384266,0.2734230217238398,3.6710707473908144,3.944493731644627,43.108,-70.95,2008-02-18,2008-02-19,2008-02-18,2008-02-19,DOC_mgL,3.2384999999999997,5.1,1 days 00:00:00
2952,TF,357.0,42.87958115183247,288.75,10.897828598067004,0.12506372164062732,1.575927571752245,1.7009912716575437,43.108,-70.95,2008-02-19,2008-02-26,2008-02-19,2008-02-26,DOC_mgL,4.5045,10.5,7 days 00:00:00
2953,TF,359.0,42.87958115183247,288.75,3.20411591019365,0.1042945604878831,1.4458316544008198,1.5501261774186759,43.108,-70.95,2008-02-26,2008-02-27,2008-02-26,2008-02-27,DOC_mgL,15.549600000000002,22.8,1 days 00:00:00
2954,TF,361.0,42.87958115183247,288.75,12.43944375346473,0.36497619926301184,4.224746752434783,4.589722801817686,43.108,-70.95,2008-02-27,2008-02-28,2008-02-27,2008-02-28,DOC_mgL,2.976,4.8,1 days 00:00:00
2955,TF,363.0,42.87958115183247,288.75,11.71857783290875,0.4713152675207648,6.368841997729003,6.84015742894329,43.108,-70.95,2008-02-28,2008-03-03,2008-02-28,2008-03-03,DOC_mgL,6.702399999999999,14.2,4 days 00:00:00
2956,TF,365.0,42.87958115183247,288.75,90.00259884723842,0.5095621813435534,7.773463547532525,8.283025992483573,43.108,-70.95,2008-03-03,2008-03-11,2008-03-03,2008-03-11,DOC_mgL,117.3746,68.6,8 days 00:00:00
2957,TF,367.0,42.87958115183247,288.75,1.5899498533755718,0.08467973631751823,0.9734705509226033,1.0581502683586692,43.108,-70.95,2008-03-11,2008-03-14,2008-03-11,2008-03-14,DOC_mgL,8.1837,6.3,3 days 00:00:00
2958,TF,369.0,42.87958115183247,288.75,16.29387123784909,0.6002328438968474,10.250368934899834,10.850602076215022,43.108,-70.95,2008-03-14,2008-03-17,2008-03-14,2008-03-17,DOC_mgL,21.137600000000003,17.6,3 days 00:00:00
2959,TF,371.0,42.87958115183247,288.75,17.630510593047433,0.12191991556956272,1.9702952090173975,2.0922150636981662,43.108,-70.95,2008-03-17,2008-03-20,2008-03-17,2008-03-20,DOC_mgL,14.601600000000001,28.8,3 days 00:00:00
2960,TF,373.0,42.87958115183247,288.75,7.6120276315054705,0.12298649857838521,1.7894721379382674,1.91245863241837,43.108,-70.95,2008-03-20,2008-03-28,2008-03-20,2008-03-28,DOC_mgL,5.655,13.0,8 days 00:00:00
2961,TF,375.0,42.87958115183247,288.75,13.995550625622855,0.17038011002057374,2.5300976314035495,2.7004777414241232,43.108,-70.95,2008-03-28,2008-03-29,2008-03-28,2008-03-29,DOC_mgL,5.2224,12.8,1 days 00:00:00
2962,TF,377.0,42.87958115183247,288.75,8.592336827277503,0.04622024704909761,0.6400676892675325,0.6862879234363084,43.108,-70.95,2008-03-29,2008-04-01,2008-03-29,2008-04-01,DOC_mgL,6.5892,6.8,3 days 00:00:00
2963,TF,379.0,42.87958115183247,288.75,2.5334001520604943,0.06808101582489456,1.0995521743106806,1.1676331901355752,43.108,-70.95,2008-04-01,2008-04-02,2008-04-01,2008-04-02,DOC_mgL,3.4234999999999998,4.1,1 days 00:00:00
2964,TF,381.0,42.87958115183247,288.75,0.02198937806961443,1.74918406480398e-05,0.0003372480639478488,0.00035473990688287757,43.108,-70.95,2008-04-02,2008-04-04,2008-04-02,2008-04-04,DOC_mgL,0.9534,1.4,2 days 00:00:00
2965,TF,385.0,42.87958115183247,288.75,28.09462482815661,0.0621248448680594,0.8849687084706848,0.9470935309445483,43.108,-70.95,2008-04-04,2008-04-07,2008-04-04,2008-04-07,DOC_mgL,3.6285000000000003,5.9,3 days 00:00:00
2966,TF,387.0,42.87958115183247,288.75,22.153323089662713,0.5015331474761974,9.559781107649755,10.061314336217993,43.108,-70.95,2008-04-07,2008-04-14,2008-04-07,2008-04-14,DOC_mgL,8.8976,6.7,7 days 00:00:00
2967,TF,389.0,42.87958115183247,288.75,4.922614215378822,0.17603220925450955,2.731647147519281,2.907679408511909,43.108,-70.95,2008-04-14,2008-04-28,2008-04-14,2008-04-28,DOC_mgL,4.3086,0.6,14 days 00:00:00
2968,TF,391.0,42.87958115183247,288.75,14.339457493406371,0.15947061796084405,4.083933791143579,4.243404427839437,43.108,-70.95,2008-04-28,2008-04-29,2008-04-28,2008-04-29,DOC_mgL,17.0498,52.3,1 days 00:00:00
2969,TF,393.0,42.87958115183247,288.75,26.723016599561333,0.23465804924183153,3.4325470466001207,3.6672050396369116,43.108,-70.95,2008-04-29,2008-04-30,2008-04-29,2008-04-30,DOC_mgL,10.281,11.5,1 days 00:00:00
2970,TF,395.0,42.87958115183247,288.75,11.122356590531624,0.3334942682604739,7.129794336174777,7.463288539521357,43.108,-70.95,2008-04-30,2008-05-05,2008-04-30,2008-05-05,DOC_mgL,11.169599999999999,17.9,5 days 00:00:00
2971,TF,397.0,42.87958115183247,288.75,0.6283716922794731,0.04757438156800537,0.7794295616579325,0.827003962253686,43.108,-70.95,2008-05-05,2008-05-08,2008-05-05,2008-05-08,DOC_mgL,4.4144,0.8,3 days 00:00:00
2972,TF,399.0,42.87958115183247,288.75,86.26962681574562,0.5298850177573825,10.96013518303211,11.490020418584312,43.108,-70.95,2008-05-08,2008-05-19,2008-05-08,2008-05-19,DOC_mgL,18.2682,2.7,11 days 00:00:00
2973,TF,401.0,42.87958115183247,288.75,4.055289467430612,0.12104297993607849,1.830089854659711,1.951132842792358,43.108,-70.95,2008-05-19,2008-05-22,2008-05-19,2008-05-22,DOC_mgL,4.6062,0.9,3 days 00:00:00
2974,TF,403.0,42.87958115183247,288.75,5.937147490642225,0.12152514114340104,1.5470206346426125,1.668545784156393,43.108,-70.95,2008-05-22,2008-05-27,2008-05-22,2008-05-27,DOC_mgL,3.5075,0.5,5 days 00:00:00
2975,TF,405.0,42.87958115183247,288.75,23.63300062952101,0.4629744150395533,12.785761537220175,13.248735504522106,43.108,-70.95,2008-05-27,2008-06-02,2008-05-27,2008-06-02,DOC_mgL,6.1443,0.9,6 days 00:00:00
2976,TF,407.0,42.87958115183247,288.75,0.7159854309435332,0.058241932370667326,1.4103827793154888,1.4686247842843336,43.108,-70.95,2008-06-02,2008-06-04,2008-06-02,2008-06-04,DOC_mgL,0.0,0.0,2 days 00:00:00
2977,TF,409.0,42.87958115183247,288.75,7.542279377048544,0.1219127705037737,3.2309720898737737,3.352884869745054,43.108,-70.95,2008-06-04,2008-06-05,2008-06-04,2008-06-05,DOC_mgL,9.5344,10.1,1 days 00:00:00
2978,TF,411.0,42.87958115183247,288.75,4.741466383149234,0.1136464757749752,4.29126199418678,4.404908394289864,43.108,-70.95,2008-06-05,2008-06-09,2008-06-05,2008-06-09,DOC_mgL,20.1707,12.1,4 days 00:00:00
2979,TF,413.0,42.87958115183247,288.75,1.6681956680031362,0.051381813257270204,2.688146505391842,2.739528254247503,43.108,-70.95,2008-06-09,2008-06-11,2008-06-09,2008-06-11,DOC_mgL,11.2212,3.6,2 days 00:00:00
2980,TF,415.0,42.87958115183247,288.75,10.470887134280588,0.43184017616937936,18.549115483079454,18.980956101861242,43.108,-70.95,2008-06-11,2008-06-16,2008-06-11,2008-06-16,DOC_mgL,42.069300000000005,20.1,5 days 00:00:00
2981,TF,417.0,42.87958115183247,288.75,6.021358694852097,0.13036615849337796,4.289807908897103,4.4201739268778795,43.108,-70.95,2008-06-16,2008-06-17,2008-06-16,2008-06-17,DOC_mgL,5.5278,1.8,1 days 00:00:00
2982,TF,418.0,42.87958115183247,288.75,10.385740063156845,0.2362708341474562,5.5773056173435975,5.813576620106176,43.108,-70.95,2008-06-17,2008-06-18,2008-06-17,2008-06-18,DOC_mgL,10.296000000000001,5.5,1 days 00:00:00
2983,TF,420.0,42.87958115183247,288.75,22.013836737500014,0.5151025652891383,10.89844934298867,11.413551903594055,43.108,-70.95,2008-06-18,2008-06-24,2008-06-18,2008-06-24,DOC_mgL,45.6648,31.8,6 days 00:00:00
2984,TF,422.0,42.87958115183247,288.75,5.711892117687967,0.11408908505428084,3.03186026284763,3.145949301064377,43.108,-70.95,2008-06-24,2008-06-25,2008-06-24,2008-06-25,DOC_mgL,3.717,1.8,1 days 00:00:00
2985,TF,424.0,42.87958115183247,288.75,3.723728883642252,0.09264965884336201,2.8535296407034005,2.9461794066876212,43.108,-70.95,2008-06-25,2008-06-27,2008-06-25,2008-06-27,DOC_mgL,0.7826000000000001,1.4,2 days 00:00:00
2986,TF,426.0,42.87958115183247,288.75,8.437102702885113,0.30209301622730056,12.54140106765611,12.843493868430755,43.108,-70.95,2008-06-27,2008-06-30,2008-06-27,2008-06-30,DOC_mgL,18.157999999999998,7.0,3 days 00:00:00
2987,TF,428.0,42.87958115183247,288.75,19.480053995854508,0.6538149615459288,22.328788717995707,22.98260352029402,43.108,-70.95,2008-06-30,2008-07-07,2008-06-30,2008-07-07,DOC_mgL,7.4745,3.3,7 days 00:00:00
2988,TF,430.0,42.87958115183247,288.75,13.596239551599481,0.40111467253463634,15.131593181477287,15.532707734621951,43.108,-70.95,2008-07-07,2008-07-15,2008-07-07,2008-07-15,DOC_mgL,10.0195,2.9,8 days 00:00:00
2989,TF,432.0,42.87958115183247,288.75,23.26935592491452,0.8047608341723691,38.998450100761744,39.80321116575534,43.108,-70.95,2008-07-15,2008-07-22,2008-07-15,2008-07-22,DOC_mgL,142.627,73.9,7 days 00:00:00
2990,TF,434.0,42.87958115183247,288.75,38.54357985607626,0.6024371160132449,24.2013379211925,24.803775545978457,43.108,-70.95,2008-07-22,2008-07-28,2008-07-22,2008-07-28,DOC_mgL,64.923,127.3,6 days 00:00:00
2991,TF,436.0,42.87958115183247,288.75,14.431680244442191,0.4419404925999279,14.725853586528004,15.16779389587608,43.108,-70.95,2008-07-28,2008-08-01,2008-07-28,2008-08-01,DOC_mgL,68.904,27.0,4 days 00:00:00
2992,TF,438.0,42.87958115183247,288.75,21.350803474007307,0.5494059394928197,17.846482591732382,18.39588851249019,43.108,-70.95,2008-08-01,2008-08-04,2008-08-01,2008-08-04,DOC_mgL,37.536,34.0,3 days 00:00:00
2993,TF,440.0,42.87958115183247,288.75,12.163898972872289,0.4642961288874037,18.718394646788372,19.182690660923818,43.108,-70.95,2008-08-04,2008-08-07,2008-08-04,2008-08-07,DOC_mgL,21.879,25.5,3 days 00:00:00
2994,TF,442.0,42.87958115183247,288.75,5.520098451938793,0.12907652446880746,5.040287587299019,5.169364336587989,43.108,-70.95,2008-08-07,2008-08-08,2008-08-07,2008-08-08,DOC_mgL,10.2776,11.6,1 days 00:00:00
2995,TF,444.0,42.87958115183247,288.75,36.49371743916774,0.7029142283856982,18.022415235185996,18.7253292621703,43.108,-70.95,2008-08-08,2008-08-12,2008-08-08,2008-08-12,DOC_mgL,8.436699999999998,23.9,4 days 00:00:00
2996,TF,446.0,42.87958115183247,288.75,6.227225136345993,0.12932036067003772,3.5272820289589113,3.656602520774044,43.108,-70.95,2008-08-12,2008-08-14,2008-08-12,2008-08-14,DOC_mgL,3.836,2.0,2 days 00:00:00
2997,TF,448.0,42.87958115183247,288.75,26.06016174765413,0.6219829452262099,16.67483200697671,17.29681452129761,43.108,-70.95,2008-08-14,2008-08-18,2008-08-14,2008-08-18,DOC_mgL,4.866899999999999,0.3,4 days 00:00:00
2998,TF,450.0,42.87958115183247,288.75,0.22361696094819195,0.02384766993254739,0.9518476506986673,0.9756952995543244,43.108,-70.95,2008-08-18,2008-08-19,2008-08-18,2008-08-19,DOC_mgL,1.4028,0.6,1 days 00:00:00
2999,TF,452.0,42.87958115183247,288.75,1.6366926246291769,0.10917209011807039,2.889606953715429,2.998779025098486,43.108,-70.95,2008-08-19,2008-08-20,2008-08-19,2008-08-20,DOC_mgL,2.6921999999999997,1.4,1 days 00:00:00
3000,TF,454.0,42.87958115183247,288.75,3.8220304819377784,0.11752925629632777,3.612451561203486,3.729980930824692,43.108,-70.95,2008-08-20,2008-08-26,2008-08-20,2008-08-26,DOC_mgL,3.3048,0.4,6 days 00:00:00
3001,TF,456.0,42.87958115183247,288.75,82.6952090739209,0.22955732822288555,3.5404212818989764,3.769978646727317,43.108,-70.95,2008-08-26,2008-09-08,2008-08-26,2008-09-08,DOC_mgL,15.5306,127.3,13 days 00:00:00
3002,TF,458.0,42.87958115183247,288.75,9.133914236914704,0.2074675001009752,4.87436109736835,5.081828372758938,43.108,-70.95,2008-09-08,2008-09-10,2008-09-08,2008-09-10,DOC_mgL,9.72,9.0,2 days 00:00:00
3003,TF,460.0,42.87958115183247,288.75,12.927995146610513,0.35201898998288467,9.042662660850576,9.394681645125136,43.108,-70.95,2008-09-10,2008-09-15,2008-09-10,2008-09-15,DOC_mgL,13.0918,13.4,5 days 00:00:00
3004,TF,462.0,42.87958115183247,288.75,0.12437985068766699,0.012818668158783679,0.5234641854482265,0.5362828496899742,43.108,-70.95,2008-09-15,2008-09-23,2008-09-15,2008-09-23,DOC_mgL,4.8243,3.9,8 days 00:00:00
3005,TF,464.0,42.87958115183247,288.75,71.12639901407063,0.11494523008967063,1.437956643887743,1.5529019161334812,43.108,-70.95,2008-09-23,2008-09-29,2008-09-23,2008-09-29,DOC_mgL,4.595000000000001,91.9,6 days 00:00:00
3006,TF,466.0,42.87958115183247,288.75,10.069882439900368,0.37507472664842156,5.486330864612476,5.861405517199048,43.108,-70.95,2008-09-29,2008-10-02,2008-09-29,2008-10-02,DOC_mgL,21.967200000000002,16.2,3 days 00:00:00
3007,TF,468.0,42.87958115183247,288.75,6.542092249581591,0.2073457318804684,2.6894261511659514,2.8967720200096143,43.108,-70.95,2008-10-02,2008-10-06,2008-10-02,2008-10-06,DOC_mgL,0.5558,0.2,4 days 00:00:00
3008,TF,470.0,42.87958115183247,288.75,0.1327123746027364,0.004150103690573942,0.04399445266097847,0.048144555139448264,43.108,-70.95,2008-10-06,2008-10-09,2008-10-06,2008-10-09,DOC_mgL,2.958,6.0,3 days 00:00:00
3009,TF,472.0,42.87958115183247,288.75,3.4914542447890353,0.10691955244618548,1.7468795441702212,1.853799100714693,43.108,-70.95,2008-10-09,2008-10-17,2008-10-09,2008-10-17,DOC_mgL,12.6075,7.5,8 days 00:00:00
3010,TF,474.0,42.87958115183247,288.75,1.165474907186209,0.04587075430858786,0.4910778907676388,0.5369486450762165,43.108,-70.95,2008-10-17,2008-10-22,2008-10-17,2008-10-22,DOC_mgL,7.919099999999999,6.3,5 days 00:00:00
3011,TF,476.0,42.87958115183247,288.75,28.872028941100368,0.2436669081989125,2.4867712789706777,2.7304381581705637,43.108,-70.95,2008-10-22,2008-10-27,2008-10-22,2008-10-27,DOC_mgL,1.82,36.4,5 days 00:00:00
3012,TF,478.0,42.87958115183247,288.75,0.9816745752684556,0.16139307880691867,2.096184601039976,2.2575776611119034,43.108,-70.95,2008-10-27,2008-10-29,2008-10-27,2008-10-29,DOC_mgL,4.89,10.0,2 days 00:00:00
3013,TF,480.0,42.87958115183247,288.75,12.752831024918741,0.06482973607913205,0.9149206102365934,0.9797503614281213,43.108,-70.95,2008-10-29,2008-11-07,2008-10-29,2008-11-07,DOC_mgL,2.6313,2.1,9 days 00:00:00
3014,TF,482.0,42.87958115183247,288.75,2.28765036973666,0.2501814943443394,3.8538212092749102,4.104002694106232,43.108,-70.95,2008-11-07,2008-11-13,2008-11-07,2008-11-13,DOC_mgL,2.5584000000000002,2.6,6 days 00:00:00
3015,TF,484.0,42.87958115183247,288.75,36.93267275366452,0.1884190229620858,1.9010433040256292,2.0894623656286804,43.108,-70.95,2008-11-13,2008-11-17,2008-11-13,2008-11-17,DOC_mgL,12.9332,29.8,4 days 00:00:00
3016,TF,486.0,42.87958115183247,288.75,61.83021313076742,0.4840237300318597,5.435818826115233,5.9198425548297875,43.108,-70.95,2008-11-17,2008-12-01,2008-11-17,2008-12-01,DOC_mgL,14.176400000000001,85.4,14 days 00:00:00
3017,TF,488.0,42.87958115183247,288.75,20.239629400119544,0.21681848367221657,3.004000324336876,3.2208187304344253,43.108,-70.95,2008-12-02,2008-12-11,2008-12-02,2008-12-11,DOC_mgL,10.087200000000001,21.6,9 days 00:00:00
3018,TF,490.0,42.87958115183247,288.75,75.2117344313726,0.18464375978849018,1.9089601292776333,2.093603910157879,43.108,-70.95,2008-12-11,2008-12-15,2008-12-11,2008-12-15,DOC_mgL,26.0,62.5,4 days 00:00:00
3019,TF,492.0,42.87958115183247,288.75,59.886190482583146,0.29237706308761147,3.6778873883924756,3.970264412546387,43.108,-70.95,2008-12-15,2008-12-23,2008-12-15,2008-12-23,DOC_mgL,21.574,67.0,8 days 00:00:00
3020,TF,494.0,42.87958115183247,288.75,25.330744432205954,0.1248281968913523,1.6819462925105741,1.8067745125969976,43.108,-70.95,2008-12-23,2008-12-30,2008-12-23,2008-12-30,DOC_mgL,7.307799999999999,12.2,7 days 00:00:00
3021,TF,496.0,42.87958115183247,288.75,11.956201271035027,0.24581606280947985,3.025092079139517,3.270908290402033,43.108,-70.95,2008-12-30,2009-01-06,2008-12-30,2009-01-06,DOC_mgL,4.3248,10.2,7 days 00:00:00
3022,TF,498.0,42.87958115183247,288.75,45.169562895619464,0.3148221443101447,3.7140794742689494,4.028901600136762,43.108,-70.95,2009-01-06,2009-01-13,2009-01-06,2009-01-13,DOC_mgL,14.7741,40.7,7 days 00:00:00
3023,TF,500.0,42.87958115183247,288.75,19.024093264108366,0.2630881294556856,3.508967330241957,3.772055448866463,43.108,-70.95,2009-01-13,2009-01-20,2009-01-13,2009-01-20,DOC_mgL,8.1003,20.1,7 days 00:00:00
3024,TF,502.0,42.87958115183247,288.75,31.571758629644897,0.296775211744665,4.417744017656889,4.714519185217365,43.108,-70.95,2009-01-20,2009-02-03,2009-01-20,2009-02-03,DOC_mgL,6.3629999999999995,30.3,14 days 00:00:00
3025,TF,504.0,42.87958115183247,288.75,8.322997931753395,0.23872214936739,4.005128594882813,4.2438506485248855,43.108,-70.95,2009-02-03,2009-02-10,2009-02-03,2009-02-10,DOC_mgL,3.726,3.6,7 days 00:00:00
3026,TF,506.0,42.87958115183247,288.75,3.66044540328625,0.1409721956371882,2.1095983970939503,2.2505706032650097,43.108,-70.95,2009-02-10,2009-02-17,2009-02-10,2009-02-17,DOC_mgL,15.81,7.5,7 days 00:00:00
3027,TF,508.0,42.87958115183247,288.75,32.17560238883976,0.3006354822037304,3.7982089477795227,4.09884442939807,43.108,-70.95,2009-02-17,2009-02-24,2009-02-17,2009-02-24,DOC_mgL,12.3072,64.1,7 days 00:00:00
3028,TF,510.0,42.87958115183247,288.75,43.340153398929715,0.22436546461389856,3.0333016235079877,3.2576671574996974,43.108,-70.95,2009-02-24,2009-03-03,2009-02-24,2009-03-03,DOC_mgL,4.7107,28.9,7 days 00:00:00
3029,TF,512.0,42.87958115183247,288.75,20.574113891458357,0.4767721105620372,7.453803945291142,7.9305759176824555,43.108,-70.95,2009-03-03,2009-03-10,2009-03-03,2009-03-10,DOC_mgL,28.5504,19.2,7 days 00:00:00
3030,TF,514.0,42.87958115183247,288.75,20.45235268776154,0.14323909546157548,2.251097645383309,2.394336722128143,43.108,-70.95,2009-03-10,2009-03-17,2009-03-10,2009-03-17,DOC_mgL,17.974,11.0,7 days 00:00:00
3031,TF,516.0,42.87958115183247,288.75,45.80477959590554,0.9016468021334791,15.08918973591119,15.990836774281766,43.108,-70.95,2009-03-17,2009-03-31,2009-03-17,2009-03-31,DOC_mgL,8.174000000000001,30.5,14 days 00:00:00
3032,TF,518.0,42.87958115183247,288.75,46.30242167160681,0.32999028685368886,4.65388612959361,4.98387633038333,43.108,-70.95,2009-03-31,2009-04-14,2009-03-31,2009-04-14,DOC_mgL,6.2087,4.7,14 days 00:00:00
3033,TF,520.0,42.87958115183247,288.75,39.542562975079456,1.0996539292750618,19.196029487027133,20.29568411376581,43.108,-70.95,2009-04-07,2009-06-01,2009-04-07,2009-06-01,DOC_mgL,37.24,40.0,55 days 00:00:00
3034,TF,522.0,42.87958115183247,288.75,6.221970513330638,0.10431767960734918,1.4322318389478141,1.5365494939652073,43.108,-70.95,2009-04-14,2009-04-21,2009-04-14,2009-04-21,DOC_mgL,7.4613,20.9,7 days 00:00:00
3035,TF,524.0,42.87958115183247,288.75,60.84952680249238,0.6077370984111996,8.953631331343317,9.561368392286205,43.108,-70.95,2009-04-21,2009-04-28,2009-04-21,2009-04-28,DOC_mgL,14.615999999999998,17.4,7 days 00:00:00
3036,TF,526.0,42.87958115183247,288.75,28.799492915254632,0.2802300850810374,6.110795260479358,6.3910255001517005,43.108,-70.95,2009-04-28,2009-05-05,2009-04-28,2009-05-05,DOC_mgL,6.2459999999999996,4.5,7 days 00:00:00
3037,TF,528.0,42.87958115183247,288.75,60.604361256633155,0.5994943099558135,11.05498455902798,11.654478782041622,43.108,-70.95,2009-05-05,2009-05-12,2009-05-05,2009-05-12,DOC_mgL,20.230600000000003,50.2,7 days 00:00:00
3038,TF,530.0,42.87958115183247,288.75,17.6881743301327,0.3054722974571433,6.225008477439564,6.530480718691667,43.108,-70.95,2009-05-12,2009-05-19,2009-05-12,2009-05-19,DOC_mgL,6.1182,10.3,7 days 00:00:00
3039,TF,534.0,42.87958115183247,288.75,33.73291893855601,0.1938642377550669,4.362085882005659,4.555950089554177,43.108,-70.95,2009-06-01,2009-06-09,2009-06-01,2009-06-09,DOC_mgL,7.688,2.0,8 days 00:00:00
3040,TF,535.0,42.87958115183247,288.75,21.567531223354308,0.4140132049690326,11.61566552942972,12.029678603253657,43.108,-70.95,2009-06-09,2009-06-12,2009-06-09,2009-06-12,DOC_mgL,20.3136,38.4,3 days 00:00:00
3041,TF,536.0,42.87958115183247,288.75,39.11807974263937,0.5548266369774513,19.46897148497051,20.023798269486193,43.108,-70.95,2009-06-12,2009-06-15,2009-06-12,2009-06-15,DOC_mgL,37.2645,27.3,3 days 00:00:00
3042,TF,537.0,42.87958115183247,288.75,9.144472118175212,0.05783810156624359,1.5359812940934867,1.5938193915614192,43.108,-70.95,2009-06-15,2009-06-19,2009-06-15,2009-06-19,DOC_mgL,8.442400000000001,34.6,4 days 00:00:00
3043,TF,538.0,42.87958115183247,288.75,40.14171382493714,0.2764195981483364,7.591511869131651,7.867931181571031,43.108,-70.95,2009-06-19,2009-06-22,2009-06-19,2009-06-22,DOC_mgL,8.454600000000001,7.7,3 days 00:00:00
3044,TF,539.0,42.87958115183247,288.75,9.169147847387649,0.1494041968266857,5.124370328069006,5.273774567049472,43.108,-70.95,2009-06-22,2009-06-24,2009-06-22,2009-06-24,DOC_mgL,8.8263,18.9,2 days 00:00:00
3045,TF,540.0,42.87958115183247,288.75,20.301200593397795,0.44801265744118246,15.55763732216664,16.005649780548303,43.108,-70.95,2009-06-24,2009-06-29,2009-06-24,2009-06-29,DOC_mgL,7.673399999999999,8.7,5 days 00:00:00
3046,TF,541.0,42.87958115183247,288.75,4.440129134763993,0.12877736377259197,3.9498024850814772,4.078579773914015,43.108,-70.95,2009-06-29,2009-06-30,2009-06-29,2009-06-30,DOC_mgL,13.145699999999998,8.7,1 days 00:00:00
3047,TF,542.0,42.87958115183247,288.75,2.5375036535990603,0.07730545500614361,2.4527219130709987,2.5300274125727995,43.108,-70.95,2009-06-30,2009-07-02,2009-06-30,2009-07-02,DOC_mgL,17.574299999999997,20.7,2 days 00:00:00
3048,TF,543.0,42.87958115183247,288.75,4.163904114307115,0.2282893062088842,9.299247771821229,9.527537359055316,43.108,-70.95,2009-07-02,2009-07-03,2009-07-02,2009-07-03,DOC_mgL,9.552,9.6,1 days 00:00:00
3049,TF,544.0,42.87958115183247,288.75,6.613738130455002,0.11515202153897248,3.378376574653372,3.493528563406071,43.108,-70.95,2009-07-03,2009-07-06,2009-07-03,2009-07-06,DOC_mgL,25.541099999999997,11.7,3 days 00:00:00
3050,TF,545.0,42.87958115183247,288.75,14.119785510977035,0.47006104916683455,13.428569456408468,13.898630271680368,43.108,-70.95,2009-07-06,2009-07-09,2009-07-06,2009-07-09,DOC_mgL,28.644,16.5,3 days 00:00:00
3051,TF,546.0,42.87958115183247,288.75,22.373320394641908,0.2292013437930115,7.674551205476277,7.903752296785707,43.108,-70.95,2009-07-09,2009-07-14,2009-07-09,2009-07-14,DOC_mgL,2.9106,2.2,5 days 00:00:00
3052,TF,547.0,42.87958115183247,288.75,8.73231649191281,0.27469548082725703,11.83389176690093,12.108587321094793,43.108,-70.95,2009-07-14,2009-07-21,2009-07-14,2009-07-21,DOC_mgL,29.883100000000002,18.1,7 days 00:00:00
3053,TF,548.0,42.87958115183247,288.75,12.700086614358952,0.14795506694809113,2.9442484450470374,3.092203493260115,43.108,-70.95,2009-07-21,2009-07-22,2009-07-21,2009-07-22,DOC_mgL,7.743900000000001,8.3,1 days 00:00:00
3054,TF,549.0,42.87958115183247,288.75,4.205750698105248,0.11441944423179473,5.005103981270409,5.119523505126011,43.108,-70.95,2009-07-22,2009-07-24,2009-07-22,2009-07-24,DOC_mgL,28.555999999999997,59.0,2 days 00:00:00
3055,TF,550.0,42.87958115183247,288.75,20.75242359715901,0.2687387062882962,8.744576787678149,9.01331541902639,43.108,-70.95,2009-07-24,2009-07-28,2009-07-24,2009-07-28,DOC_mgL,15.854999999999999,7.5,4 days 00:00:00
3056,TF,551.0,42.87958115183247,288.75,47.08140790272708,0.6291958844564793,23.026864015562865,23.656060110788246,43.108,-70.95,2009-07-28,2009-08-03,2009-07-28,2009-08-03,DOC_mgL,55.8118,50.6,6 days 00:00:00
3057,TF,552.0,42.87958115183247,288.75,3.8580047384648157,0.15371786576167723,5.282279172175077,5.435997192226178,43.108,-70.95,2009-08-03,2009-08-11,2009-08-03,2009-08-11,DOC_mgL,21.8295,14.7,8 days 00:00:00
3058,TF,553.0,42.87958115183247,288.75,12.408493842031021,0.29976520016239405,12.865456400223962,13.165221712796438,43.108,-70.95,2009-08-11,2009-08-13,2009-08-11,2009-08-13,DOC_mgL,6.0360000000000005,2.4,2 days 00:00:00
3059,TF,554.0,42.87958115183247,288.75,23.265307009512348,0.5050275620551055,20.993585098452726,21.498612830586627,43.108,-70.95,2009-08-13,2009-08-25,2009-08-13,2009-08-25,DOC_mgL,28.413,28.7,12 days 00:00:00
3060,TF,555.0,42.87958115183247,288.75,31.5192003663034,0.3076859826023529,8.63071363229046,8.938399888892288,43.108,-70.95,2009-08-25,2009-08-31,2009-08-25,2009-08-31,DOC_mgL,34.222500000000004,50.7,6 days 00:00:00
3061,TF,556.0,42.87958115183247,288.75,21.057472507833978,0.0810056403598558,2.097981675904019,2.1789872923728346,43.108,-70.95,2009-08-31,2009-09-15,2009-08-31,2009-09-15,DOC_mgL,14.344199999999999,23.4,15 days 00:00:00
3062,TF,557.0,42.87958115183247,288.75,38.89063002482909,0.13197702917082416,2.496532974330147,2.6285099955004942,43.108,-70.95,2009-09-15,2009-09-29,2009-09-15,2009-09-29,DOC_mgL,28.761499999999998,30.5,14 days 00:00:00
3063,TF,558.0,42.87958115183247,288.75,40.79405754408016,0.7073399810943485,11.346971549473436,12.054311306552643,43.108,-70.95,2009-09-29,2009-10-06,2009-09-29,2009-10-06,DOC_mgL,16.0485,19.5,7 days 00:00:00
3064,TF,559.0,42.87958115183247,288.75,47.16934838253778,0.48204427170017616,9.520250630463188,10.002295030234746,43.108,-70.95,2009-10-06,2009-10-13,2009-10-06,2009-10-13,DOC_mgL,24.4224,31.8,7 days 00:00:00
3065,TF,560.0,42.87958115183247,288.75,35.74814808761096,0.33963938962292384,5.198451334730101,5.538090759225033,43.108,-70.95,2009-10-13,2009-10-20,2009-10-13,2009-10-20,DOC_mgL,7.211100000000001,12.9,7 days 00:00:00
3066,TF,561.0,42.87958115183247,288.75,38.206726185881806,0.291593563406441,3.8369824896333493,4.1285760155882,43.108,-70.95,2009-10-20,2009-10-27,2009-10-20,2009-10-27,DOC_mgL,19.855,27.5,7 days 00:00:00
3067,TF,562.0,42.87958115183247,288.75,17.096883741303525,0.06490443840346058,1.0114583902905152,1.0763628369591447,43.108,-70.95,2009-10-27,2009-11-03,2009-10-27,2009-11-03,DOC_mgL,17.157,21.5,7 days 00:00:00
3068,TF,563.0,42.87958115183247,288.75,17.152570195615308,0.18106016042381154,2.243146148764668,2.424206332777462,43.108,-70.95,2009-11-03,2009-11-24,2009-11-03,2009-11-24,DOC_mgL,11.3096,13.4,21 days 00:00:00
3069,TF,564.0,42.87958115183247,288.75,50.317230394830716,0.321022803059219,3.259708144033835,3.5807309687553777,43.108,-70.95,2009-11-24,2009-12-01,2009-11-24,2009-12-01,DOC_mgL,12.1542,28.2,7 days 00:00:00
3070,TF,565.0,42.87958115183247,288.75,82.45511744287003,0.2950839269387377,3.4998523383401814,3.79493633546661,43.108,-70.95,2009-12-01,2009-12-14,2009-12-01,2009-12-14,DOC_mgL,54.522499999999994,96.5,13 days 00:00:00
3071,TF,566.0,42.87958115183247,288.75,52.67179199278799,0.17152923584401594,2.1563733915866834,2.327902678382231,43.108,-70.95,2009-12-14,2009-12-29,2009-12-14,2009-12-29,DOC_mgL,14.5464,31.9,15 days 00:00:00
3072,TF,567.0,42.87958115183247,288.75,50.142052923501936,0.29162903933631007,3.283454160130934,3.5750832253547173,43.108,-70.95,2009-12-29,2010-01-20,2009-12-29,2010-01-20,DOC_mgL,22.4079,33.9,22 days 00:00:00
3073,TF,568.0,42.87958115183247,288.75,32.85982261194044,0.1422226193741346,1.7274346634729199,1.869657217343117,43.108,-70.95,2010-01-20,2010-01-26,2010-01-20,2010-01-26,DOC_mgL,15.2163,26.1,6 days 00:00:00
3074,TF,569.0,42.87958115183247,288.75,26.31471195177551,0.4108933406692315,4.629417392668043,5.0403108016949565,43.108,-70.95,2010-01-26,2010-02-23,2010-01-26,2010-02-23,DOC_mgL,11.0216,18.4,28 days 00:00:00
3075,TF,570.0,42.87958115183247,288.75,72.68851887758387,0.8337933878489051,8.003305012466155,8.83709852794734,43.108,-70.95,2010-02-23,2010-03-02,2010-02-23,2010-03-02,DOC_mgL,80.224,174.4,7 days 00:00:00
3076,TF,571.0,42.87958115183247,288.75,92.18070915899037,0.5319996234639202,8.37587839353941,8.907878118874399,43.108,-70.95,2010-03-02,2010-03-19,2010-03-02,2010-03-19,DOC_mgL,62.091899999999995,176.9,17 days 00:00:00
3077,TF,572.0,42.87958115183247,288.75,2.8362833809580934,0.12897580443224838,1.8921780024663652,2.021153842630529,43.108,-70.95,2010-03-19,2010-03-23,2010-03-19,2010-03-23,DOC_mgL,15.387200000000002,47.2,4 days 00:00:00
3078,TF,573.0,42.87958115183247,288.75,90.2976478429629,0.8279960823249379,11.73827853915594,12.56627490733613,43.108,-70.95,2010-03-23,2010-03-30,2010-03-23,2010-03-30,DOC_mgL,34.4435,75.7,7 days 00:00:00
3079,TF,574.0,42.87958115183247,288.75,41.68671473694374,0.09231440537683352,1.269485673662885,1.3618001077871695,43.108,-70.95,2010-03-30,2010-04-06,2010-03-30,2010-04-06,DOC_mgL,28.766000000000002,75.7,7 days 00:00:00
3080,TF,575.0,42.87958115183247,288.75,21.49005143127214,0.3965083646269363,6.86563395499717,7.262142376470076,43.108,-70.95,2010-04-06,2010-04-13,2010-04-06,2010-04-13,DOC_mgL,17.0505,13.5,7 days 00:00:00
3081,TF,576.0,42.87958115183247,288.75,25.117249228502615,0.6820654387770748,13.172027121641694,13.854093105856442,43.108,-70.95,2010-04-13,2010-04-20,2010-04-13,2010-04-20,DOC_mgL,35.6209,33.7,7 days 00:00:00
3082,TF,577.0,42.87958115183247,288.75,61.40629281277234,1.200427841764348,31.68032956455594,32.88075669424341,43.108,-70.95,2010-04-20,2010-05-11,2010-04-20,2010-05-11,DOC_mgL,18.224999999999998,16.2,21 days 00:00:00
3083,TF,578.0,42.87958115183247,288.75,72.27216062515909,0.1371589955385321,2.4518861171482094,2.5890451076371055,43.108,-70.95,2010-05-11,2010-05-25,2010-05-11,2010-05-25,DOC_mgL,32.603699999999996,56.9,14 days 00:00:00
3084,TF,579.0,42.87958115183247,288.75,5.189689145261578,0.147898158536833,4.375144613716995,4.523042791780176,43.108,-70.95,2010-05-25,2010-06-01,2010-05-25,2010-06-01,DOC_mgL,4.5611999999999995,0.9,7 days 00:00:00
3085,TF,580.0,42.87958115183247,288.75,58.41274122158069,0.8792255903314252,26.04355210239495,26.92277794140441,43.108,-70.95,2010-06-01,2010-06-08,2010-06-01,2010-06-08,DOC_mgL,96.8728,57.8,7 days 00:00:00
3086,TF,581.0,42.87958115183247,288.75,32.569125396819665,0.47159967386323565,12.75822306434117,13.229822985565132,43.108,-70.95,2010-06-08,2010-06-15,2010-06-08,2010-06-15,DOC_mgL,18.813499999999998,19.7,7 days 00:00:00
3087,TF,582.0,42.87958115183247,288.75,55.26711694225386,1.2528743338010435,54.46026879384613,55.71314267756124,43.108,-70.95,2010-06-15,2010-06-29,2010-06-15,2010-06-29,DOC_mgL,35.783,11.0,14 days 00:00:00
3088,TF,583.0,42.87958115183247,288.75,31.743909649276368,0.47571914234420976,18.582295750946983,19.058014475562327,43.108,-70.95,2010-06-29,2010-07-13,2010-06-29,2010-07-13,DOC_mgL,52.0992,26.8,14 days 00:00:00
3089,TF,584.0,42.87958115183247,288.75,60.783749597549324,0.9674891169527293,41.3100731227336,42.27756192587485,43.108,-70.95,2010-07-13,2010-07-27,2010-07-13,2010-07-27,DOC_mgL,19.246399999999998,18.4,14 days 00:00:00
3090,TF,585.0,42.87958115183247,288.75,136.42597439452442,1.8097143655577759,59.932044535167286,61.74175828244904,43.108,-70.95,2010-07-27,2010-08-24,2010-07-27,2010-08-24,DOC_mgL,12.5802,5.8,28 days 00:00:00
3091,TF,586.0,42.87958115183247,288.75,13.74271934030209,0.1489693897676655,4.2519220283892905,4.400891502464612,43.108,-70.95,2010-08-24,2010-08-31,2010-08-24,2010-08-31,DOC_mgL,45.8146,87.1,7 days 00:00:00
3092,TF,587.0,42.87958115183247,288.75,34.24416315446907,0.2416443716611172,5.53465569318736,5.776300000940693,43.108,-70.95,2010-08-31,2010-09-14,2010-08-31,2010-09-14,DOC_mgL,11.7895,8.5,14 days 00:00:00
3093,TF,588.0,42.87958115183247,288.75,11.364975461868088,0.32161358899080683,10.820233551479081,11.141847244139099,43.108,-70.95,2010-09-14,2010-09-21,2010-09-14,2010-09-21,DOC_mgL,20.8884,15.6,7 days 00:00:00
3094,TF,589.0,42.87958115183247,288.75,4.9938800092958795,0.13607873463794007,3.7843722896902383,3.920451071257192,43.108,-70.95,2010-09-21,2010-09-28,2010-09-21,2010-09-28,DOC_mgL,6.308,3.8,7 days 00:00:00
3095,TF,590.0,42.87958115183247,288.75,73.51963549016216,0.23456896992668907,3.7154294422380105,3.949998471041495,43.108,-70.95,2010-09-28,2010-10-12,2010-09-28,2010-10-12,DOC_mgL,19.980000000000004,21.6,14 days 00:00:00
3096,TF,591.0,42.87958115183247,288.75,38.028753184788656,0.5195636588758588,8.360127085891271,8.879690665655618,43.108,-70.95,2010-10-12,2010-10-20,2010-10-12,2010-10-20,DOC_mgL,25.623,58.5,8 days 00:00:00
3097,TF,592.0,42.87958115183247,288.75,8.757612747520987,0.23875434264132983,3.477540267685738,3.716294568026922,43.108,-70.95,2010-10-20,2010-10-26,2010-10-20,2010-10-26,DOC_mgL,5.9159999999999995,2.4,6 days 00:00:00
3098,TF,593.0,42.87958115183247,288.75,75.10464212975612,0.484806238794946,5.761272488233562,6.246078759961142,43.108,-70.95,2010-10-26,2010-11-09,2010-10-26,2010-11-09,DOC_mgL,23.514499999999998,65.5,14 days 00:00:00
3099,TF,594.0,42.87958115183247,288.75,4.500671842424807,0.03451653532180994,0.570089131191382,0.6046056796862621,43.108,-70.95,2010-11-09,2010-11-16,2010-11-09,2010-11-16,DOC_mgL,3.6062000000000003,2.6,7 days 00:00:00
3100,TF,595.0,42.87958115183247,288.75,27.26942391815257,0.14636589744956258,2.1612166696368673,2.3075825776983443,43.108,-70.95,2010-11-16,2010-11-23,2010-11-16,2010-11-23,DOC_mgL,11.8829,35.9,7 days 00:00:00
3101,TF,596.0,42.87958115183247,288.75,18.671814657643655,0.11155905465957507,1.6256016954751678,1.737160757271292,43.108,-70.95,2010-11-23,2010-11-30,2010-11-23,2010-11-30,DOC_mgL,8.2626,9.4,7 days 00:00:00
3102,TF,597.0,42.87958115183247,288.75,18.630543914999187,0.04931150885572385,0.6002317871249898,0.649543294443857,43.108,-70.95,2010-11-30,2010-12-07,2010-11-30,2010-12-07,DOC_mgL,12.019599999999999,19.9,7 days 00:00:00
3103,TF,598.0,42.87958115183247,288.75,80.99148791469446,0.13243884226580027,1.5310885719071763,1.6635273532657437,43.108,-70.95,2010-12-07,2010-12-14,2010-12-07,2010-12-14,DOC_mgL,22.765600000000003,57.2,7 days 00:00:00
3104,TF,599.0,42.87958115183247,288.75,110.11773697016673,0.594157878372309,7.014279098725124,7.608436998788975,43.108,-70.95,2010-12-14,2011-01-18,2010-12-14,2011-01-18,DOC_mgL,27.27,30.0,35 days 00:00:00
3105,TF,600.0,42.87958115183247,288.75,25.569990056673735,0.279257237018697,3.097598718278609,3.3768560457888834,43.108,-70.95,2011-01-18,2011-01-25,2011-01-18,2011-01-25,DOC_mgL,27.9375,37.5,7 days 00:00:00
3106,TF,601.0,42.87958115183247,288.75,29.391988192095653,0.5135374855667422,5.678689292842373,6.192226760680305,43.108,-70.95,2011-01-25,2011-02-01,2011-01-25,2011-02-01,DOC_mgL,17.247600000000002,10.8,7 days 00:00:00
3107,TF,602.0,42.87958115183247,288.75,45.53255721650035,0.5028080018749242,6.064660264606947,6.567468300439083,43.108,-70.95,2011-02-01,2011-02-08,2011-02-01,2011-02-08,DOC_mgL,46.17,47.5,7 days 00:00:00
3108,TF,603.0,42.87958115183247,288.75,91.94920448314954,1.2194495817358988,16.8989402205169,18.118389736213345,43.108,-70.95,2011-02-08,2011-03-08,2011-02-08,2011-03-08,DOC_mgL,16.274299999999997,46.9,28 days 00:00:00
3109,TF,604.0,42.87958115183247,288.75,19.83509366754177,0.22521171341947285,2.4845250615304098,2.709736696497085,43.108,-70.95,2011-03-08,2011-03-15,2011-03-08,2011-03-15,DOC_mgL,17.5296,24.9,7 days 00:00:00
3110,TF,605.0,42.87958115183247,288.75,26.234160491386135,0.22009539164580924,3.6962848685391716,3.9163802683632563,43.108,-70.95,2011-03-15,2011-03-22,2011-03-15,2011-03-22,DOC_mgL,15.569600000000001,29.6,7 days 00:00:00
3111,TF,606.0,42.87958115183247,288.75,44.61975691734895,0.625478041999779,9.55109294733454,10.176570765245991,43.108,-70.95,2011-03-22,2011-04-05,2011-03-22,2011-04-05,DOC_mgL,25.472,32.0,14 days 00:00:00
3112,TF,607.0,42.87958115183247,288.75,14.351328053132175,0.6551738959470557,11.845419608425615,12.50059341247631,43.108,-70.95,2011-04-05,2011-04-12,2011-04-05,2011-04-12,DOC_mgL,41.712,16.0,7 days 00:00:00
3113,TF,608.0,42.87958115183247,288.75,57.037129591235455,0.7723381077832516,13.620104407732603,14.39244235129175,43.108,-70.95,2011-04-12,2011-04-19,2011-04-12,2011-04-19,DOC_mgL,42.517799999999994,59.8,7 days 00:00:00
3114,TF,609.0,42.87958115183247,288.75,24.11189669256908,0.6608459031463408,14.203252285231727,14.864098368556206,43.108,-70.95,2011-04-19,2011-04-26,2011-04-19,2011-04-26,DOC_mgL,21.3118,22.6,7 days 00:00:00
3115,TF,610.0,42.87958115183247,288.75,7.116520570463193,0.1255258590213663,2.3021889208012585,2.427714739644803,43.108,-70.95,2011-04-26,2011-05-03,2011-04-26,2011-05-03,DOC_mgL,8.459299999999999,2.9,7 days 00:00:00
3116,TF,611.0,42.87958115183247,288.75,9.49960351501744,0.5044343709460797,9.88515207648406,10.38958629670842,43.108,-70.95,2011-05-03,2011-05-10,2011-05-03,2011-05-10,DOC_mgL,28.550499999999996,17.9,7 days 00:00:00
3117,TF,612.0,42.87958115183247,288.75,10.50995260940546,0.7653366066645637,18.915451426932872,19.68078841415254,43.108,-70.95,2011-05-10,2011-05-17,2011-05-10,2011-05-17,DOC_mgL,50.218,34.0,7 days 00:00:00
3118,TF,613.0,42.87958115183247,288.75,66.98547431490563,2.3706823820269785,54.7588323785158,57.12951459261361,43.108,-70.95,2011-05-17,2011-06-14,2011-05-17,2011-06-14,DOC_mgL,73.5034,43.7,28 days 00:00:00
3119,TF,614.0,42.87958115183247,288.75,18.054443735138207,0.32442585176545063,8.714007592944013,9.03843367532943,43.108,-70.95,2011-06-14,2011-06-21,2011-06-14,2011-06-21,DOC_mgL,40.248000000000005,12.9,7 days 00:00:00
3120,TF,615.0,42.87958115183247,288.75,41.97067136941998,0.8398028413146079,26.42456024647263,27.26436322011928,43.108,-70.95,2011-06-21,2011-06-28,2011-06-21,2011-06-28,DOC_mgL,59.4788,48.2,7 days 00:00:00
3121,TF,616.0,42.87958115183247,288.75,14.162588994959258,0.7140274759393503,24.14702956182041,24.861057222255734,43.108,-70.95,2011-06-28,2011-07-05,2011-06-28,2011-07-05,DOC_mgL,20.826,6.5,7 days 00:00:00
3122,TF,617.0,42.87958115183247,288.75,45.42425101610043,0.8016031441936637,32.22858137568377,33.0301845086069,43.108,-70.95,2011-07-05,2011-07-19,2011-07-05,2011-07-19,DOC_mgL,26.197000000000003,6.7,14 days 00:00:00
3123,TF,618.0,42.87958115183247,288.75,6.01621851212718,0.12618828407704658,5.879708681449459,6.005896997727256,43.108,-70.95,2011-07-19,2011-07-26,2011-07-19,2011-07-26,DOC_mgL,13.2972,4.2,7 days 00:00:00
3124,TF,619.0,42.87958115183247,288.75,12.325149728467307,0.7181633977658083,33.67000975988167,34.388173236978574,43.108,-70.95,2011-07-26,2011-08-02,2011-07-26,2011-08-02,DOC_mgL,28.148699999999998,10.1,7 days 00:00:00
3125,TF,620.0,42.87958115183247,288.75,53.568694626350556,0.5618832723316286,25.386538821114968,25.94842188619051,43.108,-70.95,2011-08-02,2011-08-09,2011-08-02,2011-08-09,DOC_mgL,60.4318,28.6,7 days 00:00:00
3126,TF,621.0,42.87958115183247,288.75,36.1805092691618,1.4435332847641194,47.04246638715867,48.48600010081555,43.108,-70.95,2011-08-09,2011-08-16,2011-08-09,2011-08-16,DOC_mgL,56.8176,62.3,7 days 00:00:00
3127,TF,622.0,42.87958115183247,288.75,33.74541448138771,0.9643164361636709,33.22251802219356,34.186834758117016,43.108,-70.95,2011-08-16,2011-08-23,2011-08-16,2011-08-23,DOC_mgL,10.063199999999998,5.6,7 days 00:00:00
3128,TF,623.0,42.87958115183247,288.75,80.7833665869135,0.6574819526746817,26.575959027610224,27.233441006191924,43.108,-70.95,2011-08-23,2011-08-30,2011-08-23,2011-08-30,DOC_mgL,88.8888,85.8,7 days 00:00:00
3129,TF,624.0,42.87958115183247,288.75,2.208348518004848,0.10477074258630789,3.3933462167879713,3.498117014412205,43.108,-70.95,2011-08-30,2011-09-06,2011-08-30,2011-09-06,DOC_mgL,6.2752,5.3,7 days 00:00:00
3130,TF,625.0,42.87958115183247,288.75,20.23281215053907,0.40421110500099466,11.428583774117763,11.832794672025047,43.108,-70.95,2011-09-06,2011-09-13,2011-09-06,2011-09-13,DOC_mgL,24.0196,41.2,7 days 00:00:00
3131,TF,626.0,42.87958115183247,288.75,7.935020473730237,0.36939214250884983,11.269405707638008,11.638798240801162,43.108,-70.95,2011-09-13,2011-09-20,2011-09-13,2011-09-20,DOC_mgL,6.4044,3.6,7 days 00:00:00
3132,TF,627.0,42.87958115183247,288.75,31.455468667385134,0.40434148641885126,5.472046901455299,5.876388368552381,43.108,-70.95,2011-09-20,2011-09-27,2011-09-20,2011-09-27,DOC_mgL,19.2806,29.8,7 days 00:00:00
3133,TF,628.0,42.87958115183247,288.75,44.39260636475706,0.7201017972015664,11.077760875981404,11.79786287469414,43.108,-70.95,2011-09-27,2011-10-04,2011-09-27,2011-10-04,DOC_mgL,50.086,79.0,7 days 00:00:00
3134,TF,629.0,42.87958115183247,288.75,13.597539811813242,0.188265155955615,2.329647468226308,2.517912603690502,43.108,-70.95,2011-10-04,2011-10-11,2011-10-04,2011-10-11,DOC_mgL,2.9666,1.4,7 days 00:00:00
3135,TF,630.0,42.87958115183247,288.75,22.761666895299015,0.2685778943727546,3.138111398374218,3.4066893248745935,43.108,-70.95,2011-10-11,2011-10-18,2011-10-11,2011-10-18,DOC_mgL,20.5623,34.1,7 days 00:00:00
3136,TF,631.0,42.87958115183247,288.75,34.744987077430864,0.11918712945302272,1.5656636030616373,1.6848507156824213,43.108,-70.95,2011-10-18,2011-10-25,2011-10-18,2011-10-25,DOC_mgL,19.516,41.0,7 days 00:00:00
3137,TF,632.0,42.87958115183247,288.75,57.72214257930841,0.503761757650453,7.95285355070785,8.456615472728773,43.108,-70.95,2011-10-25,2011-11-01,2011-10-25,2011-11-01,DOC_mgL,36.57,57.5,7 days 00:00:00
3138,TF,633.0,42.87958115183247,288.75,32.41220409262042,0.10978462122802841,1.2931531254871753,1.4029377952359805,43.108,-70.95,2011-11-01,2011-11-15,2011-11-01,2011-11-15,DOC_mgL,15.312600000000002,28.2,14 days 00:00:00
3139,TF,634.0,42.87958115183247,288.75,33.65286971106565,0.16780956282750129,2.275401222908563,2.443210830524456,43.108,-70.95,2011-11-15,2011-11-22,2011-11-15,2011-11-22,DOC_mgL,6.2363,5.9,7 days 00:00:00
3140,TF,635.0,42.87958115183247,288.75,50.694317399727076,0.13389961228969582,2.0798347040992518,2.2137343180630946,43.108,-70.95,2011-11-22,2011-11-29,2011-11-22,2011-11-29,DOC_mgL,14.790699999999998,35.3,7 days 00:00:00
3141,TF,636.0,42.87958115183247,288.75,5.748321536285113,0.047409166971593766,0.5429225719329612,0.5903317158672864,43.108,-70.95,2011-11-29,2011-12-06,2011-11-29,2011-12-06,DOC_mgL,7.2568,18.8,7 days 00:00:00
3142,TF,637.0,42.87958115183247,288.75,61.90317535477566,0.26972212097262355,2.525653438194872,2.7953755006200067,43.108,-70.95,2011-12-06,2011-12-13,2011-12-06,2011-12-13,DOC_mgL,18.6496,49.6,7 days 00:00:00
3143,TF,638.0,42.87958115183247,288.75,12.240527185630214,0.2918396945290947,3.336543818947228,3.628383514939924,43.108,-70.95,2011-12-13,2011-12-20,2011-12-13,2011-12-20,DOC_mgL,6.4176,2.1,7 days 00:00:00
3144,TF,639.0,42.87958115183247,288.75,41.549488593695116,0.23259564446606293,2.927235558049419,3.159831245876793,43.108,-70.95,2011-12-20,2011-12-27,2011-12-20,2011-12-27,DOC_mgL,19.825,25.0,7 days 00:00:00
3145,TF,640.0,42.87958115183247,288.75,23.62000102387185,0.20005725857452547,2.6087816333078617,2.808838853168238,43.108,-70.95,2011-12-27,2012-01-03,2011-12-27,2012-01-03,DOC_mgL,17.5994,18.2,7 days 00:00:00
3146,TF,641.0,42.87958115183247,288.75,25.447686235592684,0.23835518359667754,2.750554293326375,2.9889094845295956,43.108,-70.95,2012-01-03,2012-01-17,2012-01-03,2012-01-17,DOC_mgL,21.6461,28.9,14 days 00:00:00
3147,TF,642.0,42.87958115183247,288.75,20.518214071785223,0.2919340570888874,3.8529249386456232,4.144858892326035,43.108,-70.95,2012-01-17,2012-01-25,2012-01-17,2012-01-25,DOC_mgL,14.1456,16.8,8 days 00:00:00
3148,TF,643.0,42.87958115183247,288.75,34.44659546478213,0.29964293384823554,3.5444006919914406,3.844043535567647,43.108,-70.95,2012-01-25,2012-01-31,2012-01-25,2012-01-31,DOC_mgL,25.255399999999998,39.4,6 days 00:00:00
3149,TF,645.0,42.87958115183247,288.75,15.520571621782665,0.3498342302545779,4.589520316509463,4.939354589137373,43.108,-70.95,2012-01-31,2012-02-21,2012-01-31,2012-02-21,DOC_mgL,3.3097999999999996,1.9,21 days 00:00:00
3150,TF,647.0,42.87958115183247,288.75,22.380984873393572,0.3744047764884812,5.261023259701602,5.635427992279887,43.108,-70.95,2012-02-21,2012-02-28,2012-02-21,2012-02-28,DOC_mgL,19.292,26.0,7 days 00:00:00
3151,TF,648.0,42.87958115183247,288.75,43.681217991897725,0.4004210193065181,6.233182218420494,6.633603055582063,43.108,-70.95,2012-02-28,2012-03-06,2012-02-28,2012-03-06,DOC_mgL,22.7504,47.2,7 days 00:00:00
3152,TF,649.0,42.87958115183247,288.75,9.619873305244386,0.11566583196560451,1.7826792453798064,1.8983450197887064,43.108,-70.95,2012-03-06,2012-03-13,2012-03-06,2012-03-13,DOC_mgL,6.085999999999999,8.5,7 days 00:00:00
3153,TF,650.0,42.87958115183247,288.75,17.139912070440744,0.4253706144002905,5.068123094806375,5.493493658993535,43.108,-70.95,2012-03-13,2012-03-20,2012-03-13,2012-03-20,DOC_mgL,12.8828,8.6,7 days 00:00:00
3154,TF,651.0,42.87958115183247,288.75,25.262368617592358,0.12084701292145865,1.6382626215639158,1.7591095990644805,43.108,-70.95,2012-03-20,2012-03-27,2012-03-20,2012-03-27,DOC_mgL,4.9334999999999996,2.3,7 days 00:00:00
3155,TF,652.0,42.87958115183247,288.75,8.352364007624402,0.30707550306252435,4.322433347185573,4.629508809118887,43.108,-70.95,2012-03-27,2012-04-03,2012-03-27,2012-04-03,DOC_mgL,6.7584,3.3,7 days 00:00:00
3156,TF,653.0,42.87958115183247,288.75,7.213398599349721,0.34308128308758823,4.354733978821558,4.697815355218341,43.108,-70.95,2012-04-03,2012-04-17,2012-04-03,2012-04-17,DOC_mgL,3.9897,1.1,14 days 00:00:00
3157,TF,654.0,42.87958115183247,288.75,55.07216968363633,0.3266677723146509,4.232486759862793,4.559154611796678,43.108,-70.95,2012-04-17,2012-04-24,2012-04-17,2012-04-24,DOC_mgL,28.249000000000002,68.9,7 days 00:00:00
3158,TF,655.0,42.87958115183247,288.75,5.2168996429791115,0.14221294768899412,2.018359342615532,2.1605722406847274,43.108,-70.95,2012-04-24,2012-05-01,2012-04-24,2012-05-01,DOC_mgL,20.0464,13.6,7 days 00:00:00
3159,TF,656.0,42.87958115183247,288.75,54.07859504402701,0.8066984016720573,16.02161328359525,16.82831119043601,43.108,-70.95,2012-05-01,2012-05-08,2012-05-01,2012-05-08,DOC_mgL,18.5269,19.9,7 days 00:00:00
3160,TF,657.0,42.87958115183247,288.75,66.12652773433508,0.9502420389819306,15.558796015784507,16.50903815136885,43.108,-70.95,2012-05-08,2012-05-15,2012-05-08,2012-05-15,DOC_mgL,27.044999999999998,45.0,7 days 00:00:00
3161,TF,658.0,42.87958115183247,288.75,23.546047207305907,0.296795700676467,3.565682187600391,3.8624779725845437,43.108,-70.95,2012-05-15,2012-05-22,2012-05-15,2012-05-22,DOC_mgL,11.174399999999999,19.2,7 days 00:00:00
3162,TF,659.0,42.87958115183247,288.75,4.062538715332575,0.2053122888833538,6.21770407548323,6.423016308811048,43.108,-70.95,2012-05-22,2012-05-29,2012-05-22,2012-05-29,DOC_mgL,5.8653,4.9,7 days 00:00:00
3163,TF,660.0,42.87958115183247,288.75,44.00466186724322,0.9113691324562964,26.858967075438223,27.77033628678649,43.108,-70.95,2012-05-29,2012-06-05,2012-05-29,2012-06-05,DOC_mgL,49.39119999999999,85.6,7 days 00:00:00
3164,TF,661.0,42.87958115183247,288.75,16.428011876649506,0.311431620694039,6.108796292270474,6.420228042938701,43.108,-70.95,2012-06-05,2012-06-12,2012-06-05,2012-06-12,DOC_mgL,13.641599999999999,8.7,7 days 00:00:00
3165,TF,662.0,42.87958115183247,288.75,5.766394863866908,0.10488156692011483,2.175619064201037,2.280500685752744,43.108,-70.95,2012-06-12,2012-06-19,2012-06-12,2012-06-19,DOC_mgL,14.160300000000001,23.1,7 days 00:00:00
3166,TF,663.0,42.87958115183247,288.75,44.923280306531296,0.8482248758431574,36.2566551335046,37.104878882758655,43.108,-70.95,2012-06-19,2012-06-26,2012-06-19,2012-06-26,DOC_mgL,41.929899999999996,22.9,7 days 00:00:00
3167,TF,664.0,42.87958115183247,288.75,9.684683166577422,0.30140418261800744,10.29911440506015,10.600518478634523,43.108,-70.95,2012-06-26,2012-07-03,2012-06-26,2012-07-03,DOC_mgL,27.531,28.5,7 days 00:00:00
3168,TF,665.0,42.87958115183247,288.75,7.3074062761673195,0.35966850051064436,11.28929947434477,11.648968113556718,43.108,-70.95,2012-07-03,2012-07-10,2012-07-03,2012-07-10,DOC_mgL,23.1462,12.6,7 days 00:00:00
3169,TF,666.0,42.87958115183247,288.75,9.829640008049076,0.24842865735754965,12.375964535214084,12.624393177715355,43.108,-70.95,2012-07-10,2012-07-17,2012-07-10,2012-07-17,DOC_mgL,8.680200000000001,3.7,7 days 00:00:00
3170,TF,667.0,42.87958115183247,288.75,39.9351434143165,1.1604113746874845,47.12296403584675,48.28337484117091,43.108,-70.95,2012-07-17,2012-07-31,2012-07-17,2012-07-31,DOC_mgL,36.673199999999994,24.4,14 days 00:00:00
3171,TF,668.0,42.87958115183247,288.75,25.041173755369073,0.5720636316215721,19.101800666221358,19.67386411283467,43.108,-70.95,2012-07-31,2012-08-07,2012-07-31,2012-08-07,DOC_mgL,29.459100000000003,23.7,7 days 00:00:00
3172,TF,669.0,42.87958115183247,288.75,35.519494586465164,0.8220919805299159,23.198868215020592,24.02096001522143,43.108,-70.95,2012-08-07,2012-08-14,2012-08-07,2012-08-14,DOC_mgL,33.929,25.9,7 days 00:00:00
3173,TF,670.0,42.87958115183247,288.75,39.47076076312728,1.308694011695284,32.00708202131484,33.31577558541851,43.108,-70.95,2012-08-14,2012-08-21,2012-08-14,2012-08-21,DOC_mgL,40.9129,27.7,7 days 00:00:00
3174,TF,671.0,42.87958115183247,288.75,0.761132106507148,0.02932095313854364,0.8585032714449558,0.8878242352537322,43.108,-70.95,2012-08-21,2012-08-28,2012-08-21,2012-08-28,DOC_mgL,5.6924,3.8,7 days 00:00:00
3175,TF,672.0,42.87958115183247,288.75,17.639063306640434,0.17645960475512573,3.7715350675311274,3.947994598390216,43.108,-70.95,2012-08-28,2012-09-04,2012-08-28,2012-09-04,DOC_mgL,22.317,8.6,7 days 00:00:00
3176,TF,673.0,42.87958115183247,288.75,33.02329125394188,0.7506887059725593,21.367284315336466,22.117972402029007,43.108,-70.95,2012-09-04,2012-09-11,2012-09-04,2012-09-11,DOC_mgL,23.434199999999997,14.1,7 days 00:00:00
3177,TF,674.0,42.87958115183247,288.75,22.17091236691272,0.25233132982520734,4.549446033614002,4.8017774158751605,43.108,-70.95,2012-09-11,2012-09-25,2012-09-11,2012-09-25,DOC_mgL,9.779200000000001,12.8,14 days 00:00:00
3178,TF,675.0,42.87958115183247,288.75,37.79620268880204,0.6256769810111209,13.899764059778382,14.525441054548029,43.108,-70.95,2012-09-25,2012-10-02,2012-09-25,2012-10-02,DOC_mgL,41.184,41.6,7 days 00:00:00
3179,TF,676.0,42.87958115183247,288.75,19.93950779608511,0.28147873105830107,4.221730707989341,4.503209483726258,43.108,-70.95,2012-10-02,2012-10-09,2012-10-02,2012-10-09,DOC_mgL,25.707800000000002,17.3,7 days 00:00:00
3180,TF,677.0,42.87958115183247,288.75,21.257664759616326,0.2536141582631718,4.31323297078734,4.56684704935352,43.108,-70.95,2012-10-09,2012-10-16,2012-10-09,2012-10-16,DOC_mgL,15.9611,19.3,7 days 00:00:00
3181,TF,678.0,42.87958115183247,288.75,19.378904331135505,0.22726440131124295,2.222212768804485,2.449477179336867,43.108,-70.95,2012-10-16,2012-10-23,2012-10-16,2012-10-23,DOC_mgL,12.235600000000002,36.2,7 days 00:00:00
3182,TF,679.0,42.87958115183247,288.75,20.40633349119291,0.019251234502209957,0.26646242589271363,0.2857136589341094,43.108,-70.95,2012-10-23,2012-10-30,2012-10-23,2012-10-30,DOC_mgL,54.812,38.6,7 days 00:00:00
3183,TF,680.0,42.87958115183247,288.75,17.625485202062833,0.2142658730190574,1.4336050478572053,1.6478709136493777,43.108,-70.95,2012-10-30,2012-11-06,2012-10-30,2012-11-06,DOC_mgL,4.9248,7.2,7 days 00:00:00
3184,TF,681.0,42.87958115183247,288.75,26.185252358621142,0.05662233618157564,0.7015848911670871,0.7582072191512367,43.108,-70.95,2012-11-06,2012-11-13,2012-11-06,2012-11-13,DOC_mgL,11.610000000000001,21.5,7 days 00:00:00
3185,TF,682.0,42.87958115183247,288.75,3.148035754969581,0.08695975317007434,0.8548579470143388,0.9418176894987342,43.108,-70.95,2012-11-13,2012-11-20,2012-11-13,2012-11-20,DOC_mgL,3.122,2.8,7 days 00:00:00
3186,TF,683.0,42.87958115183247,288.75,0.8209181534249779,0.02945428275939083,0.3026867302334817,0.3321410063689664,43.108,-70.95,2012-11-20,2012-11-27,2012-11-20,2012-11-27,DOC_mgL,1.1412,0.3,7 days 00:00:00
3187,TF,684.0,42.87958115183247,288.75,7.350696963115411,0.36496349916022064,4.3429698312566405,4.707933317500234,43.108,-70.95,2012-11-27,2012-12-04,2012-11-27,2012-12-04,DOC_mgL,5.4612,3.6,7 days 00:00:00
3188,TF,685.0,42.87958115183247,288.75,30.698720593380635,0.4031322795237089,4.645324012221087,5.048456456298225,43.108,-70.95,2012-12-04,2012-12-11,2012-12-04,2012-12-11,DOC_mgL,34.1596,18.8,7 days 00:00:00
3189,TF,686.0,42.87958115183247,288.75,10.762824345318275,0.1543048504240633,1.7400520218079147,1.8943568205642856,43.108,-70.95,2012-12-11,2012-12-18,2012-12-11,2012-12-18,DOC_mgL,10.100700000000002,38.7,7 days 00:00:00
3190,TF,687.0,42.87958115183247,288.75,50.71403369010241,0.15911170687883713,1.9382411991803599,2.0973529063885237,43.108,-70.95,2012-12-27,2013-01-03,2012-12-27,2013-01-03,DOC_mgL,53.327299999999994,12.7,7 days 00:00:00
3191,TF,688.0,42.87958115183247,288.75,5.40598073811465,0.046093603879791674,0.5810310474633109,0.627124669492638,43.108,-70.95,2013-01-08,2013-01-15,2013-01-08,2013-01-15,DOC_mgL,3.4682999999999997,3.3,7 days 00:00:00
3192,TF,689.0,42.87958115183247,288.75,18.810703836980025,0.06786421190632663,0.9784542832208531,1.0463185203023542,43.108,-70.95,2013-01-15,2013-01-22,2013-01-15,2013-01-22,DOC_mgL,3.0972,11.6,7 days 00:00:00
3193,TF,690.0,42.87958115183247,288.75,6.455964938245629,0.21536195432926505,2.225022366491613,2.4403843387508783,43.108,-70.95,2013-01-22,2013-01-29,2013-01-22,2013-01-29,DOC_mgL,3.6208,7.3,7 days 00:00:00
3194,TF,691.0,42.87958115183247,288.75,35.11769192483527,0.6109773882136127,7.441079677428242,8.052057171026306,43.108,-70.95,2013-01-29,2013-02-05,2013-01-29,2013-02-05,DOC_mgL,18.285,15.0,7 days 00:00:00
3195,TF,692.0,42.87958115183247,288.75,68.83557268708707,0.11256286353644787,1.3533591822502218,1.4659220519340759,43.108,-70.95,2013-02-05,2013-02-12,2013-02-05,2013-02-12,DOC_mgL,153.3562,58.6,7 days 00:00:00
3196,TF,693.0,42.87958115183247,288.75,34.29055259260849,0.18116192356678967,2.278696392124177,2.459858321234628,43.108,-70.95,2013-02-26,2013-03-05,2013-02-26,2013-03-05,DOC_mgL,37.502,34.0,7 days 00:00:00
3197,TF,694.0,42.87958115183247,288.75,40.855356571587244,0.0843377437872035,1.2178369932661897,1.3021747487661357,43.108,-70.95,2013-03-05,2013-03-12,2013-03-05,2013-03-12,DOC_mgL,29.313600000000005,18.6,7 days 00:00:00
3198,TF,695.0,42.87958115183247,288.75,54.61227657686807,0.27199873703005367,3.5206273241382675,3.79262599384394,43.108,-70.95,2013-03-12,2013-03-20,2013-03-12,2013-03-20,DOC_mgL,49.373400000000004,42.6,8 days 00:00:00
3199,TF,696.0,42.87958115183247,288.75,19.964657787074902,0.4751111557796335,5.637259005422863,6.112370027871041,43.108,-70.95,2013-03-20,2013-04-02,2013-03-20,2013-04-02,DOC_mgL,8.337499999999999,14.5,13 days 00:00:00
3200,TF,697.0,42.87958115183247,288.75,1.5957233334133736,0.025504974321506776,0.35415616343563633,0.379661133279001,43.108,-70.95,2013-04-02,2013-05-14,2013-04-02,2013-05-14,DOC_mgL,22.1676,18.2,42 days 00:00:00
3201,TF,698.0,42.87958115183247,288.75,51.17378695805863,0.9411680180541641,15.09011419552268,16.031281839096053,43.108,-70.95,2013-04-09,2013-04-16,2013-04-09,2013-04-16,DOC_mgL,24.035,27.5,7 days 00:00:00
3202,TF,699.0,42.87958115183247,288.75,10.10584254372629,0.16938653760477432,2.7023047301694265,2.8716913821236485,43.108,-70.95,2013-04-16,2013-04-23,2013-04-16,2013-04-23,DOC_mgL,7.0452,7.6,7 days 00:00:00
3203,TF,700.0,42.87958115183247,288.75,10.051406018445064,0.04882039978809581,0.7126288095744336,0.7614491872267632,43.108,-70.95,2013-04-23,2013-04-30,2013-04-23,2013-04-30,DOC_mgL,2.3400000000000003,1.3,7 days 00:00:00
3204,TF,701.0,42.87958115183247,288.75,41.32043962510643,0.6736321437488475,12.850781719713867,13.524413684478366,43.108,-70.95,2013-04-30,2013-05-21,2013-04-30,2013-05-21,DOC_mgL,7.826899999999999,4.1,21 days 00:00:00
3205,TF,703.0,42.87958115183247,288.75,47.384174042361394,0.844317542467968,17.086424286376356,17.930741324535816,43.108,-70.95,2013-05-21,2013-05-28,2013-05-21,2013-05-28,DOC_mgL,65.4347,103.7,7 days 00:00:00
3206,TF,704.0,42.87958115183247,288.75,35.567779941692024,0.5055944623598809,13.905279367212344,14.410874137657082,43.108,-70.95,2013-05-28,2013-06-04,2013-05-28,2013-06-04,DOC_mgL,20.8715,16.9,7 days 00:00:00
3207,TF,705.0,42.87958115183247,288.75,67.7898848446791,0.29785197483052145,5.850794311866562,6.148646276158671,43.108,-70.95,2013-06-04,2013-06-11,2013-06-04,2013-06-11,DOC_mgL,33.122699999999995,74.1,7 days 00:00:00
3208,TF,706.0,42.87958115183247,288.75,101.78643811034108,0.8398668360385873,22.665410439118293,23.505277260520153,43.108,-70.95,2013-06-11,2013-06-18,2013-06-11,2013-06-18,DOC_mgL,31.3407,35.9,7 days 00:00:00
3209,TF,707.0,42.87958115183247,288.75,8.23151208743135,0.40995584311744737,13.485344482446404,13.895300203379179,43.108,-70.95,2013-06-18,2013-06-25,2013-06-18,2013-06-25,DOC_mgL,53.67759999999999,22.9,7 days 00:00:00
3210,TF,708.0,42.87958115183247,288.75,51.10010839111112,1.5019754127931773,46.85800327752787,48.35997882146614,43.108,-70.95,2013-06-25,2013-07-02,2013-06-25,2013-07-02,DOC_mgL,47.8318,62.2,7 days 00:00:00
3211,TF,709.0,42.87958115183247,288.75,19.154494932571712,0.32012717633006504,14.531083186719584,14.851210199118281,43.108,-70.95,2013-07-02,2013-07-09,2013-07-02,2013-07-09,DOC_mgL,32.751999999999995,9.2,7 days 00:00:00
3212,TF,710.0,42.87958115183247,288.75,28.83413791602285,0.799676614087353,23.743771378724464,24.543447774139082,43.108,-70.95,2013-07-09,2013-07-16,2013-07-09,2013-07-16,DOC_mgL,24.082800000000002,8.4,7 days 00:00:00
3213,TF,711.0,42.87958115183247,288.75,16.95856929464501,0.4300909762122891,24.096869462308934,24.52696017535283,43.108,-70.95,2013-07-16,2013-07-23,2013-07-16,2013-07-23,DOC_mgL,36.617999999999995,17.0,7 days 00:00:00
3214,TF,712.0,42.87958115183247,288.75,65.28632445217397,0.9989671066919226,30.870032155516647,31.868999789130825,43.108,-70.95,2013-07-23,2013-07-30,2013-07-23,2013-07-30,DOC_mgL,30.4264,29.2,7 days 00:00:00
3215,TF,713.0,42.87958115183247,288.75,23.105154199020912,0.2142728868848639,5.317409575156251,5.531682468334909,43.108,-70.95,2013-07-30,2013-08-06,2013-07-30,2013-08-06,DOC_mgL,12.0246,14.7,7 days 00:00:00
3216,TF,714.0,42.87958115183247,288.75,32.027328478115294,0.5135723170162041,13.708396760164634,14.221968902710795,43.108,-70.95,2013-08-06,2013-08-13,2013-08-06,2013-08-13,DOC_mgL,73.90559999999999,51.9,7 days 00:00:00
3217,TF,715.0,42.87958115183247,288.75,30.77415821704296,0.7035096595796821,17.980754015158606,18.684263082630128,43.108,-70.95,2013-08-13,2013-08-27,2013-08-13,2013-08-27,DOC_mgL,21.2433,1.3,14 days 00:00:00
3218,TF,716.0,42.87958115183247,288.75,45.01398546068458,1.3318296731082424,35.365591767588796,36.69742135170573,43.108,-70.95,2013-08-27,2013-09-03,2013-08-27,2013-09-03,DOC_mgL,55.129599999999996,58.4,7 days 00:00:00
3219,TF,717.0,42.87958115183247,288.75,25.61832872203795,1.0956326367097038,30.33312375135466,31.42875636938424,43.108,-70.95,2013-09-10,2013-09-17,2013-09-10,2013-09-17,DOC_mgL,97.6998,124.3,7 days 00:00:00
3220,TF,718.0,42.87958115183247,288.75,12.886913803855974,0.08759490860461822,0.9754683551695768,1.0630632263407596,43.108,-70.95,2013-09-17,2013-09-24,2013-09-17,2013-09-24,DOC_mgL,5.7783,18.7,7 days 00:00:00
3221,TF,719.0,42.87958115183247,288.75,10.008207834360993,0.4706163347314688,8.170793755977261,8.641410038930443,43.108,-70.95,2013-09-24,2013-10-08,2013-09-24,2013-10-08,DOC_mgL,22.452299999999997,10.1,14 days 00:00:00
3222,TF,720.0,42.87958115183247,288.75,19.353940431934927,0.3953339834491329,5.0567065758043634,5.452040527200095,43.108,-70.95,2013-10-08,2013-10-29,2013-10-08,2013-10-29,DOC_mgL,0.7424000000000001,0.2,21 days 00:00:00
3223,TF,721.0,42.87958115183247,288.75,16.67179122756407,0.4886494329166618,8.150389550071512,8.639038944932572,43.108,-70.95,2013-10-29,2013-11-05,2013-10-29,2013-11-05,DOC_mgL,5.242900000000001,3.7,7 days 00:00:00
3224,TF,722.0,42.87958115183247,288.75,11.14675234674678,0.19750580428946896,2.5418828179021165,2.7393886239479928,43.108,-70.95,2013-11-05,2013-11-12,2013-11-05,2013-11-12,DOC_mgL,21.4665,3.3,7 days 00:00:00
3225,TF,723.0,42.87958115183247,288.75,18.265187590404963,0.1611690629429778,1.9254620353457725,2.086631056132263,43.108,-70.95,2013-11-12,2013-11-19,2013-11-12,2013-11-19,DOC_mgL,3.7346,7.1,7 days 00:00:00
3226,TF,724.0,42.87958115183247,288.75,3.2931942602356883,0.049418636885472704,0.6017630873320094,0.6511817268555061,43.108,-70.95,2013-11-19,2013-11-26,2013-11-19,2013-11-26,DOC_mgL,19.7438,1.7,7 days 00:00:00
3227,TF,725.0,42.87958115183247,288.75,71.46662331065644,0.1821013763121226,2.0396269181412183,2.2217282533241316,43.108,-70.95,2013-11-26,2013-12-03,2013-11-26,2013-12-03,DOC_mgL,65.3918,55.7,7 days 00:00:00
3228,TF,726.0,42.87958115183247,288.75,36.445532133022596,0.39834229570955865,4.432874723774453,4.831217071352921,43.108,-70.95,2013-12-03,2013-12-10,2013-12-03,2013-12-10,DOC_mgL,48.0488,13.6,7 days 00:00:00
3229,TF,727.0,42.87958115183247,288.75,35.9713618240054,0.11503592534112,1.3809634428173234,1.4959993404218412,43.108,-70.95,2013-12-10,2013-12-17,2013-12-10,2013-12-17,DOC_mgL,26.4845,32.9,7 days 00:00:00
3230,TF,728.0,42.87958115183247,288.75,24.605036203695363,0.2996678648877881,3.4831290515908995,3.782796944434841,43.108,-70.95,2013-12-17,2013-12-23,2013-12-17,2013-12-23,DOC_mgL,19.276799999999998,19.2,6 days 00:00:00
3231,TF,729.0,42.87958115183247,288.75,56.615031404372296,0.2405041383819577,2.6421373307966567,2.8826414349286678,43.108,-70.95,2013-12-23,2013-12-30,2013-12-23,2013-12-30,DOC_mgL,12.3312,33.6,7 days 00:00:00
3232,TF,730.0,42.87958115183247,288.75,32.3956427427774,0.3255930920043326,3.2853045924062507,3.6108977576307684,43.108,-70.95,2013-12-30,2014-01-07,2013-12-30,2014-01-07,DOC_mgL,52.772,33.4,8 days 00:00:00
3233,TF,731.0,42.87958115183247,288.75,26.5915305504791,0.11316161918218803,1.045688637104266,1.1588502302285284,43.108,-70.95,2014-01-07,2014-01-14,2014-01-07,2014-01-14,DOC_mgL,6.9198,11.4,7 days 00:00:00
3234,TF,732.0,42.87958115183247,288.75,24.87525553960257,0.2663720330368783,3.139268049223536,3.405640074539539,43.108,-70.95,2014-01-14,2014-01-21,2014-01-14,2014-01-21,DOC_mgL,31.8128,33.7,7 days 00:00:00
3235,TF,733.0,42.87958115183247,288.75,71.68091252124147,0.5933459072776384,8.80790001606814,9.40124591383991,43.108,-70.95,2014-01-21,2014-02-11,2014-01-21,2014-02-11,DOC_mgL,78.0084,27.9,21 days 00:00:00
3236,TF,734.0,42.87958115183247,288.75,71.51085679278981,0.1434643570114664,1.7463777556209223,1.8898421015199094,43.108,-70.95,2014-02-11,2014-02-18,2014-02-11,2014-02-18,DOC_mgL,48.15,37.5,7 days 00:00:00
3237,TF,735.0,42.87958115183247,288.75,41.95550070372755,0.8091952273775027,12.373720804231825,13.182915950668214,43.108,-70.95,2014-02-18,2014-02-25,2014-02-18,2014-02-25,DOC_mgL,33.879999999999995,48.4,7 days 00:00:00
3238,TF,736.0,42.87958115183247,288.75,5.382084937777167,0.2584107211831733,3.238815954165108,3.497226691219002,43.108,-70.95,2014-02-25,2014-03-11,2014-02-25,2014-03-11,DOC_mgL,5.1408,4.8,14 days 00:00:00
3239,TF,737.0,42.87958115183247,288.75,27.21293115208745,1.0273248485485484,16.901139346641585,17.92846441735739,43.108,-70.95,2014-03-11,2014-03-18,2014-03-11,2014-03-18,DOC_mgL,50.8977,18.9,7 days 00:00:00
3240,TF,738.0,42.87958115183247,288.75,6.609915394071263,0.20980985061956323,3.347338827049251,3.557148703182391,43.108,-70.95,2014-03-18,2014-03-25,2014-03-18,2014-03-25,DOC_mgL,15.7648,16.7,7 days 00:00:00
3241,TF,739.0,42.87958115183247,288.75,69.69107178065315,0.3816005592619512,5.618474089026265,6.000074724401211,43.108,-70.95,2014-03-25,2014-04-01,2014-03-25,2014-04-01,DOC_mgL,38.8367,76.3,7 days 00:00:00
3242,TF,740.0,42.87958115183247,288.75,16.341239116707435,0.22450466512099215,3.8306556379181695,4.055160391159135,43.108,-70.95,2014-04-01,2014-04-08,2014-04-01,2014-04-08,DOC_mgL,34.0141,31.7,7 days 00:00:00
3243,TF,741.0,42.87958115183247,288.75,30.29040702042171,0.5486415510047873,8.864380999807803,9.413022704205547,43.108,-70.95,2014-04-08,2014-04-15,2014-04-08,2014-04-15,DOC_mgL,53.671800000000005,4.2,7 days 00:00:00
3244,TF,742.0,42.87958115183247,288.75,35.825835615303085,0.7661728290246029,13.933896403101746,14.700069463912682,43.108,-70.95,2014-05-06,2014-05-20,2014-05-06,2014-05-20,DOC_mgL,102.67399999999999,26.0,14 days 00:00:00
3245,TF,743.0,42.87958115183247,288.75,25.553216116380728,0.9385087570163458,20.88297667410282,21.821485259283364,43.108,-70.95,2014-05-27,2014-06-10,2014-05-27,2014-06-10,DOC_mgL,17.8461,7.9,14 days 00:00:00
3246,TF,744.0,42.87958115183247,288.75,23.322673914139003,0.4284705298571206,8.800393491681586,9.22886383931112,43.108,-70.95,2014-06-10,2014-06-17,2014-06-10,2014-06-17,DOC_mgL,65.132,19.0,7 days 00:00:00
3247,TF,745.0,42.87958115183247,288.75,30.279886343260646,0.44230124937313325,15.418238754938296,15.860540061140387,43.108,-70.95,2014-06-17,2014-07-01,2014-06-17,2014-07-01,DOC_mgL,16.464,28.0,14 days 00:00:00
3248,TF,746.0,42.87958115183247,288.75,75.353626690422,0.7547632819503455,31.495625322757995,32.25038849288339,43.108,-70.95,2014-07-01,2014-07-08,2014-07-01,2014-07-08,DOC_mgL,52.762,74.0,7 days 00:00:00
3249,TF,747.0,42.87958115183247,288.75,18.088400646366388,0.3926841447283945,14.680123070072053,15.072806833660248,43.108,-70.95,2014-07-08,2014-07-15,2014-07-08,2014-07-15,DOC_mgL,18.6824,12.1,7 days 00:00:00
3250,TF,748.0,42.87958115183247,288.75,50.58234784977023,0.8008759075838965,31.483634789844505,32.284510886534946,43.108,-70.95,2014-07-15,2014-07-22,2014-07-15,2014-07-22,DOC_mgL,7.104,8.0,7 days 00:00:00
3251,TF,749.0,42.87958115183247,288.75,58.74238240503038,1.5863402481257165,45.35681817317838,46.94315929101855,43.108,-70.95,2014-07-22,2014-08-12,2014-07-22,2014-08-12,DOC_mgL,9.293899999999999,7.1,21 days 00:00:00
3252,TF,750.0,42.87958115183247,288.75,69.1572764386689,0.9562670056735417,31.790841454480713,32.747108558929305,43.108,-70.95,2014-08-12,2014-09-02,2014-08-12,2014-09-02,DOC_mgL,1.8876000000000002,2.2,21 days 00:00:00
3253,TF,751.0,42.87958115183247,288.75,21.20064497094495,0.3318097708088328,11.030632802866307,11.362442607238865,43.108,-70.95,2014-09-02,2014-09-09,2014-09-02,2014-09-09,DOC_mgL,14.229500000000002,19.1,7 days 00:00:00
3254,TF,752.0,42.87958115183247,288.75,5.9603164245622615,0.1084482093933578,2.498471547856634,2.606919755485062,43.108,-70.95,2014-09-09,2014-09-16,2014-09-09,2014-09-16,DOC_mgL,3.311,4.3,7 days 00:00:00
3255,TF,753.0,42.87958115183247,288.75,30.712456103763742,0.6944082877178508,13.711242432474574,14.405650865132637,43.108,-70.95,2014-09-16,2014-10-07,2014-09-16,2014-10-07,DOC_mgL,61.303200000000004,16.8,21 days 00:00:00
3256,TF,754.0,42.87958115183247,288.75,88.1580131425453,0.8938511155916654,12.352049842602332,13.24590085426977,43.108,-70.95,2014-10-07,2014-10-28,2014-10-07,2014-10-28,DOC_mgL,19.768499999999996,57.3,21 days 00:00:00
3257,TF,755.0,42.87958115183247,288.75,55.244200692328164,0.3095210700653636,5.508453197408034,5.817974211268367,43.108,-70.95,2014-10-28,2014-11-04,2014-10-28,2014-11-04,DOC_mgL,10.0284,12.2,7 days 00:00:00
3258,TF,756.0,42.87958115183247,288.75,22.71668431363949,0.4384765410657604,7.967025187743722,8.405501663530314,43.108,-70.95,2014-11-04,2014-11-11,2014-11-04,2014-11-11,DOC_mgL,7.109399999999999,8.2,7 days 00:00:00
3259,TF,757.0,42.87958115183247,288.75,33.93048309844084,0.4377131356436188,5.2669859202563245,5.704698901985586,43.108,-70.95,2014-11-11,2014-11-18,2014-11-11,2014-11-18,DOC_mgL,23.82,30.0,7 days 00:00:00
3260,TF,758.0,42.87958115183247,288.75,19.25647424556587,0.08775498899021796,1.149270400770336,1.2370253785177163,43.108,-70.95,2014-11-18,2014-11-25,2014-11-18,2014-11-25,DOC_mgL,4.216,13.6,7 days 00:00:00
3261,TF,759.0,42.87958115183247,288.75,61.370892002909905,0.08543174279579445,1.233929589365343,1.3193613143409193,43.108,-70.95,2014-11-25,2014-12-02,2014-11-25,2014-12-02,DOC_mgL,76.3308,36.4,7 days 00:00:00
3262,TF,760.0,42.87958115183247,288.75,48.42531735250177,0.47988369089999217,6.419699757584282,6.899583683714239,43.108,-70.95,2014-12-02,2014-12-09,2014-12-02,2014-12-09,DOC_mgL,13.2784,34.4,7 days 00:00:00
3263,TF,761.0,42.87958115183247,288.75,62.99519341016191,0.11864043870020524,1.0064748793700091,1.1251153294159666,43.108,-70.95,2014-12-09,2014-12-16,2014-12-09,2014-12-16,DOC_mgL,14.529900000000001,56.1,7 days 00:00:00
3264,TF,762.0,42.87958115183247,288.75,14.359915270110296,0.48066502721899335,5.080124731385152,5.56078967254132,43.108,-70.95,2014-12-16,2014-12-23,2014-12-16,2014-12-23,DOC_mgL,10.101,19.5,7 days 00:00:00
3265,TF,763.0,42.87958115183247,288.75,48.0814156947007,0.1924255699952195,2.2890801411420534,2.4815057064763892,43.108,-70.95,2014-12-23,2014-12-30,2014-12-23,2014-12-30,DOC_mgL,11.7425,27.5,7 days 00:00:00
3266,TF,764.0,42.87958115183247,288.75,48.65148009408627,0.11550001991199885,1.4709907413239938,1.5864907344873695,43.108,-70.95,2014-12-30,2015-01-06,2014-12-30,2015-01-06,DOC_mgL,4.8790000000000004,28.7,7 days 00:00:00
3267,TF,765.0,42.87958115183247,288.75,14.254746019095764,0.06451632840185043,0.7812842738964356,0.8458005941014138,43.108,-70.95,2015-01-06,2015-01-13,2015-01-06,2015-01-13,DOC_mgL,4.0229,4.9,7 days 00:00:00
3268,TF,766.0,42.87958115183247,288.75,30.03844969170222,0.087688215190928,1.0683489536462207,1.1560371869866886,43.108,-70.95,2015-01-13,2015-01-20,2015-01-13,2015-01-20,DOC_mgL,5.806500000000001,10.5,7 days 00:00:00
3269,TF,767.0,42.87958115183247,288.75,19.732069455574013,0.09860822747818078,1.1224437228222413,1.2210519150992287,43.108,-70.95,2015-01-20,2015-01-26,2015-01-20,2015-01-26,DOC_mgL,1.8767999999999998,10.2,6 days 00:00:00
3270,TF,768.0,42.87958115183247,288.75,85.78877216294245,0.3175815725730443,3.630987377609076,3.9485688746565435,43.108,-70.95,2015-01-26,2015-02-03,2015-01-26,2015-02-03,DOC_mgL,257.659,71.0,8 days 00:00:00
3271,TF,769.0,42.87958115183247,288.75,33.17160874942715,0.9962194774681705,13.169507124665554,14.165727067142614,43.108,-70.95,2015-02-03,2015-02-10,2015-02-03,2015-02-10,DOC_mgL,72.6408,32.4,7 days 00:00:00
3272,TF,770.0,42.87958115183247,288.75,19.9411941421479,0.2815591053686701,3.1906323350727224,3.4721914591718313,43.108,-70.95,2015-02-10,2015-02-17,2015-02-10,2015-02-17,DOC_mgL,14.709800000000001,13.3,7 days 00:00:00
3273,TF,771.0,42.87958115183247,288.75,17.638111377848986,0.4208875695353915,5.188230729557359,5.6091183875351875,43.108,-70.95,2015-02-17,2015-02-24,2015-02-17,2015-02-24,DOC_mgL,24.115199999999998,9.6,7 days 00:00:00
3274,TF,772.0,42.87958115183247,288.75,6.224091990042957,0.1435321968289326,1.6301033367986684,1.7736355600148794,43.108,-70.95,2015-02-24,2015-03-03,2015-02-24,2015-03-03,DOC_mgL,9.1805,3.5,7 days 00:00:00
3275,TF,773.0,42.87958115183247,288.75,15.711804270136797,0.08006364836247223,0.9784455913455087,1.0585092364147168,43.108,-70.95,2015-03-03,2015-03-10,2015-03-03,2015-03-10,DOC_mgL,2.292,4.0,7 days 00:00:00
3276,TF,774.0,42.87958115183247,288.75,25.123232661439232,0.07639782934732446,0.8042525887074059,0.8806503908475662,43.108,-70.95,2015-03-10,2015-03-17,2015-03-10,2015-03-17,DOC_mgL,12.038399999999998,20.9,7 days 00:00:00
3277,TF,775.0,42.87958115183247,288.75,5.62832209877477,0.08195408426599302,0.969585156608522,1.0515392256523164,43.108,-70.95,2015-03-17,2015-03-24,2015-03-17,2015-03-24,DOC_mgL,1.6640000000000001,1.6,7 days 00:00:00
3278,TF,776.0,42.87958115183247,288.75,30.18121540944996,0.44743093045316595,5.778097035784874,6.225527822798097,43.108,-70.95,2015-03-24,2015-03-31,2015-03-24,2015-03-31,DOC_mgL,18.6995,25.1,7 days 00:00:00
3279,TF,777.0,42.87958115183247,288.75,12.215537111437413,0.17062795712281226,2.2885585049500117,2.459186481391806,43.108,-70.95,2015-03-31,2015-04-07,2015-03-31,2015-04-07,DOC_mgL,7.0976,3.2,7 days 00:00:00
3280,TF,778.0,42.87958115183247,288.75,26.185835971181962,0.32657831347818234,5.261929633746842,5.588507909700112,43.108,-70.95,2015-04-07,2015-04-14,2015-04-07,2015-04-14,DOC_mgL,15.368000000000002,22.6,7 days 00:00:00
3281,TF,779.0,42.87958115183247,288.75,33.553934430847335,0.22417092214055295,2.8836585219652062,3.1078293621396504,43.108,-70.95,2015-04-14,2015-04-21,2015-04-14,2015-04-21,DOC_mgL,30.350200000000005,57.7,7 days 00:00:00
3282,TF,780.0,42.87958115183247,288.75,15.41809998388266,0.2782152864046292,3.849176890115616,4.127392156175191,43.108,-70.95,2015-04-21,2015-04-28,2015-04-21,2015-04-28,DOC_mgL,4.1782,2.6,7 days 00:00:00
3283,TF,781.0,42.87958115183247,288.75,9.646486388221488,0.45377519788053194,10.241058002234306,10.694833435775188,43.108,-70.95,2015-04-28,2015-05-19,2015-04-28,2015-05-19,DOC_mgL,7.747599999999999,2.8,21 days 00:00:00
3284,TF,782.0,42.87958115183247,288.75,77.34392234258482,0.9296459861211461,25.463603717815413,26.393249573180253,43.108,-70.95,2015-05-19,2015-06-02,2015-05-19,2015-06-02,DOC_mgL,52.734500000000004,79.3,14 days 00:00:00
3285,TF,783.0,42.87958115183247,288.75,55.55802373440098,0.6578272492329015,23.3438407964027,24.001668359739686,43.108,-70.95,2015-06-02,2015-06-16,2015-06-02,2015-06-16,DOC_mgL,27.134999999999998,16.2,14 days 00:00:00
3286,TF,784.0,42.87958115183247,288.75,22.4642458469523,0.5537325467842521,17.53626047391399,18.08999278689479,43.108,-70.95,2015-06-16,2015-06-23,2015-06-16,2015-06-23,DOC_mgL,40.9575,38.1,7 days 00:00:00
3287,TF,785.0,42.87958115183247,288.75,62.34704248165515,0.7144164366212955,28.310650267883588,29.02506688869896,43.108,-70.95,2015-06-23,2015-07-07,2015-06-23,2015-07-07,DOC_mgL,23.593400000000003,22.3,14 days 00:00:00
3288,TF,786.0,42.87958115183247,288.75,43.80166740868627,1.0182588158187076,42.61312728346019,43.63138580080854,43.108,-70.95,2015-07-07,2015-07-21,2015-07-07,2015-07-21,DOC_mgL,9.932300000000001,4.9,14 days 00:00:00
3289,TF,787.0,42.87958115183247,288.75,21.295877752623703,0.6322577289843978,28.76312100996703,29.39537915580548,43.108,-70.95,2015-07-21,2015-07-28,2015-07-21,2015-07-28,DOC_mgL,6.539499999999999,4.1,7 days 00:00:00
3290,TF,788.0,42.87958115183247,288.75,13.720201173846036,0.3554200885750973,15.764821644989603,16.12024180704108,43.108,-70.95,2015-07-28,2015-08-04,2015-07-28,2015-08-04,DOC_mgL,16.72,9.5,7 days 00:00:00
3291,TF,789.0,42.87958115183247,288.75,5.725531693681618,0.20681004957872912,6.751472320272455,6.958282268345467,43.108,-70.95,2015-08-04,2015-08-11,2015-08-04,2015-08-11,DOC_mgL,11.859,11.8,7 days 00:00:00
3292,TF,790.0,42.87958115183247,288.75,22.465756593462174,0.3174575253063819,9.507367409750806,9.824825083180889,43.108,-70.95,2015-08-11,2015-08-18,2015-08-11,2015-08-18,DOC_mgL,8.736,16.8,7 days 00:00:00
3293,TF,791.0,42.87958115183247,288.75,10.608394970068602,0.26595222254923584,8.424129903025769,8.690082122647658,43.108,-70.95,2015-08-18,2015-08-25,2015-08-18,2015-08-25,DOC_mgL,20.118,42.0,7 days 00:00:00
3294,TF,792.0,42.87958115183247,288.75,74.01389016150706,1.5705091638511093,44.9836930474713,46.554202025787,43.108,-70.95,2015-08-25,2015-09-22,2015-08-25,2015-09-22,DOC_mgL,0.0,0.0,28 days 00:00:00
3295,TF,793.0,42.87958115183247,288.75,69.03622892411622,0.06048806546900162,1.2659401206562937,1.3264282025916159,43.108,-70.95,2015-09-22,2015-10-01,2015-09-22,2015-10-01,DOC_mgL,17.6111,71.3,9 days 00:00:00
3296,TF,794.0,42.87958115183247,288.75,16.200833366980962,0.2653657984741622,4.260813900698214,4.526179603647146,43.108,-70.95,2015-10-01,2015-10-13,2015-10-01,2015-10-13,DOC_mgL,18.773100000000003,15.3,12 days 00:00:00
3297,TF,795.0,42.87958115183247,288.75,3.2217829980801858,0.1421529530562125,1.919714929989741,2.061867847551885,43.108,-70.95,2015-10-13,2015-10-20,2015-10-13,2015-10-20,DOC_mgL,13.808799999999998,4.1,7 days 00:00:00
3298,TF,796.0,42.87958115183247,288.75,10.44003145038608,0.3241640052334448,6.046413250160657,6.3705772247301535,43.108,-70.95,2015-10-20,2015-10-27,2015-10-20,2015-10-27,DOC_mgL,5.059399999999999,4.1,7 days 00:00:00
3299,TF,797.0,42.87958115183247,288.75,52.14276126107581,0.37684545290233906,4.61164264086272,4.988488068224476,43.108,-70.95,2015-11-03,2015-11-17,2015-11-03,2015-11-17,DOC_mgL,14.6529,20.1,14 days 00:00:00
3300,TF,798.0,42.87958115183247,288.75,40.826932450814304,0.09446354948417852,1.3181949370453452,1.4126584830167177,43.108,-70.95,2015-11-17,2015-11-24,2015-11-17,2015-11-24,DOC_mgL,12.144,35.2,7 days 00:00:00
3301,TF,799.0,42.87958115183247,288.75,2.0299554970313634,0.01071410835442628,0.11163177797510167,0.12234589107045599,43.108,-70.95,2015-11-24,2015-12-01,2015-11-24,2015-12-01,DOC_mgL,3.1584000000000003,9.4,7 days 00:00:00
3302,TF,800.0,42.87958115183247,288.75,20.891307934789438,0.13346287590712547,1.2827816746330267,1.4162445716170424,43.108,-70.95,2015-12-01,2015-12-04,2015-12-01,2015-12-04,DOC_mgL,4.873200000000001,12.4,3 days 00:00:00
3303,TF,801.0,42.87958115183247,288.75,3.6310099833982177,0.1874785292147451,2.458997105972677,2.646475558726446,43.108,-70.95,2015-12-04,2015-12-15,2015-12-04,2015-12-15,DOC_mgL,8.0528,11.2,11 days 00:00:00
3304,TF,802.0,42.87958115183247,288.75,26.21459374289592,0.16199510589155536,1.9835629504151226,2.1455580212883034,43.108,-70.95,2015-12-15,2015-12-22,2015-12-15,2015-12-22,DOC_mgL,9.5948,16.6,7 days 00:00:00
3305,TF,803.0,42.87958115183247,288.75,76.96034712072475,0.2849183984934573,3.2133490555918964,3.498267464770166,43.108,-70.95,2015-12-22,2015-12-30,2015-12-22,2015-12-30,DOC_mgL,41.7105,89.7,8 days 00:00:00
3306,TF,804.0,42.87958115183247,288.75,3.3950864849724427,0.08821642594270875,1.1986858421868598,1.2869022505837893,43.108,-70.95,2015-12-30,2016-01-05,2015-12-30,2016-01-05,DOC_mgL,6.2664,4.2,6 days 00:00:00
3307,TF,805.0,42.87958115183247,288.75,32.47499688074985,0.055559208432270295,0.6508226165228164,0.7063818147276721,43.108,-70.95,2016-01-05,2016-01-12,2016-01-05,2016-01-12,DOC_mgL,11.648200000000001,41.9,7 days 00:00:00
3308,TF,806.0,42.87958115183247,288.75,43.34879453153917,0.3418371226707184,4.679168547939982,5.021005619089413,43.108,-70.95,2016-01-12,2016-01-19,2016-01-12,2016-01-19,DOC_mgL,9.918600000000001,18.3,7 days 00:00:00
3309,TF,807.0,42.87958115183247,288.75,88.0711853679772,0.5488524030369807,7.267687253611266,7.816539538291793,43.108,-70.95,2016-01-19,2016-02-09,2016-01-19,2016-02-09,DOC_mgL,27.9942,48.1,21 days 00:00:00
3310,TF,808.0,42.87958115183247,288.75,8.054884009389696,0.3647077680212458,3.240700632497028,3.605408302159457,43.108,-70.95,2016-02-09,2016-02-16,2016-02-09,2016-02-16,DOC_mgL,6.771599999999999,16.2,7 days 00:00:00
3311,TF,809.0,42.87958115183247,288.75,27.8648404542281,0.20068957540730556,2.7607417086780717,2.9614313470233133,43.108,-70.95,2016-02-16,2016-02-23,2016-02-16,2016-02-23,DOC_mgL,5.727,8.3,7 days 00:00:00
3312,TF,810.0,42.87958115183247,288.75,19.24536826503065,0.39858071893216046,6.658157032433402,7.056737723839931,43.108,-70.95,2016-03-01,2016-03-08,2016-03-01,2016-03-08,DOC_mgL,23.814000000000004,19.6,7 days 00:00:00
3313,TF,811.0,42.87958115183247,288.75,30.52734787049316,0.320122181759923,4.806519356903208,5.126641622385188,43.108,-70.95,2016-03-08,2016-03-15,2016-03-08,2016-03-15,DOC_mgL,24.102899999999998,33.9,7 days 00:00:00
3314,TF,812.0,42.87958115183247,288.75,22.24584609828266,0.16866863513786012,2.2393318348072624,2.4080004872896463,43.108,-70.95,2016-03-15,2016-03-22,2016-03-15,2016-03-22,DOC_mgL,9.012799999999999,26.2,7 days 00:00:00
3315,TF,813.0,42.87958115183247,288.75,29.073364807472373,0.7127498104415354,10.5210979061722,11.233847602154512,43.108,-70.95,2016-03-22,2016-03-29,2016-03-22,2016-03-29,DOC_mgL,12.3428,23.6,7 days 00:00:00
3316,TF,814.0,42.87958115183247,288.75,40.43955714761738,0.8246950481891058,12.034475497385566,12.859170522155905,43.108,-70.95,2016-03-29,2016-04-05,2016-03-29,2016-04-05,DOC_mgL,23.490000000000002,26.1,7 days 00:00:00
3317,TF,815.0,42.87958115183247,288.75,17.834577214248526,0.3280046305365828,4.290048218232034,4.618052751141633,43.108,-70.95,2016-04-05,2016-04-12,2016-04-05,2016-04-12,DOC_mgL,14.5152,28.8,7 days 00:00:00
3318,TF,816.0,42.87958115183247,288.75,9.239492127924196,0.17797442196681165,3.2783281387909073,3.4563024858174423,43.108,-70.95,2016-04-12,2016-04-19,2016-04-12,2016-04-19,DOC_mgL,5.7776,4.6,7 days 00:00:00
3319,TF,817.0,42.87958115183247,288.75,9.564357917443303,0.3794248725533701,6.270590605316853,6.650015318549423,43.108,-70.95,2016-04-19,2016-04-26,2016-04-19,2016-04-26,DOC_mgL,15.649199999999999,9.2,7 days 00:00:00
3320,TF,818.0,42.87958115183247,288.75,35.4999404756232,0.5310867850348506,9.758025104268894,10.28911160385136,43.108,-70.95,2016-04-26,2016-05-03,2016-04-26,2016-05-03,DOC_mgL,12.125300000000001,15.1,7 days 00:00:00
3321,TF,819.0,42.87958115183247,288.75,27.356204325812428,0.3236605226567696,4.9511568036859215,5.274817346193755,43.108,-70.95,2016-05-03,2016-05-10,2016-05-03,2016-05-10,DOC_mgL,7.1944,13.6,7 days 00:00:00
3322,TF,820.0,42.87958115183247,288.75,16.13141666365649,0.36374545070330494,5.387754508940495,5.751500189001349,43.108,-70.95,2016-05-10,2016-05-17,2016-05-10,2016-05-17,DOC_mgL,9.351999999999999,5.6,7 days 00:00:00
3323,TF,821.0,42.87958115183247,288.75,17.263371730535937,0.6557564862213344,19.09634044020003,19.752096751951555,43.108,-70.95,2016-05-24,2016-05-31,2016-05-24,2016-05-31,DOC_mgL,10.908,7.2,7 days 00:00:00
3324,TF,822.0,42.87958115183247,288.75,30.814334722908647,0.4424553236182761,11.857983126310502,12.300438217588969,43.108,-70.95,2016-05-31,2016-06-07,2016-05-31,2016-06-07,DOC_mgL,28.837500000000002,37.5,7 days 00:00:00
3325,TF,823.0,42.87958115183247,288.75,18.09189202330863,0.36233539036272044,10.026132944772163,10.388468308047786,43.108,-70.95,2016-06-07,2016-06-14,2016-06-07,2016-06-14,DOC_mgL,5.817,2.1,7 days 00:00:00
3326,TF,824.0,42.87958115183247,288.75,0.06135762955217335,0.011299997691228804,0.7777910306633732,0.7890910084303407,43.108,-70.95,2016-06-14,2016-06-21,2016-06-14,2016-06-21,DOC_mgL,4.567,1.0,7 days 00:00:00
3327,TF,825.0,42.87958115183247,288.75,22.811843043128043,0.554463004529358,15.87350453039673,16.427967379046322,43.108,-70.95,2016-06-21,2016-07-05,2016-06-21,2016-07-05,DOC_mgL,24.7632,16.8,14 days 00:00:00
3328,TF,826.0,42.87958115183247,288.75,14.959456654417558,0.44319591857322027,14.308676535128036,14.751872536218103,43.108,-70.95,2016-07-05,2016-07-12,2016-07-05,2016-07-12,DOC_mgL,25.0991,44.9,7 days 00:00:00
3329,TF,827.0,42.87958115183247,288.75,9.70707140931452,0.44343542974486017,18.228122783003272,18.67155801720157,43.108,-70.95,2016-07-12,2016-07-19,2016-07-12,2016-07-19,DOC_mgL,26.2996,14.8,7 days 00:00:00
3330,TF,828.0,42.87958115183247,288.75,13.8381581047359,0.34054160481153734,17.001453849473148,17.34199519667824,43.108,-70.95,2016-07-19,2016-07-26,2016-07-19,2016-07-26,DOC_mgL,123.8622,53.9,7 days 00:00:00
3331,TF,829.0,42.87958115183247,288.75,21.45792359797838,0.6600574919886923,33.8114567141265,34.47151391989395,43.108,-70.95,2016-07-26,2016-08-02,2016-07-26,2016-08-02,DOC_mgL,21.967200000000002,11.3,7 days 00:00:00
3332,TF,830.0,42.87958115183247,288.75,5.641025012004253,0.13854133716704586,5.056135132450179,5.1946765693665355,43.108,-70.95,2016-08-02,2016-08-09,2016-08-02,2016-08-09,DOC_mgL,5.2824,2.4,7 days 00:00:00
3333,TF,831.0,42.87958115183247,288.75,16.728837627486307,0.4333705272601334,17.033476457247417,17.466847050857677,43.108,-70.95,2016-08-09,2016-08-16,2016-08-09,2016-08-16,DOC_mgL,9.7026,10.3,7 days 00:00:00
3334,TF,832.0,42.87958115183247,288.75,18.40050366964663,0.37801767497486205,12.941622857740033,13.31964081842385,43.108,-70.95,2016-08-16,2016-08-23,2016-08-16,2016-08-23,DOC_mgL,8.1184,17.2,7 days 00:00:00
3335,TF,833.0,42.87958115183247,288.75,6.65535811507827,0.18792187981934935,6.321993089239964,6.5099150660551,43.108,-70.95,2016-08-23,2016-09-06,2016-08-23,2016-09-06,DOC_mgL,2.8451999999999997,0.6,14 days 00:00:00
3336,TF,834.0,42.87958115183247,288.75,8.182366734565973,0.2577665505847614,8.829340677335429,9.087107382191316,43.108,-70.95,2016-09-06,2016-09-13,2016-09-06,2016-09-13,DOC_mgL,9.575700000000001,5.9,7 days 00:00:00
3337,TF,835.0,42.87958115183247,288.75,56.76801826739988,0.5664848284852906,11.571225895433754,12.137710241501596,43.108,-70.95,2016-09-13,2016-09-20,2016-09-13,2016-09-20,DOC_mgL,22.675600000000003,33.2,7 days 00:00:00
3338,TF,836.0,42.87958115183247,288.75,0.5529576089378916,0.0173223565472425,0.3466829048924256,0.36400526085419443,43.108,-70.95,2016-09-20,2016-09-27,2016-09-20,2016-09-27,DOC_mgL,6.4666,6.2,7 days 00:00:00
3339,TF,837.0,42.87958115183247,288.75,47.03517642528077,0.1932056642709289,3.8959343966248148,4.089140105331939,43.108,-70.95,2016-09-27,2016-10-03,2016-09-27,2016-10-03,DOC_mgL,5.2647,10.9,6 days 00:00:00
3340,TF,838.0,42.87958115183247,288.75,8.832766457493623,0.17046807698338928,2.4439036577653463,2.614371795710713,43.108,-70.95,2016-10-03,2016-10-11,2016-10-03,2016-10-11,DOC_mgL,17.582,29.5,8 days 00:00:00
3341,TF,839.0,42.87958115183247,288.75,25.431167234431843,0.193209830261449,2.6946331595309303,2.8878429701174135,43.108,-70.95,2016-10-11,2016-10-25,2016-10-11,2016-10-25,DOC_mgL,17.2608,92.8,14 days 00:00:00
3342,TF,840.0,42.87958115183247,288.75,32.16636978375931,0.36391032054227745,6.406939649520119,6.770850080020825,43.108,-70.95,2016-10-25,2016-11-01,2016-10-25,2016-11-01,DOC_mgL,19.3568,52.6,7 days 00:00:00
3343,TF,841.0,42.87958115183247,288.75,15.790273253735165,0.6519436174811136,10.259319094068317,10.911262155518381,43.108,-70.95,2016-11-01,2016-11-08,2016-11-01,2016-11-08,DOC_mgL,26.532,9.0,7 days 00:00:00
3344,TF,842.0,42.87958115183247,288.75,20.773556238459445,0.14217183915546497,1.6056252407443716,1.7477971066675415,43.108,-70.95,2016-11-08,2016-11-21,2016-11-08,2016-11-21,DOC_mgL,12.16,40.0,13 days 00:00:00
3345,TF,843.0,42.87958115183247,288.75,7.636188737299154,0.236635234533985,3.209460162038718,3.44609531314335,43.108,-70.95,2016-11-21,2016-11-29,2016-11-21,2016-11-29,DOC_mgL,9.725999999999999,6.0,8 days 00:00:00
3346,TF,844.0,42.87958115183247,288.75,78.03193552951352,0.31539944473274245,3.622003726070776,3.937403241096411,43.108,-70.95,2016-11-29,2016-12-06,2016-11-29,2016-12-06,DOC_mgL,22.5568,53.2,7 days 00:00:00
3347,TF,845.0,42.87958115183247,288.75,25.586653270526227,0.1471817760441245,1.7022839481767305,1.8494657063640452,43.108,-70.95,2016-12-06,2016-12-13,2016-12-06,2016-12-13,DOC_mgL,6.620900000000001,14.3,7 days 00:00:00
3348,TF,846.0,42.87958115183247,288.75,28.72573123049449,0.21597174219910137,3.019728407171324,3.2357001866940847,43.108,-70.95,2016-12-13,2016-12-20,2016-12-13,2016-12-20,DOC_mgL,16.1868,24.6,7 days 00:00:00
3349,TF,847.0,42.87958115183247,288.75,7.503262954137307,0.063531393697617,0.8051197578733095,0.8686511621275608,43.108,-70.95,2016-12-20,2016-12-27,2016-12-20,2016-12-27,DOC_mgL,7.536,9.6,7 days 00:00:00
3350,TF,848.0,42.87958115183247,288.75,26.43440707987832,0.20233363461248655,2.201897035406311,2.4042306220103256,43.108,-70.95,2016-12-27,2017-01-03,2016-12-27,2017-01-03,DOC_mgL,12.7348,40.3,7 days 00:00:00
3351,TF,849.0,42.87958115183247,288.75,38.43709401962769,0.14340092470191773,1.6535035315032627,1.796904447861387,43.108,-70.95,2017-01-03,2017-01-11,2017-01-03,2017-01-11,DOC_mgL,7.701,30.2,8 days 00:00:00
3352,TF,850.0,42.87958115183247,288.75,19.502213751547426,0.10327362586167631,1.3292782503388942,1.4325519297298341,43.108,-70.95,2017-01-11,2017-01-17,2017-01-11,2017-01-17,DOC_mgL,2.295,1.8,6 days 00:00:00
3353,TF,851.0,42.87958115183247,288.75,17.799675824332894,0.16112536264509217,2.0989336012164825,2.2600590071142537,43.108,-70.95,2017-01-17,2017-01-24,2017-01-17,2017-01-24,DOC_mgL,19.422,39.0,7 days 00:00:00
3354,TF,852.0,42.87958115183247,288.75,57.07201902671599,0.41647609389503826,5.777469021944759,6.193945102520374,43.108,-70.95,2017-01-24,2017-02-07,2017-01-24,2017-02-07,DOC_mgL,29.156200000000002,7.3,14 days 00:00:00
3355,TF,853.0,42.87958115183247,288.75,79.33222101002002,0.7674225274787588,10.393577551739973,11.160999977347096,43.108,-70.95,2017-02-07,2017-02-14,2017-02-07,2017-02-14,DOC_mgL,57.153600000000004,72.9,7 days 00:00:00
3356,TF,854.0,42.87958115183247,288.75,7.745448446395094,0.30933433084310735,4.183861150304328,4.493195425784007,43.108,-70.95,2017-02-14,2017-02-21,2017-02-14,2017-02-21,DOC_mgL,37.0755,16.5,7 days 00:00:00
3357,TF,855.0,42.87958115183247,288.75,5.19338840595505,0.09176555881674507,1.3877348203190052,1.4795003969994212,43.108,-70.95,2017-02-21,2017-02-28,2017-02-21,2017-02-28,DOC_mgL,10.3368,11.8,7 days 00:00:00
3358,TF,856.0,42.87958115183247,288.75,28.348615584602236,0.6465795488838247,9.331265574237051,9.977845045820663,43.108,-70.95,2017-02-28,2017-03-13,2017-02-28,2017-03-13,DOC_mgL,53.6334,7.1,13 days 00:00:00
3359,TF,857.0,42.87958115183247,288.75,27.608708811116706,0.4076076242167385,6.909074240247673,7.316681759079952,43.108,-70.95,2017-03-21,2017-03-28,2017-03-21,2017-03-28,DOC_mgL,22.064,28.0,7 days 00:00:00
3360,TF,858.0,42.87958115183247,288.75,55.90253607674605,0.2984654569317147,4.192139020459919,4.490604425952678,43.108,-70.95,2017-03-28,2017-04-04,2017-03-28,2017-04-04,DOC_mgL,25.990999999999996,55.3,7 days 00:00:00
3361,TF,859.0,42.87958115183247,288.75,56.811658638267204,0.638649140079002,9.789092293967997,10.427741348592514,43.108,-70.95,2017-04-04,2017-04-11,2017-04-04,2017-04-11,DOC_mgL,21.1098,45.3,7 days 00:00:00
3362,TF,860.0,42.87958115183247,288.75,7.72381761928731,0.3093860671186336,5.848555451660284,6.15794141442136,43.108,-70.95,2017-04-11,2017-04-18,2017-04-11,2017-04-18,DOC_mgL,16.944,6.0,7 days 00:00:00
3363,TF,861.0,42.87958115183247,288.75,29.90363559463474,0.24679448015153832,3.826189779569261,4.072984326610652,43.108,-70.95,2017-04-18,2017-04-25,2017-04-18,2017-04-25,DOC_mgL,23.5108,21.2,7 days 00:00:00
3364,TF,862.0,42.87958115183247,288.75,39.65720790475302,0.4147477907986974,7.780967782589077,8.195715624909061,43.108,-70.95,2017-04-25,2017-05-02,2017-04-25,2017-05-02,DOC_mgL,32.7172,52.6,7 days 00:00:00
3365,TF,863.0,42.87958115183247,288.75,32.082569888336465,0.399246100876759,6.5809712265600675,6.980217210489359,43.108,-70.95,2017-05-02,2017-05-09,2017-05-02,2017-05-09,DOC_mgL,15.595099999999999,27.7,7 days 00:00:00
3366,TF,864.0,42.87958115183247,288.75,47.75434804533685,0.1378183944896437,2.323259433271996,2.4610778134176448,43.108,-70.95,2017-05-09,2017-05-16,2017-05-09,2017-05-16,DOC_mgL,122.30879999999999,49.8,7 days 00:00:00
3367,TF,865.0,42.87958115183247,288.75,19.12564116759441,0.14684660849224462,4.1511253843087434,4.2979718782001015,43.108,-70.95,2017-05-16,2017-05-23,2017-05-16,2017-05-23,DOC_mgL,27.8718,12.3,7 days 00:00:00
3368,TF,866.0,42.87958115183247,288.75,29.50550652612849,0.2079907554901881,3.949173678309201,4.157164450960954,43.108,-70.95,2017-05-23,2017-05-30,2017-05-23,2017-05-30,DOC_mgL,150.14690000000002,34.7,7 days 00:00:00
3369,TF,867.0,42.87958115183247,288.75,22.928522840159893,0.5465197695276887,11.189433414202089,11.735953132354856,43.108,-70.95,2017-05-30,2017-06-06,2017-05-30,2017-06-06,DOC_mgL,32.4049,33.1,7 days 00:00:00
3370,TF,868.0,42.87958115183247,288.75,20.827470085198055,0.39058210156477124,12.215737954095967,12.606319987615983,43.108,-70.95,2017-06-06,2017-06-20,2017-06-06,2017-06-20,DOC_mgL,18.6714,20.7,14 days 00:00:00
3371,TF,869.0,42.87958115183247,288.75,13.230805566394332,0.2789618915687963,9.946439328807969,10.225401335037244,43.108,-70.95,2017-06-20,2017-06-27,2017-06-20,2017-06-27,DOC_mgL,5.156,2.0,7 days 00:00:00
3372,TF,870.0,42.87958115183247,288.75,61.0095915707376,1.0334744366428534,32.96692953285807,34.00040330453144,43.108,-70.95,2017-06-27,2017-07-11,2017-06-27,2017-07-11,DOC_mgL,98.06639999999999,17.4,14 days 00:00:00
3373,TF,871.0,42.87958115183247,288.75,34.5421338628249,1.3495178794765972,39.94527069117737,41.294788713508446,43.108,-70.95,2017-07-11,2017-07-18,2017-07-11,2017-07-18,DOC_mgL,56.77419999999999,10.7,7 days 00:00:00
3374,TF,872.0,42.87958115183247,288.75,21.453380726799143,0.6961819979875439,21.942008147923797,22.638190122492574,43.108,-70.95,2017-07-18,2017-07-25,2017-07-18,2017-07-25,DOC_mgL,32.549,26.9,7 days 00:00:00
3375,TF,873.0,42.87958115183247,288.75,25.665254914694625,0.8210391647942281,25.523318189537278,26.344356583299195,43.108,-70.95,2017-07-25,2017-08-07,2017-07-25,2017-08-07,DOC_mgL,1.651,1.3,13 days 00:00:00
3376,TF,874.0,42.87958115183247,288.75,9.473328170358023,0.5529768796115867,15.739334702940567,16.292311459903225,43.108,-70.95,2017-08-15,2017-08-22,2017-08-15,2017-08-22,DOC_mgL,38.4245,33.5,7 days 00:00:00
3377,TF,875.0,42.87958115183247,288.75,2.443339453736537,0.10552101815316801,4.380971011744977,4.486492131907001,43.108,-70.95,2017-08-22,2017-08-29,2017-08-22,2017-08-29,DOC_mgL,25.821399999999997,24.2,7 days 00:00:00
3378,TF,876.0,42.87958115183247,288.75,31.5851110660009,0.18465118944346873,3.5469058510429794,3.73155710342467,43.108,-70.95,2017-08-29,2017-09-05,2017-08-29,2017-09-05,DOC_mgL,10.672900000000002,19.3,7 days 00:00:00
3379,TF,877.0,42.87958115183247,288.75,41.365091581060064,0.5869579136180552,16.96800609515673,17.554964191456037,43.108,-70.95,2017-09-05,2017-09-12,2017-09-05,2017-09-12,DOC_mgL,56.1264,52.8,7 days 00:00:00
3380,TF,878.0,42.87958115183247,288.75,5.0469952776023055,0.1892538352595008,4.83701265291403,5.0262664530453804,43.108,-70.95,2017-09-12,2017-09-19,2017-09-12,2017-09-19,DOC_mgL,166.56440000000003,16.6,7 days 00:00:00
3381,TF,879.0,42.87958115183247,288.75,7.373516436448378,0.13173869524069323,3.1664172222999634,3.298156006532018,43.108,-70.95,2017-09-19,2017-09-26,2017-09-19,2017-09-26,DOC_mgL,4.2874,1.7,7 days 00:00:00
3382,TF,880.0,42.87958115183247,288.75,2.741273674374417,0.050356553609940374,1.2668486824925034,1.3172052721728351,43.108,-70.95,2017-09-26,2017-10-03,2017-09-26,2017-10-03,DOC_mgL,2.938,2.0,7 days 00:00:00
3383,TF,881.0,42.87958115183247,288.75,7.906049745301084,0.06632681581698538,1.1832259110000631,1.2495527394046357,43.108,-70.95,2017-10-03,2017-10-10,2017-10-03,2017-10-10,DOC_mgL,29.8832,30.4,7 days 00:00:00
3384,TF,882.0,42.87958115183247,288.75,120.97421044328925,0.4845002339806933,5.353974967272605,5.838475130445779,43.108,-70.95,2017-10-10,2017-10-31,2017-10-10,2017-10-31,DOC_mgL,45.843199999999996,110.2,21 days 00:00:00
3385,TF,883.0,42.87958115183247,288.75,10.23030055179639,0.2766743787937166,4.604059223839476,4.880733554091852,43.108,-70.95,2017-10-31,2017-11-07,2017-10-31,2017-11-07,DOC_mgL,32.2763,4.9,7 days 00:00:00
3386,TF,884.0,42.87958115183247,288.75,7.403491123508799,0.12629982181649102,1.367170693474727,1.4934704893476134,43.108,-70.95,2017-11-07,2017-11-14,2017-11-07,2017-11-14,DOC_mgL,22.484599999999997,6.1,7 days 00:00:00
3387,TF,885.0,42.87958115183247,288.75,26.316956385976503,0.45491902330429546,7.167086547925058,7.622005521802947,43.108,-70.95,2017-11-14,2017-11-21,2017-11-14,2017-11-21,DOC_mgL,29.9312,20.8,7 days 00:00:00
3388,TF,886.0,42.87958115183247,288.75,14.794053356845076,0.16472550382717518,2.266436837919276,2.4311623688227026,43.108,-70.95,2017-11-21,2017-11-28,2017-11-21,2017-11-28,DOC_mgL,35.9627,10.7,7 days 00:00:00
3389,TF,887.0,42.87958115183247,288.75,1.2068419427802013,0.06034053227738976,0.9720528841124912,1.0323934059794893,43.108,-70.95,2017-11-28,2017-12-04,2017-11-28,2017-12-04,DOC_mgL,16.057800000000004,2.2,6 days 00:00:00
3390,TF,888.0,42.87958115183247,288.75,34.39413141802517,0.2515963654379281,3.4831760452805893,3.734772360368173,43.108,-70.95,2017-12-04,2017-12-12,2017-12-04,2017-12-12,DOC_mgL,31.245599999999996,27.7,8 days 00:00:00
3391,TF,889.0,42.87958115183247,288.75,10.45572916547055,0.4077046555128928,4.981538170249072,5.389242795326716,43.108,-70.95,2017-12-12,2017-12-20,2017-12-12,2017-12-20,DOC_mgL,10.474799999999998,8.7,8 days 00:00:00
3392,TF,890.0,42.87958115183247,288.75,130.20686334369503,0.8183306880278128,8.775895422398722,9.594226229157766,43.108,-70.95,2017-12-20,2018-01-16,2017-12-20,2018-01-16,DOC_mgL,28.2702,25.4,27 days 00:00:00
3393,TF,891.0,42.87958115183247,288.75,9.335917105790514,0.23936858234371872,3.1499679208884928,3.3893365567751967,43.108,-70.95,2018-01-16,2018-01-23,2018-01-16,2018-01-23,DOC_mgL,19.824,17.7,7 days 00:00:00
3394,TF,892.0,42.87958115183247,288.75,22.002177470947792,0.2423205461209521,2.8357164903159395,3.0780369720421428,43.108,-70.95,2018-01-23,2018-01-30,2018-01-23,2018-01-30,DOC_mgL,13.5975,18.5,7 days 00:00:00
3395,TF,893.0,42.87958115183247,288.75,39.019553094199466,0.3024410998619703,4.487478493485353,4.7899196027514215,43.108,-70.95,2018-01-30,2018-02-06,2018-01-30,2018-02-06,DOC_mgL,57.474000000000004,20.6,7 days 00:00:00
3396,TF,894.0,42.87958115183247,288.75,76.81232140583916,0.6252548661396224,7.800104150826784,8.42535914576791,43.108,-70.95,2018-02-06,2018-02-13,2018-02-06,2018-02-13,DOC_mgL,25.823,49.0,7 days 00:00:00
3397,TF,895.0,42.87958115183247,288.75,17.113325521478373,0.11639518818988126,1.4681627191325681,1.5845578782685417,43.108,-70.95,2018-02-13,2018-02-20,2018-02-13,2018-02-20,DOC_mgL,44.445699999999995,17.9,7 days 00:00:00
3398,TF,896.0,42.87958115183247,288.75,39.47166705486893,0.18988321670636255,3.2459803427174054,3.4358635772439863,43.108,-70.95,2018-02-20,2018-02-27,2018-02-20,2018-02-27,DOC_mgL,26.4616,19.4,7 days 00:00:00
3399,TF,897.0,42.87958115183247,288.75,59.12840501161032,0.27979427556136965,3.4391998211238266,3.7189941315571815,43.108,-70.95,2018-02-27,2018-03-06,2018-02-27,2018-03-06,DOC_mgL,54.281,17.0,7 days 00:00:00
3400,TF,898.0,42.87958115183247,288.75,87.13058391050521,0.22358735292903054,2.6551945825608465,2.8787819073873564,43.108,-70.95,2018-03-06,2018-03-14,2018-03-06,2018-03-14,DOC_mgL,67.1202,76.1,8 days 00:00:00
3401,TF,899.0,42.87958115183247,288.75,27.5488851350386,0.109099156786943,1.2962056139369238,1.405304764256262,43.108,-70.95,2018-03-14,2018-03-27,2018-03-14,2018-03-27,DOC_mgL,39.2274,3.1,13 days 00:00:00
3402,TF,900.0,42.87958115183247,288.75,26.49328381706395,0.4674666976342201,7.601958334113763,8.069425067649137,43.108,-70.95,2018-04-03,2018-04-10,2018-04-03,2018-04-10,DOC_mgL,28.532400000000003,23.6,7 days 00:00:00
3403,TF,901.0,42.87958115183247,288.75,63.28571663676286,0.8417907890276993,14.330031723741588,15.17182235469261,43.108,-70.95,2018-04-10,2018-04-17,2018-04-10,2018-04-17,DOC_mgL,170.2378,71.8,7 days 00:00:00
3404,TF,902.0,42.87958115183247,288.75,5.6772477239154515,0.2956786255763283,4.834293316072571,5.1299718746126794,43.108,-70.95,2018-04-17,2018-04-23,2018-04-17,2018-04-23,DOC_mgL,22.6145,3.1,6 days 00:00:00
3405,TF,903.0,42.87958115183247,288.75,92.46499412874205,1.179411419650325,19.7792570988235,20.958668726315384,43.108,-70.95,2018-04-23,2018-05-08,2018-04-23,2018-05-08,DOC_mgL,67.6096,6.4,15 days 00:00:00
3406,TF,904.0,42.87958115183247,288.75,56.979251126892905,0.927794535029223,21.764981648247595,22.692776168529754,43.108,-70.95,2018-05-08,2018-05-29,2018-05-08,2018-05-29,DOC_mgL,41.757,15.5,21 days 00:00:00
3407,TF,905.0,42.87958115183247,288.75,30.20230232674487,0.25673056214750767,6.3819031884352375,6.638633704042524,43.108,-70.95,2018-05-29,2018-06-05,2018-05-29,2018-06-05,DOC_mgL,48.1126,10.9,7 days 00:00:00
3408,TF,906.0,42.87958115183247,288.75,17.22499460127149,0.24411137067575456,7.769090292007329,8.013201714789798,43.108,-70.95,2018-06-12,2018-06-19,2018-06-12,2018-06-19,DOC_mgL,38.45159999999999,6.6,7 days 00:00:00
3409,TF,907.0,42.87958115183247,288.75,10.574238881033358,0.5097138737575704,20.61504078224724,21.124754946873214,43.108,-70.95,2018-07-10,2018-07-17,2018-07-10,2018-07-17,DOC_mgL,44.016000000000005,16.8,7 days 00:00:00
3410,TF,908.0,42.87958115183247,288.75,30.914940744626875,0.38699071733996315,11.97041265135746,12.357403516239641,43.108,-70.95,2018-07-17,2018-07-24,2018-07-17,2018-07-24,DOC_mgL,487.0992,76.3,7 days 00:00:00
3411,TF,909.0,42.87958115183247,288.75,40.12179876813349,0.5752784345083601,17.054298304813862,17.629576398725533,43.108,-70.95,2018-07-24,2018-07-31,2018-07-24,2018-07-31,DOC_mgL,208.4024,71.2,7 days 00:00:00
3412,TF,910.0,42.87958115183247,288.75,21.4271846475933,0.3354984821207774,9.619512423924247,9.955010808857141,43.108,-70.95,2018-07-31,2018-08-07,2018-07-31,2018-08-07,DOC_mgL,140.8178,49.9,7 days 00:00:00
3413,TF,911.0,42.87958115183247,288.75,42.064706597786085,1.3588984843959595,48.55043147622381,49.90932892082651,43.108,-70.95,2018-08-07,2018-08-14,2018-08-07,2018-08-14,DOC_mgL,43.2185,30.5,7 days 00:00:00
3414,TF,912.0,42.87958115183247,288.75,40.86237009825904,0.9884450485247943,36.24373138654128,37.23217611136566,43.108,-70.95,2018-08-14,2018-09-11,2018-08-14,2018-09-11,DOC_mgL,41.4427,44.9,28 days 00:00:00
3415,TF,913.0,42.87958115183247,288.75,18.333109611612386,0.3592381880249823,8.109293892638592,8.46853191321939,43.108,-70.95,2018-09-11,2018-09-18,2018-09-11,2018-09-18,DOC_mgL,251.7004,74.6,7 days 00:00:00
3416,TF,914.0,42.87958115183247,288.75,56.70385067544811,0.3292366798724575,9.200619452901433,9.529856360082297,43.108,-70.95,2018-09-18,2018-09-25,2018-09-18,2018-09-25,DOC_mgL,32.6729,1.3,7 days 00:00:00
3417,TF,915.0,42.87958115183247,288.75,38.11955383962885,0.5252073485262978,10.922552139607863,11.44775954901738,43.108,-70.95,2018-09-25,2018-10-02,2018-09-25,2018-10-02,DOC_mgL,138.24,43.2,7 days 00:00:00
3418,TF,916.0,42.87958115183247,288.75,34.50798965593804,0.992770449149364,18.932118742241016,19.92488917411904,43.108,-70.95,2018-10-02,2018-10-09,2018-10-02,2018-10-09,DOC_mgL,9.6869,15.7,7 days 00:00:00
3419,TF,917.0,42.87958115183247,288.75,26.145141516675796,0.2925836164655287,4.140015437111358,4.432599049332235,43.108,-70.95,2018-10-09,2018-10-16,2018-10-09,2018-10-16,DOC_mgL,70.6524,27.3,7 days 00:00:00
3420,TF,918.0,42.87958115183247,288.75,67.81441805186195,0.7214295155187532,8.31585325451678,9.037282849215575,43.108,-70.95,2018-10-16,2018-10-30,2018-10-16,2018-10-30,DOC_mgL,271.6788,56.4,14 days 00:00:00
3421,TF,919.0,42.87958115183247,288.75,68.52739199971758,0.4730173550103654,6.326248294840432,6.7992656360190615,43.108,-70.95,2018-10-30,2018-11-06,2018-10-30,2018-11-06,DOC_mgL,18.7097,83.9,7 days 00:00:00
3422,TF,920.0,42.87958115183247,288.75,134.94597539344676,0.4093258635513002,5.21161808122679,5.620943912284104,43.108,-70.95,2018-11-06,2018-11-20,2018-11-06,2018-11-20,DOC_mgL,23.8979,59.3,14 days 00:00:00
3423,TF,921.0,42.87958115183247,288.75,36.91692189677076,0.7540502322113516,9.585868614560207,10.339918672598483,43.108,-70.95,2018-11-20,2018-11-27,2018-11-20,2018-11-27,DOC_mgL,57.25620000000001,62.1,7 days 00:00:00
3424,TF,922.0,42.87958115183247,288.75,36.89392301424732,0.31647310463152245,3.516961689844361,3.8334347411250054,43.108,-70.95,2018-11-27,2018-12-04,2018-11-27,2018-12-04,DOC_mgL,8.5701,23.1,7 days 00:00:00
3425,TF,923.0,42.87958115183247,288.75,28.303809360202045,0.23306956377378757,2.8161196479271484,3.049189178996976,43.108,-70.95,2018-12-04,2018-12-18,2018-12-04,2018-12-18,DOC_mgL,144.6528,12.8,14 days 00:00:00
3426,TF,924.0,42.87958115183247,288.75,85.13603174667428,0.5075981309482012,5.952410016260385,6.460008173975576,43.108,-70.95,2018-12-18,2019-01-02,2018-12-18,2019-01-02,DOC_mgL,18.36,45.0,15 days 00:00:00
3427,TF,925.0,42.87958115183247,288.75,25.17504342711696,0.16976408846538468,1.8307147011343976,2.0004787516497737,43.108,-70.95,2019-01-02,2019-01-08,2019-01-02,2019-01-08,DOC_mgL,6.2496,8.4,6 days 00:00:00
3428,TF,926.0,42.87958115183247,288.75,76.44013043224193,0.5682386622680002,6.5720504906292705,7.140289296365859,43.108,-70.95,2019-01-08,2019-01-22,2019-01-08,2019-01-22,DOC_mgL,10.945,27.5,14 days 00:00:00
3429,TF,927.0,42.87958115183247,288.75,31.53667715372066,0.10567269627005565,1.5910894986310629,1.6967622206610475,43.108,-70.95,2019-01-22,2019-01-29,2019-01-22,2019-01-29,DOC_mgL,13.6568,34.4,7 days 00:00:00
3430,TF,928.0,42.87958115183247,288.75,7.159074149617334,0.17209490350513695,2.206050870470067,2.3781458088071905,43.108,-70.95,2019-01-29,2019-02-05,2019-01-29,2019-02-05,DOC_mgL,14.303400000000002,18.6,7 days 00:00:00
3431,TF,929.0,42.87958115183247,288.75,15.404532410165016,0.16107123057156272,2.679591446604251,2.840662689470595,43.108,-70.95,2019-02-05,2019-02-12,2019-02-05,2019-02-12,DOC_mgL,92.8184,15.7,7 days 00:00:00
3432,TF,930.0,42.87958115183247,288.75,47.15084040487483,0.4504087986367984,5.796931909496372,6.247340606554269,43.108,-70.95,2019-02-12,2019-02-19,2019-02-12,2019-02-19,DOC_mgL,18.1196,38.8,7 days 00:00:00
3433,TF,931.0,42.87958115183247,288.75,21.995488865178547,0.158444580876053,1.9913237862059194,2.149768415529734,43.108,-70.95,2019-02-19,2019-02-26,2019-02-19,2019-02-26,DOC_mgL,49.302,29.7,7 days 00:00:00
3434,TF,932.0,42.87958115183247,288.75,51.53331059061412,0.39694261169831624,4.919564306408923,5.316506921620448,43.108,-70.95,2019-02-26,2019-03-11,2019-02-26,2019-03-11,DOC_mgL,31.845,19.3,13 days 00:00:00
3435,TF,933.0,42.87958115183247,288.75,3.5647007304587253,0.11451651499611658,2.2623522753121974,2.3768688493172028,43.108,-70.95,2019-03-11,2019-03-19,2019-03-11,2019-03-19,DOC_mgL,9.9944,5.2,8 days 00:00:00
3436,TF,934.0,42.87958115183247,288.75,20.995908278201302,0.06881300216062576,0.7431496385340918,0.8119626357913861,43.108,-70.95,2019-03-19,2019-03-26,2019-03-19,2019-03-26,DOC_mgL,7.363,7.4,7 days 00:00:00
3437,TF,935.0,42.87958115183247,288.75,6.3845204907614725,0.24055226444645642,4.786145745770579,5.0266980093662745,43.108,-70.95,2019-03-26,2019-04-02,2019-03-26,2019-04-02,DOC_mgL,30.878799999999995,7.6,7 days 00:00:00
3438,TF,936.0,42.87958115183247,288.75,39.850685884640356,0.6718779539714796,10.085304583674318,10.75718264566343,43.108,-70.95,2019-04-02,2019-04-09,2019-04-02,2019-04-09,DOC_mgL,51.34,20.0,7 days 00:00:00
3439,TF,937.0,42.87958115183247,288.75,33.82444398210005,0.4021067521117918,6.237732231452716,6.639839023083704,43.108,-70.95,2019-04-09,2019-04-16,2019-04-09,2019-04-16,DOC_mgL,18.3051,38.7,7 days 00:00:00
3440,TF,938.0,42.87958115183247,288.75,31.63786745820473,0.26430294383921493,3.577321880970608,3.841624746942423,43.108,-70.95,2019-04-16,2019-04-23,2019-04-16,2019-04-23,DOC_mgL,77.8428,25.2,7 days 00:00:00
3441,TF,939.0,42.87958115183247,288.75,37.86123365487198,0.5809522768247485,11.504595683140689,12.0855479610266,43.108,-70.95,2019-04-23,2019-04-30,2019-04-23,2019-04-30,DOC_mgL,23.5898,55.9,7 days 00:00:00
3442,TF,940.0,42.87958115183247,288.75,31.83748353592364,0.7531516964774665,21.445126643232506,22.19827829053056,43.108,-70.95,2019-04-30,2019-05-07,2019-04-30,2019-05-07,DOC_mgL,25.3368,13.6,7 days 00:00:00
3443,TF,941.0,42.87958115183247,288.75,21.416742656921173,0.3021547979589934,4.713095856092195,5.015250663659972,43.108,-70.95,2019-05-07,2019-05-13,2019-05-07,2019-05-13,DOC_mgL,39.1356,6.3,6 days 00:00:00
3444,TF,942.0,42.87958115183247,288.75,24.215562154683568,0.5730746192591726,16.33659674071678,16.909671450083316,43.108,-70.95,2019-05-13,2019-05-21,2019-05-13,2019-05-21,DOC_mgL,18.4604,26.6,8 days 00:00:00
3445,TF,943.0,42.87958115183247,288.75,46.58012235886182,1.1438544919550453,31.296158648359093,32.440013466999645,43.108,-70.95,2019-05-21,2019-06-04,2019-05-21,2019-06-04,DOC_mgL,20.9308,26.8,14 days 00:00:00
3446,TF,944.0,42.87958115183247,288.75,13.28238794702309,0.31101390451127436,8.227994617922487,8.539008682275995,43.108,-70.95,2019-06-04,2019-06-11,2019-06-04,2019-06-11,DOC_mgL,40.0271,57.1,7 days 00:00:00
3447,TF,945.0,42.87958115183247,288.75,57.41835221285238,0.5977738371137329,19.624154593986024,20.221928033419815,43.108,-70.95,2019-06-11,2019-06-18,2019-06-11,2019-06-18,DOC_mgL,11.9988,20.2,7 days 00:00:00
3448,TF,946.0,42.87958115183247,288.75,35.85902783272747,0.5841710936220752,16.50864958401287,17.0928209481217,43.108,-70.95,2019-06-18,2019-06-25,2019-06-18,2019-06-25,DOC_mgL,138.4864,10.4,7 days 00:00:00
3449,TF,947.0,42.87958115183247,288.75,28.935871211910325,0.7402164778585845,27.924461543094026,28.66467858388122,43.108,-70.95,2019-06-25,2019-07-02,2019-06-25,2019-07-02,DOC_mgL,114.66000000000001,27.3,7 days 00:00:00
3450,TF,948.0,42.87958115183247,288.75,29.8049290564505,0.6316780866320244,27.16654947835121,27.798226882515426,43.108,-70.95,2019-07-02,2019-07-16,2019-07-02,2019-07-16,DOC_mgL,52.038,58.8,14 days 00:00:00
3451,TF,949.0,42.87958115183247,288.75,21.050531286692653,0.35805611672737137,18.250903674646274,18.608960107525853,43.108,-70.95,2019-07-16,2019-07-23,2019-07-16,2019-07-23,DOC_mgL,47.267500000000005,51.1,7 days 00:00:00
3452,TF,950.0,42.87958115183247,288.75,71.45984573519853,1.4834657170790906,62.50526325237334,63.988730042372715,43.108,-70.95,2019-07-23,2019-08-13,2019-07-23,2019-08-13,DOC_mgL,28.1106,41.4,21 days 00:00:00
3453,TF,951.0,42.87958115183247,288.75,23.06974993697697,0.553337284073584,19.22532813608751,19.778665231368798,43.108,-70.95,2019-08-13,2019-08-20,2019-08-13,2019-08-20,DOC_mgL,140.2512,36.6,7 days 00:00:00
3454,TF,952.0,42.87958115183247,288.75,32.97892053039653,0.5325063298303945,14.105205384268771,14.637711592466577,43.108,-70.95,2019-08-20,2019-09-03,2019-08-20,2019-09-03,DOC_mgL,11.6298,54.6,14 days 00:00:00
3455,TF,953.0,42.87958115183247,288.75,35.22024863507481,0.8717312811192021,24.532065694031218,25.40379698173006,43.108,-70.95,2019-09-03,2019-10-08,2019-09-03,2019-10-08,DOC_mgL,76.437,27.0,35 days 00:00:00
3456,TF,954.0,42.87958115183247,288.75,91.00982293298362,0.32693109820362876,4.7939104099158385,5.120841608454247,43.108,-70.95,2019-10-08,2019-10-22,2019-10-08,2019-10-22,DOC_mgL,20.3425,51.5,14 days 00:00:00
3457,TF,955.0,42.87958115183247,288.75,45.856638318138295,0.28928218931208244,4.426065001642966,4.7153470904007095,43.108,-70.95,2019-10-22,2019-10-29,2019-10-22,2019-10-29,DOC_mgL,17.3355,63.5,7 days 00:00:00
3458,TF,956.0,42.87958115183247,288.75,7.763933619914173,0.09012634436668485,1.2780623048162103,1.3681886298715604,43.108,-70.95,2019-10-29,2019-11-05,2019-10-29,2019-11-05,DOC_mgL,7.0035,20.3,7 days 00:00:00
3459,TF,957.0,42.87958115183247,288.75,11.653061513713926,0.2734055620264821,3.5044317001301724,3.7778372267288907,43.108,-70.95,2019-11-05,2019-11-12,2019-11-05,2019-11-12,DOC_mgL,54.5853,11.9,7 days 00:00:00
3460,TF,958.0,42.87958115183247,288.75,25.805998688297116,0.09915261516803481,1.5615038270955706,1.6606564297766457,43.108,-70.95,2019-11-12,2019-11-19,2019-11-12,2019-11-19,DOC_mgL,23.570400000000003,8.4,7 days 00:00:00
3461,TF,959.0,42.87958115183247,288.75,37.113809841793355,0.17222333669382514,2.2352164716856264,2.4074398695792403,43.108,-70.95,2019-11-19,2019-11-26,2019-11-19,2019-11-26,DOC_mgL,17.040799999999997,35.8,7 days 00:00:00
3462,TF,960.0,42.87958115183247,288.75,41.634169617257555,0.3753783574760825,4.934044865117013,5.30942319918805,43.108,-70.95,2019-11-26,2019-12-04,2019-11-26,2019-12-04,DOC_mgL,62.1764,57.2,8 days 00:00:00
3463,TF,961.0,42.87958115183247,288.75,24.20947092216519,0.1387455395203147,1.6716567700393592,1.8104022968257194,43.108,-70.95,2019-12-04,2019-12-10,2019-12-04,2019-12-10,DOC_mgL,50.2515,19.5,6 days 00:00:00
3464,TF,962.0,42.87958115183247,288.75,59.81245416473158,0.20270581740101548,2.3895962559418105,2.592302049779121,43.108,-70.95,2019-12-10,2019-12-17,2019-12-10,2019-12-17,DOC_mgL,25.256,77.0,7 days 00:00:00
3465,TF,963.0,42.87958115183247,288.75,10.053456558520303,0.11588801825231118,1.246305720809018,1.3621937437730982,43.108,-70.95,2019-12-17,2019-12-23,2019-12-17,2019-12-23,DOC_mgL,3.8169999999999997,11.0,6 days 00:00:00
3466,TF,964.0,42.87958115183247,288.75,42.70435146530948,0.11948893013249137,1.431744970735273,1.551233921061879,43.108,-70.95,2019-12-23,2020-01-03,2019-12-23,2020-01-03,DOC_mgL,29.003700000000006,51.7,11 days 00:00:00
3467,TF,965.0,42.87958115183247,288.75,5.608172473614559,0.14623742509902588,1.647065891487165,1.7933032855563247,43.108,-70.95,2020-01-03,2020-01-08,2020-01-03,2020-01-08,DOC_mgL,11.7725,8.5,5 days 00:00:00
3468,TF,966.0,42.87958115183247,288.75,4.964168524645984,0.04108421017940626,0.5229351920238434,0.5640194093020634,43.108,-70.95,2020-01-08,2020-01-14,2020-01-08,2020-01-14,DOC_mgL,3.6354,8.3,6 days 00:00:00
3469,TF,967.0,42.87958115183247,288.75,14.842901092015914,0.43835625851851995,5.315926642629476,5.754282953254752,43.108,-70.95,2020-01-14,2020-01-21,2020-01-14,2020-01-21,DOC_mgL,15.1032,21.7,7 days 00:00:00
3470,TF,968.0,42.87958115183247,288.75,17.779266099360314,0.10971701398066867,1.131907217869594,1.2416242318865687,43.108,-70.95,2020-01-21,2020-01-28,2020-01-21,2020-01-28,DOC_mgL,17.774399999999996,36.8,7 days 00:00:00
3471,TF,969.0,42.87958115183247,288.75,70.10799411485655,0.2654925945873444,3.2988938275693878,3.5643864727449412,43.108,-70.95,2020-01-28,2020-02-11,2020-01-28,2020-02-11,DOC_mgL,15.184299999999999,31.7,14 days 00:00:00
3472,TF,970.0,42.87958115183247,288.75,23.27403779942838,0.15744475446755785,2.2407696931194145,2.398214471584446,43.108,-70.95,2020-02-11,2020-02-18,2020-02-11,2020-02-18,DOC_mgL,5.6172,12.4,7 days 00:00:00
3473,TF,971.0,42.87958115183247,288.75,18.10669600952783,0.1623206720967312,2.0523553084745854,2.2146759477851137,43.108,-70.95,2020-02-18,2020-02-25,2020-02-18,2020-02-25,DOC_mgL,8.4584,19.4,7 days 00:00:00
3474,TF,972.0,42.87958115183247,288.75,19.35993690646392,0.3168243858232338,4.427520566016593,4.744345083242208,43.108,-70.95,2020-02-25,2020-03-03,2020-02-25,2020-03-03,DOC_mgL,14.262800000000002,36.2,7 days 00:00:00
3475,TF,973.0,42.87958115183247,288.75,29.19459884048181,0.46274407271375245,6.708458104645121,7.171201925035632,43.108,-70.95,2020-03-03,2020-03-17,2020-03-03,2020-03-17,DOC_mgL,15.4602,12.6,14 days 00:00:00
3476,TF,974.0,42.87958115183247,288.75,52.84877894107254,0.3967459728203644,9.604040448941314,10.0007863304262,43.108,-70.95,2020-03-24,2020-03-31,2020-03-24,2020-03-31,DOC_mgL,22.214,29.0,7 days 00:00:00
3477,TF,975.0,42.87958115183247,288.75,31.146787896640937,0.13292084460386147,1.5968764084488274,1.7297972687048413,43.108,-70.95,2020-03-31,2020-04-07,2020-03-31,2020-04-07,DOC_mgL,17.1325,38.5,7 days 00:00:00
3478,TF,976.0,42.87958115183247,288.75,23.136990154171144,0.42405984292187415,5.612537827143629,6.036597853610232,43.108,-70.95,2020-04-07,2020-04-13,2020-04-07,2020-04-13,DOC_mgL,25.3783,36.1,6 days 00:00:00
3479,TF,977.0,42.87958115183247,288.75,33.281314717736876,0.5392432996149343,9.06817140621072,9.607414685915128,43.108,-70.95,2020-04-13,2020-04-21,2020-04-13,2020-04-21,DOC_mgL,52.490500000000004,30.5,8 days 00:00:00
3480,TF,978.0,42.87958115183247,288.75,54.06015923794527,0.4950915468608999,8.149144683640658,8.644236128264003,43.108,-70.95,2020-04-21,2020-04-28,2020-04-21,2020-04-28,DOC_mgL,35.5224,32.8,7 days 00:00:00
3481,TF,979.0,42.87958115183247,288.75,27.74850444358136,0.21939091202003153,3.8351213741847845,4.054512393940292,43.108,-70.95,2020-04-28,2020-05-05,2020-04-28,2020-05-05,DOC_mgL,9.1598,27.1,7 days 00:00:00
3482,TF,980.0,42.87958115183247,288.75,22.899507636919836,0.4593006354153967,6.813286628631898,7.272587288637,43.108,-70.95,2020-05-05,2020-05-12,2020-05-05,2020-05-12,DOC_mgL,20.3608,12.4,7 days 00:00:00
3483,TF,981.0,42.87958115183247,288.75,15.78823581951383,0.2850716086040712,6.261536624840945,6.546608219393756,43.108,-70.95,2020-05-12,2020-05-19,2020-05-12,2020-05-19,DOC_mgL,11.897600000000002,8.8,7 days 00:00:00
3484,TF,982.0,42.87958115183247,288.75,4.105773799407679,0.12931074127988712,2.970165113493427,3.099475846288004,43.108,-70.95,2020-05-19,2020-06-02,2020-05-19,2020-06-02,DOC_mgL,14.087499999999999,2.5,14 days 00:00:00
3485,TF,983.0,42.87958115183247,288.75,7.555283121829515,0.29885598338017794,8.44318359490199,8.742039677800493,43.108,-70.95,2020-06-02,2020-06-09,2020-06-02,2020-06-09,DOC_mgL,21.4633,7.1,7 days 00:00:00
3486,TF,984.0,42.87958115183247,288.75,5.089794313041064,0.13878903689993258,4.719555925683885,4.858344931533368,43.108,-70.95,2020-06-09,2020-06-16,2020-06-09,2020-06-16,DOC_mgL,6.6663,2.7,7 days 00:00:00
3487,TF,985.0,42.87958115183247,288.75,36.05448617356654,0.6634160484148259,22.952230803452434,23.61564678966116,43.108,-70.95,2020-06-16,2020-06-30,2020-06-16,2020-06-30,DOC_mgL,11.077,20.9,14 days 00:00:00
3488,TF,986.0,42.87958115183247,288.75,40.15272224791033,0.6332479959348692,28.469438619060927,29.10268593614429,43.108,-70.95,2020-06-30,2020-07-07,2020-06-30,2020-07-07,DOC_mgL,22.1085,76.5,7 days 00:00:00
3489,TF,987.0,42.87958115183247,288.75,38.297909782092354,0.7292338082996384,29.045803062732745,29.77503719830965,43.108,-70.95,2020-07-07,2020-07-14,2020-07-07,2020-07-14,DOC_mgL,64.5136,24.4,7 days 00:00:00
3490,TF,988.0,42.87958115183247,288.75,44.85561751922384,0.8660962591600496,40.144795364169426,41.01089131712109,43.108,-70.95,2020-07-14,2020-07-28,2020-07-14,2020-07-28,DOC_mgL,10.444199999999999,16.9,14 days 00:00:00
3491,TF,989.0,42.87958115183247,288.75,21.83788357929088,0.23575695002024943,9.547576842409283,9.783333821387387,43.108,-70.95,2020-07-28,2020-08-05,2020-07-28,2020-08-05,DOC_mgL,4.9647,3.9,8 days 00:00:00
3492,TF,990.0,42.87958115183247,288.75,34.66611878675252,0.65747785685331,26.070953138682242,26.72843117366505,43.108,-70.95,2020-08-05,2020-08-18,2020-08-05,2020-08-18,DOC_mgL,10.747399999999999,5.8,13 days 00:00:00
3493,TF,991.0,42.87958115183247,288.75,20.4132302231532,0.5484534668495579,17.25449907264737,17.802952660103582,43.108,-70.95,2020-08-18,2020-08-25,2020-08-18,2020-08-25,DOC_mgL,39.491,23.0,7 days 00:00:00
3494,TF,992.0,42.87958115183247,288.75,24.314502949239902,0.8712461332235546,24.60042822665261,25.471674312160392,43.108,-70.95,2020-08-25,2020-09-01,2020-08-25,2020-09-01,DOC_mgL,19.85,12.5,7 days 00:00:00
3495,TF,993.0,42.87958115183247,288.75,5.350515680468629,0.24575797255539597,4.869157324116202,5.114915324687212,43.108,-70.95,2020-09-01,2020-09-08,2020-09-01,2020-09-08,DOC_mgL,2.9667,3.1,7 days 00:00:00
3496,TF,994.0,42.87958115183247,288.75,6.839426015757024,0.1317327483532298,2.481633148752904,2.6133658630619805,43.108,-70.95,2020-09-08,2020-09-15,2020-09-08,2020-09-15,DOC_mgL,14.7334,36.2,7 days 00:00:00
3497,TF,995.0,42.87958115183247,288.75,11.267240503639638,0.6036050623538313,16.30233527149174,16.90593974036293,43.108,-70.95,2020-09-15,2020-09-29,2020-09-15,2020-09-29,DOC_mgL,1.476,1.8,14 days 00:00:00
3498,TF,996.0,42.87958115183247,288.75,7.115259925499773,0.19595996574699687,4.286462509295774,4.482422390296108,43.108,-70.95,2020-09-29,2020-10-06,2020-09-29,2020-10-06,DOC_mgL,7.0596000000000005,10.6,7 days 00:00:00
3499,TF,997.0,42.87958115183247,288.75,3.173063904889084,0.2773285652643276,6.346794594673824,6.62412328418533,43.108,-70.95,2020-10-06,2020-10-13,2020-10-06,2020-10-13,DOC_mgL,8.233600000000001,3.1,7 days 00:00:00
3500,TF,998.0,42.87958115183247,288.75,67.38829736286506,0.4018528520072472,6.893887706264083,7.295740492699926,43.108,-70.95,2020-10-13,2020-10-20,2020-10-13,2020-10-20,DOC_mgL,27.724800000000002,72.2,7 days 00:00:00
3501,TF,999.0,42.87958115183247,288.75,10.49504827847353,0.27414304122684413,4.283192782286553,4.5573357724312125,43.108,-70.95,2020-10-20,2020-10-27,2020-10-20,2020-10-27,DOC_mgL,5.436,4.0,7 days 00:00:00
3502,TF,1000.0,42.87958115183247,288.75,58.049348193087155,0.24140790432381795,3.3065545641832017,3.547962530275161,43.108,-70.95,2020-10-27,2020-11-03,2020-10-27,2020-11-03,DOC_mgL,16.948,38.0,7 days 00:00:00
3503,TF,1001.0,42.87958115183247,288.75,38.068729882462264,0.28079087849909634,3.8046848959664326,4.085475733688478,43.108,-70.95,2020-11-03,2020-11-17,2020-11-03,2020-11-17,DOC_mgL,13.712800000000001,12.2,14 days 00:00:00
3504,TF,1002.0,42.87958115183247,288.75,30.387307007362363,0.2769616571424627,4.390049766875466,4.667011303685717,43.108,-70.95,2020-11-17,2020-11-24,2020-11-17,2020-11-24,DOC_mgL,14.82,39.0,7 days 00:00:00
3505,TF,1003.0,42.87958115183247,288.75,53.98222002061526,0.4267150349780647,5.230354293303936,5.657069263880401,43.108,-70.95,2020-11-24,2020-12-01,2020-11-24,2020-12-01,DOC_mgL,19.2168,61.2,7 days 00:00:00
3506,TF,1004.0,42.87958115183247,288.75,50.18527787484517,0.28338517207331715,2.992175109588474,3.2755602933345824,43.108,-70.95,2020-12-01,2020-12-08,2020-12-01,2020-12-08,DOC_mgL,16.0264,53.6,7 days 00:00:00
3507,TF,1005.0,42.87958115183247,288.75,10.719172733431037,0.19349261363077117,2.4620564204567987,2.6555490080341917,43.108,-70.95,2020-12-08,2020-12-15,2020-12-08,2020-12-15,DOC_mgL,7.478599999999999,12.2,7 days 00:00:00
3508,TF,1006.0,42.87958115183247,288.75,30.286634318277272,0.06974524208206175,1.0074640837640083,1.0772092872785746,43.108,-70.95,2020-12-15,2020-12-22,2020-12-15,2020-12-22,DOC_mgL,22.4536,22.1,7 days 00:00:00
3509,TF,1007.0,42.87958115183247,288.75,41.46950541801253,0.14365322088610247,1.8115446256353889,1.9551978132229322,43.108,-70.95,2020-12-22,2020-12-29,2020-12-22,2020-12-29,DOC_mgL,5.94,30.0,7 days 00:00:00
3510,TF,1008.0,42.87958115183247,288.75,33.41393039825028,0.14477027784744495,1.8749606193517467,2.0197308901741335,43.108,-70.95,2020-12-29,2021-01-05,2020-12-29,2021-01-05,DOC_mgL,6.739199999999999,16.2,7 days 00:00:00
3511,TF,1009.0,42.87958115183247,288.75,31.56728835515692,0.38747969679883176,4.534532845206654,4.922012579384033,43.108,-70.95,2021-01-05,2021-01-19,2021-01-05,2021-01-19,DOC_mgL,13.764100000000001,37.1,14 days 00:00:00
3512,TF,1010.0,42.87958115183247,288.75,11.582577377842323,0.19261708241354975,2.631947212488588,2.824564309063102,43.108,-70.95,2021-01-19,2021-02-01,2021-01-19,2021-02-01,DOC_mgL,4.5952,6.4,13 days 00:00:00
3513,TF,1011.0,42.87958115183247,288.75,32.35589566011987,0.06792819834454486,0.9691897516960966,1.0371179290369348,43.108,-70.95,2021-02-01,2021-02-08,2021-02-01,2021-02-08,DOC_mgL,15.1536,33.6,7 days 00:00:00
3514,TN00,0.0,36.282722513089,276.25,26.630623572145456,0.2384284458311665,5.081588497703628,5.320016969295411,35.998,-84.2194,2020-10-27,2020-11-03,2020-10-27,2020-11-03,rBC_mgL,0.08687,86.87,7 days 00:00:00
3515,TN00,1.0,36.282722513089,276.25,30.900049328851033,0.2412970771837058,3.0468497395660927,3.2881468308925297,35.998,-84.2194,2020-11-10,2020-11-17,2020-11-10,2020-11-17,rBC_mgL,0.063096,52.58,7 days 00:00:00
3516,TN00,2.0,36.282722513089,276.25,4.516669836743378,0.11490053301510735,2.1784242334814925,2.293324746608944,35.998,-84.2194,2020-11-17,2020-11-24,2020-11-17,2020-11-24,rBC_mgL,0.028480000000000002,3.56,7 days 00:00:00
3517,TN00,3.0,36.282722513089,276.25,32.14344687658688,0.23200804767725544,3.5042845811442103,3.736292531047721,35.998,-84.2194,2020-11-24,2020-12-01,2020-11-24,2020-12-01,rBC_mgL,0.08474100000000001,18.03,7 days 00:00:00
3518,TN04,0.0,36.282722513089,276.25,26.630623572145456,0.2384284458311665,5.081588497703628,5.320016969295411,36.4698,-83.8272,2020-10-27,2020-11-03,2020-10-27,2020-11-03,rBC_mgL,0.24078000000000002,80.26,7 days 00:00:00
3519,TN04,1.0,36.282722513089,276.25,30.900049328851033,0.2412970771837058,3.0468497395660927,3.2881468308925297,36.4698,-83.8272,2020-11-10,2020-11-17,2020-11-10,2020-11-17,rBC_mgL,0.047498000000000005,43.18,7 days 00:00:00
3520,TN04,2.0,36.282722513089,276.25,4.516669836743378,0.11490053301510735,2.1784242334814925,2.293324746608944,36.4698,-83.8272,2020-11-17,2020-11-24,2020-11-17,2020-11-24,rBC_mgL,0.050629999999999994,6.1,7 days 00:00:00
3521,TN11,0.0,35.340314136125656,276.25,3.314803671679382,0.08713426678862116,1.9836645892230882,2.070798833054914,35.6645,-83.5903,2017-02-21,2017-02-28,2017-02-21,2017-02-28,DOC_mgL,16.42872,21.336,7 days 00:00:00
3522,TN11,1.0,35.340314136125656,276.25,9.16627699747985,0.3858579189794001,7.458340691376288,7.844198798883337,35.6645,-83.5903,2017-03-21,2017-03-28,2017-03-21,2017-03-28,DOC_mgL,32.893,44.45,7 days 00:00:00
3523,TN11,2.0,35.340314136125656,276.25,73.37850811213187,1.1146143149079468,34.28601917376817,35.40063287510442,35.6645,-83.5903,2017-04-18,2017-04-25,2017-04-18,2017-04-25,DOC_mgL,61.83884,83.566,7 days 00:00:00
3524,TN11,3.0,35.340314136125656,276.25,29.738271702958386,0.41375652006132857,15.34675074521541,15.760507336703977,35.6645,-83.5903,2017-05-16,2017-05-23,2017-05-16,2017-05-23,DOC_mgL,20.1168,25.146,7 days 00:00:00
3525,TN11,4.0,35.340314136125656,276.25,50.24328193172778,0.6365108815020726,39.24206949390552,39.878580937458,35.6645,-83.5903,2017-06-13,2017-06-20,2017-06-13,2017-06-20,DOC_mgL,123.18492,89.916,7 days 00:00:00
3526,TN11,5.0,35.340314136125656,276.25,10.534301464537599,0.29483060602283895,23.070637775179925,23.365467985425603,35.6645,-83.5903,2017-07-11,2017-07-18,2017-07-11,2017-07-18,DOC_mgL,17.52854,17.018,7 days 00:00:00
3527,TN11,6.0,35.340314136125656,276.25,44.383823595014334,0.22747902594802763,5.574777317898794,5.802256306669529,35.6645,-83.5903,2017-09-11,2017-09-19,2017-09-11,2017-09-19,DOC_mgL,7.7597000000000005,16.51,8 days 00:00:00
3528,TN11,7.0,35.340314136125656,276.25,55.03273915294926,0.38974529104551187,5.345554608725614,5.735299978297179,35.6645,-83.5903,2017-12-19,2017-12-26,2017-12-19,2017-12-26,DOC_mgL,20.33016,70.104,7 days 00:00:00
3529,TN11,8.0,35.340314136125656,276.25,10.890875153752472,0.327004246747425,5.290045620203518,5.6170498119305625,35.6645,-83.5903,2018-03-13,2018-03-20,2018-03-13,2018-03-20,DOC_mgL,5.654039999999999,13.462,7 days 00:00:00
3530,TN11,9.0,35.340314136125656,276.25,97.76892515418467,0.49309632470934117,18.097373274961193,18.59046953878174,35.6645,-83.5903,2018-05-22,2018-05-29,2018-05-22,2018-05-29,DOC_mgL,107.77727999999999,138.176,7 days 00:00:00
3531,TN11,10.0,35.340314136125656,276.25,13.915428972907304,0.4001649924174232,25.066534096894653,25.46669869236419,35.6645,-83.5903,2018-06-05,2018-06-12,2018-06-05,2018-06-12,DOC_mgL,22.62632,8.636,7 days 00:00:00
3532,TN11,11.0,35.340314136125656,276.25,37.6021631803114,0.6461636996952722,41.25103954359666,41.89720391248319,35.6645,-83.5903,2018-07-17,2018-07-24,2018-07-17,2018-07-24,DOC_mgL,65.66915999999999,47.244,7 days 00:00:00
3533,TN11,12.0,35.340314136125656,276.25,9.875269945582268,0.3092529512465999,14.979205036740192,15.288457522108844,35.6645,-83.5903,2018-08-21,2018-08-28,2018-08-21,2018-08-28,DOC_mgL,17.962880000000002,13.208,7 days 00:00:00
3534,TN11,13.0,35.340314136125656,276.25,8.8621571840225,0.4057738971490355,18.3604571663519,18.766230986365372,35.6645,-83.5903,2018-09-18,2018-09-25,2018-09-18,2018-09-25,DOC_mgL,6.4389,3.302,7 days 00:00:00
3535,TN11,14.0,35.340314136125656,276.25,17.373699628153716,0.1654374838294323,2.0524772006980108,2.2179147237538777,35.6645,-83.5903,2018-11-20,2018-11-27,2018-11-20,2018-11-27,DOC_mgL,37.9984,17.272,7 days 00:00:00
3536,TN11,15.0,35.340314136125656,276.25,43.58343438217607,0.2621352398240521,3.2895489667067435,3.551684190071908,35.6645,-83.5903,2018-12-11,2018-12-18,2018-12-11,2018-12-18,DOC_mgL,6.0350399999999995,8.382,7 days 00:00:00
3537,TN11,17.0,35.340314136125656,276.25,29.079879123759657,0.3018786826663252,7.1933544492797825,7.495233101611482,35.6645,-83.5903,2020-10-27,2020-11-03,2020-10-27,2020-11-03,rBC_mgL,0.06806999999999999,68.07,7 days 00:00:00
3538,TN14,0.0,35.340314136125656,271.25,11.057647501299273,0.33455099333041804,6.629192453614373,6.9637436097052925,35.4688,-89.1713,2020-10-27,2020-11-03,2020-10-27,2020-11-03,rBC_mgL,0.08463,60.45,7 days 00:00:00
3539,TN14,1.0,35.340314136125656,271.25,4.405777405202631,0.18769024178757937,3.506954940484683,3.694645221645063,35.4688,-89.1713,2020-11-10,2020-11-17,2020-11-10,2020-11-17,rBC_mgL,0.08026400000000002,10.16,7 days 00:00:00
3540,TN14,2.0,35.340314136125656,271.25,2.793968668756097,0.10568273284325785,2.345964413097037,2.451647119722267,35.4688,-89.1713,2020-11-17,2020-11-24,2020-11-17,2020-11-24,rBC_mgL,0.06689500000000001,7.87,7 days 00:00:00
3541,TX03,0.0,28.7434554973822,262.5,3.148044731197497,0.059954186447957074,1.1147934651450724,1.1747476422721201,28.4667,-97.7069,2017-01-10,2017-01-17,2017-01-10,2017-01-17,DOC_mgL,11.557,44.45,7 days 00:00:00
3542,TX03,1.0,28.7434554973822,262.5,24.95706696288846,0.3387369720914325,10.033578130681864,10.372314712253958,28.4667,-97.7069,2017-02-14,2017-02-21,2017-02-14,2017-02-21,DOC_mgL,10.90676,28.702,7 days 00:00:00
3543,TX03,2.0,28.7434554973822,262.5,18.23875780254669,0.14085511699274042,2.6610029086465703,2.8018580163998754,28.4667,-97.7069,2017-03-07,2017-03-14,2017-03-07,2017-03-14,DOC_mgL,9.906,19.05,7 days 00:00:00
3544,TX03,3.0,28.7434554973822,262.5,1.4921314729798851,0.1643640555751898,4.10852230191207,4.272886363579798,28.4667,-97.7069,2017-04-11,2017-04-18,2017-04-11,2017-04-18,DOC_mgL,13.103860000000001,17.018,7 days 00:00:00
3545,TX03,4.0,28.7434554973822,262.5,0.7225756127512192,0.03135580634502935,1.1392276908398098,1.1705835049422832,28.4667,-97.7069,2017-06-20,2017-06-27,2017-06-20,2017-06-27,DOC_mgL,7.68096,12.192,7 days 00:00:00
3546,TX03,5.0,28.7434554973822,262.5,0.7707746222274103,0.028974572079389582,0.7552287521435993,0.784203344083201,28.4667,-97.7069,2017-07-11,2017-07-18,2017-07-11,2017-07-18,DOC_mgL,27.05862,51.054,7 days 00:00:00
3547,TX03,6.0,28.7434554973822,262.5,26.182351754129588,0.37873926236431205,16.100439572189206,16.47917907444951,28.4667,-97.7069,2017-08-01,2017-08-08,2017-08-01,2017-08-08,DOC_mgL,23.39848,47.752,7 days 00:00:00
3548,TX03,7.0,28.7434554973822,262.5,1.1025771983544375,0.014800091926465302,0.2910758159462599,0.3058759017247268,28.4667,-97.7069,2017-09-12,2017-09-19,2017-09-12,2017-09-19,DOC_mgL,4.6482,15.494,7 days 00:00:00
3549,TX03,8.0,28.7434554973822,262.5,24.02589268515335,0.27591724901699394,4.548726438067576,4.824643671860478,28.4667,-97.7069,2017-12-11,2017-12-19,2017-12-11,2017-12-19,DOC_mgL,20.955000000000002,38.1,8 days 00:00:00
3550,TX03,9.0,28.7434554973822,262.5,6.552596807414545,0.04490440798739963,0.6512133923905137,0.6961178094892773,28.4667,-97.7069,2018-06-12,2018-06-19,2018-06-12,2018-06-19,DOC_mgL,37.906960000000005,135.382,7 days 00:00:00
3551,TX03,10.0,28.7434554973822,262.5,0.8591134343927117,0.05568307831428816,2.156135281254634,2.2118183667409195,28.4667,-97.7069,2018-07-31,2018-08-07,2018-07-31,2018-08-07,DOC_mgL,5.7912,10.16,7 days 00:00:00
3552,TX03,11.0,28.7434554973822,262.5,39.23351428643104,0.2607298064504256,8.098993522405074,8.359723367423271,28.4667,-97.7069,2018-09-18,2018-09-25,2018-09-18,2018-09-25,DOC_mgL,4.6482,7.62,7 days 00:00:00
3553,TX03,12.0,28.7434554973822,262.5,5.231696677476805,0.05304161953406661,0.5588752031472632,0.6119168273650832,28.4667,-97.7069,2018-10-02,2018-10-09,2018-10-02,2018-10-09,DOC_mgL,4.24688,11.176,7 days 00:00:00
3554,TX03,13.0,28.7434554973822,262.5,0.3187563792616671,0.023928225059663695,0.34240539878508036,0.36633363065997177,28.4667,-97.7069,2020-11-17,2020-11-24,2020-11-17,2020-11-24,rBC_mgL,0.015839999999999996,6.6,7 days 00:00:00
3555,TX10,0.0,29.685863874345543,263.75,7.562506956232605,0.37023864070537676,6.476136127439051,6.846374805614448,29.6614,-96.2594,2020-10-27,2020-11-03,2020-10-27,2020-11-03,rBC_mgL,0.022224999999999998,6.35,7 days 00:00:00
3556,TX10,1.0,29.685863874345543,263.75,0.39599261591992396,0.02540386371722254,0.3391290941427358,0.3645329663126695,29.6614,-96.2594,2020-11-10,2020-11-17,2020-11-10,2020-11-17,rBC_mgL,0.019799999999999998,6.6,7 days 00:00:00
3557,TX56,0.0,33.455497382198956,262.5,23.31879086487852,0.2978464736704543,5.3948674802484895,5.692713934964378,33.3917,-97.6397,2020-10-27,2020-11-03,2020-10-27,2020-11-03,rBC_mgL,0.103431,14.99,7 days 00:00:00
3558,TX56,1.0,33.455497382198956,262.5,4.42519598884032,0.09286352889310719,1.275937357411228,1.368800856445443,33.3917,-97.6397,2020-11-24,2020-12-01,2020-11-24,2020-12-01,rBC_mgL,0.25982,23.62,7 days 00:00:00
3559,UT01,0.0,41.93717277486911,247.5,5.357170993099702,0.13668873679288726,2.357563379222289,2.4942521925642707,41.6661,-111.8914,2020-11-03,2020-11-11,2020-11-03,2020-11-11,rBC_mgL,0.021951000000000002,8.13,8 days 00:00:00
3560,UT01,1.0,41.93717277486911,247.5,20.303390936504684,0.07988535375195137,1.041709127942367,1.1215944938428035,41.6661,-111.8914,2020-11-11,2020-11-17,2020-11-11,2020-11-17,rBC_mgL,0.056472,14.48,6 days 00:00:00
3561,UT95,0.0,40.994764397905755,250.0,16.658076049758108,0.15609511011641403,2.6994421023691406,2.8555371752716705,40.7543,-109.4671,2020-11-03,2020-11-10,2020-11-03,2020-11-10,rBC_mgL,0.11622,44.7,7 days 00:00:00
3562,UT98,0.0,39.10994764397907,250.0,13.386401294779857,0.21909640999021873,3.6272861580714455,3.8463826099603025,39.0001,-110.174,2020-11-03,2020-11-10,2020-11-03,2020-11-10,rBC_mgL,0.00762,3.81,7 days 00:00:00
3563,UT99,0.0,37.225130890052355,247.5,11.543142889815147,0.25146296675796975,2.6105115413094238,2.861974541731871,37.6186,-112.1728,2020-11-04,2020-11-10,2020-11-04,2020-11-10,rBC_mgL,0.264055,48.01,6 days 00:00:00
3564,VA00,0.0,38.16753926701571,281.25,23.185448092992367,0.297919380669049,5.1494632370696625,5.447382670723671,38.0402,-78.5427,2020-10-27,2020-11-03,2020-10-27,2020-11-03,rBC_mgL,0.174211,91.69,7 days 00:00:00
3565,VA00,1.0,38.16753926701571,281.25,84.66954935331117,0.22864982605040346,2.3943314635642423,2.6229812876386873,38.0402,-78.5427,2020-11-10,2020-11-17,2020-11-10,2020-11-17,rBC_mgL,0.04394,87.88,7 days 00:00:00
3566,VA00,2.0,38.16753926701571,281.25,23.45995805680786,0.26681351124882796,3.4393524045109882,3.706165993582066,38.0402,-78.5427,2020-11-24,2020-12-01,2020-11-24,2020-12-01,rBC_mgL,0.167076,64.26,7 days 00:00:00
3567,VA13,0.0,37.225130890052355,280.0,24.92095397714857,0.27234534252429843,4.645069997345546,4.917415405387504,37.3232,-80.4572,2020-10-27,2020-11-02,2020-10-27,2020-11-02,rBC_mgL,0.06806999999999999,68.07,6 days 00:00:00
3568,VA13,1.0,37.225130890052355,280.0,72.19460443264047,0.2770926886713604,2.957546354128967,3.2346390322618994,37.3232,-80.4572,2020-11-10,2020-11-17,2020-11-10,2020-11-17,rBC_mgL,0.048311999999999994,80.52,7 days 00:00:00
3569,VA13,2.0,37.225130890052355,280.0,4.9868842247626475,0.11752572830123577,1.3707015184183322,1.4882272657290203,37.3232,-80.4572,2020-11-17,2020-11-24,2020-11-17,2020-11-24,rBC_mgL,0.027201999999999997,4.06,7 days 00:00:00
3570,VA13,3.0,37.225130890052355,280.0,22.7597238075543,0.35380886948919166,4.796684728144404,5.150493683111527,37.3232,-80.4572,2020-11-24,2020-12-01,2020-11-24,2020-12-01,rBC_mgL,0.020955,19.05,7 days 00:00:00
3571,VA24,0.0,37.225130890052355,281.25,19.71677422282354,0.14973483345255198,2.2729450283834502,2.422679822014951,37.1652,-78.3073,2020-10-27,2020-11-03,2020-10-27,2020-11-03,rBC_mgL,0.151003,52.07,7 days 00:00:00
3572,VA24,1.0,37.225130890052355,281.25,80.5362617819939,0.19483754862551872,2.085501111383379,2.2803386933806937,37.1652,-78.3073,2020-11-10,2020-11-17,2020-11-10,2020-11-17,rBC_mgL,0.037340000000000005,74.68,7 days 00:00:00
3573,VA28,0.0,38.16753926701571,281.25,23.185448092992367,0.297919380669049,5.1494632370696625,5.447382670723671,38.5231,-78.4348,2020-10-27,2020-11-03,2020-10-27,2020-11-03,rBC_mgL,0.053086,48.26,7 days 00:00:00
3574,VA28,1.0,38.16753926701571,281.25,84.66954935331117,0.22864982605040346,2.3943314635642423,2.6229812876386873,38.5231,-78.4348,2020-11-10,2020-11-17,2020-11-10,2020-11-17,rBC_mgL,0.111473,58.67,7 days 00:00:00
3575,VA28,2.0,38.16753926701571,281.25,5.162497891323856,0.1907764120552721,2.667472685099735,2.858249077541786,38.5231,-78.4348,2020-11-17,2020-11-24,2020-11-17,2020-11-24,rBC_mgL,0.12598399999999998,5.08,7 days 00:00:00
3576,VA28,3.0,38.16753926701571,281.25,23.45995805680786,0.26681351124882796,3.4393524045109882,3.706165993582066,38.5231,-78.4348,2020-11-24,2020-12-01,2020-11-24,2020-12-01,rBC_mgL,0.048231,53.59,7 days 00:00:00
3577,VA99,0.0,37.225130890052355,280.0,24.920981505244,0.27234534252429843,4.645069997345546,4.917415405387504,37.6265,-79.5126,2020-10-27,2020-11-03,2020-10-27,2020-11-03,rBC_mgL,0.103632,64.77,7 days 00:00:00
3578,VA99,1.0,37.225130890052355,280.0,72.19460443264047,0.2770926886713604,2.957546354128967,3.2346390322618994,37.6265,-79.5126,2020-11-10,2020-11-17,2020-11-10,2020-11-17,rBC_mgL,0.06881,98.3,7 days 00:00:00
3579,VI01,0.0,18.376963350785346,295.0,24.28565246503922,0.20709778579541815,0.9722632652101049,1.1793610556892764,18.3362,-64.7962,2020-10-27,2020-11-03,2020-10-27,2020-11-03,rBC_mgL,0.04592,28.7,7 days 00:00:00
3580,VI01,1.0,18.376963350785346,295.0,18.368922143352506,0.10697332785206126,0.4981396264230886,0.6051129472495198,18.3362,-64.7962,2020-11-03,2020-11-10,2020-11-03,2020-11-10,rBC_mgL,0.186944,81.28,7 days 00:00:00
3581,VT01,0.0,42.87958115183247,286.25,49.91479139624823,0.22302014141661658,3.0763986696751453,3.2994188933135886,42.8761,-73.1633,2020-10-27,2020-11-03,2020-10-27,2020-11-03,rBC_mgL,0.125222,36.83,7 days 00:00:00
3582,VT01,1.0,42.87958115183247,286.25,35.7498236354302,0.2741204795879314,3.4516493323811224,3.7257698337034535,42.8761,-73.1633,2020-11-10,2020-11-17,2020-11-10,2020-11-17,rBC_mgL,0.098458,25.91,7 days 00:00:00
3583,VT01,2.0,42.87958115183247,286.25,28.166738019974602,0.35259551395620425,5.7859111287346945,6.138506647192123,42.8761,-73.1633,2020-11-17,2020-11-24,2020-11-17,2020-11-24,rBC_mgL,0.07133400000000001,13.21,7 days 00:00:00
3584,VT99,0.0,44.764397905759154,287.5,14.741169330282494,0.1655098048123749,2.1331332019753746,2.298643001811262,44.5283,-72.8684,2020-10-27,2020-11-03,2020-10-27,2020-11-03,rBC_mgL,0.07556500000000001,21.59,7 days 00:00:00
3585,VT99,1.0,44.764397905759154,287.5,22.53178201896411,0.22913775056595267,3.186741430919013,3.4158791361522707,44.5283,-72.8684,2020-11-10,2020-11-17,2020-11-10,2020-11-17,rBC_mgL,0.07819200000000001,14.48,7 days 00:00:00
3586,VT99,2.0,44.764397905759154,287.5,26.973593212656134,0.2721878980279479,4.358143667069246,4.630331588881879,44.5283,-72.8684,2020-11-17,2020-11-24,2020-11-17,2020-11-24,rBC_mgL,0.06489,18.54,7 days 00:00:00
3587,VT99,3.0,44.764397905759154,287.5,40.91548244051779,0.5796239923574684,8.019198340721186,8.59882227277533,44.5283,-72.8684,2020-11-24,2020-12-01,2020-11-24,2020-12-01,rBC_mgL,0.220077,38.61,7 days 00:00:00
3588,WA14,0.0,47.591623036649224,236.25,24.44920375554993,0.050537856708982705,0.5001160854850297,0.5506539544888294,47.8597,-123.9325,2017-01-03,2017-01-10,2017-01-03,2017-01-10,DOC_mgL,3.78552,31.546,7 days 00:00:00
3589,WA14,1.0,47.591623036649224,236.25,15.150678398494993,0.15571517988607117,1.3529430556349227,1.5086582155418582,47.8597,-123.9325,2017-02-21,2017-02-28,2017-02-21,2017-02-28,DOC_mgL,7.29504,22.797,7 days 00:00:00
3590,WA14,2.0,47.591623036649224,236.25,63.19323341088534,0.3171513758646466,2.8765353380505454,3.1936867150861303,47.8597,-123.9325,2017-03-21,2017-03-28,2017-03-21,2017-03-28,DOC_mgL,82.3722,179.07,7 days 00:00:00
3591,WA14,3.0,47.591623036649224,236.25,39.396764873012025,0.2903784600711288,3.411414374035124,3.701792766850481,47.8597,-123.9325,2017-04-18,2017-04-25,2017-04-18,2017-04-25,DOC_mgL,24.528779999999998,66.294,7 days 00:00:00
3592,WA14,4.0,47.591623036649224,236.25,21.36126419399753,0.12072023885142767,1.258983624676576,1.3797038716834065,47.8597,-123.9325,2017-05-09,2017-05-16,2017-05-09,2017-05-16,DOC_mgL,50.931000000000004,113.18,7 days 00:00:00
3593,WA14,5.0,47.591623036649224,236.25,22.319937683690227,0.06637323269123585,1.0069548733900036,1.073328118961561,47.8597,-123.9325,2017-06-13,2017-06-20,2017-06-13,2017-06-20,DOC_mgL,22.1388,38.84,7 days 00:00:00
3594,WA14,6.0,47.591623036649224,236.25,0.7466997183058559,0.013894078370367482,0.2014523365607159,0.2153464155910941,47.8597,-123.9325,2017-07-18,2017-07-25,2017-07-18,2017-07-25,DOC_mgL,7.68144,14.772,7 days 00:00:00
3595,WA14,7.0,47.591623036649224,236.25,14.215860411019158,0.04577992903688255,0.9736723235384954,1.0194522855619061,47.8597,-123.9325,2017-09-13,2017-09-19,2017-09-13,2017-09-19,DOC_mgL,7.4502,37.251,6 days 00:00:00
3596,WA14,8.0,47.591623036649224,236.25,5.86319075690091,0.023433513625014595,0.38322513777236406,0.40665864254213846,47.8597,-123.9325,2017-10-03,2017-10-10,2017-10-03,2017-10-10,DOC_mgL,14.59535,41.701,7 days 00:00:00
3597,WA14,9.0,47.591623036649224,236.25,95.90842798345989,0.19495009727626272,2.107983249673845,2.3029333440227617,47.8597,-123.9325,2017-11-21,2017-11-28,2017-11-21,2017-11-28,DOC_mgL,46.28382,210.381,7 days 00:00:00
3598,WA14,10.0,47.591623036649224,236.25,41.03366110865245,0.08520591565771432,0.8619307327004997,0.9471366536274364,47.8597,-123.9325,2017-12-19,2017-12-26,2017-12-19,2017-12-26,DOC_mgL,17.47088,13.136,7 days 00:00:00
3599,WA14,11.0,47.591623036649224,236.25,61.10608446062501,0.1531315071693815,1.6431277754673554,1.7962592955536507,47.8597,-123.9325,2018-01-09,2018-01-16,2018-01-09,2018-01-16,DOC_mgL,31.49579,76.819,7 days 00:00:00
3600,WA14,12.0,47.591623036649224,236.25,15.985701357434934,0.08220542929690192,1.1578369958476875,1.2400424429236416,47.8597,-123.9325,2018-03-13,2018-03-20,2018-03-13,2018-03-20,DOC_mgL,1.42225,28.445,7 days 00:00:00
3601,WA14,13.0,47.591623036649224,236.25,20.47181118904895,0.33032283832052156,3.7882752965817668,4.118598232382905,47.8597,-123.9325,2018-06-05,2018-06-12,2018-06-05,2018-06-12,DOC_mgL,16.43488,56.672,7 days 00:00:00
3602,WA14,14.0,47.591623036649224,236.25,4.095863959996393,0.022728569877898817,0.8218944909054696,0.8446230473264396,47.8597,-123.9325,2018-07-03,2018-07-10,2018-07-03,2018-07-10,DOC_mgL,6.24712,7.099,7 days 00:00:00
3603,WA14,15.0,47.591623036649224,236.25,2.232923510891993,0.01376031511940445,0.7237836248310398,0.7375439489611807,47.8597,-123.9325,2018-08-21,2018-08-28,2018-08-21,2018-08-28,DOC_mgL,10.4954,5.41,7 days 00:00:00
3604,WA14,16.0,47.591623036649224,236.25,31.33970010864573,0.10062632848555161,1.7576823527903906,1.858308674908965,47.8597,-123.9325,2018-09-11,2018-09-18,2018-09-11,2018-09-18,DOC_mgL,2.6532,5.896,7 days 00:00:00
3605,WA14,17.0,47.591623036649224,236.25,44.90273858337446,0.18115920902067248,3.2733131736378818,3.454472454963997,47.8597,-123.9325,2018-10-02,2018-10-09,2018-10-02,2018-10-09,DOC_mgL,18.41152,29.696,7 days 00:00:00
3606,WA14,18.0,47.591623036649224,236.25,95.91090877743014,0.28698618152169575,4.229070568739779,4.516056844755284,47.8597,-123.9325,2018-11-20,2018-11-27,2018-11-20,2018-11-27,DOC_mgL,55.08464,211.864,7 days 00:00:00
3607,WA14,19.0,47.591623036649224,236.25,132.55118595054682,0.3931640780519344,5.853519903162296,6.246684040346617,47.8597,-123.9325,2018-12-11,2018-12-18,2018-12-11,2018-12-18,DOC_mgL,103.67077,211.573,7 days 00:00:00
3608,WA14,20.0,47.591623036649224,236.25,3.059830361881604,0.029315525175070085,0.5023956314111813,0.5317111581597131,47.8597,-123.9325,2020-10-27,2020-11-03,2020-10-27,2020-11-03,rBC_mgL,0.064008,71.12,7 days 00:00:00
3609,WA14,21.0,47.591623036649224,236.25,39.028624247752774,0.1684163067794571,2.6134087437092863,2.7818250706874297,47.8597,-123.9325,2020-11-03,2020-11-10,2020-11-03,2020-11-10,rBC_mgL,0.152555,117.35,7 days 00:00:00
3610,WA14,22.0,47.591623036649224,236.25,39.297818669381535,0.1478858073353977,1.7898195191559663,1.9377053578871484,47.8597,-123.9325,2020-11-17,2020-11-24,2020-11-17,2020-11-24,rBC_mgL,0.12903,129.03,7 days 00:00:00
3611,WA19,0.0,48.53403141361255,238.75,8.524278585700785,0.04655619292256014,0.6480572498174326,0.6946134383123842,48.5403,-121.446,2020-10-27,2020-11-03,2020-10-27,2020-11-03,rBC_mgL,0.180154,43.94,7 days 00:00:00
3612,WA19,1.0,48.53403141361255,238.75,39.229435755450126,0.1643886641252508,2.05264733511238,2.217036042836788,48.5403,-121.446,2020-11-03,2020-11-10,2020-11-03,2020-11-10,rBC_mgL,0.22432,70.1,7 days 00:00:00
3613,WA21,0.0,46.64921465968587,237.5,2.960490858378509,0.025071282313594876,0.5583633138079636,0.5834346033895937,46.8353,-122.2867,2020-10-27,2020-11-03,2020-10-27,2020-11-03,rBC_mgL,0.002236,5.59,7 days 00:00:00
3614,WA24,0.0,46.64921465968587,242.5,32.713453032862105,0.14383009834104588,2.3881282655259994,2.531958329937277,46.7606,-117.1847,2020-11-03,2020-11-10,2020-11-03,2020-11-10,rBC_mgL,0.19448000000000001,44.2,7 days 00:00:00
3615,WA24,1.0,46.64921465968587,242.5,35.897577569699024,0.18167822985772336,3.1734432569068516,3.3551215311870486,46.7606,-117.1847,2020-11-10,2020-11-17,2020-11-10,2020-11-17,rBC_mgL,0.04522,22.61,7 days 00:00:00
3616,WA24,2.0,46.64921465968587,242.5,15.738118360930642,0.17545989213899785,2.024523446313048,2.1999833675791463,46.7606,-117.1847,2020-11-17,2020-11-24,2020-11-17,2020-11-24,rBC_mgL,0.055626,7.62,7 days 00:00:00
3617,WA98,0.0,45.70680628272251,237.5,1.9384663624381742,0.017267448921304183,0.34714036134633997,0.36440780174118875,45.5694,-122.21,2020-10-27,2020-11-03,2020-10-27,2020-11-03,rBC_mgL,0.0752,18.8,7 days 00:00:00
3618,WA98,1.0,45.70680628272251,237.5,34.27771544526337,0.22912436323241359,2.7512342935104295,2.980358670794103,45.5694,-122.21,2020-11-03,2020-11-10,2020-11-03,2020-11-10,rBC_mgL,0.225992,55.12,7 days 00:00:00
3619,WA98,2.0,45.70680628272251,237.5,91.60895213611298,0.3918494731816602,6.793876985988767,7.18572640764914,45.5694,-122.21,2020-11-10,2020-11-17,2020-11-10,2020-11-17,rBC_mgL,0.21681,98.55,7 days 00:00:00
3620,WA99,0.0,46.64921465968587,237.5,36.80085495259,0.16746801328494654,2.286281382962718,2.453749444256137,46.7582,-122.1243,2020-11-03,2020-11-10,2020-11-03,2020-11-10,rBC_mgL,0.20772699999999997,71.63,7 days 00:00:00
3621,WI06,0.0,42.87958115183247,270.0,39.724631940532554,0.3104825937121731,5.622500878548972,5.932983622360805,43.041,-89.428,2020-11-10,2020-11-17,2020-11-10,2020-11-17,rBC_mgL,0.295904,26.42,7 days 00:00:00
3622,WI06,1.0,42.87958115183247,270.0,1.1570237656965965,0.022646843411667582,0.3084062755652813,0.33105310947679667,43.041,-89.428,2020-11-17,2020-11-24,2020-11-17,2020-11-24,rBC_mgL,0.04422,6.6,7 days 00:00:00
3623,WI06,2.0,42.87958115183247,270.0,36.13136246557874,0.2716806386869431,3.694724682469775,3.966405349264013,43.041,-89.428,2020-11-24,2020-12-01,2020-11-24,2020-12-01,rBC_mgL,0.20025999999999997,21.08,7 days 00:00:00
3624,WI08,0.0,46.64921465968587,268.75,11.61214138236977,0.19779992788620274,3.655894878049641,3.853694862163321,46.7466,-91.6055,2020-11-03,2020-11-10,2020-11-03,2020-11-10,rBC_mgL,0.17253600000000002,21.84,7 days 00:00:00
3625,WI08,1.0,46.64921465968587,268.75,13.710630030105975,0.24447837439182268,4.6659126365323695,4.910391100665639,46.7466,-91.6055,2020-11-10,2020-11-17,2020-11-10,2020-11-17,rBC_mgL,0.077343,26.67,7 days 00:00:00
3626,WI10,0.0,45.70680628272251,271.25,0.8599427060487428,0.028132238582769985,0.4667750304783947,0.4949072807703404,45.5648,-88.8083,2020-11-03,2020-11-10,2020-11-03,2020-11-10,rBC_mgL,0.08128,25.4,7 days 00:00:00
3627,WI10,1.0,45.70680628272251,271.25,34.4125222525804,0.6914467531740978,12.624938928659791,13.31638569412874,45.5648,-88.8083,2020-11-10,2020-11-17,2020-11-10,2020-11-17,rBC_mgL,0.077946,23.62,7 days 00:00:00
3628,WI31,0.0,43.8219895287958,270.0,2.2331530600716576,0.18852711286630047,3.698344458805125,3.8868715652312646,43.4352,-89.6801,2020-11-11,2020-11-17,2020-11-11,2020-11-17,rBC_mgL,0.264795,19.05,6 days 00:00:00
3629,WI35,0.0,44.764397905759154,270.0,1.685874490088368,0.046937761011163176,0.8344556797400274,0.8813934335608755,45.2064,-90.5978,2020-11-03,2020-11-10,2020-11-03,2020-11-10,rBC_mgL,0.23992700000000003,35.81,7 days 00:00:00
3630,WI35,1.0,44.764397905759154,270.0,26.520384064809832,0.47302176706814913,8.787224301323725,9.260246148015682,45.2064,-90.5978,2020-11-10,2020-11-17,2020-11-10,2020-11-17,rBC_mgL,0.11010900000000001,21.59,7 days 00:00:00
3631,WI37,0.0,45.70680628272251,268.75,9.291021832981016,0.13819227727402733,2.848885708765928,2.9870780982212035,45.8228,-91.8744,2020-11-03,2020-11-10,2020-11-03,2020-11-10,rBC_mgL,0.10374,10.92,7 days 00:00:00
3632,WI37,1.0,45.70680628272251,268.75,15.713556682639407,0.3522855556251249,6.865035484223195,7.217321055006483,45.8228,-91.8744,2020-11-10,2020-11-17,2020-11-10,2020-11-17,rBC_mgL,0.08128,20.32,7 days 00:00:00
3633,WV04,0.0,38.16753926701571,278.75,31.586405155443714,0.3520201577011505,5.814511809922387,6.166531945229342,37.9796,-80.9525,2020-10-27,2020-11-03,2020-10-27,2020-11-03,rBC_mgL,0.10187099999999999,48.51,7 days 00:00:00
3634,WV04,1.0,38.16753926701571,278.75,52.83008747338017,0.2510645844786561,3.4099444825414458,3.6610089857130705,37.9796,-80.9525,2020-11-10,2020-11-17,2020-11-10,2020-11-17,rBC_mgL,0.05323200000000001,33.27,7 days 00:00:00
3635,WV04,2.0,38.16753926701571,278.75,11.539668680409022,0.2533712127561354,4.494779726118044,4.74815080771079,37.9796,-80.9525,2020-11-17,2020-11-24,2020-11-17,2020-11-24,rBC_mgL,0.149592,16.26,7 days 00:00:00
3636,WV05,0.0,39.10994764397907,278.75,39.35819516149679,0.1370489778730426,2.024907406984397,2.161956417113132,38.8794,-80.8476,2017-01-03,2017-01-10,2017-01-03,2017-01-10,DOC_mgL,7.239000000000001,19.05,7 days 00:00:00
3637,WV05,1.0,39.10994764397907,278.75,9.63398773139723,0.3131267228159645,6.131135268195877,6.444261930653635,38.8794,-80.8476,2017-02-21,2017-02-28,2017-02-21,2017-02-28,DOC_mgL,4.1148,11.43,7 days 00:00:00
3638,WV05,2.0,39.10994764397907,278.75,16.34443790810014,0.4516891546023817,7.948753034935219,8.400442031460996,38.8794,-80.8476,2017-03-21,2017-03-28,2017-03-21,2017-03-28,DOC_mgL,18.999200000000002,27.94,7 days 00:00:00
3639,WV05,3.0,39.10994764397907,278.75,72.56775098269941,0.5322819662215076,10.170611960554902,10.702894225951157,38.8794,-80.8476,2017-04-18,2017-04-25,2017-04-18,2017-04-25,DOC_mgL,15.07236,21.844,7 days 00:00:00
3640,WV05,4.0,39.10994764397907,278.75,76.66289486110145,0.9346913219972219,51.838894352118636,52.7735850769373,38.8794,-80.8476,2017-06-13,2017-06-20,2017-06-13,2017-06-20,DOC_mgL,41.9608,59.944,7 days 00:00:00
3641,WV05,5.0,39.10994764397907,278.75,23.045901486262732,0.503419804280536,26.150572719763066,26.65399216339459,38.8794,-80.8476,2017-07-11,2017-07-18,2017-07-11,2017-07-18,DOC_mgL,45.859700000000004,29.21,7 days 00:00:00
3642,WV05,6.0,39.10994764397907,278.75,12.333067546952542,0.42260228421179247,14.177233910387093,14.599835977243421,38.8794,-80.8476,2017-08-08,2017-08-15,2017-08-08,2017-08-15,DOC_mgL,18.653760000000002,18.288,7 days 00:00:00
3643,WV05,7.0,39.10994764397907,278.75,38.54253867688752,0.10097328260010276,2.790754771454401,2.8917280256583915,38.8794,-80.8476,2017-10-03,2017-10-10,2017-10-03,2017-10-10,DOC_mgL,15.011399999999998,50.038,7 days 00:00:00
3644,WV05,8.0,39.10994764397907,278.75,16.482036832667077,0.5912921391054762,12.119794051484513,12.711086187218969,38.8794,-80.8476,2017-11-14,2017-11-21,2017-11-14,2017-11-21,DOC_mgL,5.84454,9.906,7 days 00:00:00
3645,WV05,9.0,39.10994764397907,278.75,45.63014201132837,0.37445255273929584,4.641297309078467,5.015749911582644,38.8794,-80.8476,2017-12-19,2017-12-26,2017-12-19,2017-12-26,DOC_mgL,19.2024,30.48,7 days 00:00:00
3646,WV05,10.0,39.10994764397907,278.75,33.69615291932693,0.1501231245095838,1.766735258034092,1.9168583596737863,38.8794,-80.8476,2018-01-09,2018-01-16,2018-01-09,2018-01-16,DOC_mgL,19.2024,53.34,7 days 00:00:00
3647,WV05,11.0,39.10994764397907,278.75,98.76066006653944,0.8218974662257216,11.940059824796847,12.761957156364655,38.8794,-80.8476,2018-02-06,2018-02-13,2018-02-06,2018-02-13,DOC_mgL,23.150400000000005,41.34,7 days 00:00:00
3648,WV05,12.0,39.10994764397907,278.75,9.402302250400076,0.09834362316280568,1.3293267254998877,1.4276703293422102,38.8794,-80.8476,2018-03-14,2018-03-20,2018-03-14,2018-03-20,DOC_mgL,4.16052,9.906,6 days 00:00:00
3649,WV05,13.0,39.10994764397907,278.75,23.74115274133004,0.865279452776091,15.389199201683995,16.254478816049577,38.8794,-80.8476,2018-04-03,2018-04-10,2018-04-03,2018-04-10,DOC_mgL,8.77824,24.384,7 days 00:00:00
3650,WV05,14.0,39.10994764397907,278.75,70.0048265116493,0.6738868447639379,27.06687094455873,27.740757690963846,38.8794,-80.8476,2018-05-15,2018-05-22,2018-05-15,2018-05-22,DOC_mgL,28.539440000000003,53.848,7 days 00:00:00
3651,WV05,15.0,39.10994764397907,278.75,37.71019251717536,0.652033182134415,27.10111745331256,27.753150209225417,38.8794,-80.8476,2018-06-06,2018-06-12,2018-06-06,2018-06-12,DOC_mgL,15.43304,12.446,6 days 00:00:00
3652,WV05,16.0,39.10994764397907,278.75,18.2245664767849,0.3410213812281774,15.672891077543385,16.013912594015007,38.8794,-80.8476,2018-07-10,2018-07-17,2018-07-10,2018-07-17,DOC_mgL,21.6408,10.16,7 days 00:00:00
3653,WV05,17.0,39.10994764397907,278.75,28.09336577595154,0.50128008948036,17.92508807931265,18.426368587183923,38.8794,-80.8476,2018-08-21,2018-08-28,2018-08-21,2018-08-28,DOC_mgL,40.9448,26.416,7 days 00:00:00
3654,WV05,18.0,39.10994764397907,278.75,30.112141033924317,0.42093253601954095,17.196064407577065,17.616996963575744,38.8794,-80.8476,2018-09-18,2018-09-25,2018-09-18,2018-09-25,DOC_mgL,50.5968,63.246,7 days 00:00:00
3655,WV05,19.0,39.10994764397907,278.75,9.830422502821179,0.26352129306808636,8.058264155952344,8.321785423259787,38.8794,-80.8476,2018-10-02,2018-10-09,2018-10-02,2018-10-09,DOC_mgL,15.930880000000002,28.448,7 days 00:00:00
3656,WV05,20.0,39.10994764397907,278.75,27.26637187441608,0.19583932424270695,2.5099341958461006,2.7057735629081012,38.8794,-80.8476,2018-11-20,2018-11-27,2018-11-20,2018-11-27,DOC_mgL,9.611360000000001,21.844,7 days 00:00:00
3657,WV05,21.0,39.10994764397907,278.75,31.818396328059578,0.13508598371373143,1.481960451961894,1.6170464172516426,38.8794,-80.8476,2018-12-11,2018-12-18,2018-12-11,2018-12-18,DOC_mgL,11.78496,38.016,7 days 00:00:00
3658,WV05,22.0,39.10994764397907,278.75,39.74734461624339,0.4030945132126344,6.4739607471761556,6.877055456740513,38.8794,-80.8476,2020-10-27,2020-11-03,2020-10-27,2020-11-03,rBC_mgL,0.109886,78.49,7 days 00:00:00
3659,WV05,23.0,39.10994764397907,278.75,27.376986705245592,0.21333721014125906,3.4387763311687602,3.6521136446087366,38.8794,-80.8476,2020-11-10,2020-11-17,2020-11-10,2020-11-17,rBC_mgL,0.061293999999999994,32.26,7 days 00:00:00
3660,WV05,24.0,39.10994764397907,278.75,13.661113378363824,0.4123600100039442,7.354628042412597,7.766987969225028,38.8794,-80.8476,2020-11-17,2020-11-24,2020-11-17,2020-11-24,rBC_mgL,0.2976,16.0,7 days 00:00:00
3661,WV18,0.0,39.10994764397907,280.0,40.673365196551956,0.39688096890953123,6.578473734503154,6.975354563485553,39.0897,-79.6622,2020-10-27,2020-11-03,2020-10-27,2020-11-03,rBC_mgL,0.069342,49.53,7 days 00:00:00
3662,WV18,1.0,39.10994764397907,280.0,53.70328977773732,0.19747360015509022,2.6989234355213885,2.8963969652372192,39.0897,-79.6622,2020-11-10,2020-11-17,2020-11-10,2020-11-17,rBC_mgL,0.043434,48.26,7 days 00:00:00
3663,WV18,2.0,39.10994764397907,280.0,13.379988974227565,0.3275868554217458,5.570455890272477,5.898042592081749,39.0897,-79.6622,2020-11-17,2020-11-24,2020-11-17,2020-11-24,rBC_mgL,0.1808,16.0,7 days 00:00:00
3664,WV18,3.0,39.10994764397907,280.0,26.67207279690934,0.18468935928945673,2.4897451888247595,2.674434593707628,39.0897,-79.6622,2020-11-24,2020-12-01,2020-11-24,2020-12-01,rBC_mgL,0.05587500000000001,22.35,7 days 00:00:00
3665,WV99,0.0,39.10994764397907,280.0,40.673365196551956,0.39688096890953123,6.578473734503154,6.975354563485553,39.1191,-79.4522,2020-10-27,2020-11-03,2020-10-27,2020-11-03,rBC_mgL,0.08823600000000001,49.02,7 days 00:00:00
3666,WV99,1.0,39.10994764397907,280.0,53.70328977773732,0.19747360015509022,2.6989234355213885,2.8963969652372192,39.1191,-79.4522,2020-11-10,2020-11-17,2020-11-10,2020-11-17,rBC_mgL,0.051689000000000006,46.99,7 days 00:00:00
3667,WY00,0.0,40.994764397905755,253.75,9.986142116426995,0.04350053872319398,0.6677723094514427,0.711272859948038,41.3762,-106.26,2020-11-03,2020-11-10,2020-11-03,2020-11-10,rBC_mgL,0.09044,22.61,7 days 00:00:00
3668,WY00,1.0,40.994764397905755,253.75,0.9304313835639677,0.040800152444065034,0.5123692367025652,0.5531693845337643,41.3762,-106.26,2020-11-17,2020-11-24,2020-11-17,2020-11-24,rBC_mgL,0.310607,20.57,7 days 00:00:00
3669,WY02,0.0,42.87958115183247,251.25,9.818032625494428,0.06918430023009817,1.2432597596432489,1.3124440739520868,42.7336,-108.8498,2020-11-03,2020-11-10,2020-11-03,2020-11-10,rBC_mgL,0.019104,11.94,7 days 00:00:00
3670,WY08,0.0,44.764397905759154,250.0,11.118297167833635,0.021892959759526112,0.2090270445989119,0.23092000948129326,44.9166,-110.4203,2017-01-04,2017-01-10,2017-01-04,2017-01-10,DOC_mgL,4.33832,15.494,6 days 00:00:00
3671,WY08,1.0,44.764397905759154,250.0,9.314178921737692,0.10128724882744414,1.1630160935867384,1.264303338974551,44.9166,-110.4203,2017-03-20,2017-03-27,2017-03-20,2017-03-27,DOC_mgL,9.9568,14.224,7 days 00:00:00
3672,WY08,2.0,44.764397905759154,250.0,36.36513467313307,0.17709339602677443,3.196177429751895,3.373270846636009,44.9166,-110.4203,2017-05-15,2017-05-22,2017-05-15,2017-05-22,DOC_mgL,23.622,25.4,7 days 00:00:00
3673,WY08,3.0,44.764397905759154,250.0,45.935260341467554,1.2550574798181335,36.59556112520224,37.850618146012536,44.9166,-110.4203,2017-09-12,2017-09-19,2017-09-12,2017-09-19,DOC_mgL,34.8615,57.15,7 days 00:00:00
3674,WY08,4.0,44.764397905759154,250.0,11.633646113651253,0.0671358401034573,0.7010703757280136,0.7682062268090892,44.9166,-110.4203,2017-11-13,2017-11-21,2017-11-13,2017-11-21,DOC_mgL,6.72084,12.446,8 days 00:00:00
3675,WY08,5.0,44.764397905759154,250.0,19.290623414403935,0.04062784889931128,0.3985430015792258,0.4391708462773384,44.9166,-110.4203,2018-01-09,2018-01-17,2018-01-09,2018-01-17,DOC_mgL,6.2992,15.748,8 days 00:00:00
3676,WY08,6.0,44.764397905759154,250.0,51.114445139440264,0.5589988138392579,12.759490564118181,13.318489430064195,44.9166,-110.4203,2018-05-22,2018-05-29,2018-05-22,2018-05-29,DOC_mgL,11.57986,24.638,7 days 00:00:00
3677,WY08,7.0,44.764397905759154,250.0,15.784589640467878,0.20434724939998294,7.58026567407957,7.784612853223251,44.9166,-110.4203,2018-06-12,2018-06-18,2018-06-12,2018-06-18,DOC_mgL,24.42718,41.402,6 days 00:00:00
3678,WY08,8.0,44.764397905759154,250.0,9.062091710344832,0.4835007410677124,14.33364305216539,14.81714393524597,44.9166,-110.4203,2018-08-21,2018-08-28,2018-08-21,2018-08-28,DOC_mgL,21.7932,15.24,7 days 00:00:00
3679,WY08,9.0,44.764397905759154,250.0,15.284510751456537,0.13000412177441473,2.515733285753108,2.6457374486567318,44.9166,-110.4203,2018-10-02,2018-10-09,2018-10-02,2018-10-09,DOC_mgL,10.096499999999999,13.462,7 days 00:00:00
3680,WY08,10.0,44.764397905759154,250.0,12.46245710744025,0.03372026741514958,0.29557064305527814,0.32929090937267314,44.9166,-110.4203,2018-11-21,2018-11-26,2018-11-21,2018-11-26,DOC_mgL,3.74904,9.144,5 days 00:00:00
3681,WY08,11.0,44.764397905759154,250.0,4.039327672344939,0.02922477825906835,0.3086786966444897,0.3379034731240484,44.9166,-110.4203,2018-12-10,2018-12-18,2018-12-10,2018-12-18,DOC_mgL,2.8066999999999998,4.318,8 days 00:00:00
3682,WY08,12.0,44.764397905759154,250.0,10.526247125309316,0.11347798845158978,2.1426477814885114,2.2561256890903607,44.9166,-110.4203,2020-11-02,2020-11-10,2020-11-02,2020-11-10,rBC_mgL,0.018494,26.42,8 days 00:00:00
3683,WY08,13.0,44.764397905759154,250.0,8.721920174892261,0.07415100875847588,1.0895185207152047,1.1636695222650915,44.9166,-110.4203,2020-11-10,2020-11-17,2020-11-10,2020-11-17,rBC_mgL,0.005896,7.37,7 days 00:00:00
3684,WY08,14.0,44.764397905759154,250.0,4.158541513385054,0.06515978855020242,0.573489547697408,0.6386493597429871,44.9166,-110.4203,2020-11-17,2020-11-24,2020-11-17,2020-11-24,rBC_mgL,0.002058,6.86,7 days 00:00:00
3685,WY94,0.0,43.8219895287958,248.75,12.65511375028035,0.1829568117576953,3.379839182678706,3.5627959144096724,43.8333,-110.7008,2020-11-03,2020-11-10,2020-11-03,2020-11-10,rBC_mgL,0.05106,17.02,7 days 00:00:00
3686,WY94,1.0,43.8219895287958,248.75,15.642985989750002,0.15688504074952597,2.2143026728611153,2.3711877570817275,43.8333,-110.7008,2020-11-10,2020-11-17,2020-11-10,2020-11-17,rBC_mgL,0.145002,43.94,7 days 00:00:00
3687,WY94,2.0,43.8219895287958,248.75,9.299736324321394,0.3710854192394434,3.5182785066548354,3.889363804995484,43.8333,-110.7008,2020-11-17,2020-11-24,2020-11-17,2020-11-24,rBC_mgL,0.03048,5.08,7 days 00:00:00
3688,WY94,3.0,43.8219895287958,248.75,2.2669344603487573,0.06891028233189662,1.145178542708897,1.2140888563542513,43.8333,-110.7008,2020-11-24,2020-12-01,2020-11-24,2020-12-01,rBC_mgL,0.02867,3.05,7 days 00:00:00
3689,WY95,0.0,40.994764397905755,253.75,9.986142116426995,0.04350053872319398,0.6677723094514427,0.711272859948038,41.3647,-106.2408,2020-11-03,2020-11-10,2020-11-03,2020-11-10,rBC_mgL,0.043815,19.05,7 days 00:00:00
3690,WY95,1.0,40.994764397905755,253.75,8.184129298260956,0.1161025969975178,1.9965114475497505,2.112614019811196,41.3647,-106.2408,2020-11-10,2020-11-17,2020-11-10,2020-11-17,rBC_mgL,0.22320999999999996,85.85,7 days 00:00:00
3691,WY95,2.0,40.994764397905755,253.75,0.9304313835639677,0.040800152444065034,0.5123692367025652,0.5531693845337643,41.3647,-106.2408,2020-11-17,2020-11-24,2020-11-17,2020-11-24,rBC_mgL,0.2286,15.24,7 days 00:00:00
3692,WY97,0.0,42.87958115183247,251.25,9.818032625494428,0.06918430023009817,1.2432597596432489,1.3124440739520868,42.4944,-108.832,2020-11-03,2020-11-10,2020-11-03,2020-11-10,rBC_mgL,0.03048,15.24,7 days 00:00:00
3693,WY98,0.0,42.87958115183247,250.0,13.002722706904088,0.12043355260607592,2.212393470241956,2.3328270624038083,43.2227,-109.9917,2020-11-03,2020-11-10,2020-11-03,2020-11-10,rBC_mgL,0.0259,12.95,7 days 00:00:00
3694,WY98,1.0,42.87958115183247,250.0,16.093154118124176,0.18401013271700933,3.4423345958867895,3.6263447268473916,43.2227,-109.9917,2020-11-10,2020-11-17,2020-11-10,2020-11-17,rBC_mgL,0.08987099999999999,30.99,7 days 00:00:00
